post_id,post_topic,content_type,engagement,post_age_hours,author_experience,author_network_size
P00001,Career,Article,0.1221,6.8,8.3,272
P00002,Career,Video,0.4864,12.2,9.8,333
P00003,Data Science,Article,0.2736,9.7,6.3,515
P00004,Data Science,Text,0.367,33.5,3.8,336
P00005,Finance,Text,0.3171,7.4,14.8,168
P00006,Machine Learning,Text,0.7258,3.6,4.0,244
P00007,Finance,Video,0.6584,157.5,1.4,381
P00008,Career,Article,0.4018,36.9,3.0,560
P00009,Leadership,Video,0.393,31.3,12.1,735
P00010,AI,Video,0.3913,47.8,2.7,265
P00011,Data Science,Image,0.5914,26.2,2.8,188
P00012,Marketing,Article,0.1024,5.8,6.4,161
P00013,Marketing,Text,0.5319,21.8,6.2,840
P00014,Leadership,Video,0.7405,23.8,8.3,233
P00015,Leadership,Video,0.5363,5.9,9.1,179
P00016,Software,Text,0.2626,2.6,5.6,378
P00017,Finance,Text,0.1983,0.2,14.5,1202
P00018,Machine Learning,Job Opportunity,0.1753,24.6,14.1,158
P00019,Leadership,Text,0.5333,28.5,4.4,530
P00020,Finance,Article,0.1589,15.4,18.3,230
P00021,Data Science,Job Opportunity,0.1225,53.5,10.4,361
P00022,Leadership,Image,0.7493,33.6,5.5,632
P00023,Design,Article,0.057,20.0,1.6,874
P00024,Career,Job Opportunity,0.3318,1.5,4.1,216
P00025,Machine Learning,Text,0.4286,13.4,3.2,602
P00026,Career,Image,0.3242,17.8,1.3,399
P00027,Marketing,Video,0.7049,105.8,1.6,456
P00028,AI,Text,0.6328,21.0,6.4,888
P00029,Data Science,Job Opportunity,0.0481,1.7,2.6,187
P00030,Software,Image,0.2678,1.1,18.0,614
P00031,Software,Article,0.0634,83.4,6.7,374
P00032,Marketing,Video,0.4895,4.6,9.7,852
P00033,Data Science,Image,0.1597,73.2,1.1,459
P00034,Leadership,Text,0.7329,10.7,6.7,293
P00035,Career,Text,0.5338,10.5,5.7,663
P00036,AI,Article,0.2584,40.4,7.4,210
P00037,Career,Job Opportunity,0.2421,36.8,0.5,240
P00038,Machine Learning,Text,0.5523,13.6,14.9,181
P00039,AI,Text,0.1957,86.6,4.9,200
P00040,AI,Video,0.1672,49.4,4.9,37
P00041,AI,Article,0.4202,6.5,5.5,220
P00042,Data Science,Article,0.1057,42.2,2.9,311
P00043,Career,Article,0.4213,29.0,13.5,607
P00044,Leadership,Article,0.3719,3.1,0.8,158
P00045,Data Science,Job Opportunity,0.2526,15.6,3.8,221
P00046,Design,Article,0.4626,85.3,3.9,287
P00047,Finance,Article,0.497,27.5,2.9,609
P00048,AI,Text,0.234,45.5,4.5,381
P00049,AI,Job Opportunity,0.224,4.3,3.7,446
P00050,Finance,Article,0.221,37.2,2.5,669
P00051,Software,Article,0.3336,88.0,5.1,494
P00052,Data Science,Video,0.421,65.1,5.8,204
P00053,Software,Text,0.2681,2.7,19.5,1298
P00054,Data Science,Video,0.4731,50.6,2.5,72
P00055,Design,Article,0.2911,35.5,6.7,678
P00056,AI,Job Opportunity,0.1179,18.3,6.6,470
P00057,AI,Video,0.4265,107.1,9.2,894
P00058,Software,Image,0.3376,22.7,8.3,274
P00059,Leadership,Job Opportunity,0.2121,0.7,1.1,222
P00060,Software,Image,0.5928,33.2,4.3,137
P00061,Software,Article,0.1037,37.7,2.3,141
P00062,Leadership,Video,0.5918,36.9,2.6,289
P00063,Marketing,Video,0.4235,21.6,1.7,168
P00064,Marketing,Article,0.1562,101.3,4.3,187
P00065,Marketing,Text,0.0777,86.1,6.9,141
P00066,Marketing,Article,0.2825,9.6,12.3,755
P00067,Finance,Job Opportunity,0.2776,22.7,5.4,185
P00068,Finance,Image,0.5442,39.6,2.7,455
P00069,Leadership,Video,0.0688,29.6,5.9,299
P00070,Data Science,Image,0.0402,32.6,7.3,436
P00071,Software,Video,0.7928,45.1,11.2,268
P00072,Software,Job Opportunity,0.4412,33.3,2.3,614
P00073,Career,Article,0.6446,8.2,1.6,540
P00074,AI,Text,0.5017,11.5,6.2,869
P00075,Machine Learning,Video,0.1591,23.0,5.0,195
P00076,Machine Learning,Image,0.3808,137.6,4.0,168
P00077,Data Science,Image,0.6183,46.0,4.8,242
P00078,Machine Learning,Job Opportunity,0.6033,15.5,2.4,362
P00079,Finance,Image,0.105,42.4,1.0,503
P00080,Design,Article,0.4364,80.0,8.2,200
P00081,Data Science,Article,0.2549,11.6,7.9,388
P00082,Design,Text,0.0402,74.4,1.8,285
P00083,Software,Video,0.4199,20.3,4.6,267
P00084,Leadership,Text,0.1904,1.7,7.6,328
P00085,Machine Learning,Article,0.7497,24.2,7.0,1097
P00086,Marketing,Text,0.3081,36.3,2.9,622
P00087,Leadership,Image,0.4262,0.8,5.7,765
P00088,Leadership,Article,0.4127,69.3,2.1,441
P00089,Design,Video,0.1227,39.7,8.7,1351
P00090,Marketing,Text,0.4693,26.8,4.4,673
P00091,Marketing,Video,0.5813,13.9,5.9,106
P00092,Marketing,Video,0.4774,40.4,6.6,591
P00093,Data Science,Article,0.1304,19.7,4.5,433
P00094,Machine Learning,Image,0.4671,40.4,6.6,543
P00095,Design,Video,0.4489,7.3,8.9,99
P00096,Design,Text,0.3016,73.9,2.4,102
P00097,Design,Job Opportunity,0.2171,40.5,10.2,306
P00098,Leadership,Image,0.6289,8.7,3.6,81
P00099,Software,Text,0.1968,15.0,6.8,580
P00100,Software,Article,0.766,21.2,4.4,372
P00101,Software,Text,0.452,36.5,6.1,1569
P00102,Finance,Text,0.0736,32.5,9.7,446
P00103,Software,Text,0.4816,12.4,5.1,575
P00104,Career,Video,0.3501,3.4,6.5,525
P00105,AI,Job Opportunity,0.3253,6.0,11.5,352
P00106,Design,Article,0.2899,53.1,3.7,363
P00107,Finance,Image,0.6484,20.9,2.7,316
P00108,Data Science,Video,0.2642,4.2,9.3,49
P00109,Finance,Video,0.3112,49.3,4.5,811
P00110,Finance,Image,0.5671,6.0,4.1,817
P00111,Finance,Text,0.4149,62.2,10.3,659
P00112,Software,Video,0.3216,20.4,3.0,355
P00113,Software,Text,0.3844,68.0,6.9,296
P00114,Data Science,Text,0.1786,36.0,12.8,133
P00115,Machine Learning,Text,0.2011,64.3,2.2,121
P00116,Software,Article,0.4075,74.4,13.0,205
P00117,Data Science,Article,0.1108,18.3,3.9,389
P00118,AI,Article,0.6436,8.1,4.1,445
P00119,Data Science,Article,0.1012,63.1,1.6,219
P00120,Data Science,Text,0.2014,14.8,6.1,116
P00121,AI,Article,0.3293,12.6,2.4,194
P00122,Finance,Article,0.343,13.3,7.1,300
P00123,Marketing,Video,0.23,12.7,4.8,95
P00124,Career,Video,0.6333,2.3,6.0,382
P00125,Data Science,Job Opportunity,0.4956,28.3,7.7,1200
P00126,Finance,Job Opportunity,0.054,19.2,15.0,174
P00127,AI,Job Opportunity,0.581,16.9,5.1,1800
P00128,Software,Video,0.3671,74.7,7.1,188
P00129,Marketing,Text,0.3863,101.5,6.5,276
P00130,Finance,Article,0.7143,78.9,5.9,486
P00131,Design,Job Opportunity,0.2598,20.6,1.8,318
P00132,Career,Job Opportunity,0.7599,2.4,2.8,85
P00133,Design,Text,0.5073,28.8,1.9,404
P00134,Finance,Text,0.4526,33.6,12.0,351
P00135,AI,Article,0.4974,4.0,12.1,268
P00136,Finance,Article,0.0788,8.0,7.8,350
P00137,Design,Text,0.4416,51.6,9.3,471
P00138,Machine Learning,Article,0.3161,9.9,2.0,162
P00139,Design,Text,0.581,13.9,7.1,507
P00140,AI,Image,0.4696,4.2,3.3,203
P00141,Marketing,Image,0.37,7.0,2.4,1128
P00142,Design,Job Opportunity,0.5271,85.5,9.3,759
P00143,Machine Learning,Article,0.074,18.7,7.1,149
P00144,Software,Text,0.4451,22.7,2.1,884
P00145,Career,Video,0.4692,87.0,11.3,458
P00146,Data Science,Video,0.274,10.2,4.8,505
P00147,Marketing,Job Opportunity,0.0178,25.7,8.0,286
P00148,Machine Learning,Text,0.695,28.9,3.6,251
P00149,Leadership,Article,0.0268,64.3,6.1,266
P00150,Finance,Text,0.2915,29.3,8.4,154
P00151,Finance,Text,0.2455,27.0,2.2,74
P00152,Leadership,Text,0.4907,78.0,13.3,198
P00153,Finance,Text,0.1012,4.2,7.9,198
P00154,Leadership,Text,0.6484,37.3,6.5,138
P00155,Data Science,Text,0.3195,3.7,0.7,526
P00156,Career,Video,0.2145,22.0,5.1,402
P00157,Marketing,Article,0.5508,5.7,9.4,206
P00158,Software,Job Opportunity,0.4783,2.6,0.9,257
P00159,Career,Video,0.2572,3.9,12.1,395
P00160,Software,Article,0.1594,34.0,1.5,185
P00161,Design,Article,0.3993,21.8,6.0,43
P00162,Design,Article,0.3553,21.6,13.7,860
P00163,Marketing,Article,0.3283,27.1,6.7,301
P00164,Finance,Video,0.4426,2.4,8.7,410
P00165,Software,Job Opportunity,0.7328,147.7,9.4,379
P00166,Career,Article,0.3468,0.3,7.4,104
P00167,Software,Text,0.1091,35.1,2.7,191
P00168,Marketing,Job Opportunity,0.2679,0.8,4.3,327
P00169,Career,Text,0.3844,4.8,2.8,282
P00170,Machine Learning,Text,0.1126,46.8,12.9,133
P00171,Machine Learning,Text,0.1442,1.6,4.4,434
P00172,Design,Article,0.4546,19.7,9.9,521
P00173,Design,Article,0.4654,46.8,8.0,244
P00174,Software,Job Opportunity,0.7235,23.8,5.9,737
P00175,Software,Video,0.1933,3.4,2.7,506
P00176,Marketing,Text,0.4466,26.8,3.1,450
P00177,Marketing,Job Opportunity,0.2645,82.0,3.5,222
P00178,Software,Text,0.6211,0.4,2.0,288
P00179,Machine Learning,Article,0.638,4.2,15.9,643
P00180,Marketing,Job Opportunity,0.2593,23.0,7.7,104
P00181,Software,Video,0.0472,26.0,5.9,109
P00182,Finance,Image,0.2286,20.6,1.1,238
P00183,Leadership,Article,0.5556,1.6,4.6,325
P00184,Software,Text,0.3261,5.2,4.9,306
P00185,Marketing,Job Opportunity,0.3382,14.6,5.6,502
P00186,Design,Article,0.4311,20.0,5.6,401
P00187,Finance,Job Opportunity,0.4234,98.5,7.4,336
P00188,Machine Learning,Image,0.6022,36.6,1.9,259
P00189,Leadership,Text,0.381,31.4,3.7,635
P00190,Data Science,Job Opportunity,0.3352,7.6,7.0,863
P00191,Leadership,Job Opportunity,0.3333,23.3,7.1,261
P00192,AI,Job Opportunity,0.067,22.2,6.0,451
P00193,Leadership,Text,0.2314,30.0,8.9,269
P00194,Leadership,Video,0.3391,9.6,4.3,125
P00195,AI,Text,0.2898,36.5,5.2,87
P00196,Finance,Article,0.032,24.8,8.9,846
P00197,Finance,Job Opportunity,0.6019,29.2,2.0,626
P00198,Marketing,Job Opportunity,0.2862,18.5,13.0,456
P00199,Marketing,Article,0.2315,3.8,8.3,734
P00200,Leadership,Video,0.1988,30.3,3.5,174
P00201,Design,Job Opportunity,0.1838,4.5,9.1,674
P00202,Leadership,Video,0.4733,16.9,2.3,436
P00203,Software,Article,0.1885,8.2,11.8,234
P00204,Design,Article,0.4299,26.3,1.2,52
P00205,Finance,Text,0.6746,30.7,1.9,105
P00206,Career,Job Opportunity,0.2058,33.1,2.9,1307
P00207,Finance,Text,0.4455,24.0,3.1,1272
P00208,Software,Text,0.7095,8.2,6.4,106
P00209,Leadership,Image,0.4018,7.3,8.7,67
P00210,Leadership,Image,0.6651,11.1,1.4,937
P00211,Machine Learning,Job Opportunity,0.3004,18.3,12.3,310
P00212,AI,Image,0.4273,21.4,7.1,186
P00213,Leadership,Video,0.4538,21.0,15.7,123
P00214,Machine Learning,Job Opportunity,0.2853,5.9,5.0,122
P00215,Finance,Video,0.5149,18.5,13.1,938
P00216,Finance,Video,0.5547,2.4,16.5,403
P00217,Data Science,Article,0.075,65.2,3.1,79
P00218,Finance,Text,0.5273,35.1,2.8,188
P00219,Design,Article,0.1972,15.3,4.2,1172
P00220,Finance,Job Opportunity,0.6954,46.9,4.0,420
P00221,Career,Article,0.6749,48.0,6.3,108
P00222,Finance,Text,0.1221,60.4,4.0,196
P00223,Finance,Job Opportunity,0.0788,28.6,9.1,303
P00224,Marketing,Image,0.1238,19.7,7.6,706
P00225,Software,Image,0.2931,40.8,2.9,305
P00226,Design,Video,0.1708,40.2,5.0,994
P00227,Design,Article,0.2317,1.0,9.5,407
P00228,Machine Learning,Text,0.4507,41.3,6.7,53
P00229,Machine Learning,Image,0.2349,6.7,7.9,507
P00230,Data Science,Job Opportunity,0.1547,36.7,2.8,285
P00231,Machine Learning,Text,0.5428,16.2,5.4,220
P00232,AI,Text,0.2681,19.3,2.1,453
P00233,Career,Article,0.447,3.1,5.9,271
P00234,Machine Learning,Text,0.3143,19.8,4.8,388
P00235,Data Science,Text,0.4181,12.9,6.1,217
P00236,Design,Article,0.0655,24.7,2.7,211
P00237,Data Science,Text,0.6572,104.0,7.2,801
P00238,AI,Video,0.187,56.8,9.7,362
P00239,Software,Video,0.3165,19.9,0.8,458
P00240,Machine Learning,Text,0.3074,19.4,1.7,208
P00241,Marketing,Text,0.0927,18.2,3.1,774
P00242,Data Science,Text,0.4516,6.7,4.1,389
P00243,AI,Video,0.3753,1.5,3.5,252
P00244,Software,Text,0.4587,38.2,2.0,910
P00245,Finance,Job Opportunity,0.6178,17.5,6.2,252
P00246,Finance,Text,0.0352,12.6,5.9,382
P00247,Data Science,Image,0.289,7.5,3.5,126
P00248,Design,Text,0.4494,2.0,6.8,200
P00249,Finance,Video,0.0952,62.6,4.6,615
P00250,Leadership,Video,0.0073,2.4,13.5,317
P00251,Marketing,Article,0.6767,124.7,1.5,356
P00252,Data Science,Text,0.7673,35.2,2.8,307
P00253,AI,Article,0.1269,118.4,4.3,318
P00254,Leadership,Text,0.38,1.0,9.9,214
P00255,Career,Job Opportunity,0.5422,15.3,8.3,227
P00256,Career,Video,0.3791,37.5,7.1,261
P00257,Career,Video,0.1925,70.5,1.8,262
P00258,Software,Text,0.6355,32.8,3.2,478
P00259,Finance,Text,0.3475,11.6,4.6,466
P00260,Leadership,Image,0.1214,30.2,9.1,948
P00261,Leadership,Article,0.2031,1.2,4.9,575
P00262,Marketing,Article,0.5972,7.8,7.5,163
P00263,AI,Article,0.5463,28.6,6.9,193
P00264,Leadership,Article,0.4744,34.6,7.6,695
P00265,Marketing,Job Opportunity,0.3255,27.3,3.0,560
P00266,AI,Article,0.0821,6.8,8.4,758
P00267,Finance,Article,0.1771,59.7,7.3,329
P00268,Leadership,Article,0.436,42.8,12.9,268
P00269,Design,Article,0.6947,18.1,3.9,434
P00270,Career,Text,0.1384,68.5,5.9,110
P00271,Software,Article,0.5403,21.6,2.0,282
P00272,Leadership,Article,0.114,41.3,1.4,1583
P00273,Leadership,Article,0.5309,16.2,14.1,254
P00274,Machine Learning,Image,0.592,22.1,6.7,326
P00275,Career,Text,0.4533,30.7,1.3,281
P00276,Machine Learning,Image,0.4914,7.8,7.2,1099
P00277,Leadership,Article,0.3353,4.9,3.9,128
P00278,Leadership,Text,0.2328,33.6,7.5,567
P00279,Design,Job Opportunity,0.0485,32.9,8.7,240
P00280,Marketing,Article,0.4878,112.1,6.3,196
P00281,AI,Text,0.339,33.3,4.2,86
P00282,Design,Text,0.5377,42.1,5.3,1302
P00283,Data Science,Article,0.6818,121.9,7.7,589
P00284,Finance,Video,0.8066,35.2,8.4,114
P00285,Career,Video,0.1994,4.4,2.9,121
P00286,Software,Text,0.6687,2.6,1.7,197
P00287,Marketing,Text,0.3717,66.9,2.1,492
P00288,Leadership,Text,0.1986,17.6,4.4,298
P00289,Finance,Text,0.5603,42.4,8.2,159
P00290,Leadership,Image,0.2392,42.8,4.6,310
P00291,Leadership,Video,0.4173,85.6,2.0,911
P00292,Finance,Text,0.1319,32.2,6.2,532
P00293,AI,Article,0.3938,78.7,5.0,78
P00294,Leadership,Video,0.3704,22.4,8.6,142
P00295,Career,Article,0.243,2.3,2.5,297
P00296,Software,Job Opportunity,0.2968,1.0,6.5,368
P00297,Career,Image,0.3435,27.7,6.1,941
P00298,Machine Learning,Text,0.2515,105.1,7.4,328
P00299,Machine Learning,Image,0.1118,35.5,9.4,508
P00300,Machine Learning,Article,0.0791,45.2,1.0,57
P00301,Finance,Article,0.2176,1.3,3.3,240
P00302,Software,Job Opportunity,0.2373,39.8,4.7,578
P00303,Leadership,Image,0.3152,21.8,3.2,1496
P00304,Marketing,Text,0.3892,16.6,5.7,113
P00305,Data Science,Image,0.1093,46.1,4.7,288
P00306,Software,Article,0.5084,27.9,2.0,81
P00307,Design,Image,0.1434,2.7,7.6,281
P00308,Career,Job Opportunity,0.166,7.0,2.4,760
P00309,Data Science,Image,0.5807,9.4,5.8,691
P00310,Software,Text,0.2381,37.7,2.2,318
P00311,Career,Text,0.1494,32.7,5.8,269
P00312,Leadership,Job Opportunity,0.1018,24.9,4.7,2646
P00313,Finance,Text,0.4395,39.3,5.2,277
P00314,Finance,Job Opportunity,0.8457,0.9,6.0,213
P00315,Leadership,Text,0.4193,8.7,8.8,210
P00316,Machine Learning,Article,0.2218,10.0,3.7,102
P00317,Design,Article,0.3463,4.8,1.9,469
P00318,Marketing,Text,0.5151,2.7,4.4,555
P00319,Machine Learning,Article,0.1201,8.0,9.0,539
P00320,Design,Text,0.4272,1.6,0.6,613
P00321,Design,Job Opportunity,0.4346,24.5,1.8,205
P00322,Design,Article,0.1469,0.4,4.6,289
P00323,Leadership,Video,0.0723,4.4,9.5,829
P00324,Software,Text,0.5018,33.3,3.4,226
P00325,Finance,Video,0.3847,31.1,4.4,210
P00326,Finance,Text,0.3694,18.6,3.1,731
P00327,Finance,Job Opportunity,0.3757,20.6,3.8,175
P00328,Machine Learning,Text,0.3698,51.0,7.8,132
P00329,Software,Text,0.2615,2.2,8.6,142
P00330,Finance,Article,0.2229,4.4,8.1,2866
P00331,Finance,Text,0.3675,36.4,7.4,738
P00332,Software,Article,0.442,15.2,2.3,543
P00333,Leadership,Video,0.0551,73.8,13.0,156
P00334,Design,Text,0.1268,30.7,12.3,492
P00335,Finance,Image,0.5086,32.0,4.7,1280
P00336,Marketing,Text,0.3408,2.2,9.3,441
P00337,Machine Learning,Video,0.1572,7.0,0.8,136
P00338,Machine Learning,Article,0.6579,14.7,9.9,506
P00339,AI,Video,0.0737,27.2,5.7,290
P00340,Design,Job Opportunity,0.7949,10.1,2.4,369
P00341,Software,Text,0.0349,1.0,10.1,152
P00342,Leadership,Article,0.219,5.0,1.0,180
P00343,Marketing,Video,0.234,17.6,8.1,226
P00344,Machine Learning,Article,0.4269,7.4,10.0,177
P00345,Machine Learning,Text,0.2491,1.3,11.1,315
P00346,Career,Article,0.0537,65.8,0.8,191
P00347,Career,Text,0.4897,78.3,1.5,1223
P00348,Marketing,Job Opportunity,0.4326,12.0,1.7,489
P00349,Data Science,Article,0.419,4.2,7.7,606
P00350,Data Science,Text,0.2184,25.3,12.7,296
P00351,Career,Text,0.2329,11.1,6.6,66
P00352,Machine Learning,Text,0.4695,22.5,3.5,646
P00353,AI,Video,0.3789,12.7,11.9,303
P00354,Software,Image,0.4321,9.8,12.2,461
P00355,Machine Learning,Job Opportunity,0.1011,63.1,13.4,312
P00356,Machine Learning,Text,0.274,13.1,2.4,56
P00357,Finance,Article,0.4495,2.1,1.9,234
P00358,Career,Text,0.3981,24.0,1.3,171
P00359,Leadership,Video,0.6378,70.4,1.8,390
P00360,Software,Image,0.1268,5.2,1.0,477
P00361,Data Science,Image,0.5627,3.0,9.2,1851
P00362,Finance,Job Opportunity,0.6479,12.3,6.5,480
P00363,Data Science,Article,0.474,1.5,25.0,211
P00364,Design,Job Opportunity,0.3466,19.5,5.0,235
P00365,Design,Job Opportunity,0.4293,15.8,5.4,499
P00366,Design,Article,0.4047,23.1,10.3,649
P00367,Data Science,Text,0.3772,10.1,3.8,122
P00368,Career,Image,0.5448,14.4,2.5,271
P00369,Leadership,Text,0.5602,13.4,6.3,292
P00370,Career,Article,0.4587,67.2,4.7,91
P00371,Machine Learning,Text,0.078,12.6,6.1,588
P00372,Design,Video,0.2358,31.6,13.5,395
P00373,Design,Job Opportunity,0.3053,4.4,3.0,282
P00374,Career,Image,0.1765,10.6,3.1,401
P00375,Marketing,Job Opportunity,0.5594,86.8,8.6,557
P00376,Finance,Text,0.4078,26.1,3.1,1552
P00377,Software,Image,0.2704,78.6,22.9,558
P00378,AI,Article,0.6659,192.2,4.5,132
P00379,Design,Text,0.2645,0.1,6.5,3153
P00380,Machine Learning,Job Opportunity,0.4475,76.6,10.3,135
P00381,Data Science,Image,0.4495,4.1,5.6,451
P00382,Finance,Video,0.2514,70.1,4.7,280
P00383,Leadership,Article,0.1697,15.9,9.5,300
P00384,Software,Article,0.041,96.8,2.9,447
P00385,Machine Learning,Video,0.471,3.3,6.3,475
P00386,Software,Text,0.383,108.3,2.4,997
P00387,Software,Text,0.4954,41.3,9.0,195
P00388,AI,Image,0.2861,1.1,4.5,455
P00389,Data Science,Article,0.0966,51.8,6.4,537
P00390,Finance,Text,0.0302,10.9,10.9,2170
P00391,Finance,Article,0.356,59.7,2.6,493
P00392,Data Science,Article,0.5282,7.0,7.2,132
P00393,Design,Article,0.6246,78.9,9.1,992
P00394,Software,Article,0.2389,12.2,8.3,232
P00395,Career,Text,0.157,14.8,4.4,166
P00396,Marketing,Text,0.1367,19.5,1.6,955
P00397,Marketing,Text,0.5786,8.3,11.1,367
P00398,Software,Job Opportunity,0.4346,91.4,1.6,282
P00399,Design,Text,0.1706,13.0,1.4,1272
P00400,Finance,Video,0.2586,40.9,5.1,219
P00401,Finance,Video,0.131,0.3,3.2,218
P00402,Software,Text,0.5138,13.2,6.7,491
P00403,Finance,Text,0.2427,52.9,8.7,54
P00404,Leadership,Job Opportunity,0.6163,19.0,4.4,376
P00405,Design,Text,0.5717,62.1,18.0,352
P00406,Career,Video,0.2627,75.1,2.7,167
P00407,Machine Learning,Video,0.3083,69.9,1.2,326
P00408,AI,Image,0.4377,48.9,5.0,406
P00409,Design,Text,0.3945,27.7,5.3,319
P00410,Career,Text,0.3788,11.4,7.5,635
P00411,Machine Learning,Text,0.4125,43.1,3.9,410
P00412,Career,Image,0.1665,5.2,1.6,288
P00413,Leadership,Text,0.3215,1.9,5.5,579
P00414,Design,Job Opportunity,0.6336,43.5,6.8,409
P00415,Machine Learning,Image,0.183,32.7,5.8,3645
P00416,Career,Article,0.4371,15.0,6.9,749
P00417,Data Science,Text,0.0651,68.5,6.3,216
P00418,Finance,Job Opportunity,0.2877,3.9,5.8,83
P00419,Software,Text,0.2008,15.5,3.5,192
P00420,AI,Text,0.0241,59.0,3.4,64
P00421,Leadership,Article,0.4355,0.3,14.0,562
P00422,AI,Article,0.4961,13.0,2.6,262
P00423,Finance,Text,0.5311,17.9,14.2,179
P00424,Machine Learning,Image,0.3084,0.3,3.1,533
P00425,Design,Video,0.4994,35.8,12.0,246
P00426,Finance,Article,0.3592,67.3,8.9,453
P00427,Machine Learning,Text,0.1732,6.6,7.7,267
P00428,Design,Text,0.6501,7.8,0.3,351
P00429,Leadership,Video,0.5781,11.1,3.5,927
P00430,Machine Learning,Text,0.0955,13.8,6.1,687
P00431,Data Science,Job Opportunity,0.0302,56.3,9.4,1039
P00432,Finance,Image,0.31,47.1,5.0,435
P00433,Leadership,Video,0.6268,61.6,1.8,78
P00434,Design,Text,0.6168,32.3,5.2,191
P00435,Career,Video,0.415,1.0,6.9,91
P00436,AI,Text,0.29,11.9,4.5,689
P00437,Finance,Image,0.5025,23.5,13.4,334
P00438,AI,Job Opportunity,0.6049,54.0,5.5,905
P00439,Software,Job Opportunity,0.5952,45.4,9.8,758
P00440,Software,Video,0.4685,8.2,3.5,299
P00441,Software,Video,0.1456,10.5,8.3,1335
P00442,Software,Text,0.316,47.2,3.0,712
P00443,Data Science,Article,0.4492,44.1,8.4,353
P00444,Finance,Video,0.3588,8.0,4.4,468
P00445,Design,Job Opportunity,0.3944,9.6,1.9,1024
P00446,Data Science,Job Opportunity,0.4192,18.7,3.9,473
P00447,AI,Job Opportunity,0.544,23.4,2.7,194
P00448,Marketing,Text,0.3894,40.4,4.2,129
P00449,Software,Video,0.4702,90.1,2.0,267
P00450,Machine Learning,Video,0.2661,27.6,1.6,192
P00451,Leadership,Text,0.4527,3.3,2.5,389
P00452,Leadership,Article,0.1897,122.4,1.0,219
P00453,Data Science,Video,0.1042,13.7,10.7,243
P00454,Machine Learning,Text,0.4032,21.5,5.2,871
P00455,Finance,Video,0.2074,31.7,5.6,1242
P00456,Finance,Job Opportunity,0.5256,4.6,4.3,177
P00457,Design,Video,0.5147,26.7,2.2,248
P00458,AI,Text,0.2613,46.3,6.9,275
P00459,Machine Learning,Text,0.6278,2.1,6.3,425
P00460,Career,Video,0.0745,27.7,2.3,435
P00461,Design,Video,0.1877,25.0,8.6,220
P00462,Marketing,Article,0.6654,52.5,2.0,497
P00463,Software,Text,0.6937,36.1,5.5,228
P00464,Machine Learning,Job Opportunity,0.4056,34.7,9.4,245
P00465,Career,Article,0.482,27.9,11.9,160
P00466,Marketing,Video,0.2654,31.7,4.5,756
P00467,Data Science,Job Opportunity,0.5566,6.7,2.8,683
P00468,Data Science,Image,0.6166,18.6,1.4,436
P00469,Machine Learning,Job Opportunity,0.4891,73.8,4.0,561
P00470,Career,Image,0.3543,61.0,3.9,802
P00471,AI,Text,0.5673,27.9,9.8,603
P00472,Design,Text,0.4543,3.5,5.5,591
P00473,Machine Learning,Article,0.0836,64.0,1.9,234
P00474,Machine Learning,Article,0.368,13.0,8.5,99
P00475,AI,Video,0.4976,36.4,9.5,175
P00476,Finance,Text,0.2557,21.4,6.0,1912
P00477,AI,Text,0.5055,51.9,8.7,273
P00478,Software,Image,0.6018,9.5,5.0,1189
P00479,Career,Article,0.3916,13.2,8.1,509
P00480,Leadership,Text,0.6097,4.5,3.5,322
P00481,Data Science,Video,0.6613,7.0,12.1,160
P00482,AI,Article,0.4722,4.1,2.1,188
P00483,Machine Learning,Text,0.0607,54.8,21.3,297
P00484,Finance,Article,0.2437,44.4,15.6,297
P00485,Finance,Image,0.5517,13.2,12.4,511
P00486,Career,Video,0.2524,11.9,2.9,192
P00487,Finance,Video,0.0968,52.7,4.1,198
P00488,Data Science,Article,0.1087,46.6,3.6,664
P00489,Marketing,Video,0.4238,30.6,3.0,1509
P00490,Career,Text,0.5185,50.8,3.5,354
P00491,Career,Video,0.0846,3.5,7.3,471
P00492,Machine Learning,Article,0.2395,50.5,4.2,294
P00493,Data Science,Article,0.3036,27.2,2.3,314
P00494,Design,Article,0.374,19.8,1.3,279
P00495,Career,Article,0.1448,1.1,9.0,250
P00496,Career,Article,0.5461,61.7,5.8,515
P00497,Machine Learning,Article,0.2644,10.7,5.3,541
P00498,Data Science,Job Opportunity,0.3939,5.9,0.6,272
P00499,Career,Video,0.4861,30.2,2.4,209
P00500,Machine Learning,Video,0.3581,7.9,5.4,225
P00501,Leadership,Text,0.3437,11.6,6.9,556
P00502,Finance,Article,0.4563,83.6,0.4,174
P00503,Leadership,Job Opportunity,0.0817,2.5,5.2,146
P00504,Leadership,Article,0.0694,18.1,6.2,414
P00505,AI,Image,0.4224,4.3,2.6,313
P00506,Machine Learning,Video,0.4983,37.9,10.5,296
P00507,Data Science,Text,0.6004,19.2,1.9,643
P00508,Design,Image,0.3916,6.5,6.3,317
P00509,Design,Image,0.4621,60.6,3.7,196
P00510,Leadership,Job Opportunity,0.7587,7.5,7.4,379
P00511,Software,Text,0.3853,10.9,5.1,196
P00512,Design,Article,0.4463,7.3,9.9,671
P00513,Leadership,Video,0.6437,10.0,2.3,336
P00514,Software,Article,0.5356,39.2,3.7,145
P00515,Leadership,Text,0.2195,36.9,7.5,374
P00516,Data Science,Video,0.5012,66.2,5.6,175
P00517,Finance,Text,0.4212,8.7,7.6,751
P00518,Software,Job Opportunity,0.1136,3.5,8.4,305
P00519,Marketing,Job Opportunity,0.388,8.7,8.2,547
P00520,Software,Article,0.4317,7.6,6.2,201
P00521,Design,Article,0.3039,17.4,8.4,283
P00522,Machine Learning,Text,0.2996,7.6,4.7,460
P00523,Software,Article,0.3001,50.5,7.2,291
P00524,Machine Learning,Article,0.1816,40.5,2.1,162
P00525,Software,Job Opportunity,0.2769,126.7,5.7,587
P00526,Leadership,Article,0.2047,54.0,6.0,414
P00527,Design,Article,0.4471,7.8,13.0,140
P00528,Machine Learning,Text,0.2475,105.7,4.4,247
P00529,Software,Article,0.3191,55.9,1.7,171
P00530,Machine Learning,Image,0.1204,23.0,1.7,224
P00531,Career,Image,0.3169,4.0,13.0,230
P00532,Finance,Text,0.4176,14.1,11.4,273
P00533,Data Science,Article,0.2158,37.0,6.5,106
P00534,Leadership,Job Opportunity,0.5131,30.5,1.3,237
P00535,AI,Video,0.1915,12.3,6.6,714
P00536,Career,Text,0.5377,57.3,6.9,1312
P00537,AI,Text,0.8943,80.0,5.2,133
P00538,Marketing,Text,0.322,38.8,6.5,783
P00539,AI,Article,0.586,3.6,4.0,1976
P00540,Machine Learning,Text,0.307,12.4,1.3,282
P00541,Marketing,Video,0.3537,70.8,9.0,497
P00542,Marketing,Text,0.3874,79.1,6.3,744
P00543,Finance,Video,0.3554,43.6,11.5,233
P00544,Marketing,Image,0.5325,55.0,8.1,707
P00545,Career,Image,0.5115,5.8,2.8,283
P00546,Software,Video,0.5601,16.3,1.1,711
P00547,Design,Article,0.3278,36.0,6.8,1111
P00548,Machine Learning,Video,0.2317,14.2,5.3,904
P00549,Design,Image,0.4717,9.2,5.5,257
P00550,Design,Article,0.4676,25.1,6.4,533
P00551,Data Science,Job Opportunity,0.2092,8.2,0.9,227
P00552,AI,Job Opportunity,0.339,16.4,4.7,133
P00553,Data Science,Video,0.3732,6.8,2.8,277
P00554,Software,Article,0.2947,10.0,5.8,635
P00555,Marketing,Video,0.5221,13.9,2.9,266
P00556,Software,Text,0.6132,15.3,4.0,1059
P00557,AI,Text,0.6757,27.5,3.8,351
P00558,Design,Article,0.293,31.4,4.0,140
P00559,Career,Video,0.178,17.7,8.6,265
P00560,Finance,Video,0.0558,26.3,3.8,198
P00561,Career,Text,0.0976,28.3,9.1,948
P00562,Design,Text,0.1685,7.1,0.7,495
P00563,Design,Text,0.2528,15.5,3.0,314
P00564,Career,Text,0.5155,24.7,0.9,599
P00565,AI,Text,0.1857,4.3,7.8,178
P00566,Leadership,Article,0.4236,62.8,4.9,133
P00567,Design,Text,0.6741,2.6,4.3,121
P00568,Machine Learning,Article,0.4169,63.0,3.3,77
P00569,AI,Image,0.258,38.8,8.7,141
P00570,Data Science,Text,0.2159,7.1,6.0,519
P00571,Career,Image,0.172,22.2,3.4,592
P00572,Career,Text,0.4906,0.0,16.2,165
P00573,Marketing,Article,0.2532,13.0,3.9,66
P00574,Design,Text,0.5933,30.6,1.3,239
P00575,Machine Learning,Article,0.2976,31.0,9.8,493
P00576,Career,Text,0.4254,59.1,3.4,643
P00577,Career,Image,0.1893,19.3,2.5,401
P00578,Design,Article,0.5215,35.0,7.5,148
P00579,Software,Text,0.5607,81.2,6.4,591
P00580,Marketing,Article,0.1625,43.3,3.3,453
P00581,Software,Text,0.5121,1.6,3.1,597
P00582,Finance,Video,0.3174,47.7,8.4,162
P00583,Design,Article,0.503,8.7,5.4,498
P00584,Finance,Article,0.0706,6.3,8.4,662
P00585,Leadership,Image,0.2937,52.3,4.7,112
P00586,Finance,Text,0.2646,13.1,2.2,202
P00587,AI,Text,0.226,22.4,6.4,98
P00588,Machine Learning,Video,0.2176,22.7,7.0,172
P00589,Leadership,Article,0.1018,5.5,4.2,304
P00590,Software,Job Opportunity,0.7217,22.7,4.7,104
P00591,Software,Image,0.3601,26.0,2.5,804
P00592,AI,Text,0.5519,56.9,1.6,813
P00593,Career,Text,0.4311,40.7,7.7,298
P00594,AI,Text,0.4536,1.2,2.1,195
P00595,Finance,Image,0.5178,37.9,6.3,319
P00596,Software,Article,0.5377,34.3,8.8,1061
P00597,Design,Video,0.5177,34.1,7.1,544
P00598,Marketing,Text,0.5186,48.8,8.0,78
P00599,AI,Image,0.3018,13.4,10.5,54
P00600,Marketing,Job Opportunity,0.3481,18.7,1.2,160
P00601,Machine Learning,Text,0.3977,25.2,7.0,319
P00602,Marketing,Text,0.1962,41.0,5.6,85
P00603,Software,Text,0.1329,38.3,5.5,280
P00604,Leadership,Video,0.057,8.1,7.1,86
P00605,Finance,Article,0.2518,15.9,1.7,332
P00606,Data Science,Video,0.3922,58.7,11.5,393
P00607,Career,Video,0.3271,37.5,6.6,1291
P00608,Data Science,Job Opportunity,0.3922,10.3,1.1,297
P00609,Software,Video,0.3345,23.7,7.4,249
P00610,Finance,Video,0.2817,7.9,1.1,960
P00611,Career,Article,0.3692,22.8,8.8,557
P00612,AI,Article,0.2643,14.9,8.7,342
P00613,Software,Video,0.1497,22.1,2.1,259
P00614,Marketing,Video,0.5271,53.8,1.3,1288
P00615,Software,Image,0.2148,1.7,6.8,184
P00616,Leadership,Text,0.3048,22.2,1.2,101
P00617,AI,Article,0.6469,12.8,4.2,283
P00618,Software,Article,0.2932,24.4,12.5,256
P00619,Marketing,Text,0.4205,62.2,4.5,866
P00620,Career,Text,0.163,7.9,8.6,374
P00621,Data Science,Article,0.6051,52.7,10.8,687
P00622,Software,Article,0.3175,14.6,9.9,43
P00623,Design,Text,0.3523,0.7,5.7,253
P00624,Finance,Text,0.184,95.2,2.8,1076
P00625,Machine Learning,Job Opportunity,0.1619,63.6,10.8,139
P00626,Career,Job Opportunity,0.1251,49.2,0.0,264
P00627,AI,Article,0.2639,98.8,0.5,646
P00628,Leadership,Image,0.5898,37.4,1.6,221
P00629,Design,Text,0.666,7.7,5.6,618
P00630,Marketing,Job Opportunity,0.6708,72.9,12.2,204
P00631,Design,Video,0.3274,15.0,10.5,321
P00632,Marketing,Article,0.1369,18.7,4.3,565
P00633,Marketing,Article,0.2806,15.8,8.8,138
P00634,AI,Job Opportunity,0.1332,27.6,4.9,172
P00635,Machine Learning,Job Opportunity,0.3564,1.2,3.8,686
P00636,Leadership,Text,0.3375,12.4,7.0,176
P00637,Leadership,Video,0.1757,45.7,4.4,365
P00638,Marketing,Text,0.1901,17.2,6.7,720
P00639,Machine Learning,Image,0.3719,49.1,9.3,356
P00640,AI,Text,0.2925,15.3,7.7,411
P00641,AI,Article,0.4363,16.2,2.0,1141
P00642,Machine Learning,Text,0.5678,20.2,3.1,2081
P00643,Machine Learning,Video,0.2427,61.9,12.3,368
P00644,Design,Text,0.064,1.4,8.9,235
P00645,Career,Image,0.6132,5.4,5.7,643
P00646,Machine Learning,Job Opportunity,0.6714,55.3,3.9,177
P00647,Software,Article,0.494,137.0,8.7,944
P00648,Design,Job Opportunity,0.2059,14.8,3.5,213
P00649,Finance,Video,0.1729,66.4,6.8,235
P00650,Software,Video,0.3191,3.2,4.7,145
P00651,Software,Article,0.297,3.5,5.8,167
P00652,Data Science,Text,0.5807,14.7,4.2,849
P00653,Finance,Job Opportunity,0.4042,20.3,8.0,434
P00654,Finance,Video,0.2596,63.4,0.8,317
P00655,Finance,Video,0.5879,90.7,1.9,1703
P00656,Marketing,Article,0.1674,1.0,4.3,363
P00657,Software,Text,0.6037,6.5,5.4,326
P00658,Finance,Text,0.2693,27.7,11.2,136
P00659,Career,Video,0.6546,4.5,9.2,173
P00660,Data Science,Job Opportunity,0.1765,71.7,1.5,156
P00661,Design,Text,0.2642,4.5,5.9,191
P00662,Finance,Text,0.3909,15.4,5.3,227
P00663,Data Science,Text,0.9424,52.1,1.2,263
P00664,Leadership,Article,0.3338,12.3,6.8,578
P00665,Data Science,Article,0.7352,74.8,6.0,324
P00666,Data Science,Text,0.522,139.3,9.3,1381
P00667,Data Science,Image,0.1356,15.6,5.5,547
P00668,Finance,Text,0.7673,1.0,2.8,188
P00669,AI,Job Opportunity,0.2007,33.3,5.5,474
P00670,Data Science,Job Opportunity,0.0954,31.9,2.0,373
P00671,Leadership,Article,0.5677,36.6,4.3,1009
P00672,Software,Video,0.384,2.8,2.6,637
P00673,Finance,Article,0.2422,82.2,11.0,349
P00674,Software,Article,0.2385,2.9,4.8,1338
P00675,Design,Text,0.2346,6.4,2.5,516
P00676,Software,Article,0.4374,13.4,12.8,534
P00677,Leadership,Video,0.1337,15.1,5.1,1099
P00678,Leadership,Video,0.141,1.9,2.9,656
P00679,Data Science,Video,0.3295,111.0,4.0,393
P00680,Design,Video,0.4929,13.6,8.2,310
P00681,Design,Image,0.0409,36.0,6.9,66
P00682,AI,Image,0.3295,9.7,5.8,75
P00683,Marketing,Job Opportunity,0.3852,20.7,1.8,301
P00684,Machine Learning,Video,0.2285,4.7,12.3,212
P00685,Design,Text,0.2839,9.1,9.0,335
P00686,Design,Text,0.3689,29.5,16.6,745
P00687,Data Science,Text,0.3865,4.0,4.8,178
P00688,Data Science,Article,0.4028,8.8,5.1,94
P00689,Career,Image,0.253,9.6,0.7,117
P00690,Data Science,Job Opportunity,0.2643,30.6,4.3,150
P00691,Leadership,Job Opportunity,0.3508,77.9,1.3,133
P00692,Marketing,Article,0.5064,17.5,4.0,342
P00693,Software,Article,0.2057,19.0,10.2,1131
P00694,Data Science,Article,0.2767,1.9,6.8,540
P00695,Design,Image,0.4241,60.0,10.7,573
P00696,Finance,Video,0.0972,16.7,8.6,394
P00697,Data Science,Image,0.3777,18.6,4.3,123
P00698,Design,Job Opportunity,0.2771,16.6,2.1,1983
P00699,Marketing,Article,0.739,32.1,8.9,256
P00700,Marketing,Text,0.2296,65.1,4.8,614
P00701,Data Science,Image,0.0664,22.7,9.8,55
P00702,Leadership,Text,0.1437,30.1,6.1,308
P00703,AI,Text,0.0815,86.6,6.9,288
P00704,Machine Learning,Text,0.2292,5.2,8.5,267
P00705,Career,Video,0.3289,4.4,11.5,108
P00706,Software,Job Opportunity,0.412,5.3,4.7,387
P00707,Design,Article,0.1488,71.8,4.8,876
P00708,Design,Text,0.6413,19.7,8.2,1772
P00709,Data Science,Job Opportunity,0.3029,0.1,2.9,1235
P00710,Design,Text,0.026,9.2,7.8,908
P00711,Leadership,Image,0.2573,32.0,8.6,1296
P00712,Career,Job Opportunity,0.1052,37.2,17.9,1423
P00713,Finance,Article,0.3202,31.2,7.6,158
P00714,Machine Learning,Article,0.5412,83.7,10.9,404
P00715,Finance,Article,0.2368,11.2,4.2,119
P00716,Career,Article,0.1922,123.0,3.9,508
P00717,AI,Text,0.6429,25.2,5.1,271
P00718,AI,Article,0.3908,9.2,3.4,292
P00719,Career,Text,0.2387,23.8,7.8,265
P00720,Marketing,Image,0.4493,18.0,2.8,45
P00721,Finance,Text,0.3034,9.1,2.6,72
P00722,Leadership,Text,0.3331,123.3,2.5,655
P00723,Leadership,Article,0.6307,3.2,6.9,193
P00724,Data Science,Video,0.3472,14.0,2.7,749
P00725,Marketing,Text,0.6302,47.1,2.6,290
P00726,Finance,Article,0.3079,13.7,2.7,93
P00727,Machine Learning,Job Opportunity,0.6925,2.5,0.7,108
P00728,Leadership,Image,0.0939,52.4,3.8,193
P00729,Data Science,Video,0.3048,18.3,7.9,157
P00730,Design,Video,0.1127,50.8,7.4,308
P00731,Data Science,Text,0.1241,13.9,7.5,404
P00732,Machine Learning,Text,0.1468,28.8,8.6,434
P00733,Career,Text,0.5956,20.1,8.0,396
P00734,Machine Learning,Image,0.3833,15.8,4.2,670
P00735,Design,Job Opportunity,0.3623,33.4,8.2,737
P00736,Marketing,Video,0.2632,58.7,2.4,157
P00737,Finance,Text,0.5719,46.5,5.7,74
P00738,Software,Video,0.0428,7.6,2.5,192
P00739,Machine Learning,Video,0.2691,16.4,3.5,353
P00740,Machine Learning,Article,0.1612,21.8,11.4,217
P00741,Career,Text,0.3446,8.9,4.3,548
P00742,Machine Learning,Article,0.304,2.5,3.5,114
P00743,AI,Text,0.5446,29.1,9.3,1169
P00744,Machine Learning,Image,0.2017,100.4,3.2,619
P00745,Marketing,Text,0.4032,26.7,7.2,243
P00746,Finance,Video,0.5366,38.6,6.1,179
P00747,Data Science,Text,0.4497,8.6,5.0,292
P00748,Design,Article,0.1036,89.8,3.0,827
P00749,Data Science,Image,0.2821,72.9,13.4,240
P00750,Career,Video,0.4889,0.9,3.4,207
P00751,Machine Learning,Image,0.4381,0.8,11.8,329
P00752,Finance,Video,0.6272,14.6,7.5,121
P00753,Machine Learning,Image,0.1988,12.2,9.2,781
P00754,AI,Article,0.213,18.5,6.1,543
P00755,Leadership,Video,0.1992,6.0,13.7,682
P00756,Leadership,Text,0.1847,5.5,15.8,1001
P00757,Marketing,Image,0.4463,13.5,4.6,175
P00758,Finance,Video,0.41,34.5,3.5,334
P00759,Software,Article,0.1793,79.6,5.7,306
P00760,Career,Text,0.3214,54.0,4.5,1173
P00761,Machine Learning,Image,0.085,7.9,10.7,237
P00762,Finance,Text,0.0697,44.6,7.8,79
P00763,Design,Video,0.4503,2.5,2.2,229
P00764,Leadership,Image,0.8859,3.7,2.2,671
P00765,Career,Article,0.2149,35.6,6.3,506
P00766,Machine Learning,Video,0.224,41.8,10.6,306
P00767,AI,Job Opportunity,0.6094,27.8,3.1,244
P00768,Career,Article,0.2996,77.7,7.4,434
P00769,Marketing,Text,0.1484,85.8,8.6,520
P00770,Career,Video,0.4373,6.5,7.6,393
P00771,Career,Video,0.2848,15.0,1.8,250
P00772,Data Science,Image,0.31,36.5,4.1,322
P00773,AI,Video,0.5027,31.2,4.1,213
P00774,Design,Video,0.3783,19.0,8.6,755
P00775,Software,Text,0.3197,35.5,3.8,297
P00776,Machine Learning,Article,0.1751,9.9,2.3,156
P00777,Marketing,Video,0.1372,24.9,8.3,2013
P00778,AI,Article,0.2085,30.1,2.8,184
P00779,AI,Job Opportunity,0.4018,19.1,1.4,162
P00780,Leadership,Article,0.3607,111.7,4.0,126
P00781,AI,Article,0.5507,212.8,1.5,191
P00782,Marketing,Image,0.6438,2.0,1.2,600
P00783,Finance,Article,0.2904,2.2,0.6,93
P00784,AI,Text,0.1227,5.1,7.1,376
P00785,Design,Job Opportunity,0.1396,22.8,5.4,207
P00786,Machine Learning,Image,0.2386,4.4,17.6,173
P00787,Marketing,Article,0.4318,2.3,3.5,82
P00788,Machine Learning,Text,0.2745,1.9,12.7,319
P00789,Marketing,Video,0.1015,29.8,7.3,84
P00790,Machine Learning,Text,0.5346,37.1,3.7,264
P00791,Career,Article,0.3035,33.8,2.4,434
P00792,Finance,Article,0.7739,86.2,6.3,54
P00793,AI,Image,0.2035,44.2,2.7,575
P00794,AI,Text,0.4799,36.9,6.2,68
P00795,Finance,Image,0.4524,95.9,2.6,1412
P00796,Finance,Article,0.2594,56.8,2.1,283
P00797,Software,Video,0.1212,0.0,1.1,166
P00798,Marketing,Text,0.0957,17.9,5.9,389
P00799,Career,Text,0.4291,74.2,5.0,161
P00800,Leadership,Video,0.1993,8.1,2.0,47
P00801,Leadership,Article,0.2845,6.8,4.7,821
P00802,Design,Job Opportunity,0.804,39.2,1.6,250
P00803,Machine Learning,Image,0.1051,58.6,5.3,351
P00804,AI,Text,0.2145,18.0,4.8,289
P00805,Machine Learning,Video,0.4249,42.6,8.0,170
P00806,AI,Job Opportunity,0.4048,12.3,1.5,135
P00807,Software,Text,0.2904,26.8,0.6,592
P00808,Machine Learning,Text,0.0885,19.0,12.0,498
P00809,Design,Image,0.3222,19.1,6.6,319
P00810,Data Science,Article,0.5852,35.7,3.1,748
P00811,Machine Learning,Video,0.3536,24.9,11.4,311
P00812,Finance,Article,0.126,69.3,17.4,808
P00813,Data Science,Video,0.2302,79.8,6.9,1076
P00814,AI,Text,0.605,37.2,4.7,785
P00815,Design,Article,0.7063,82.7,1.9,459
P00816,Leadership,Job Opportunity,0.4289,4.3,3.9,147
P00817,Career,Text,0.3304,93.2,1.9,471
P00818,Design,Text,0.5085,15.8,6.8,226
P00819,Career,Video,0.2374,0.2,20.7,588
P00820,Software,Text,0.4673,18.4,7.3,1203
P00821,Leadership,Article,0.2174,31.2,11.4,307
P00822,AI,Video,0.1941,28.7,4.6,135
P00823,Data Science,Job Opportunity,0.0914,4.8,6.7,579
P00824,Leadership,Article,0.5273,34.1,4.2,328
P00825,Leadership,Job Opportunity,0.3091,24.2,1.4,1129
P00826,Leadership,Video,0.3914,17.8,0.8,345
P00827,Leadership,Article,0.5703,7.9,19.5,312
P00828,AI,Video,0.17,17.4,3.4,357
P00829,Marketing,Text,0.1466,35.8,4.7,423
P00830,Marketing,Image,0.6835,5.9,0.9,68
P00831,Machine Learning,Video,0.3196,32.1,4.2,173
P00832,Software,Article,0.38,39.6,8.3,801
P00833,Finance,Article,0.3974,14.1,7.8,196
P00834,Marketing,Text,0.0849,38.8,5.4,323
P00835,Career,Text,0.4894,21.7,8.7,275
P00836,Leadership,Job Opportunity,0.5119,8.0,3.4,191
P00837,Design,Image,0.2329,26.0,11.7,290
P00838,Software,Image,0.3239,12.9,24.6,146
P00839,Data Science,Text,0.435,44.4,10.5,101
P00840,Software,Article,0.3562,62.7,4.7,389
P00841,Design,Image,0.4977,1.0,2.9,1199
P00842,Marketing,Article,0.349,23.6,1.9,600
P00843,Finance,Article,0.2537,1.1,5.2,611
P00844,Marketing,Text,0.2836,13.0,1.9,768
P00845,Software,Job Opportunity,0.386,1.3,6.2,389
P00846,Career,Image,0.3512,7.3,4.8,337
P00847,Marketing,Article,0.293,105.7,2.8,166
P00848,Finance,Job Opportunity,0.5404,17.4,5.6,621
P00849,Leadership,Image,0.0675,16.2,6.0,412
P00850,Career,Video,0.2846,19.2,7.3,190
P00851,Data Science,Article,0.2796,5.1,5.0,257
P00852,Leadership,Text,0.3743,45.9,6.9,134
P00853,Career,Text,0.2175,10.0,11.0,503
P00854,Marketing,Video,0.2161,101.7,2.1,1137
P00855,Machine Learning,Video,0.2585,14.2,2.0,134
P00856,Machine Learning,Text,0.2694,8.2,8.5,762
P00857,AI,Text,0.3827,20.1,3.4,869
P00858,Software,Text,0.2523,11.2,11.3,130
P00859,Machine Learning,Image,0.3434,6.9,9.6,63
P00860,Marketing,Article,0.2781,65.8,11.5,347
P00861,Design,Video,0.7168,16.4,1.4,287
P00862,AI,Job Opportunity,0.2439,55.9,4.9,277
P00863,Software,Image,0.2887,3.0,7.0,813
P00864,AI,Text,0.2093,5.6,2.3,249
P00865,AI,Image,0.0784,30.4,4.7,2288
P00866,AI,Job Opportunity,0.0727,3.4,6.4,97
P00867,Marketing,Image,0.3232,0.3,3.0,165
P00868,Design,Article,0.2353,6.9,2.3,164
P00869,Leadership,Article,0.5854,55.8,4.0,284
P00870,Leadership,Article,0.1751,62.5,11.8,1029
P00871,Machine Learning,Article,0.4008,39.1,7.3,135
P00872,Career,Video,0.2814,0.9,5.9,160
P00873,Marketing,Text,0.1939,15.3,9.2,199
P00874,Design,Video,0.2318,69.6,5.0,307
P00875,Data Science,Video,0.5349,47.8,3.6,376
P00876,Leadership,Text,0.2233,61.8,2.4,242
P00877,Finance,Article,0.7657,5.4,4.4,118
P00878,Finance,Text,0.5338,90.6,8.1,306
P00879,AI,Article,0.4109,2.4,0.5,1040
P00880,Finance,Job Opportunity,0.7069,20.8,3.6,687
P00881,Machine Learning,Text,0.6399,24.4,4.6,229
P00882,Leadership,Article,0.1759,2.1,3.6,350
P00883,Leadership,Article,0.4389,60.4,9.4,492
P00884,Career,Video,0.1186,42.7,7.0,670
P00885,Finance,Video,0.1425,24.2,3.7,1127
P00886,Career,Job Opportunity,0.1769,79.3,8.9,409
P00887,Design,Text,0.144,29.3,1.6,129
P00888,Finance,Article,0.1145,19.9,7.1,97
P00889,Design,Image,0.2187,50.4,2.7,535
P00890,Leadership,Text,0.3632,9.6,7.5,104
P00891,Software,Text,0.4816,25.3,6.1,634
P00892,Finance,Job Opportunity,0.1794,24.2,6.2,205
P00893,AI,Video,0.2108,19.6,6.4,125
P00894,Data Science,Text,0.4944,1.3,4.6,498
P00895,Data Science,Job Opportunity,0.3736,19.4,6.1,146
P00896,Software,Text,0.2564,3.0,2.0,482
P00897,Data Science,Article,0.1123,61.8,4.7,382
P00898,AI,Article,0.184,11.1,1.9,72
P00899,Finance,Article,0.2499,2.5,13.8,1025
P00900,Machine Learning,Text,0.1176,7.0,2.7,930
P00901,Software,Image,0.3678,27.0,12.4,707
P00902,Leadership,Job Opportunity,0.0558,55.8,9.8,719
P00903,Career,Video,0.0604,19.6,4.0,184
P00904,Machine Learning,Job Opportunity,0.7539,2.6,3.1,835
P00905,Marketing,Text,0.3421,0.5,4.3,606
P00906,Design,Text,0.2994,19.4,16.5,62
P00907,Marketing,Article,0.6772,35.1,3.8,153
P00908,AI,Text,0.3682,9.1,11.0,180
P00909,Leadership,Text,0.2403,4.8,12.3,1077
P00910,AI,Article,0.6489,20.8,3.3,153
P00911,Marketing,Job Opportunity,0.6597,2.5,4.6,207
P00912,Finance,Article,0.483,60.0,1.3,118
P00913,Finance,Image,0.4708,87.3,5.9,225
P00914,Software,Article,0.3937,31.0,5.9,756
P00915,Career,Text,0.3192,0.3,4.9,106
P00916,AI,Video,0.398,28.0,4.4,482
P00917,Design,Article,0.4928,21.7,8.4,164
P00918,AI,Article,0.3703,11.9,9.9,1490
P00919,Software,Video,0.3668,63.5,9.0,362
P00920,Finance,Video,0.0264,14.8,5.0,309
P00921,Finance,Text,0.2619,9.8,7.8,208
P00922,Software,Text,0.5749,1.7,5.2,392
P00923,Software,Article,0.09,46.9,4.2,102
P00924,Marketing,Text,0.3724,61.0,5.5,357
P00925,AI,Job Opportunity,0.1805,6.2,3.8,207
P00926,Machine Learning,Article,0.2899,22.6,2.5,200
P00927,Data Science,Text,0.2732,35.1,11.4,1716
P00928,AI,Video,0.3292,6.2,8.5,1016
P00929,AI,Image,0.3675,25.0,2.7,1062
P00930,AI,Article,0.2378,8.7,2.9,652
P00931,Career,Video,0.3289,0.7,6.1,458
P00932,Machine Learning,Video,0.4451,7.1,5.2,1069
P00933,Machine Learning,Article,0.0999,85.0,3.5,429
P00934,Career,Article,0.5765,132.6,4.0,542
P00935,Data Science,Image,0.3472,35.8,3.2,1002
P00936,Finance,Text,0.5303,56.8,6.4,635
P00937,Marketing,Article,0.4256,14.8,9.5,471
P00938,Marketing,Video,0.4627,26.1,5.4,624
P00939,Data Science,Text,0.0685,19.6,4.5,361
P00940,Career,Article,0.4898,10.7,2.4,496
P00941,Software,Text,0.2246,23.5,1.6,536
P00942,Machine Learning,Text,0.4401,16.8,2.0,123
P00943,Finance,Video,0.1315,42.7,6.4,183
P00944,Career,Text,0.2217,40.9,6.5,591
P00945,Design,Article,0.5137,16.1,1.2,367
P00946,Leadership,Video,0.2151,20.4,1.9,326
P00947,AI,Video,0.5264,29.4,3.7,418
P00948,Leadership,Text,0.4335,7.3,3.9,68
P00949,Machine Learning,Article,0.1621,26.6,18.7,288
P00950,Career,Article,0.2976,23.6,0.9,290
P00951,Machine Learning,Job Opportunity,0.563,43.4,4.3,381
P00952,Machine Learning,Article,0.0939,32.4,1.7,655
P00953,Finance,Text,0.522,21.3,6.2,247
P00954,Finance,Video,0.415,9.5,3.4,968
P00955,Data Science,Image,0.7812,11.3,3.8,152
P00956,Finance,Job Opportunity,0.2786,7.0,0.4,575
P00957,Leadership,Text,0.2074,5.3,8.1,218
P00958,Marketing,Job Opportunity,0.65,12.1,17.0,841
P00959,Leadership,Article,0.3144,27.0,4.8,394
P00960,Software,Image,0.4612,0.5,5.4,126
P00961,Marketing,Text,0.1509,23.0,8.7,359
P00962,Machine Learning,Job Opportunity,0.7918,95.1,5.1,455
P00963,Software,Job Opportunity,0.2058,94.2,5.0,396
P00964,Design,Image,0.497,26.1,8.0,430
P00965,AI,Video,0.3366,20.3,1.0,276
P00966,Finance,Article,0.3029,39.2,6.1,211
P00967,Finance,Text,0.4719,3.1,3.3,89
P00968,Software,Article,0.0914,25.2,11.2,527
P00969,AI,Video,0.6549,8.8,6.1,496
P00970,Machine Learning,Article,0.1284,20.9,3.3,1522
P00971,Leadership,Text,0.6932,13.8,7.2,320
P00972,Marketing,Article,0.1486,9.6,8.7,412
P00973,Marketing,Image,0.4633,105.9,5.2,373
P00974,Machine Learning,Text,0.5561,2.7,12.3,661
P00975,Finance,Text,0.4017,81.5,10.7,219
P00976,Machine Learning,Article,0.4568,39.8,5.9,373
P00977,Software,Text,0.2665,8.9,3.6,338
P00978,Design,Text,0.3075,28.9,1.1,599
P00979,Finance,Article,0.4905,45.5,4.2,1954
P00980,AI,Video,0.209,17.6,3.4,430
P00981,Marketing,Text,0.3237,62.5,5.9,104
P00982,Machine Learning,Job Opportunity,0.1915,4.4,4.8,129
P00983,AI,Article,0.115,11.9,5.2,768
P00984,Leadership,Text,0.1568,9.3,5.9,87
P00985,Marketing,Job Opportunity,0.12,54.0,10.0,425
P00986,Machine Learning,Job Opportunity,0.4452,5.1,3.7,184
P00987,Leadership,Text,0.4325,35.2,3.9,2859
P00988,Machine Learning,Article,0.213,42.1,7.9,125
P00989,Finance,Text,0.3688,19.5,12.7,195
P00990,Marketing,Video,0.4631,79.8,6.7,617
P00991,Machine Learning,Text,0.3983,9.7,18.6,274
P00992,Leadership,Article,0.1398,15.4,5.0,186
P00993,Finance,Text,0.6668,38.1,7.0,153
P00994,Data Science,Article,0.0172,24.7,3.8,195
P00995,Leadership,Job Opportunity,0.3887,28.1,21.5,160
P00996,Career,Article,0.5296,11.4,8.9,327
P00997,Finance,Job Opportunity,0.2196,3.3,6.4,1541
P00998,Career,Text,0.3521,0.8,22.3,1720
P00999,AI,Job Opportunity,0.1592,1.8,3.5,1696
P01000,Marketing,Image,0.2085,14.9,0.8,298
P01001,Software,Article,0.6253,9.1,2.7,586
P01002,Marketing,Article,0.4813,3.5,3.3,366
P01003,Marketing,Article,0.3172,20.2,6.7,171
P01004,Career,Video,0.1523,16.0,8.6,78
P01005,Marketing,Article,0.2875,2.1,1.7,81
P01006,AI,Video,0.3608,68.5,7.3,374
P01007,Design,Job Opportunity,0.2372,40.1,0.9,111
P01008,Finance,Text,0.3236,25.1,2.3,175
P01009,Machine Learning,Video,0.0169,16.1,9.5,444
P01010,Machine Learning,Job Opportunity,0.3075,27.4,12.7,51
P01011,AI,Image,0.3081,5.5,9.6,1069
P01012,Machine Learning,Article,0.5464,9.8,4.2,345
P01013,Software,Text,0.2291,84.1,3.0,244
P01014,Design,Text,0.459,0.9,10.4,198
P01015,Career,Text,0.4936,61.8,2.7,482
P01016,AI,Text,0.4504,37.9,7.3,153
P01017,Data Science,Job Opportunity,0.3916,11.0,3.6,950
P01018,Software,Text,0.358,60.5,6.9,661
P01019,Finance,Text,0.4635,43.4,1.6,185
P01020,Machine Learning,Article,0.2823,51.1,13.3,282
P01021,Software,Job Opportunity,0.3752,28.7,1.8,872
P01022,Marketing,Article,0.2562,14.9,2.5,457
P01023,Finance,Article,0.5688,32.1,5.9,276
P01024,Career,Video,0.513,63.7,12.0,182
P01025,Design,Text,0.1719,6.5,2.2,302
P01026,Data Science,Text,0.3624,41.5,4.2,237
P01027,Career,Video,0.4529,21.1,5.1,423
P01028,Career,Video,0.5911,12.2,9.7,257
P01029,Data Science,Article,0.5195,1.8,2.0,152
P01030,Data Science,Text,0.3769,3.5,7.9,795
P01031,Marketing,Video,0.1508,130.6,11.2,510
P01032,Design,Text,0.3722,42.6,6.2,149
P01033,Leadership,Job Opportunity,0.3488,21.4,1.4,206
P01034,Career,Article,0.329,11.7,8.3,583
P01035,Career,Text,0.5533,31.7,11.7,169
P01036,Machine Learning,Video,0.4827,108.8,4.2,288
P01037,Machine Learning,Text,0.5038,47.9,1.7,262
P01038,Career,Article,0.6001,1.0,6.4,185
P01039,Finance,Text,0.3819,0.6,5.0,141
P01040,Machine Learning,Job Opportunity,0.3649,43.0,2.1,316
P01041,Software,Text,0.4289,2.8,8.1,157
P01042,Finance,Article,0.0788,10.5,6.5,205
P01043,Marketing,Article,0.366,33.1,4.9,652
P01044,Machine Learning,Text,0.2446,2.7,4.5,186
P01045,Software,Article,0.4679,24.3,6.4,476
P01046,Data Science,Image,0.5737,9.0,2.3,710
P01047,Machine Learning,Job Opportunity,0.3799,5.5,9.7,303
P01048,Design,Job Opportunity,0.066,89.0,11.2,497
P01049,AI,Text,0.8203,12.6,4.5,166
P01050,Leadership,Text,0.3426,60.1,4.0,598
P01051,Software,Text,0.5217,0.2,2.8,553
P01052,Finance,Article,0.5735,23.7,1.8,1058
P01053,Software,Video,0.7754,82.9,3.6,843
P01054,Design,Article,0.4097,72.1,5.5,408
P01055,Design,Article,0.7234,23.8,8.3,3006
P01056,Data Science,Image,0.3441,69.9,2.0,670
P01057,AI,Image,0.0614,8.1,4.7,914
P01058,Machine Learning,Job Opportunity,0.4898,62.6,4.9,228
P01059,Leadership,Text,0.787,37.5,7.1,246
P01060,Career,Job Opportunity,0.0532,6.2,3.3,350
P01061,AI,Text,0.1958,47.6,12.2,148
P01062,AI,Article,0.7067,5.6,9.4,340
P01063,Finance,Text,0.6797,6.8,5.8,320
P01064,Career,Video,0.1647,53.9,11.4,793
P01065,Leadership,Text,0.5649,14.2,7.4,840
P01066,AI,Image,0.458,30.3,10.5,364
P01067,Design,Text,0.2987,0.4,8.9,245
P01068,Software,Job Opportunity,0.4075,32.1,6.8,1384
P01069,Software,Article,0.3243,24.4,6.9,98
P01070,Data Science,Video,0.3685,47.3,6.0,95
P01071,Leadership,Job Opportunity,0.226,9.5,19.1,485
P01072,Software,Video,0.3724,46.6,9.8,312
P01073,Marketing,Job Opportunity,0.5669,45.3,5.6,258
P01074,Software,Video,0.1345,17.7,11.9,76
P01075,Machine Learning,Article,0.231,22.3,3.3,164
P01076,AI,Video,0.1278,35.0,6.2,1077
P01077,Data Science,Video,0.3216,19.1,3.4,940
P01078,AI,Article,0.1638,11.6,5.3,622
P01079,Marketing,Text,0.0901,8.5,4.1,172
P01080,Leadership,Article,0.1633,33.6,5.6,253
P01081,Marketing,Text,0.533,53.4,3.3,239
P01082,Finance,Job Opportunity,0.6231,22.0,6.3,192
P01083,Machine Learning,Job Opportunity,0.3104,24.2,1.9,214
P01084,Machine Learning,Video,0.4993,56.9,4.4,305
P01085,Machine Learning,Text,0.0769,62.0,3.6,101
P01086,AI,Text,0.2133,0.8,0.4,850
P01087,Marketing,Article,0.527,15.9,10.2,296
P01088,Software,Text,0.177,77.8,14.4,221
P01089,Marketing,Image,0.3559,88.1,7.1,94
P01090,Data Science,Text,0.2683,62.5,5.2,618
P01091,Software,Text,0.3984,22.4,3.6,143
P01092,Finance,Article,0.1899,23.6,6.1,486
P01093,Data Science,Job Opportunity,0.1696,6.3,8.3,163
P01094,AI,Text,0.3802,17.3,9.9,362
P01095,AI,Text,0.4555,10.2,8.4,118
P01096,Design,Text,0.6027,38.2,3.2,288
P01097,AI,Text,0.2141,8.4,3.9,310
P01098,Software,Video,0.2632,6.5,2.4,376
P01099,Data Science,Video,0.4055,12.4,3.0,670
P01100,Data Science,Video,0.6813,94.5,8.2,499
P01101,Leadership,Article,0.3288,28.0,5.1,1153
P01102,Leadership,Job Opportunity,0.4004,47.7,8.4,105
P01103,Marketing,Video,0.366,23.1,9.3,1760
P01104,Software,Job Opportunity,0.1617,31.0,5.7,701
P01105,Design,Article,0.2465,25.9,8.7,232
P01106,AI,Job Opportunity,0.4966,11.1,4.5,729
P01107,Software,Video,0.4089,17.8,5.8,1357
P01108,Data Science,Text,0.5082,15.4,1.8,804
P01109,Data Science,Article,0.6279,46.1,4.3,150
P01110,Finance,Text,0.3755,39.2,3.0,341
P01111,AI,Image,0.2722,96.6,1.5,604
P01112,Career,Text,0.239,19.5,6.6,322
P01113,Machine Learning,Video,0.6665,6.8,4.8,470
P01114,Data Science,Image,0.2265,56.1,4.0,497
P01115,Marketing,Image,0.2389,31.8,4.1,150
P01116,Design,Text,0.6021,96.9,2.0,904
P01117,Marketing,Job Opportunity,0.3489,89.1,7.7,355
P01118,Finance,Text,0.4876,6.2,7.6,319
P01119,Software,Image,0.433,10.6,3.2,161
P01120,Leadership,Text,0.1262,1.7,2.3,272
P01121,Marketing,Article,0.2908,31.8,6.6,699
P01122,AI,Text,0.1713,53.0,12.6,400
P01123,Data Science,Image,0.2124,16.4,5.4,582
P01124,Design,Video,0.2135,20.8,8.3,321
P01125,Career,Article,0.1473,75.1,3.8,354
P01126,Machine Learning,Article,0.6801,17.0,6.0,89
P01127,Leadership,Video,0.3414,1.4,0.9,452
P01128,Software,Article,0.6116,106.5,3.6,283
P01129,Leadership,Article,0.3107,0.4,2.2,426
P01130,Finance,Image,0.5847,119.5,16.1,59
P01131,Software,Text,0.074,59.2,5.1,2506
P01132,Design,Article,0.0915,10.1,21.1,350
P01133,Software,Text,0.3254,1.3,5.1,478
P01134,Data Science,Video,0.3728,30.0,6.6,450
P01135,Design,Video,0.5365,0.1,4.7,257
P01136,Machine Learning,Article,0.3521,8.8,4.0,463
P01137,Machine Learning,Text,0.3281,30.0,6.4,854
P01138,Design,Text,0.3257,25.9,8.0,381
P01139,Finance,Text,0.349,69.0,2.7,656
P01140,Career,Article,0.0987,46.0,3.9,611
P01141,AI,Text,0.4942,18.0,1.7,581
P01142,Marketing,Video,0.5936,23.7,1.2,1452
P01143,AI,Article,0.2122,11.6,8.0,438
P01144,Data Science,Job Opportunity,0.3936,16.5,7.5,311
P01145,Machine Learning,Job Opportunity,0.206,55.4,4.5,319
P01146,Data Science,Text,0.3417,66.6,7.5,458
P01147,Data Science,Video,0.4425,19.7,8.3,112
P01148,Design,Video,0.4864,1.1,10.1,1012
P01149,Marketing,Article,0.6717,4.9,0.9,272
P01150,AI,Text,0.3575,24.1,5.2,307
P01151,Finance,Job Opportunity,0.2604,2.6,2.2,116
P01152,Leadership,Article,0.3435,40.2,3.0,361
P01153,Finance,Video,0.3475,19.3,2.8,112
P01154,Marketing,Video,0.3005,51.3,6.2,86
P01155,Finance,Article,0.3368,4.3,3.5,184
P01156,Design,Text,0.0876,49.3,0.9,271
P01157,Marketing,Job Opportunity,0.1501,7.6,6.9,166
P01158,Marketing,Article,0.292,4.1,2.2,415
P01159,Design,Article,0.2168,23.7,2.3,881
P01160,Software,Text,0.6548,57.9,22.9,393
P01161,Leadership,Image,0.3978,0.1,11.7,56
P01162,Career,Video,0.4853,113.5,3.5,325
P01163,Data Science,Text,0.2758,4.3,2.5,526
P01164,Design,Image,0.3714,50.6,7.8,246
P01165,Software,Job Opportunity,0.4839,18.3,25.0,425
P01166,Design,Article,0.4387,140.0,13.4,408
P01167,AI,Image,0.018,53.4,8.3,137
P01168,Software,Text,0.1486,14.6,13.4,866
P01169,Software,Article,0.5231,43.4,7.2,262
P01170,Data Science,Text,0.5986,22.1,12.8,254
P01171,Data Science,Text,0.2295,20.1,3.1,474
P01172,Leadership,Job Opportunity,0.5567,19.3,9.9,91
P01173,Data Science,Text,0.2227,36.8,4.9,909
P01174,Marketing,Video,0.2438,62.5,8.1,151
P01175,Machine Learning,Article,0.054,8.4,13.8,1404
P01176,AI,Article,0.7023,12.3,4.2,813
P01177,Data Science,Job Opportunity,0.2079,4.9,3.0,147
P01178,Machine Learning,Image,0.1462,25.4,10.5,431
P01179,AI,Text,0.1776,16.2,6.2,154
P01180,AI,Article,0.1962,20.1,6.5,138
P01181,Software,Article,0.2224,40.8,2.9,45
P01182,Machine Learning,Job Opportunity,0.5804,10.5,7.8,549
P01183,Machine Learning,Article,0.3296,7.0,9.3,229
P01184,Software,Article,0.2364,1.8,3.5,619
P01185,Software,Video,0.4745,31.9,4.9,396
P01186,Design,Job Opportunity,0.3683,113.7,3.5,125
P01187,Marketing,Article,0.5054,45.4,7.3,647
P01188,Leadership,Image,0.6728,34.0,11.6,500
P01189,Leadership,Text,0.1441,22.8,0.2,225
P01190,AI,Video,0.1111,27.8,3.8,721
P01191,Finance,Article,0.2205,20.3,15.9,266
P01192,Marketing,Job Opportunity,0.2134,0.8,4.6,176
P01193,Design,Video,0.4868,8.4,6.2,284
P01194,Data Science,Job Opportunity,0.3897,53.1,21.5,246
P01195,Software,Text,0.3793,99.2,14.8,101
P01196,Leadership,Job Opportunity,0.1144,79.8,7.6,40
P01197,Machine Learning,Text,0.1022,6.3,4.7,1233
P01198,Career,Text,0.4185,117.7,9.1,817
P01199,Data Science,Article,0.346,25.4,3.5,1078
P01200,AI,Image,0.1686,5.4,3.7,680
P01201,Data Science,Text,0.3264,23.0,2.2,237
P01202,Design,Video,0.1754,25.7,3.2,287
P01203,Data Science,Video,0.0645,14.6,4.7,202
P01204,AI,Image,0.2066,13.4,7.2,509
P01205,Data Science,Video,0.2896,12.0,7.7,482
P01206,Leadership,Video,0.3385,0.4,4.3,251
P01207,AI,Text,0.4371,45.1,6.3,469
P01208,Design,Video,0.175,32.7,12.2,836
P01209,Leadership,Text,0.47,28.2,8.8,330
P01210,Leadership,Image,0.3728,15.7,2.9,130
P01211,Leadership,Image,0.4939,1.8,5.3,476
P01212,Machine Learning,Text,0.5353,41.0,11.2,124
P01213,Career,Article,0.0918,18.0,3.3,173
P01214,Machine Learning,Text,0.4814,2.8,2.8,412
P01215,Machine Learning,Image,0.4803,99.7,3.5,542
P01216,AI,Job Opportunity,0.3123,49.9,4.8,356
P01217,Machine Learning,Text,0.4531,50.4,2.9,147
P01218,Machine Learning,Job Opportunity,0.6155,3.5,3.6,3066
P01219,Career,Text,0.3291,27.7,12.5,218
P01220,AI,Job Opportunity,0.2591,13.2,11.4,475
P01221,Marketing,Job Opportunity,0.3274,57.9,0.8,207
P01222,AI,Text,0.4316,7.3,1.4,156
P01223,Design,Job Opportunity,0.3286,45.1,8.8,344
P01224,Marketing,Text,0.3172,132.6,3.4,232
P01225,Finance,Text,0.216,12.7,2.7,356
P01226,AI,Image,0.3044,19.9,6.8,195
P01227,Career,Article,0.1084,66.5,8.1,368
P01228,Data Science,Article,0.2891,38.4,8.7,181
P01229,Machine Learning,Article,0.3496,40.4,8.3,781
P01230,Leadership,Video,0.4557,55.9,7.1,419
P01231,Design,Video,0.4557,10.0,4.5,299
P01232,AI,Image,0.333,65.1,9.7,326
P01233,Machine Learning,Job Opportunity,0.0342,48.3,9.3,244
P01234,Marketing,Job Opportunity,0.2284,8.3,10.5,363
P01235,AI,Video,0.557,38.9,2.8,1095
P01236,Leadership,Job Opportunity,0.1359,22.9,2.7,209
P01237,Marketing,Text,0.46,23.9,22.0,376
P01238,Finance,Video,0.369,2.1,10.5,179
P01239,Software,Article,0.072,13.5,3.5,45
P01240,Finance,Article,0.0567,6.7,4.4,539
P01241,AI,Article,0.5805,43.9,8.2,783
P01242,Leadership,Article,0.1801,30.2,8.9,468
P01243,Marketing,Job Opportunity,0.1975,62.6,1.2,2138
P01244,Finance,Text,0.2282,52.2,6.7,248
P01245,Career,Job Opportunity,0.3225,19.8,9.3,161
P01246,Finance,Text,0.2948,61.6,3.6,852
P01247,Data Science,Video,0.3715,8.5,1.2,895
P01248,Career,Text,0.3482,17.8,8.5,795
P01249,Design,Job Opportunity,0.6716,23.8,1.9,139
P01250,Career,Article,0.2461,54.4,11.8,189
P01251,Finance,Video,0.333,32.4,2.5,89
P01252,Data Science,Job Opportunity,0.6023,7.6,6.2,1601
P01253,Machine Learning,Image,0.4683,14.8,1.3,158
P01254,Data Science,Image,0.3059,0.7,6.1,126
P01255,Career,Text,0.2336,62.8,5.3,304
P01256,Career,Text,0.4556,41.2,4.4,363
P01257,Machine Learning,Article,0.5415,29.8,3.6,563
P01258,Finance,Text,0.6815,18.7,4.5,298
P01259,Leadership,Article,0.1162,44.0,3.7,192
P01260,Leadership,Image,0.1139,57.3,8.1,241
P01261,Career,Job Opportunity,0.3892,9.0,6.3,204
P01262,AI,Video,0.4585,72.1,5.9,1007
P01263,Finance,Image,0.7498,20.1,6.1,329
P01264,AI,Text,0.6026,30.3,4.0,549
P01265,Leadership,Article,0.3479,14.8,6.9,279
P01266,Finance,Video,0.3153,32.5,9.3,77
P01267,Data Science,Text,0.2102,235.4,7.5,1230
P01268,Career,Text,0.6309,21.6,9.2,526
P01269,Career,Job Opportunity,0.3525,3.4,8.0,450
P01270,Software,Text,0.2684,8.0,6.8,61
P01271,Career,Text,0.3445,28.2,2.2,296
P01272,Design,Article,0.2258,25.2,3.2,1134
P01273,AI,Video,0.1864,7.8,1.3,931
P01274,Leadership,Article,0.4554,2.5,9.3,278
P01275,Machine Learning,Video,0.4102,8.3,2.2,876
P01276,Career,Text,0.2812,3.6,2.9,1160
P01277,Leadership,Image,0.434,4.5,4.2,292
P01278,Career,Job Opportunity,0.1725,3.1,4.2,948
P01279,Marketing,Article,0.2962,110.6,4.7,915
P01280,Software,Image,0.2839,76.4,9.5,646
P01281,Leadership,Article,0.2219,3.7,6.7,698
P01282,Software,Article,0.1813,61.8,7.7,164
P01283,AI,Text,0.3535,78.2,2.7,619
P01284,Machine Learning,Text,0.384,20.7,7.8,299
P01285,Career,Job Opportunity,0.4141,124.2,2.6,160
P01286,Data Science,Image,0.5213,6.9,4.6,1115
P01287,Machine Learning,Job Opportunity,0.1622,10.6,3.5,301
P01288,AI,Article,0.528,47.4,3.6,398
P01289,AI,Video,0.4486,26.9,18.7,370
P01290,Leadership,Video,0.1755,50.8,3.8,95
P01291,Machine Learning,Article,0.5161,66.6,1.1,261
P01292,Career,Image,0.6028,2.9,9.1,613
P01293,Marketing,Job Opportunity,0.2399,21.5,4.9,334
P01294,Machine Learning,Job Opportunity,0.4521,100.4,7.5,249
P01295,Design,Job Opportunity,0.5017,28.0,2.9,431
P01296,Finance,Article,0.5077,3.9,4.7,780
P01297,Data Science,Job Opportunity,0.6146,1.5,5.2,89
P01298,Leadership,Job Opportunity,0.5694,14.8,5.2,304
P01299,Marketing,Video,0.41,9.8,4.9,335
P01300,Leadership,Article,0.7138,34.2,8.7,1360
P01301,Marketing,Text,0.6651,28.9,9.6,867
P01302,Design,Article,0.624,156.3,2.8,109
P01303,Data Science,Article,0.4199,11.8,9.2,965
P01304,Machine Learning,Job Opportunity,0.7129,17.4,3.1,293
P01305,Machine Learning,Job Opportunity,0.1168,7.9,7.2,91
P01306,Software,Job Opportunity,0.1934,66.6,1.0,113
P01307,Leadership,Text,0.2664,6.8,8.8,985
P01308,Career,Video,0.1287,49.5,6.8,475
P01309,Software,Text,0.2494,31.4,3.2,150
P01310,AI,Text,0.4295,5.3,5.5,1172
P01311,Leadership,Text,0.0273,17.2,4.9,583
P01312,Career,Job Opportunity,0.2869,43.0,5.9,269
P01313,AI,Image,0.8123,55.5,6.0,420
P01314,Machine Learning,Image,0.2798,22.3,4.9,164
P01315,Data Science,Article,0.4027,12.6,12.8,1635
P01316,Finance,Text,0.7428,47.4,3.9,128
P01317,AI,Video,0.3908,24.8,7.1,118
P01318,Marketing,Video,0.1629,6.2,6.5,386
P01319,Finance,Job Opportunity,0.6774,23.7,4.1,3310
P01320,Leadership,Article,0.3811,107.9,11.8,107
P01321,Design,Article,0.1345,34.5,2.7,634
P01322,Machine Learning,Job Opportunity,0.3623,13.5,8.0,349
P01323,Finance,Text,0.0965,58.6,7.1,455
P01324,Career,Text,0.0657,23.9,6.7,824
P01325,AI,Job Opportunity,0.4254,4.7,5.5,191
P01326,Career,Image,0.1777,53.9,9.2,269
P01327,Data Science,Image,0.6586,15.7,2.1,190
P01328,Career,Article,0.3632,42.1,3.2,1014
P01329,Marketing,Video,0.25,13.8,6.9,914
P01330,Design,Text,0.5963,21.5,3.3,134
P01331,Machine Learning,Video,0.1751,8.0,2.9,448
P01332,Career,Video,0.2957,23.0,11.0,764
P01333,Marketing,Article,0.4837,89.3,11.3,93
P01334,Leadership,Text,0.5139,58.3,7.1,1003
P01335,Leadership,Text,0.6473,22.6,3.4,314
P01336,Marketing,Text,0.5997,13.1,3.9,230
P01337,Finance,Article,0.1685,20.7,6.1,1010
P01338,Career,Job Opportunity,0.2365,41.8,4.7,816
P01339,Finance,Text,0.2594,8.6,8.2,111
P01340,Design,Text,0.9444,8.2,2.4,588
P01341,Leadership,Video,0.2306,78.3,2.5,569
P01342,Marketing,Video,0.1114,30.6,4.9,58
P01343,Marketing,Text,0.6229,24.8,11.4,517
P01344,Software,Article,0.4908,86.3,7.0,238
P01345,Leadership,Article,0.1673,1.9,5.8,815
P01346,Software,Article,0.0803,35.9,5.8,167
P01347,Marketing,Article,0.3049,18.5,11.1,364
P01348,Career,Video,0.383,7.9,14.5,215
P01349,Finance,Text,0.8303,21.3,2.4,199
P01350,Design,Article,0.3496,83.1,6.2,57
P01351,Machine Learning,Video,0.1983,13.2,6.6,775
P01352,Machine Learning,Article,0.3301,24.8,4.0,836
P01353,Software,Job Opportunity,0.2901,58.9,3.1,350
P01354,Design,Video,0.5027,120.9,1.2,444
P01355,Finance,Video,0.4652,128.3,5.5,184
P01356,Software,Text,0.2976,26.5,14.0,780
P01357,Design,Text,0.2162,1.3,9.2,402
P01358,Data Science,Text,0.4978,25.1,5.6,347
P01359,Software,Job Opportunity,0.1523,58.1,6.9,1072
P01360,Design,Article,0.1895,7.0,5.4,117
P01361,Machine Learning,Text,0.0698,111.4,5.4,70
P01362,Design,Image,0.4839,31.3,9.2,471
P01363,AI,Text,0.4982,21.0,5.7,279
P01364,Marketing,Video,0.4048,11.7,2.3,133
P01365,Marketing,Job Opportunity,0.4237,28.1,2.7,379
P01366,Design,Text,0.2371,26.6,4.1,442
P01367,Design,Article,0.3155,5.8,6.7,667
P01368,Career,Job Opportunity,0.1053,4.5,2.9,137
P01369,Design,Article,0.6901,3.8,1.2,238
P01370,Career,Image,0.3149,8.6,4.3,420
P01371,Finance,Article,0.8685,163.7,7.4,802
P01372,Career,Article,0.37,1.9,9.7,684
P01373,Leadership,Text,0.3019,44.3,3.1,223
P01374,Data Science,Job Opportunity,0.2743,28.6,4.9,500
P01375,Career,Article,0.0928,50.5,2.5,218
P01376,AI,Text,0.0362,16.8,3.8,237
P01377,AI,Text,0.3591,27.0,1.4,257
P01378,Machine Learning,Article,0.4016,101.9,2.0,198
P01379,Finance,Article,0.4675,15.8,1.9,595
P01380,AI,Job Opportunity,0.4003,15.8,10.0,696
P01381,Software,Video,0.654,44.6,2.9,240
P01382,Software,Text,0.3258,23.1,8.3,380
P01383,Software,Article,0.3078,9.7,2.0,243
P01384,AI,Article,0.3769,45.0,5.1,156
P01385,Software,Text,0.5055,53.7,6.3,138
P01386,Software,Text,0.6762,11.4,7.1,1338
P01387,Leadership,Job Opportunity,0.1387,27.3,1.1,182
P01388,Marketing,Article,0.122,5.0,7.2,549
P01389,Software,Text,0.0979,61.8,7.9,451
P01390,Machine Learning,Video,0.4835,33.2,0.5,127
P01391,Finance,Text,0.203,45.1,2.6,464
P01392,Software,Image,0.4188,16.6,7.5,418
P01393,Leadership,Video,0.1777,5.4,13.6,324
P01394,Software,Article,0.5921,14.0,7.4,233
P01395,Design,Job Opportunity,0.4923,5.1,0.7,330
P01396,AI,Text,0.3944,0.2,7.1,482
P01397,Career,Article,0.4882,62.2,2.0,166
P01398,Leadership,Video,0.2544,76.6,6.3,1043
P01399,Leadership,Image,0.6153,51.4,7.5,572
P01400,Design,Article,0.4352,4.9,6.2,48
P01401,Finance,Text,0.6326,27.0,8.8,276
P01402,Leadership,Job Opportunity,0.1256,43.6,3.0,1815
P01403,Finance,Video,0.2482,31.6,7.7,440
P01404,Leadership,Text,0.1985,21.7,4.1,185
P01405,Finance,Text,0.2138,0.1,7.6,551
P01406,Design,Video,0.0605,16.1,2.3,61
P01407,Software,Video,0.5107,15.4,3.2,410
P01408,Leadership,Article,0.1546,5.2,8.4,221
P01409,Machine Learning,Text,0.2965,44.3,5.0,342
P01410,AI,Text,0.5033,23.4,2.9,114
P01411,Leadership,Image,0.4263,54.3,8.6,234
P01412,Machine Learning,Image,0.3534,36.9,3.2,41
P01413,AI,Video,0.2048,23.5,6.8,201
P01414,Marketing,Video,0.2878,14.4,3.4,364
P01415,Marketing,Text,0.6167,2.5,13.5,805
P01416,Marketing,Image,0.2439,45.1,5.7,2372
P01417,Finance,Job Opportunity,0.2573,6.1,5.1,172
P01418,Career,Image,0.4403,41.7,9.6,495
P01419,AI,Job Opportunity,0.2463,8.5,3.1,252
P01420,Machine Learning,Job Opportunity,0.2581,56.5,8.1,260
P01421,Data Science,Article,0.2116,44.8,2.8,355
P01422,Design,Text,0.1969,45.3,4.9,291
P01423,Leadership,Text,0.4457,36.4,3.6,1471
P01424,Finance,Text,0.5816,35.6,2.1,260
P01425,Design,Image,0.3376,14.5,2.1,132
P01426,Design,Text,0.3756,58.6,3.6,383
P01427,AI,Article,0.2972,6.7,7.8,140
P01428,Finance,Text,0.4422,5.7,22.0,246
P01429,Design,Article,0.5529,8.7,2.1,771
P01430,Machine Learning,Text,0.3427,75.9,4.8,271
P01431,Machine Learning,Article,0.2569,10.5,4.1,501
P01432,Data Science,Article,0.4345,56.0,8.0,279
P01433,Design,Text,0.2172,65.9,11.3,407
P01434,Machine Learning,Video,0.2958,6.2,6.0,189
P01435,Marketing,Video,0.1076,22.9,2.2,632
P01436,Software,Article,0.0959,36.7,4.1,115
P01437,Leadership,Job Opportunity,0.3196,8.6,7.0,174
P01438,Design,Article,0.1818,25.1,4.3,353
P01439,AI,Video,0.1215,74.8,2.6,639
P01440,Data Science,Job Opportunity,0.4139,3.3,5.2,391
P01441,Marketing,Job Opportunity,0.191,43.9,4.4,498
P01442,Machine Learning,Text,0.2966,13.6,6.2,125
P01443,Marketing,Text,0.1513,99.7,8.3,256
P01444,Data Science,Image,0.41,25.3,10.9,400
P01445,AI,Video,0.4326,25.0,14.9,345
P01446,Marketing,Image,0.4693,129.4,18.6,139
P01447,AI,Text,0.1094,96.3,1.8,168
P01448,Machine Learning,Job Opportunity,0.3144,3.2,6.6,297
P01449,Machine Learning,Job Opportunity,0.6349,17.7,1.2,600
P01450,AI,Image,0.2724,152.4,6.0,1773
P01451,Data Science,Job Opportunity,0.409,138.7,7.7,138
P01452,Career,Text,0.2181,44.9,1.9,344
P01453,Software,Article,0.3452,12.1,15.3,146
P01454,Software,Video,0.136,34.5,2.0,324
P01455,Career,Video,0.4412,0.7,2.4,243
P01456,Design,Text,0.1652,23.2,7.8,458
P01457,Software,Text,0.7367,32.9,6.6,67
P01458,AI,Video,0.1069,36.6,6.7,253
P01459,Leadership,Article,0.4148,18.7,0.5,360
P01460,Marketing,Image,0.4531,110.3,7.0,389
P01461,Design,Job Opportunity,0.0068,54.3,6.4,429
P01462,Marketing,Article,0.6527,27.7,3.5,375
P01463,Design,Image,0.3717,25.7,1.5,903
P01464,Machine Learning,Article,0.4369,43.6,5.1,957
P01465,Machine Learning,Text,0.3465,0.5,8.4,279
P01466,Marketing,Job Opportunity,0.4759,8.6,10.2,218
P01467,Leadership,Article,0.3279,31.5,4.2,388
P01468,Data Science,Article,0.1923,10.6,11.2,630
P01469,Data Science,Job Opportunity,0.3902,8.5,1.3,341
P01470,Data Science,Article,0.2888,18.9,8.5,138
P01471,AI,Text,0.1266,37.2,5.0,712
P01472,Career,Text,0.1115,9.4,1.3,453
P01473,Design,Article,0.206,10.1,10.0,1349
P01474,Design,Article,0.1475,31.1,5.0,182
P01475,Finance,Image,0.1593,131.4,8.9,399
P01476,Machine Learning,Text,0.3111,29.1,4.7,467
P01477,Data Science,Text,0.4022,6.7,4.6,276
P01478,Leadership,Video,0.512,1.9,3.5,155
P01479,Machine Learning,Text,0.4868,29.4,5.2,414
P01480,Machine Learning,Text,0.2949,44.4,6.8,234
P01481,Design,Job Opportunity,0.7332,13.0,4.9,338
P01482,AI,Image,0.1821,73.9,2.0,341
P01483,Marketing,Video,0.4134,72.5,6.5,142
P01484,Machine Learning,Text,0.1763,93.2,6.5,233
P01485,AI,Image,0.2695,30.3,1.9,238
P01486,Marketing,Video,0.4961,19.2,3.2,349
P01487,Machine Learning,Text,0.5274,15.0,1.8,483
P01488,Leadership,Text,0.4323,44.6,5.3,427
P01489,Career,Article,0.2499,17.2,7.7,663
P01490,Finance,Job Opportunity,0.2064,27.2,7.1,374
P01491,Machine Learning,Video,0.3844,21.3,1.4,1633
P01492,Design,Text,0.4828,1.6,5.1,451
P01493,Data Science,Text,0.2767,50.8,2.3,114
P01494,Leadership,Job Opportunity,0.3758,12.0,1.8,242
P01495,Machine Learning,Text,0.2066,7.8,5.1,4252
P01496,Machine Learning,Image,0.5292,144.9,3.6,113
P01497,Leadership,Image,0.2699,9.8,13.9,484
P01498,Machine Learning,Job Opportunity,0.4076,34.1,14.8,2013
P01499,Finance,Text,0.5404,2.1,7.7,124
P01500,Marketing,Image,0.3896,18.5,3.4,1177
P01501,Machine Learning,Text,0.457,1.5,1.0,1175
P01502,Software,Job Opportunity,0.4962,13.2,3.3,267
P01503,Machine Learning,Article,0.5211,14.1,8.5,74
P01504,AI,Video,0.4467,5.6,3.8,546
P01505,Design,Text,0.3087,28.6,1.4,313
P01506,AI,Job Opportunity,0.5699,4.9,12.4,289
P01507,Career,Article,0.3573,35.4,2.6,575
P01508,Data Science,Article,0.2731,64.3,2.8,339
P01509,Software,Image,0.3442,4.1,10.7,95
P01510,Finance,Text,0.5595,7.8,5.9,306
P01511,Design,Text,0.4789,48.3,6.1,449
P01512,Marketing,Article,0.4961,38.0,6.2,499
P01513,AI,Job Opportunity,0.4582,48.6,2.3,934
P01514,Leadership,Video,0.4533,17.7,7.4,71
P01515,Leadership,Video,0.417,37.9,9.4,754
P01516,Design,Job Opportunity,0.414,3.9,5.4,247
P01517,Machine Learning,Image,0.2451,17.4,4.5,390
P01518,Career,Text,0.7078,1.0,11.3,673
P01519,Data Science,Article,0.2384,1.3,8.7,183
P01520,Data Science,Video,0.2608,2.0,2.7,247
P01521,Marketing,Video,0.553,10.4,8.1,527
P01522,Finance,Article,0.4442,45.9,4.6,209
P01523,Software,Job Opportunity,0.2611,16.0,6.1,437
P01524,Machine Learning,Text,0.3195,42.3,14.3,142
P01525,Marketing,Text,0.4169,4.9,1.4,883
P01526,Design,Text,0.6306,43.8,0.8,612
P01527,Software,Job Opportunity,0.4564,7.9,3.2,182
P01528,Finance,Article,0.5763,43.7,4.5,802
P01529,Software,Text,0.3832,22.9,2.8,469
P01530,Software,Text,0.1675,14.3,7.5,156
P01531,Career,Job Opportunity,0.2452,21.6,6.8,580
P01532,Leadership,Text,0.2576,15.5,5.2,592
P01533,Finance,Text,0.3228,56.3,6.4,94
P01534,Finance,Job Opportunity,0.2109,37.8,6.1,48
P01535,Data Science,Video,0.1725,6.5,11.9,242
P01536,Design,Article,0.3377,12.7,2.5,185
P01537,Design,Article,0.5095,1.6,5.9,555
P01538,AI,Video,0.0304,35.1,10.6,196
P01539,Career,Text,0.844,21.5,4.3,206
P01540,Data Science,Article,0.3165,17.2,5.1,1425
P01541,Marketing,Text,0.2303,7.8,8.6,915
P01542,Design,Job Opportunity,0.0051,1.6,1.0,99
P01543,Data Science,Image,0.4908,50.7,9.5,986
P01544,Finance,Video,0.2459,55.0,6.5,1174
P01545,Marketing,Article,0.2405,107.2,8.0,300
P01546,Software,Text,0.3115,72.7,7.7,245
P01547,Software,Job Opportunity,0.325,76.1,1.6,74
P01548,Marketing,Video,0.3593,14.6,1.7,115
P01549,Machine Learning,Text,0.1617,15.3,0.6,307
P01550,Marketing,Image,0.7258,20.8,1.6,230
P01551,Software,Article,0.1577,7.0,2.3,255
P01552,AI,Text,0.3039,9.1,5.3,447
P01553,AI,Article,0.3311,12.9,11.0,1391
P01554,Software,Job Opportunity,0.2148,42.4,4.1,210
P01555,AI,Image,0.1522,0.0,5.0,210
P01556,Software,Text,0.2123,1.0,4.7,302
P01557,Data Science,Text,0.3664,44.6,7.0,273
P01558,Software,Job Opportunity,0.1296,2.8,3.2,1304
P01559,Finance,Article,0.1129,8.9,4.8,287
P01560,Data Science,Article,0.3842,0.3,8.9,696
P01561,AI,Job Opportunity,0.6053,88.7,11.2,2666
P01562,Data Science,Job Opportunity,0.1052,27.0,10.7,1349
P01563,AI,Article,0.4729,12.1,9.8,291
P01564,Leadership,Article,0.413,59.2,10.3,231
P01565,Data Science,Video,0.2988,5.4,5.2,156
P01566,Marketing,Article,0.481,34.1,3.1,365
P01567,Machine Learning,Video,0.4501,25.5,6.4,95
P01568,Data Science,Video,0.2037,28.9,6.9,2017
P01569,Career,Video,0.2303,11.8,4.2,217
P01570,Machine Learning,Text,0.4507,19.2,3.2,347
P01571,Design,Image,0.2929,7.8,10.5,418
P01572,Data Science,Job Opportunity,0.3198,9.5,5.1,129
P01573,Machine Learning,Video,0.6055,4.7,4.0,749
P01574,Machine Learning,Text,0.5427,7.5,4.3,492
P01575,Finance,Job Opportunity,0.0739,38.0,5.8,270
P01576,Design,Text,0.0894,0.1,3.2,457
P01577,Finance,Article,0.43,52.0,6.8,315
P01578,Machine Learning,Article,0.3931,11.5,0.4,333
P01579,Data Science,Text,0.8547,61.7,1.9,197
P01580,Career,Article,0.234,3.3,3.9,371
P01581,Design,Image,0.2109,141.6,7.1,472
P01582,Marketing,Article,0.5419,6.1,4.0,174
P01583,Career,Text,0.5808,20.5,9.3,424
P01584,Career,Job Opportunity,0.2472,6.8,11.1,72
P01585,Data Science,Article,0.2999,55.2,4.7,911
P01586,Career,Video,0.3265,1.4,2.6,127
P01587,AI,Job Opportunity,0.3146,33.4,4.8,85
P01588,Career,Article,0.2012,47.4,9.1,226
P01589,Marketing,Text,0.1359,45.9,2.5,405
P01590,Marketing,Article,0.5562,1.2,7.6,267
P01591,Design,Video,0.2307,5.5,4.6,649
P01592,Software,Text,0.5401,112.5,7.9,280
P01593,Machine Learning,Job Opportunity,0.1669,26.5,6.7,289
P01594,Marketing,Video,0.2274,35.9,3.4,306
P01595,Leadership,Video,0.4287,12.1,4.6,1341
P01596,AI,Job Opportunity,0.3187,21.0,7.0,246
P01597,Finance,Article,0.2558,7.9,8.9,2570
P01598,Data Science,Image,0.5993,26.1,4.6,1688
P01599,Career,Video,0.1372,1.4,9.1,134
P01600,Career,Video,0.3035,74.9,15.2,727
P01601,Machine Learning,Video,0.3673,3.4,9.5,212
P01602,Marketing,Article,0.4581,12.0,5.1,390
P01603,Leadership,Image,0.5186,4.6,5.0,97
P01604,Software,Video,0.2593,41.3,1.7,325
P01605,Design,Image,0.3127,30.4,4.5,3243
P01606,Design,Job Opportunity,0.2837,36.8,7.7,187
P01607,Machine Learning,Text,0.5523,85.3,8.9,644
P01608,AI,Job Opportunity,0.2278,3.9,2.4,394
P01609,Marketing,Article,0.5317,42.8,6.7,233
P01610,Career,Article,0.1651,23.4,10.1,945
P01611,Leadership,Text,0.146,103.1,2.3,247
P01612,Leadership,Article,0.1982,62.2,6.1,347
P01613,Leadership,Video,0.4724,42.9,3.5,433
P01614,Machine Learning,Text,0.2603,109.0,2.0,949
P01615,AI,Video,0.1569,19.2,4.7,262
P01616,AI,Job Opportunity,0.2389,33.5,1.5,2184
P01617,Design,Image,0.2314,48.1,3.4,85
P01618,Design,Text,0.384,6.1,5.3,221
P01619,Career,Job Opportunity,0.3432,3.1,8.9,962
P01620,AI,Image,0.4746,65.7,2.4,227
P01621,Career,Image,0.4835,45.0,4.3,410
P01622,Design,Article,0.2327,13.6,9.0,165
P01623,Career,Video,0.0329,40.2,3.0,115
P01624,Data Science,Article,0.2712,44.0,2.1,236
P01625,AI,Article,0.426,5.0,10.9,654
P01626,Data Science,Article,0.2963,12.1,4.9,220
P01627,Machine Learning,Video,0.2097,13.1,9.2,332
P01628,Marketing,Article,0.3337,25.6,3.3,239
P01629,Career,Text,0.4754,74.4,7.8,615
P01630,Finance,Video,0.506,15.6,9.1,99
P01631,AI,Text,0.4776,1.5,3.6,326
P01632,Data Science,Text,0.3438,0.5,7.5,270
P01633,Career,Job Opportunity,0.2412,31.8,3.1,172
P01634,Marketing,Job Opportunity,0.4756,26.1,10.8,944
P01635,AI,Job Opportunity,0.3905,10.1,3.2,89
P01636,Data Science,Image,0.5693,17.0,11.2,477
P01637,Data Science,Text,0.5497,20.5,6.6,513
P01638,AI,Article,0.3028,34.5,4.4,260
P01639,Data Science,Text,0.4833,5.0,12.1,1692
P01640,Career,Job Opportunity,0.1102,18.5,3.5,504
P01641,Machine Learning,Article,0.1578,37.7,15.1,201
P01642,Finance,Article,0.4808,27.2,7.5,583
P01643,Marketing,Image,0.5072,9.9,2.2,245
P01644,Leadership,Video,0.1858,9.9,3.9,258
P01645,Software,Text,0.0157,10.0,4.5,879
P01646,Marketing,Job Opportunity,0.8119,16.9,15.4,550
P01647,Leadership,Video,0.192,118.2,10.4,842
P01648,Marketing,Job Opportunity,0.2842,28.8,8.9,49
P01649,Career,Text,0.3667,1.1,3.5,475
P01650,Machine Learning,Text,0.3658,8.9,4.8,1207
P01651,AI,Article,0.4797,7.0,7.7,146
P01652,Design,Text,0.6194,27.8,7.9,412
P01653,Leadership,Article,0.5376,11.4,5.0,300
P01654,Finance,Article,0.113,58.4,4.6,640
P01655,Marketing,Text,0.0438,74.1,7.7,233
P01656,Design,Text,0.1296,75.0,12.1,680
P01657,Career,Article,0.3845,46.0,0.1,286
P01658,Career,Article,0.3971,43.9,1.6,3173
P01659,Marketing,Text,0.1569,45.3,7.8,483
P01660,Leadership,Article,0.3599,58.0,3.8,2256
P01661,Marketing,Article,0.3961,108.7,2.8,607
P01662,Finance,Job Opportunity,0.1771,14.1,1.8,267
P01663,Leadership,Text,0.5895,2.3,3.0,374
P01664,AI,Image,0.4924,5.5,5.5,493
P01665,Career,Article,0.1371,57.5,4.7,58
P01666,Software,Text,0.2484,23.1,5.0,781
P01667,Finance,Article,0.603,11.7,4.9,414
P01668,Marketing,Text,0.2824,24.0,7.3,560
P01669,Software,Image,0.615,7.3,7.7,593
P01670,Software,Job Opportunity,0.628,12.7,2.4,128
P01671,Machine Learning,Text,0.3551,24.8,4.1,388
P01672,AI,Text,0.3426,100.4,14.7,364
P01673,Career,Image,0.0844,31.2,2.5,134
P01674,Finance,Video,0.2542,28.0,6.1,1154
P01675,Leadership,Text,0.1693,77.8,8.2,1616
P01676,Machine Learning,Text,0.2944,5.9,10.1,265
P01677,Career,Text,0.4423,59.7,7.1,543
P01678,Software,Text,0.2092,10.5,4.3,343
P01679,Finance,Text,0.1382,35.6,3.5,269
P01680,Finance,Article,0.3572,171.8,7.0,251
P01681,Leadership,Video,0.3205,19.0,8.7,131
P01682,Machine Learning,Text,0.2864,23.3,11.8,479
P01683,Design,Text,0.5822,76.6,10.7,215
P01684,Machine Learning,Text,0.2207,27.7,9.1,577
P01685,Marketing,Video,0.4286,15.2,1.9,249
P01686,Machine Learning,Text,0.3563,68.7,2.4,139
P01687,Design,Article,0.3713,47.9,19.3,204
P01688,Marketing,Text,0.6494,15.2,5.0,469
P01689,Design,Article,0.4327,14.2,6.6,267
P01690,Design,Text,0.2725,81.0,0.9,168
P01691,Software,Text,0.3106,27.7,9.4,1269
P01692,Software,Text,0.3342,52.3,5.7,118
P01693,Machine Learning,Text,0.1781,13.1,5.5,993
P01694,Leadership,Text,0.4921,4.6,18.4,862
P01695,AI,Text,0.4612,9.4,7.1,710
P01696,Machine Learning,Article,0.2659,2.0,4.7,645
P01697,Design,Job Opportunity,0.2187,0.4,5.6,189
P01698,Marketing,Video,0.3662,19.5,3.6,225
P01699,Finance,Video,0.2424,37.9,2.6,1631
P01700,Machine Learning,Article,0.4214,34.8,4.9,816
P01701,Career,Job Opportunity,0.167,21.6,1.7,524
P01702,Career,Video,0.5002,4.3,4.1,223
P01703,AI,Text,0.2707,17.2,0.7,173
P01704,Leadership,Video,0.6089,3.4,9.2,139
P01705,Software,Text,0.2587,9.5,15.8,202
P01706,Leadership,Job Opportunity,0.3525,61.7,4.9,285
P01707,Software,Article,0.1436,34.1,2.8,403
P01708,AI,Image,0.284,16.6,6.1,925
P01709,Leadership,Job Opportunity,0.3565,34.9,10.0,1954
P01710,Career,Text,0.3925,14.2,3.3,1179
P01711,Leadership,Job Opportunity,0.5644,3.7,7.8,129
P01712,Machine Learning,Article,0.1149,13.3,1.8,193
P01713,Finance,Video,0.5593,51.8,6.0,165
P01714,Finance,Text,0.4233,16.6,8.2,854
P01715,Career,Text,0.1132,13.7,1.5,670
P01716,Leadership,Text,0.6699,7.5,8.3,243
P01717,Career,Video,0.3637,67.9,4.6,330
P01718,Marketing,Video,0.3024,30.7,12.8,433
P01719,Design,Text,0.5915,31.8,5.9,565
P01720,Career,Text,0.0682,35.9,8.6,984
P01721,Machine Learning,Article,0.4994,23.3,14.7,431
P01722,Leadership,Video,0.11,39.4,4.6,309
P01723,AI,Article,0.3695,19.4,1.1,508
P01724,Leadership,Text,0.3879,64.4,2.8,309
P01725,Machine Learning,Job Opportunity,0.2309,25.9,5.4,503
P01726,Software,Job Opportunity,0.1442,25.9,20.1,315
P01727,Marketing,Text,0.2312,4.5,12.6,949
P01728,Data Science,Article,0.4236,18.4,3.3,1016
P01729,Marketing,Video,0.5208,15.2,4.5,312
P01730,Finance,Text,0.1557,40.1,8.0,1926
P01731,Marketing,Article,0.1579,13.6,11.2,430
P01732,Marketing,Job Opportunity,0.3329,6.6,1.6,511
P01733,Machine Learning,Text,0.1822,46.5,8.0,1153
P01734,Leadership,Text,0.1551,19.7,5.5,1841
P01735,Design,Text,0.0965,15.6,1.3,936
P01736,Marketing,Job Opportunity,0.4637,57.5,4.0,475
P01737,Marketing,Image,0.5849,16.5,3.5,269
P01738,Leadership,Article,0.267,31.8,3.4,470
P01739,AI,Video,0.5987,12.0,11.1,589
P01740,Machine Learning,Job Opportunity,0.2572,5.1,6.8,509
P01741,Marketing,Video,0.4649,14.0,4.1,304
P01742,Data Science,Article,0.3498,16.1,3.4,199
P01743,Leadership,Text,0.273,8.1,6.2,427
P01744,Design,Image,0.1967,4.3,3.9,213
P01745,Career,Article,0.2939,3.6,8.3,94
P01746,Machine Learning,Text,0.1456,25.9,4.7,176
P01747,Software,Video,0.0973,13.6,1.0,248
P01748,Machine Learning,Video,0.277,15.8,1.6,188
P01749,AI,Article,0.4306,58.0,3.1,419
P01750,Leadership,Text,0.3663,19.8,4.7,128
P01751,Leadership,Video,0.254,7.9,6.8,139
P01752,Machine Learning,Article,0.4553,46.9,6.5,951
P01753,Leadership,Text,0.5997,37.0,13.5,731
P01754,Finance,Text,0.376,11.1,0.5,442
P01755,Career,Article,0.2551,4.2,0.4,1059
P01756,Leadership,Text,0.4278,6.0,1.4,195
P01757,Software,Job Opportunity,0.1724,24.2,2.6,621
P01758,Finance,Text,0.6292,51.5,8.5,294
P01759,Software,Text,0.1758,11.7,6.1,1125
P01760,Design,Text,0.1652,8.1,1.4,411
P01761,Finance,Text,0.3227,47.1,2.6,169
P01762,Career,Text,0.3307,66.8,2.7,1015
P01763,Finance,Job Opportunity,0.3435,21.5,2.3,248
P01764,Finance,Video,0.3571,18.9,3.9,133
P01765,Machine Learning,Text,0.4639,120.4,3.2,1150
P01766,Design,Text,0.2392,45.2,3.4,566
P01767,Leadership,Text,0.2517,88.5,1.5,170
P01768,Software,Text,0.1873,28.5,6.8,312
P01769,Career,Text,0.1661,1.3,4.8,305
P01770,Software,Text,0.3984,20.4,3.1,166
P01771,AI,Text,0.5561,44.3,1.9,171
P01772,Leadership,Text,0.641,32.0,3.7,313
P01773,Leadership,Image,0.5863,13.2,1.1,745
P01774,Marketing,Text,0.1253,6.2,6.2,661
P01775,Leadership,Job Opportunity,0.3149,1.4,6.5,218
P01776,Software,Text,0.194,63.3,4.6,660
P01777,Software,Video,0.1674,2.6,13.1,1117
P01778,Data Science,Video,0.2826,35.1,6.7,171
P01779,Machine Learning,Image,0.1993,46.3,8.0,610
P01780,Software,Video,0.4664,17.2,6.4,343
P01781,AI,Article,0.3131,10.9,6.4,273
P01782,Software,Text,0.2972,4.4,5.4,343
P01783,Finance,Job Opportunity,0.8423,34.3,7.8,649
P01784,Data Science,Text,0.4307,21.6,5.1,124
P01785,Data Science,Image,0.5449,30.3,2.0,339
P01786,Design,Job Opportunity,0.3816,64.6,8.4,253
P01787,AI,Text,0.3546,18.4,6.3,345
P01788,Career,Job Opportunity,0.4001,8.0,2.2,292
P01789,AI,Text,0.1671,105.6,4.4,186
P01790,Finance,Article,0.2398,18.1,1.3,1532
P01791,Machine Learning,Video,0.5267,5.6,10.9,42
P01792,Finance,Image,0.7094,15.6,6.0,535
P01793,Design,Text,0.0711,21.9,1.7,538
P01794,AI,Article,0.3649,27.0,4.1,361
P01795,Finance,Video,0.2626,6.3,2.1,423
P01796,Finance,Image,0.0965,90.1,3.2,564
P01797,Finance,Video,0.2372,50.5,6.5,222
P01798,Marketing,Text,0.053,15.6,8.3,253
P01799,Software,Text,0.5422,11.7,1.8,263
P01800,Career,Text,0.1941,12.2,10.9,497
P01801,Software,Article,0.16,26.7,9.5,512
P01802,Data Science,Image,0.339,9.7,3.5,147
P01803,Finance,Article,0.1896,46.4,2.8,324
P01804,Design,Text,0.2697,2.6,7.6,209
P01805,Finance,Job Opportunity,0.3375,3.8,18.3,161
P01806,Career,Text,0.1042,70.1,4.8,234
P01807,Machine Learning,Image,0.3949,49.1,3.3,140
P01808,AI,Article,0.1908,1.0,3.1,81
P01809,Finance,Text,0.4071,4.0,0.2,366
P01810,Design,Video,0.2419,3.9,2.5,726
P01811,Software,Job Opportunity,0.1018,40.5,0.3,267
P01812,Software,Video,0.0763,12.1,8.6,715
P01813,Machine Learning,Article,0.3538,51.2,10.3,633
P01814,Design,Article,0.643,15.9,3.5,170
P01815,AI,Image,0.1831,70.1,4.4,176
P01816,Marketing,Video,0.1431,24.1,2.5,108
P01817,Data Science,Article,0.4573,74.4,2.6,412
P01818,Data Science,Text,0.585,3.0,4.5,513
P01819,Leadership,Article,0.3641,57.0,5.7,339
P01820,Data Science,Article,0.1607,42.8,13.5,183
P01821,AI,Job Opportunity,0.1226,68.1,1.3,319
P01822,Marketing,Text,0.6597,12.0,4.2,591
P01823,AI,Article,0.6317,52.9,5.6,544
P01824,Career,Job Opportunity,0.4643,37.3,3.8,511
P01825,Design,Job Opportunity,0.0349,42.2,6.8,436
P01826,Career,Job Opportunity,0.5205,10.3,9.0,846
P01827,Data Science,Image,0.4817,0.0,3.9,155
P01828,Data Science,Job Opportunity,0.146,66.0,4.3,208
P01829,Marketing,Article,0.2689,16.8,3.2,160
P01830,Career,Job Opportunity,0.4285,10.1,7.0,244
P01831,Leadership,Text,0.4178,166.2,2.3,1088
P01832,Finance,Article,0.3389,8.2,8.5,184
P01833,Career,Article,0.4979,32.3,2.8,186
P01834,Data Science,Article,0.0589,11.6,6.0,86
P01835,Leadership,Image,0.8091,85.4,5.9,559
P01836,Software,Job Opportunity,0.3582,3.7,11.3,326
P01837,Finance,Article,0.2284,56.0,1.1,1017
P01838,Career,Image,0.4165,55.5,9.1,1022
P01839,Software,Image,0.5857,30.9,2.4,137
P01840,Marketing,Article,0.2897,37.0,8.9,315
P01841,Software,Image,0.3692,23.4,2.1,919
P01842,Data Science,Article,0.1304,6.2,5.0,185
P01843,Software,Text,0.5572,13.3,3.4,730
P01844,Marketing,Text,0.5171,28.9,8.4,45
P01845,Leadership,Job Opportunity,0.618,3.3,2.0,317
P01846,Career,Article,0.5589,1.1,1.4,201
P01847,Data Science,Text,0.3029,0.1,5.6,778
P01848,Machine Learning,Video,0.6424,28.7,2.2,245
P01849,Design,Image,0.4539,4.7,6.5,640
P01850,Data Science,Job Opportunity,0.7378,5.7,6.0,505
P01851,Marketing,Text,0.3764,36.9,4.7,182
P01852,Data Science,Image,0.3134,52.1,4.9,676
P01853,Career,Video,0.6075,23.9,6.4,514
P01854,AI,Article,0.5443,33.7,4.4,99
P01855,AI,Video,0.1047,13.0,3.0,505
P01856,Data Science,Text,0.4792,149.2,4.2,228
P01857,Data Science,Video,0.2963,31.7,4.2,483
P01858,Leadership,Text,0.4522,65.5,5.0,407
P01859,Finance,Text,0.4796,140.1,15.8,747
P01860,Software,Job Opportunity,0.1502,3.2,4.2,710
P01861,AI,Job Opportunity,0.6703,4.6,11.1,178
P01862,Career,Text,0.4042,8.6,9.1,220
P01863,Finance,Image,0.3837,13.6,2.4,272
P01864,Design,Job Opportunity,0.1902,2.6,2.0,781
P01865,Software,Article,0.3193,4.4,5.5,241
P01866,Software,Video,0.6193,13.1,9.0,430
P01867,Software,Text,0.343,23.0,4.5,685
P01868,Data Science,Image,0.7032,58.8,5.6,345
P01869,Machine Learning,Article,0.318,9.5,5.3,1327
P01870,Machine Learning,Image,0.1271,3.2,12.7,215
P01871,Career,Article,0.434,11.4,8.5,511
P01872,Leadership,Text,0.3759,7.6,3.4,455
P01873,Finance,Image,0.1507,7.5,1.5,367
P01874,Finance,Article,0.0923,53.1,4.8,60
P01875,Finance,Job Opportunity,0.1211,74.6,4.5,266
P01876,Marketing,Article,0.335,13.8,20.5,82
P01877,Software,Text,0.3319,10.8,5.0,223
P01878,Career,Image,0.3958,9.1,5.1,311
P01879,AI,Article,0.1362,2.9,3.9,2087
P01880,Leadership,Video,0.4138,19.9,3.7,605
P01881,Career,Text,0.086,44.7,8.5,145
P01882,Finance,Video,0.2289,18.5,7.9,388
P01883,Software,Video,0.4057,3.3,4.2,463
P01884,Career,Text,0.4839,7.5,7.1,358
P01885,Career,Text,0.1025,7.4,5.3,335
P01886,Design,Article,0.3352,7.1,5.6,212
P01887,AI,Job Opportunity,0.238,58.3,2.5,441
P01888,Marketing,Text,0.2027,3.7,7.5,407
P01889,AI,Text,0.1807,8.6,4.2,569
P01890,AI,Article,0.4169,150.8,10.3,646
P01891,AI,Image,0.289,55.4,1.7,630
P01892,Leadership,Text,0.3907,6.5,4.0,360
P01893,Leadership,Article,0.4081,90.8,1.8,290
P01894,Design,Job Opportunity,0.4597,31.3,8.8,598
P01895,Marketing,Job Opportunity,0.3057,16.5,6.1,171
P01896,Marketing,Job Opportunity,0.3757,35.1,1.7,46
P01897,Machine Learning,Video,0.4233,115.0,5.4,82
P01898,Leadership,Text,0.402,16.5,4.2,74
P01899,Design,Article,0.4612,114.9,3.9,518
P01900,Data Science,Text,0.2891,5.0,4.9,367
P01901,Leadership,Video,0.3536,6.7,14.5,620
P01902,Finance,Article,0.0282,40.6,14.6,500
P01903,Finance,Text,0.1829,15.9,5.4,758
P01904,Career,Video,0.1699,8.8,4.4,816
P01905,Software,Image,0.4269,19.5,1.6,704
P01906,Career,Article,0.385,45.6,5.6,716
P01907,Design,Job Opportunity,0.5604,3.5,14.9,1225
P01908,Machine Learning,Text,0.4187,14.0,6.5,1747
P01909,Finance,Video,0.3632,0.8,4.0,351
P01910,AI,Job Opportunity,0.3545,6.9,2.4,1129
P01911,Data Science,Article,0.3125,5.8,5.1,207
P01912,Data Science,Job Opportunity,0.1941,58.7,13.8,216
P01913,Marketing,Image,0.1097,31.1,4.2,1245
P01914,Data Science,Job Opportunity,0.3341,49.5,10.0,358
P01915,Data Science,Text,0.5916,58.7,4.5,87
P01916,Leadership,Article,0.4534,49.8,1.0,127
P01917,Leadership,Article,0.3971,52.0,1.4,178
P01918,AI,Image,0.6605,30.2,7.6,129
P01919,Data Science,Article,0.3845,83.4,5.3,507
P01920,Leadership,Text,0.286,44.4,9.3,166
P01921,AI,Job Opportunity,0.5212,8.3,4.8,264
P01922,Finance,Text,0.2743,41.9,9.8,203
P01923,Finance,Article,0.1872,37.7,7.2,111
P01924,Leadership,Image,0.2935,9.0,1.8,115
P01925,Leadership,Text,0.1846,5.2,4.2,685
P01926,Finance,Text,0.456,47.2,3.2,429
P01927,Data Science,Article,0.1142,48.1,2.3,26
P01928,Career,Text,0.4533,34.4,4.5,199
P01929,Data Science,Article,0.4752,69.4,9.7,675
P01930,Data Science,Image,0.4186,0.7,3.4,519
P01931,Data Science,Text,0.5375,52.4,2.1,1808
P01932,Data Science,Text,0.4288,24.5,8.7,269
P01933,Marketing,Job Opportunity,0.1333,32.6,5.4,446
P01934,Marketing,Image,0.5878,2.4,1.1,163
P01935,Design,Video,0.2782,12.7,6.8,96
P01936,Finance,Job Opportunity,0.5914,65.2,6.9,442
P01937,Leadership,Article,0.3765,12.3,4.8,241
P01938,Software,Video,0.6869,8.0,1.7,2786
P01939,Design,Job Opportunity,0.4131,47.2,3.1,206
P01940,Design,Video,0.3045,24.8,3.8,236
P01941,Marketing,Text,0.1539,1.2,4.8,352
P01942,Leadership,Image,0.131,10.5,2.1,701
P01943,Marketing,Article,0.6351,32.6,8.0,655
P01944,Machine Learning,Article,0.4236,19.3,15.1,87
P01945,Design,Image,0.2709,9.9,2.5,940
P01946,Leadership,Article,0.2296,55.5,3.1,290
P01947,Data Science,Article,0.6881,37.0,2.9,39
P01948,Software,Text,0.4684,45.0,22.1,331
P01949,Leadership,Text,0.5175,33.3,5.9,146
P01950,Data Science,Text,0.1372,12.5,10.0,851
P01951,Career,Image,0.1564,43.1,6.4,435
P01952,Machine Learning,Video,0.0802,11.2,1.8,781
P01953,Finance,Video,0.5301,85.0,2.4,858
P01954,Machine Learning,Article,0.5656,72.3,2.9,229
P01955,Leadership,Text,0.4313,4.7,3.2,403
P01956,Data Science,Job Opportunity,0.2425,10.4,8.0,820
P01957,Machine Learning,Text,0.5518,19.2,19.0,395
P01958,Finance,Article,0.1647,38.0,4.3,171
P01959,Marketing,Job Opportunity,0.2862,11.9,5.4,1049
P01960,Software,Text,0.5166,19.7,4.8,337
P01961,Design,Text,0.5091,8.6,1.5,176
P01962,AI,Article,0.2474,6.6,11.6,1529
P01963,Software,Video,0.1166,52.4,7.3,72
P01964,Software,Article,0.3968,6.8,4.5,194
P01965,Design,Video,0.358,4.7,16.4,209
P01966,Software,Image,0.2794,17.9,1.2,666
P01967,Machine Learning,Video,0.1563,16.6,8.4,250
P01968,Marketing,Article,0.2696,35.6,4.7,191
P01969,Software,Article,0.309,1.8,3.7,761
P01970,Software,Image,0.3549,45.0,3.5,617
P01971,Software,Job Opportunity,0.6305,38.5,4.3,262
P01972,Finance,Article,0.4139,22.2,4.0,398
P01973,Leadership,Text,0.0775,17.6,6.7,134
P01974,Finance,Video,0.4489,41.9,5.8,275
P01975,Design,Image,0.3905,12.3,11.1,312
P01976,Software,Job Opportunity,0.1056,100.3,4.0,117
P01977,Career,Video,0.3282,35.8,13.6,88
P01978,Leadership,Article,0.1798,39.2,12.7,240
P01979,AI,Image,0.4154,13.4,3.5,768
P01980,Leadership,Job Opportunity,0.472,0.7,14.0,525
P01981,Design,Text,0.1628,79.0,2.7,204
P01982,Leadership,Text,0.6254,18.7,8.4,2632
P01983,Software,Article,0.3262,11.0,6.5,140
P01984,Data Science,Text,0.2958,37.3,3.2,513
P01985,Career,Job Opportunity,0.1324,1.2,6.5,216
P01986,Software,Article,0.2027,57.2,3.2,872
P01987,Finance,Image,0.2242,49.2,5.9,302
P01988,Marketing,Article,0.0105,73.3,5.3,273
P01989,Career,Text,0.4497,6.0,3.6,714
P01990,Design,Video,0.1091,10.4,13.9,289
P01991,Leadership,Article,0.176,6.5,14.5,596
P01992,Data Science,Video,0.5566,11.1,4.1,303
P01993,Data Science,Text,0.4996,31.4,11.9,40
P01994,Marketing,Image,0.0447,21.5,3.1,1853
P01995,AI,Job Opportunity,0.4834,8.7,1.2,500
P01996,Data Science,Text,0.1488,21.2,4.6,258
P01997,Data Science,Article,0.439,74.2,4.3,984
P01998,Design,Image,0.186,5.8,2.0,152
P01999,Career,Text,0.2119,4.3,3.1,159
P02000,Software,Article,0.2877,72.5,12.3,107
P02001,Marketing,Job Opportunity,0.316,44.9,5.6,281
P02002,Finance,Article,0.2183,8.8,12.7,195
P02003,Career,Video,0.4268,62.8,6.7,262
P02004,Finance,Text,0.3128,65.6,8.1,102
P02005,Marketing,Video,0.5505,5.9,6.9,191
P02006,Leadership,Video,0.504,0.2,6.3,475
P02007,Career,Text,0.0574,89.0,4.2,985
P02008,Leadership,Video,0.512,43.3,7.4,342
P02009,Software,Article,0.0282,19.8,7.7,222
P02010,Leadership,Article,0.3918,31.8,9.1,547
P02011,Software,Image,0.6506,11.5,10.3,847
P02012,Leadership,Job Opportunity,0.9555,144.7,13.2,811
P02013,Design,Image,0.2794,29.5,6.4,497
P02014,Finance,Video,0.2462,3.9,7.0,181
P02015,Design,Text,0.6323,0.6,6.1,316
P02016,Machine Learning,Video,0.0787,2.1,12.9,401
P02017,Data Science,Video,0.3621,12.3,6.6,46
P02018,Career,Article,0.4762,36.8,6.5,338
P02019,Leadership,Text,0.5415,20.5,7.2,1312
P02020,Software,Article,0.468,6.4,7.2,198
P02021,Finance,Text,0.3648,18.1,6.1,77
P02022,AI,Image,0.3854,96.8,3.6,194
P02023,Career,Text,0.3553,69.6,3.5,188
P02024,Machine Learning,Image,0.4191,9.4,2.0,797
P02025,Marketing,Job Opportunity,0.4425,5.4,4.6,2716
P02026,Finance,Job Opportunity,0.2071,109.2,1.9,374
P02027,Marketing,Image,0.1472,5.4,1.0,167
P02028,Data Science,Job Opportunity,0.4927,23.6,9.8,125
P02029,AI,Text,0.3575,109.7,3.6,754
P02030,Marketing,Image,0.4556,8.6,0.6,589
P02031,Design,Video,0.3731,1.6,10.5,843
P02032,Marketing,Job Opportunity,0.3425,34.8,2.6,216
P02033,AI,Video,0.2134,28.3,4.5,1218
P02034,AI,Text,0.2187,12.2,9.7,380
P02035,Software,Image,0.6686,104.9,7.6,187
P02036,Software,Image,0.4848,4.5,1.6,64
P02037,Machine Learning,Article,0.6418,19.7,2.1,219
P02038,Design,Video,0.2078,10.7,5.3,217
P02039,Leadership,Video,0.2049,10.3,2.3,140
P02040,Leadership,Video,0.3061,1.9,6.7,472
P02041,Design,Job Opportunity,0.2423,35.0,5.7,190
P02042,Career,Video,0.3291,1.1,14.2,154
P02043,Machine Learning,Job Opportunity,0.6397,7.3,5.6,159
P02044,AI,Text,0.2504,51.3,3.4,106
P02045,Leadership,Article,0.3044,32.7,2.8,209
P02046,Design,Text,0.4695,33.8,3.3,214
P02047,Leadership,Text,0.4491,1.0,10.7,272
P02048,Career,Image,0.6665,23.4,5.4,448
P02049,Marketing,Video,0.4572,29.3,4.5,1124
P02050,Finance,Text,0.2381,64.5,6.3,741
P02051,Machine Learning,Text,0.3263,22.7,1.8,95
P02052,Leadership,Job Opportunity,0.2247,86.5,6.5,675
P02053,Software,Article,0.3609,31.8,4.6,785
P02054,Software,Article,0.3442,24.2,4.3,606
P02055,Career,Video,0.202,0.0,12.8,230
P02056,Marketing,Video,0.265,52.8,4.3,1066
P02057,Finance,Text,0.1553,1.6,4.9,161
P02058,Career,Article,0.345,2.5,3.2,775
P02059,Leadership,Text,0.6217,9.5,8.1,757
P02060,Finance,Article,0.338,27.8,21.1,493
P02061,Design,Article,0.536,23.1,2.2,78
P02062,AI,Text,0.5747,13.5,4.9,388
P02063,Finance,Article,0.3128,11.0,3.0,643
P02064,Data Science,Text,0.3331,20.7,10.0,343
P02065,Machine Learning,Image,0.3145,9.2,10.2,309
P02066,Leadership,Article,0.116,28.2,3.7,245
P02067,AI,Text,0.2144,32.2,6.3,217
P02068,Leadership,Text,0.4372,31.2,5.1,306
P02069,Leadership,Article,0.1969,41.9,4.0,861
P02070,Finance,Image,0.3504,21.0,8.8,188
P02071,Software,Article,0.3835,44.4,3.5,452
P02072,Design,Job Opportunity,0.4335,63.7,6.8,38
P02073,Leadership,Video,0.5011,15.7,2.6,217
P02074,Machine Learning,Text,0.3251,0.2,17.9,585
P02075,Leadership,Job Opportunity,0.4475,8.2,5.2,738
P02076,Machine Learning,Text,0.1633,6.5,3.7,136
P02077,Marketing,Text,0.1451,36.5,3.8,414
P02078,Software,Text,0.253,20.1,4.8,616
P02079,Marketing,Video,0.4387,34.7,4.7,173
P02080,Career,Video,0.4068,3.1,1.7,86
P02081,Career,Video,0.2514,21.0,10.2,112
P02082,Leadership,Job Opportunity,0.4393,4.4,3.6,92
P02083,Leadership,Job Opportunity,0.4058,22.3,15.5,579
P02084,Leadership,Article,0.4943,47.6,6.5,356
P02085,Design,Job Opportunity,0.1624,9.7,3.4,232
P02086,Career,Article,0.1534,5.9,7.8,161
P02087,Leadership,Job Opportunity,0.1766,18.4,5.2,790
P02088,Data Science,Text,0.1524,38.1,15.7,276
P02089,Software,Text,0.2623,34.8,6.4,422
P02090,Software,Text,0.136,6.7,10.0,158
P02091,Marketing,Article,0.5401,15.3,7.8,127
P02092,Marketing,Image,0.2992,8.8,2.7,735
P02093,Data Science,Article,0.5984,18.3,15.2,349
P02094,Data Science,Text,0.2298,82.0,1.9,374
P02095,Leadership,Job Opportunity,0.6454,33.0,4.9,424
P02096,Finance,Video,0.5167,1.6,6.7,720
P02097,AI,Video,0.1314,8.6,0.9,830
P02098,Machine Learning,Job Opportunity,0.478,7.5,3.4,134
P02099,Software,Article,0.6328,10.5,6.1,265
P02100,Data Science,Text,0.7908,57.0,6.3,143
P02101,Leadership,Article,0.1535,11.6,16.9,377
P02102,Finance,Article,0.1464,16.9,10.9,239
P02103,Data Science,Article,0.3747,3.1,3.8,255
P02104,AI,Video,0.4674,12.4,0.9,273
P02105,AI,Text,0.5024,12.2,1.5,262
P02106,Design,Video,0.1004,4.9,5.2,2462
P02107,Career,Image,0.1258,66.6,8.4,70
P02108,AI,Text,0.1634,8.5,3.1,290
P02109,Finance,Text,0.0732,31.9,16.6,99
P02110,Design,Article,0.0759,39.9,5.4,373
P02111,Leadership,Image,0.2366,12.9,4.5,105
P02112,AI,Text,0.3785,15.0,18.0,311
P02113,Data Science,Image,0.2815,6.5,15.8,182
P02114,Career,Text,0.2334,10.9,10.3,775
P02115,Software,Video,0.073,3.1,4.2,100
P02116,Finance,Text,0.5602,47.6,16.9,111
P02117,Software,Text,0.5766,52.8,11.2,131
P02118,Machine Learning,Text,0.1825,5.4,5.2,442
P02119,Career,Video,0.545,44.1,14.1,386
P02120,Software,Text,0.648,50.1,3.9,257
P02121,Marketing,Image,0.4906,141.3,1.9,544
P02122,Data Science,Article,0.3447,3.6,4.3,53
P02123,Marketing,Job Opportunity,0.7944,2.6,1.7,268
P02124,Career,Job Opportunity,0.4804,13.9,5.5,321
P02125,Finance,Article,0.5722,39.5,5.2,376
P02126,Machine Learning,Article,0.3296,57.3,3.4,343
P02127,Software,Video,0.4154,36.8,11.1,399
P02128,Software,Article,0.3294,8.1,6.5,467
P02129,Leadership,Article,0.2549,25.8,3.8,1548
P02130,Leadership,Text,0.0375,0.8,4.6,578
P02131,Machine Learning,Video,0.1812,97.5,8.9,98
P02132,Marketing,Article,0.1483,24.8,10.8,639
P02133,Finance,Job Opportunity,0.2032,16.4,6.1,290
P02134,Data Science,Article,0.5044,70.3,2.9,207
P02135,Career,Article,0.548,69.2,4.8,103
P02136,AI,Article,0.2032,14.9,8.2,258
P02137,Leadership,Job Opportunity,0.5735,54.3,12.5,383
P02138,Marketing,Job Opportunity,0.5504,4.2,4.2,595
P02139,Software,Article,0.2049,32.7,2.6,135
P02140,Software,Video,0.4847,37.3,9.3,234
P02141,Machine Learning,Article,0.4725,68.7,12.1,220
P02142,Marketing,Article,0.2099,48.3,5.9,207
P02143,Marketing,Article,0.4521,8.5,3.2,97
P02144,Software,Image,0.5266,12.8,4.3,140
P02145,Data Science,Text,0.2518,9.2,6.1,257
P02146,Design,Video,0.5512,3.6,3.6,540
P02147,Leadership,Article,0.5895,8.0,2.2,271
P02148,Marketing,Job Opportunity,0.7204,1.1,3.6,125
P02149,Machine Learning,Job Opportunity,0.3049,49.5,4.2,265
P02150,Marketing,Article,0.106,40.4,4.2,121
P02151,Data Science,Video,0.1775,24.1,0.8,592
P02152,Career,Video,0.5777,10.7,25.0,1083
P02153,Machine Learning,Job Opportunity,0.4144,15.7,3.7,352
P02154,Design,Text,0.6169,20.6,2.5,560
P02155,Design,Article,0.534,24.5,4.6,185
P02156,Career,Text,0.7443,18.5,11.5,393
P02157,Finance,Video,0.364,27.6,11.1,311
P02158,Marketing,Text,0.6359,21.3,9.9,707
P02159,Design,Article,0.1529,82.8,14.6,198
P02160,Career,Image,0.1681,47.2,2.9,298
P02161,Career,Job Opportunity,0.5112,15.7,2.2,131
P02162,Machine Learning,Text,0.6637,172.0,8.2,529
P02163,Data Science,Text,0.628,21.0,4.1,190
P02164,Leadership,Text,0.3012,7.7,9.7,244
P02165,Machine Learning,Text,0.605,2.7,10.8,154
P02166,Leadership,Article,0.2699,3.8,6.7,270
P02167,Data Science,Text,0.4217,9.7,5.0,557
P02168,Marketing,Text,0.3552,36.2,13.3,418
P02169,Design,Job Opportunity,0.1819,49.5,6.3,873
P02170,Career,Article,0.2595,16.6,3.8,186
P02171,Data Science,Text,0.1789,29.4,5.1,316
P02172,Leadership,Text,0.1723,19.3,5.9,788
P02173,AI,Image,0.1153,29.5,1.1,148
P02174,Leadership,Text,0.4576,29.3,15.4,823
P02175,Machine Learning,Text,0.6331,1.3,3.2,1069
P02176,Design,Text,0.6019,13.1,1.5,131
P02177,Software,Text,0.1452,27.3,6.2,2223
P02178,Leadership,Text,0.4724,17.7,6.9,254
P02179,Marketing,Video,0.4781,31.2,3.3,82
P02180,Software,Text,0.4312,34.8,4.2,132
P02181,Career,Video,0.4421,112.3,6.2,279
P02182,Machine Learning,Article,0.3541,46.3,6.0,228
P02183,Design,Video,0.3351,4.6,9.5,169
P02184,Finance,Job Opportunity,0.3694,7.3,6.2,117
P02185,Finance,Text,0.1849,3.3,1.3,103
P02186,Software,Image,0.1712,12.8,5.0,1189
P02187,AI,Text,0.6032,10.0,7.9,421
P02188,Leadership,Video,0.3182,114.7,3.6,707
P02189,Leadership,Text,0.5444,34.3,4.9,150
P02190,Career,Job Opportunity,0.203,49.1,8.9,231
P02191,Design,Article,0.637,95.2,6.0,141
P02192,Software,Article,0.6025,23.4,7.8,213
P02193,Marketing,Article,0.4339,17.2,6.6,745
P02194,Design,Text,0.3003,72.9,4.7,225
P02195,Marketing,Video,0.032,54.7,18.3,293
P02196,Leadership,Video,0.0848,19.0,2.7,186
P02197,Leadership,Article,0.5561,50.4,1.6,591
P02198,Design,Video,0.4731,11.9,5.6,203
P02199,Data Science,Article,0.458,18.6,4.7,881
P02200,Machine Learning,Image,0.5522,9.2,5.6,242
P02201,Design,Text,0.229,50.2,10.2,2295
P02202,Finance,Text,0.5627,2.4,3.0,861
P02203,Machine Learning,Text,0.3841,12.8,0.7,317
P02204,Marketing,Text,0.6754,16.3,23.8,349
P02205,Career,Video,0.3669,154.0,4.8,989
P02206,Leadership,Job Opportunity,0.4664,52.2,7.7,429
P02207,Data Science,Text,0.2436,48.5,5.0,534
P02208,Design,Text,0.1618,31.8,4.2,1792
P02209,AI,Text,0.278,12.6,5.0,390
P02210,Design,Video,0.2086,74.3,8.0,62
P02211,Machine Learning,Text,0.1576,2.7,9.8,379
P02212,Software,Image,0.4689,4.6,13.1,844
P02213,Software,Video,0.3062,2.7,8.5,425
P02214,Data Science,Text,0.6229,10.6,4.9,131
P02215,AI,Job Opportunity,0.6287,34.4,17.9,309
P02216,Leadership,Article,0.0931,13.0,7.9,1083
P02217,Machine Learning,Video,0.6059,69.8,8.7,106
P02218,Machine Learning,Text,0.6237,88.8,13.2,83
P02219,AI,Article,0.2963,49.8,5.5,169
P02220,Design,Article,0.4216,3.9,12.5,826
P02221,AI,Video,0.4506,43.5,1.6,64
P02222,Leadership,Article,0.375,6.5,5.1,364
P02223,Marketing,Job Opportunity,0.0424,7.7,14.2,491
P02224,Career,Text,0.3661,45.6,11.0,331
P02225,Finance,Text,0.1198,59.8,7.0,101
P02226,Design,Video,0.5875,11.8,2.3,367
P02227,Finance,Article,0.4909,3.4,1.2,138
P02228,Machine Learning,Article,0.5709,17.0,5.3,371
P02229,Design,Text,0.3891,56.2,5.0,162
P02230,Data Science,Text,0.5194,14.7,9.7,431
P02231,AI,Text,0.3151,18.4,6.2,317
P02232,Marketing,Text,0.2473,24.0,10.7,120
P02233,Software,Video,0.2105,0.1,6.8,514
P02234,Career,Image,0.2185,48.8,2.7,294
P02235,Machine Learning,Text,0.1515,108.1,7.5,426
P02236,Leadership,Image,0.6119,21.0,5.8,386
P02237,Career,Article,0.2386,17.5,5.4,736
P02238,Machine Learning,Text,0.2476,9.3,6.0,523
P02239,Marketing,Text,0.3292,4.9,7.0,456
P02240,Marketing,Text,0.1504,99.2,5.6,72
P02241,Design,Article,0.7566,0.2,1.7,233
P02242,Software,Article,0.3564,11.5,2.1,40
P02243,Finance,Text,0.6137,16.7,4.2,99
P02244,Data Science,Text,0.5627,19.6,11.9,762
P02245,Data Science,Text,0.242,20.4,6.4,207
P02246,Design,Text,0.1486,29.5,5.5,747
P02247,Marketing,Article,0.3265,27.3,17.6,159
P02248,Machine Learning,Video,0.5262,44.2,6.8,268
P02249,Career,Text,0.0724,29.3,5.6,337
P02250,AI,Article,0.2353,18.6,4.5,1030
P02251,Career,Article,0.4167,13.8,4.0,667
P02252,Data Science,Video,0.5688,9.4,1.4,201
P02253,Leadership,Video,0.2046,13.2,5.5,202
P02254,Career,Image,0.5341,21.2,2.2,349
P02255,Career,Article,0.2813,4.2,3.1,2031
P02256,Machine Learning,Video,0.5086,43.0,2.2,322
P02257,Data Science,Text,0.0349,45.6,16.7,157
P02258,AI,Image,0.5262,48.2,6.7,163
P02259,Marketing,Video,0.2671,23.7,12.4,263
P02260,Data Science,Article,0.4517,18.0,9.3,393
P02261,Design,Job Opportunity,0.5229,21.2,4.7,148
P02262,Marketing,Text,0.2697,4.3,3.5,652
P02263,Data Science,Job Opportunity,0.2601,16.8,4.7,181
P02264,Machine Learning,Text,0.2644,3.2,2.8,862
P02265,Software,Text,0.3666,0.5,0.8,376
P02266,Career,Video,0.714,13.9,1.6,234
P02267,Machine Learning,Article,0.3436,28.3,8.3,32
P02268,Career,Video,0.5281,19.3,1.7,230
P02269,Marketing,Article,0.4095,130.7,3.1,311
P02270,Finance,Article,0.1607,84.6,4.5,322
P02271,Finance,Text,0.1025,24.9,2.3,497
P02272,AI,Job Opportunity,0.6688,0.1,7.8,227
P02273,Software,Job Opportunity,0.8078,6.1,10.4,502
P02274,Finance,Text,0.1378,9.3,1.8,150
P02275,Finance,Text,0.2372,4.2,1.7,695
P02276,Machine Learning,Article,0.3096,46.8,3.6,703
P02277,Career,Text,0.2301,6.8,8.7,408
P02278,Finance,Job Opportunity,0.604,10.4,8.5,581
P02279,Data Science,Image,0.3091,4.2,1.5,248
P02280,Leadership,Video,0.3042,2.9,7.1,274
P02281,Machine Learning,Text,0.1628,5.9,4.7,261
P02282,AI,Image,0.0262,0.1,11.3,894
P02283,Software,Job Opportunity,0.7025,2.4,2.7,371
P02284,AI,Job Opportunity,0.2345,42.5,2.2,171
P02285,Data Science,Video,0.6772,74.8,8.9,302
P02286,Machine Learning,Article,0.2057,28.5,1.6,216
P02287,Marketing,Job Opportunity,0.1559,2.7,5.9,365
P02288,AI,Text,0.4828,55.3,5.0,277
P02289,Machine Learning,Article,0.3284,122.9,3.7,107
P02290,Software,Article,0.4368,88.4,4.3,134
P02291,Marketing,Video,0.0835,10.2,5.9,235
P02292,Data Science,Image,0.4614,17.4,0.9,955
P02293,Leadership,Job Opportunity,0.3658,15.6,2.7,73
P02294,Career,Job Opportunity,0.5908,76.5,1.1,436
P02295,Data Science,Video,0.7011,32.0,0.5,1149
P02296,AI,Job Opportunity,0.667,34.9,1.4,715
P02297,Design,Article,0.5841,14.3,4.8,324
P02298,Data Science,Article,0.1634,5.2,7.8,275
P02299,Finance,Article,0.0765,29.1,10.4,552
P02300,Design,Image,0.37,68.8,9.9,1104
P02301,Marketing,Job Opportunity,0.2954,43.2,6.0,587
P02302,Marketing,Image,0.4727,125.6,0.8,383
P02303,Data Science,Job Opportunity,0.4395,24.6,1.5,870
P02304,Career,Text,0.5407,31.3,7.6,381
P02305,Machine Learning,Image,0.605,15.9,2.4,356
P02306,Finance,Text,0.3274,27.1,10.1,549
P02307,Data Science,Image,0.4449,14.5,3.0,198
P02308,AI,Image,0.188,17.8,7.3,3614
P02309,Software,Text,0.2084,13.3,7.1,375
P02310,Machine Learning,Article,0.3439,109.7,11.8,285
P02311,AI,Text,0.587,0.5,5.1,649
P02312,Leadership,Job Opportunity,0.2281,0.4,5.1,794
P02313,Leadership,Video,0.7185,0.1,5.6,191
P02314,Career,Text,0.4298,56.0,9.9,84
P02315,AI,Job Opportunity,0.2953,9.7,2.6,253
P02316,Finance,Text,0.3255,18.6,4.3,415
P02317,Marketing,Text,0.1849,19.2,5.2,182
P02318,Finance,Image,0.3355,7.0,1.6,324
P02319,AI,Text,0.1669,95.5,4.0,298
P02320,Finance,Text,0.6207,12.9,7.1,89
P02321,Machine Learning,Video,0.0945,21.7,1.9,561
P02322,AI,Text,0.6364,17.7,8.6,678
P02323,Leadership,Text,0.5874,12.0,5.6,387
P02324,AI,Article,0.2973,35.0,11.0,451
P02325,Software,Job Opportunity,0.5419,25.2,10.9,196
P02326,Design,Text,0.1844,40.5,13.8,300
P02327,Design,Job Opportunity,0.134,25.7,5.6,566
P02328,AI,Video,0.5174,2.9,7.9,111
P02329,Data Science,Article,0.2435,32.2,6.0,146
P02330,Data Science,Text,0.1266,20.7,4.3,106
P02331,Marketing,Text,0.4297,1.2,4.9,1271
P02332,Leadership,Image,0.6677,27.5,3.5,265
P02333,AI,Text,0.3478,6.7,2.2,1043
P02334,Data Science,Video,0.2475,2.2,5.3,311
P02335,Software,Image,0.3255,36.7,6.3,1387
P02336,Design,Text,0.3251,21.5,3.7,885
P02337,Software,Job Opportunity,0.1751,48.9,3.8,191
P02338,AI,Text,0.1028,10.0,14.0,362
P02339,Marketing,Video,0.3915,23.1,4.2,148
P02340,Career,Article,0.0247,52.0,1.7,561
P02341,Career,Article,0.3146,25.6,5.2,782
P02342,Machine Learning,Image,0.5246,26.7,5.0,1486
P02343,Leadership,Text,0.2933,30.4,5.0,994
P02344,Machine Learning,Job Opportunity,0.3427,15.7,5.5,467
P02345,Machine Learning,Video,0.463,12.3,3.9,438
P02346,Finance,Video,0.0877,29.7,2.9,271
P02347,Career,Text,0.6174,58.9,0.9,1421
P02348,Career,Job Opportunity,0.2647,2.8,2.1,165
P02349,Marketing,Job Opportunity,0.3046,19.0,7.2,144
P02350,Data Science,Text,0.4111,53.5,13.7,137
P02351,Marketing,Text,0.4569,83.6,2.9,780
P02352,Software,Job Opportunity,0.6007,70.2,3.9,714
P02353,Machine Learning,Article,0.2422,1.0,5.1,471
P02354,Data Science,Text,0.162,89.8,16.7,424
P02355,Machine Learning,Job Opportunity,0.3621,33.3,5.1,128
P02356,AI,Text,0.6416,95.8,17.7,410
P02357,Leadership,Job Opportunity,0.4401,34.1,0.9,886
P02358,Career,Text,0.0865,94.2,1.1,139
P02359,Leadership,Text,0.0786,90.2,12.6,124
P02360,Design,Text,0.6217,33.7,2.2,424
P02361,Finance,Text,0.4832,8.6,4.4,610
P02362,Leadership,Job Opportunity,0.5666,4.2,4.2,634
P02363,Machine Learning,Video,0.539,15.7,1.4,870
P02364,Finance,Job Opportunity,0.3205,6.4,4.5,376
P02365,AI,Text,0.2275,6.3,20.3,88
P02366,Marketing,Job Opportunity,0.2639,2.9,9.6,499
P02367,Data Science,Video,0.53,12.0,1.6,855
P02368,Finance,Article,0.148,56.1,1.3,201
P02369,Career,Text,0.4747,20.8,7.5,296
P02370,AI,Article,0.6765,19.8,14.3,58
P02371,Finance,Article,0.348,19.9,17.4,264
P02372,Data Science,Job Opportunity,0.2892,10.8,7.0,1186
P02373,Leadership,Job Opportunity,0.224,0.3,1.6,231
P02374,Marketing,Article,0.521,14.7,6.9,142
P02375,Leadership,Article,0.4112,0.4,2.3,1585
P02376,Career,Text,0.1318,9.1,6.3,540
P02377,Software,Image,0.3282,103.2,8.5,483
P02378,Data Science,Video,0.3633,28.5,3.0,374
P02379,Data Science,Video,0.157,48.2,11.9,193
P02380,Career,Video,0.2233,8.4,4.6,268
P02381,Finance,Job Opportunity,0.1504,4.0,4.3,1248
P02382,Leadership,Text,0.1357,29.6,2.9,191
P02383,Software,Article,0.3797,3.9,7.3,985
P02384,Design,Video,0.3334,55.1,8.1,437
P02385,Finance,Job Opportunity,0.0333,43.1,0.4,439
P02386,Design,Video,0.3962,0.2,12.4,87
P02387,Finance,Job Opportunity,0.4322,36.7,4.1,464
P02388,AI,Job Opportunity,0.1022,40.4,6.1,314
P02389,Software,Article,0.3753,29.1,4.4,91
P02390,Data Science,Video,0.8605,13.3,6.7,342
P02391,Machine Learning,Job Opportunity,0.6041,102.6,8.8,235
P02392,Leadership,Article,0.3281,38.8,5.2,408
P02393,Data Science,Video,0.1827,4.9,4.2,167
P02394,Career,Text,0.3108,21.0,5.0,147
P02395,Design,Image,0.1398,14.4,6.8,356
P02396,AI,Article,0.6439,50.3,5.2,241
P02397,Software,Text,0.2182,44.2,6.7,252
P02398,Marketing,Video,0.4257,14.9,6.0,124
P02399,Career,Video,0.2529,28.8,5.2,315
P02400,Design,Article,0.409,6.3,5.0,552
P02401,Machine Learning,Article,0.5299,30.6,5.0,411
P02402,Software,Job Opportunity,0.3666,7.3,4.2,246
P02403,Machine Learning,Job Opportunity,0.4676,46.8,3.2,89
P02404,Data Science,Video,0.3397,94.1,4.4,167
P02405,Marketing,Article,0.5799,7.6,5.1,182
P02406,Data Science,Image,0.3464,5.1,8.1,646
P02407,Leadership,Video,0.2441,31.6,8.4,628
P02408,Data Science,Text,0.2852,0.2,13.2,424
P02409,Marketing,Article,0.642,47.3,6.5,250
P02410,Marketing,Article,0.6223,102.6,0.8,937
P02411,Software,Article,0.4395,25.2,4.7,546
P02412,AI,Video,0.1138,127.6,4.9,63
P02413,Machine Learning,Text,0.3132,8.4,4.0,1171
P02414,Career,Text,0.7962,26.4,0.8,290
P02415,Leadership,Text,0.6392,21.4,8.2,701
P02416,Machine Learning,Video,0.1316,51.1,6.0,481
P02417,Data Science,Video,0.3252,10.3,3.9,118
P02418,Career,Text,0.4102,17.3,2.2,227
P02419,Career,Article,0.3344,7.3,5.1,71
P02420,AI,Article,0.666,6.6,19.4,178
P02421,Career,Video,0.1964,23.4,6.0,370
P02422,Career,Text,0.3811,41.4,5.4,349
P02423,Machine Learning,Text,0.2592,16.4,2.3,193
P02424,Data Science,Text,0.2772,8.7,7.1,270
P02425,AI,Article,0.4288,12.5,3.5,361
P02426,Marketing,Article,0.6342,1.7,7.3,565
P02427,Career,Video,0.3593,9.0,1.1,200
P02428,Machine Learning,Text,0.5545,53.6,2.5,293
P02429,Data Science,Video,0.1407,61.9,3.5,121
P02430,Finance,Article,0.0768,2.6,4.3,125
P02431,AI,Image,0.1212,1.4,12.7,816
P02432,Software,Text,0.1751,6.2,10.6,1122
P02433,Machine Learning,Video,0.2677,18.9,6.5,389
P02434,AI,Text,0.0926,7.0,2.3,255
P02435,Leadership,Text,0.5389,13.6,2.4,227
P02436,Leadership,Image,0.4003,33.9,9.9,877
P02437,AI,Article,0.1179,56.9,4.1,20
P02438,Machine Learning,Article,0.8016,171.9,3.1,2037
P02439,AI,Article,0.5099,2.1,3.8,352
P02440,Design,Job Opportunity,0.1971,14.1,4.7,43
P02441,Marketing,Job Opportunity,0.5766,36.3,6.2,2365
P02442,Finance,Video,0.3822,7.5,4.6,48
P02443,AI,Text,0.1047,56.7,0.8,54
P02444,AI,Article,0.5175,56.8,5.5,161
P02445,Design,Image,0.5952,33.8,6.4,291
P02446,Design,Article,0.0788,4.3,6.3,864
P02447,Finance,Text,0.2514,3.2,4.6,251
P02448,Machine Learning,Image,0.334,13.4,2.2,173
P02449,AI,Text,0.4632,43.2,1.6,258
P02450,Career,Image,0.0183,7.2,3.8,257
P02451,Finance,Image,0.5849,23.7,8.2,1044
P02452,Software,Image,0.115,31.8,3.1,768
P02453,AI,Video,0.2423,37.9,25.0,204
P02454,Marketing,Text,0.6357,10.6,9.2,251
P02455,Career,Video,0.4967,66.5,3.9,75
P02456,Career,Image,0.2149,0.8,3.7,548
P02457,Leadership,Image,0.7615,27.5,4.3,317
P02458,AI,Job Opportunity,0.7444,12.6,5.1,450
P02459,Leadership,Job Opportunity,0.231,12.0,1.9,548
P02460,Leadership,Video,0.2979,70.0,3.4,1147
P02461,Career,Job Opportunity,0.5222,0.4,12.6,242
P02462,Machine Learning,Text,0.4642,60.3,7.0,345
P02463,Career,Job Opportunity,0.2663,22.1,4.2,1156
P02464,Leadership,Job Opportunity,0.1707,42.9,6.4,287
P02465,Leadership,Article,0.1414,53.8,4.4,307
P02466,Machine Learning,Video,0.3163,7.4,8.7,2729
P02467,Career,Text,0.1727,37.7,15.4,319
P02468,AI,Image,0.0719,10.5,5.1,1324
P02469,Software,Article,0.5488,120.6,2.0,211
P02470,Machine Learning,Text,0.1356,37.9,2.3,230
P02471,Software,Text,0.2493,29.4,9.9,66
P02472,Marketing,Text,0.2602,24.1,15.0,539
P02473,Design,Job Opportunity,0.4425,7.2,3.2,586
P02474,Design,Text,0.2389,15.4,3.1,355
P02475,AI,Text,0.5388,33.5,7.1,477
P02476,Design,Job Opportunity,0.3515,52.3,1.9,665
P02477,AI,Article,0.3371,53.1,7.1,101
P02478,Leadership,Text,0.5495,37.3,7.8,349
P02479,Machine Learning,Text,0.4768,13.3,2.9,1245
P02480,Career,Job Opportunity,0.449,40.6,1.2,263
P02481,Data Science,Job Opportunity,0.3874,1.7,2.9,110
P02482,Career,Video,0.7673,31.8,8.3,785
P02483,Finance,Text,0.2289,27.7,6.7,372
P02484,Finance,Text,0.8082,12.9,4.7,323
P02485,Data Science,Video,0.0654,2.1,10.2,238
P02486,Software,Text,0.1863,7.9,6.3,690
P02487,Finance,Text,0.2218,34.3,5.9,213
P02488,Marketing,Article,0.2368,2.6,1.6,1050
P02489,Machine Learning,Job Opportunity,0.5257,82.3,6.6,353
P02490,Machine Learning,Video,0.701,41.0,8.2,743
P02491,Data Science,Article,0.6902,112.6,14.7,677
P02492,Career,Job Opportunity,0.5985,30.4,3.3,128
P02493,Data Science,Text,0.4743,41.8,4.7,484
P02494,Data Science,Image,0.3448,8.2,11.4,266
P02495,Design,Article,0.5004,9.8,7.7,558
P02496,Software,Job Opportunity,0.1345,2.0,7.3,315
P02497,Data Science,Article,0.5848,1.3,2.4,73
P02498,Career,Job Opportunity,0.2311,7.4,4.7,622
P02499,Finance,Video,0.2188,1.9,8.0,55
P02500,Machine Learning,Article,0.3507,37.4,2.9,370
P02501,Machine Learning,Article,0.4104,2.2,5.5,1504
P02502,Design,Image,0.1568,7.4,4.5,1013
P02503,Career,Article,0.741,21.8,7.5,456
P02504,Design,Article,0.1565,4.7,6.4,219
P02505,Finance,Video,0.4491,30.4,0.9,314
P02506,Marketing,Article,0.3573,9.2,4.6,766
P02507,Machine Learning,Text,0.3215,73.1,13.6,176
P02508,Leadership,Video,0.2807,8.2,9.4,461
P02509,Marketing,Article,0.3992,23.3,4.4,167
P02510,AI,Text,0.1313,43.9,8.6,264
P02511,Career,Article,0.1772,28.3,3.9,226
P02512,Data Science,Job Opportunity,0.14,4.8,7.5,460
P02513,Design,Article,0.2976,36.4,3.2,512
P02514,Career,Video,0.5329,9.5,15.9,1850
P02515,Data Science,Video,0.424,20.1,4.5,292
P02516,AI,Image,0.5115,34.5,5.4,428
P02517,Machine Learning,Text,0.5774,20.9,10.2,846
P02518,Software,Article,0.0905,28.1,5.3,324
P02519,Software,Text,0.3414,19.0,6.0,357
P02520,Data Science,Video,0.1957,44.8,5.9,538
P02521,Design,Image,0.2411,42.5,6.6,192
P02522,Leadership,Article,0.3025,12.6,2.4,388
P02523,Machine Learning,Image,0.3158,11.2,7.0,173
P02524,Leadership,Article,0.3045,12.9,3.7,256
P02525,AI,Text,0.5039,60.6,3.4,1840
P02526,AI,Video,0.4077,88.3,4.3,294
P02527,Marketing,Article,0.27,27.7,1.9,394
P02528,Machine Learning,Job Opportunity,0.2462,2.2,4.3,40
P02529,Data Science,Video,0.4035,102.3,2.2,470
P02530,Career,Article,0.2323,152.2,0.8,1605
P02531,Data Science,Article,0.4996,5.9,8.5,168
P02532,Machine Learning,Image,0.4748,6.4,4.3,786
P02533,Design,Image,0.6808,9.2,6.2,201
P02534,Software,Article,0.2181,1.8,7.6,88
P02535,Marketing,Text,0.1583,10.2,11.6,233
P02536,Machine Learning,Video,0.4668,19.7,4.3,191
P02537,Machine Learning,Text,0.0901,6.3,5.2,362
P02538,Leadership,Text,0.2032,12.1,7.3,259
P02539,Design,Text,0.5864,20.1,1.4,149
P02540,AI,Text,0.4357,42.1,3.9,506
P02541,Design,Article,0.0542,15.6,5.1,845
P02542,Software,Text,0.2254,2.5,3.4,555
P02543,Design,Article,0.3093,9.5,3.4,381
P02544,Finance,Article,0.4095,5.5,2.9,310
P02545,Leadership,Job Opportunity,0.4174,51.5,23.6,528
P02546,AI,Article,0.5222,28.1,5.1,213
P02547,Machine Learning,Article,0.2319,15.8,2.8,648
P02548,Design,Job Opportunity,0.2966,31.8,4.4,118
P02549,Machine Learning,Job Opportunity,0.2116,112.3,2.6,82
P02550,Career,Image,0.2842,6.5,5.4,540
P02551,Machine Learning,Article,0.5195,4.6,6.2,140
P02552,Marketing,Video,0.4067,13.4,11.7,180
P02553,Data Science,Video,0.1554,27.0,1.7,144
P02554,Data Science,Image,0.3173,144.5,9.4,532
P02555,Leadership,Article,0.2997,168.7,5.3,175
P02556,Machine Learning,Text,0.6487,12.1,8.3,1004
P02557,Data Science,Text,0.2986,40.4,9.7,611
P02558,Finance,Video,0.6016,10.3,10.9,408
P02559,Data Science,Text,0.2267,0.6,2.2,1187
P02560,Software,Text,0.5077,7.9,7.6,156
P02561,AI,Video,0.4246,49.2,2.8,367
P02562,Marketing,Job Opportunity,0.0948,19.9,2.7,53
P02563,AI,Job Opportunity,0.3704,6.7,6.8,217
P02564,Machine Learning,Video,0.3281,14.6,7.0,115
P02565,Software,Article,0.3918,69.6,8.0,684
P02566,Leadership,Job Opportunity,0.3722,34.7,3.7,905
P02567,Machine Learning,Article,0.1349,16.5,6.3,266
P02568,Software,Article,0.204,13.8,6.6,2056
P02569,AI,Text,0.5568,9.0,4.5,168
P02570,Finance,Video,0.1658,35.3,10.2,128
P02571,Machine Learning,Article,0.7926,34.8,1.2,214
P02572,Machine Learning,Text,0.4396,28.8,2.6,448
P02573,Software,Article,0.5303,0.8,10.2,704
P02574,Software,Video,0.4042,98.6,6.8,623
P02575,AI,Video,0.5152,22.9,18.1,252
P02576,Finance,Text,0.3796,77.7,7.8,811
P02577,Finance,Text,0.3009,84.1,3.3,218
P02578,Finance,Image,0.1866,67.6,9.6,3385
P02579,Data Science,Text,0.6068,51.3,10.8,780
P02580,Design,Text,0.1946,20.8,6.4,66
P02581,Software,Video,0.2017,0.5,2.4,224
P02582,Data Science,Video,0.6151,14.8,6.3,180
P02583,Finance,Image,0.6085,19.8,4.0,1800
P02584,AI,Article,0.1608,4.3,3.4,157
P02585,Design,Job Opportunity,0.1665,15.1,5.9,55
P02586,Finance,Text,0.4108,3.3,1.3,745
P02587,Leadership,Job Opportunity,0.1124,37.2,4.8,33
P02588,Software,Text,0.5415,42.1,3.3,250
P02589,Leadership,Text,0.0965,53.1,2.5,634
P02590,Career,Article,0.5836,2.3,4.2,244
P02591,Marketing,Text,0.4122,19.5,3.8,1041
P02592,Machine Learning,Text,0.3347,24.5,9.6,457
P02593,Leadership,Job Opportunity,0.4191,3.8,5.1,161
P02594,Career,Job Opportunity,0.2017,89.7,6.8,397
P02595,Leadership,Text,0.1567,22.6,11.4,1348
P02596,Marketing,Job Opportunity,0.4508,18.7,3.3,406
P02597,Finance,Job Opportunity,0.2287,33.5,5.2,509
P02598,Machine Learning,Job Opportunity,0.3475,32.0,7.4,485
P02599,Leadership,Text,0.1822,31.8,5.7,188
P02600,Data Science,Article,0.3668,19.6,4.7,88
P02601,Software,Job Opportunity,0.477,2.5,4.4,455
P02602,Finance,Video,0.359,6.4,6.5,1069
P02603,AI,Text,0.1558,52.2,2.9,539
P02604,Finance,Text,0.2045,9.3,2.8,114
P02605,Finance,Article,0.3671,16.0,12.8,470
P02606,Data Science,Article,0.3549,33.4,1.2,712
P02607,Leadership,Text,0.3859,24.2,3.0,870
P02608,Marketing,Video,0.2565,135.2,7.9,550
P02609,Data Science,Text,0.3037,30.5,9.7,412
P02610,Leadership,Text,0.2951,2.9,1.9,201
P02611,Machine Learning,Article,0.5739,52.7,10.3,289
P02612,Finance,Article,0.2112,20.7,25.0,746
P02613,Machine Learning,Text,0.69,56.5,11.8,171
P02614,Marketing,Article,0.3134,91.2,4.9,166
P02615,AI,Job Opportunity,0.1037,22.9,4.9,595
P02616,Career,Text,0.0635,0.9,6.1,454
P02617,AI,Text,0.7272,10.0,2.6,1082
P02618,Finance,Text,0.8363,1.2,3.8,694
P02619,Marketing,Video,0.079,19.8,4.7,216
P02620,Data Science,Article,0.1125,53.8,8.4,1157
P02621,Machine Learning,Image,0.4362,17.6,8.0,428
P02622,Software,Article,0.2482,49.3,2.4,590
P02623,Career,Text,0.5143,20.8,4.5,254
P02624,Machine Learning,Text,0.7886,17.3,2.0,507
P02625,Leadership,Video,0.653,11.3,10.7,222
P02626,Software,Video,0.5245,83.6,4.3,62
P02627,AI,Image,0.1653,34.8,6.4,1443
P02628,Data Science,Text,0.1148,53.6,5.1,169
P02629,AI,Article,0.2919,30.4,7.9,216
P02630,Leadership,Video,0.6005,28.4,2.4,205
P02631,Leadership,Text,0.2946,14.9,1.5,1449
P02632,Machine Learning,Video,0.2828,13.8,1.7,499
P02633,Leadership,Text,0.2113,15.7,2.4,563
P02634,Leadership,Text,0.492,16.7,2.1,735
P02635,Leadership,Video,0.3911,10.0,3.1,622
P02636,AI,Text,0.5906,1.8,3.5,405
P02637,Machine Learning,Job Opportunity,0.1273,18.3,1.2,395
P02638,Machine Learning,Image,0.6169,21.3,5.1,1126
P02639,Career,Text,0.2561,1.1,6.7,129
P02640,Software,Article,0.4774,2.0,2.2,167
P02641,Finance,Article,0.1517,44.3,5.5,571
P02642,Finance,Article,0.4862,81.4,2.6,442
P02643,Design,Text,0.1214,3.4,10.1,257
P02644,Machine Learning,Article,0.3221,16.9,6.4,2273
P02645,Career,Video,0.3761,6.5,11.2,131
P02646,Machine Learning,Text,0.2838,21.6,12.9,352
P02647,Design,Article,0.0753,5.3,0.9,424
P02648,Marketing,Text,0.598,152.0,5.1,244
P02649,Software,Image,0.1962,0.3,10.7,198
P02650,Data Science,Text,0.3959,51.5,9.2,264
P02651,Leadership,Job Opportunity,0.4126,46.2,3.0,1203
P02652,Data Science,Job Opportunity,0.4434,17.6,3.6,248
P02653,AI,Job Opportunity,0.3975,5.6,4.9,461
P02654,Software,Video,0.2999,110.2,11.5,207
P02655,Design,Image,0.2004,12.6,9.1,594
P02656,Data Science,Text,0.6191,19.0,12.4,796
P02657,Finance,Video,0.1922,10.3,10.2,288
P02658,Machine Learning,Article,0.2874,30.8,5.1,582
P02659,AI,Article,0.2921,8.9,16.3,303
P02660,Software,Job Opportunity,0.2792,72.9,1.9,343
P02661,Career,Text,0.247,31.1,4.5,475
P02662,Finance,Article,0.3363,130.9,4.7,426
P02663,Data Science,Article,0.101,19.6,9.9,400
P02664,Finance,Text,0.4873,32.5,3.7,102
P02665,Career,Image,0.2477,54.1,14.4,123
P02666,Design,Job Opportunity,0.3292,101.2,7.5,83
P02667,Software,Article,0.1343,30.5,4.1,108
P02668,Career,Article,0.1683,11.6,2.4,477
P02669,Career,Article,0.3061,44.6,0.8,249
P02670,AI,Video,0.0554,27.8,0.9,199
P02671,Design,Text,0.561,2.1,4.6,1397
P02672,Software,Image,0.5743,38.7,19.8,864
P02673,Leadership,Video,0.3813,4.7,7.3,93
P02674,Career,Article,0.4979,26.6,8.6,165
P02675,Marketing,Text,0.1904,57.9,2.9,155
P02676,Software,Text,0.1738,5.4,3.0,347
P02677,Career,Video,0.1225,13.0,1.1,118
P02678,Finance,Video,0.1014,8.3,10.3,192
P02679,Leadership,Job Opportunity,0.3031,20.9,0.7,461
P02680,Leadership,Article,0.2244,1.3,5.7,297
P02681,Software,Job Opportunity,0.2778,41.3,5.0,116
P02682,Finance,Article,0.2904,2.4,5.2,358
P02683,Machine Learning,Text,0.1264,39.6,11.6,366
P02684,AI,Article,0.4329,10.2,5.5,392
P02685,Leadership,Text,0.2481,44.6,2.8,107
P02686,Machine Learning,Article,0.1808,6.1,9.2,724
P02687,Finance,Article,0.246,55.2,10.0,222
P02688,AI,Video,0.4179,72.7,3.0,131
P02689,Marketing,Image,0.6106,4.1,2.6,349
P02690,Machine Learning,Image,0.3791,4.8,3.7,561
P02691,Software,Image,0.4145,100.7,3.4,532
P02692,Machine Learning,Image,0.1044,21.5,7.4,925
P02693,Design,Job Opportunity,0.6505,3.0,4.0,199
P02694,Marketing,Article,0.453,25.3,5.9,90
P02695,Marketing,Job Opportunity,0.4495,35.6,19.4,254
P02696,Data Science,Text,0.2164,3.9,4.6,34
P02697,Career,Text,0.1832,19.6,3.6,170
P02698,AI,Video,0.2904,39.4,12.0,253
P02699,Data Science,Article,0.1588,59.9,20.3,223
P02700,AI,Article,0.2635,7.9,12.7,497
P02701,Leadership,Text,0.4162,1.5,4.9,325
P02702,Design,Image,0.0563,11.8,9.0,472
P02703,Leadership,Job Opportunity,0.2795,2.2,13.7,414
P02704,Machine Learning,Article,0.1249,29.1,3.5,101
P02705,Career,Text,0.3154,61.4,6.0,534
P02706,Software,Video,0.1466,35.7,3.2,214
P02707,Data Science,Text,0.7112,30.7,2.1,392
P02708,Marketing,Text,0.0231,35.7,8.1,478
P02709,Finance,Text,0.4385,38.5,4.5,175
P02710,Machine Learning,Video,0.41,68.6,2.5,190
P02711,Finance,Article,0.2819,29.1,2.5,339
P02712,Machine Learning,Article,0.2899,50.9,9.9,225
P02713,Leadership,Article,0.4965,35.0,8.1,1307
P02714,AI,Text,0.4266,47.1,8.4,333
P02715,Career,Text,0.0802,4.6,3.5,130
P02716,Design,Video,0.278,35.2,11.7,1751
P02717,Leadership,Job Opportunity,0.5612,117.8,10.4,437
P02718,Marketing,Text,0.4176,93.9,12.2,321
P02719,Data Science,Article,0.2118,7.4,2.1,1112
P02720,Finance,Article,0.3955,15.8,7.1,423
P02721,Finance,Job Opportunity,0.3192,31.0,7.1,309
P02722,Career,Text,0.0829,14.4,3.2,92
P02723,Machine Learning,Image,0.3435,7.6,4.9,53
P02724,Marketing,Job Opportunity,0.1888,3.6,6.5,877
P02725,Finance,Job Opportunity,0.613,36.5,11.9,420
P02726,Software,Job Opportunity,0.5432,12.7,5.9,281
P02727,Data Science,Text,0.2187,16.3,7.7,295
P02728,Finance,Video,0.0827,1.9,1.6,422
P02729,AI,Job Opportunity,0.2837,8.9,4.1,549
P02730,Finance,Video,0.265,0.8,4.4,177
P02731,Machine Learning,Image,0.0695,24.7,10.9,385
P02732,Data Science,Job Opportunity,0.3471,37.9,1.7,503
P02733,Software,Video,0.5146,57.9,11.0,221
P02734,Leadership,Video,0.3322,3.5,2.1,56
P02735,Design,Video,0.6328,0.3,3.3,178
P02736,AI,Text,0.517,5.1,6.8,116
P02737,Software,Article,0.5265,121.3,4.7,853
P02738,Machine Learning,Video,0.3323,21.4,4.2,153
P02739,Finance,Job Opportunity,0.6323,13.7,3.9,149
P02740,Data Science,Job Opportunity,0.3805,39.0,6.4,197
P02741,Finance,Article,0.1967,12.2,6.5,644
P02742,AI,Image,0.2073,6.7,3.6,667
P02743,Career,Article,0.0485,72.5,3.9,173
P02744,Design,Video,0.4765,71.4,4.9,230
P02745,Design,Job Opportunity,0.496,28.9,5.6,287
P02746,Finance,Job Opportunity,0.5643,8.3,0.6,1005
P02747,Leadership,Video,0.3845,19.2,3.1,64
P02748,AI,Video,0.2373,24.5,3.4,106
P02749,Marketing,Text,0.4039,3.1,4.7,2310
P02750,Marketing,Video,0.4168,0.1,6.4,847
P02751,Leadership,Article,0.158,50.6,3.2,100
P02752,Career,Article,0.2836,2.5,4.5,4058
P02753,AI,Image,0.4022,18.9,1.1,550
P02754,Data Science,Article,0.7565,8.4,12.2,362
P02755,Finance,Video,0.3716,10.0,1.9,1077
P02756,Finance,Text,0.2899,14.3,15.6,164
P02757,Finance,Article,0.5675,90.2,6.1,224
P02758,Leadership,Article,0.8066,33.3,9.1,351
P02759,Marketing,Article,0.5342,77.8,5.1,495
P02760,Software,Article,0.3755,14.1,6.5,433
P02761,Marketing,Video,0.6047,26.4,6.5,389
P02762,Marketing,Video,0.4991,1.5,9.6,241
P02763,Machine Learning,Text,0.1744,24.9,7.1,438
P02764,Marketing,Image,0.2333,67.6,1.7,410
P02765,Finance,Image,0.3709,3.2,1.3,328
P02766,Career,Video,0.1367,6.2,2.4,267
P02767,Data Science,Video,0.4274,6.2,5.1,218
P02768,Design,Video,0.4317,15.9,9.9,102
P02769,Finance,Article,0.3768,14.8,3.2,1032
P02770,Design,Text,0.4443,23.5,1.7,602
P02771,AI,Text,0.5509,27.0,2.3,739
P02772,Machine Learning,Image,0.2813,106.3,16.2,131
P02773,Machine Learning,Text,0.4924,25.1,9.4,221
P02774,Career,Job Opportunity,0.207,0.0,2.3,312
P02775,Finance,Article,0.439,0.7,4.1,440
P02776,Leadership,Text,0.3928,20.0,5.5,178
P02777,AI,Article,0.6091,229.4,7.0,1322
P02778,Data Science,Image,0.3316,10.8,23.4,668
P02779,Data Science,Text,0.2132,10.0,5.1,382
P02780,Design,Video,0.1395,3.2,2.8,421
P02781,AI,Video,0.3672,10.8,12.5,277
P02782,Career,Article,0.5532,5.4,17.5,191
P02783,Data Science,Image,0.5862,48.0,4.7,48
P02784,Leadership,Image,0.1334,33.6,7.3,666
P02785,Software,Video,0.4203,5.0,5.0,346
P02786,AI,Text,0.656,1.5,7.4,851
P02787,Leadership,Video,0.3921,2.3,8.8,526
P02788,Machine Learning,Video,0.4097,3.0,6.4,323
P02789,Machine Learning,Job Opportunity,0.4357,98.0,11.6,355
P02790,Design,Article,0.3475,4.3,6.3,183
P02791,Software,Job Opportunity,0.0572,5.1,2.8,127
P02792,Design,Job Opportunity,0.6519,3.3,10.9,150
P02793,Data Science,Text,0.2905,3.8,11.5,153
P02794,Software,Video,0.2069,8.9,0.8,283
P02795,Finance,Text,0.3355,17.4,18.5,618
P02796,Software,Article,0.2619,3.2,2.6,571
P02797,Design,Video,0.4204,20.2,4.7,98
P02798,Marketing,Article,0.363,25.0,4.0,657
P02799,Leadership,Article,0.5156,51.5,3.0,370
P02800,AI,Video,0.5406,35.0,6.8,578
P02801,Software,Job Opportunity,0.3341,12.3,2.0,499
P02802,Marketing,Article,0.2584,58.8,5.8,87
P02803,Finance,Article,0.3183,24.3,9.2,387
P02804,Design,Article,0.3392,47.0,5.3,1072
P02805,Leadership,Article,0.0695,7.8,12.6,128
P02806,Software,Job Opportunity,0.065,0.0,1.9,158
P02807,Finance,Text,0.3289,23.1,4.0,67
P02808,Leadership,Video,0.1773,7.5,2.8,230
P02809,Data Science,Text,0.1872,24.1,8.7,102
P02810,Finance,Job Opportunity,0.7141,44.8,5.5,166
P02811,Career,Text,0.114,28.1,4.2,402
P02812,Software,Job Opportunity,0.3285,7.1,9.4,634
P02813,AI,Video,0.1121,71.5,14.6,70
P02814,Data Science,Job Opportunity,0.593,10.6,7.3,229
P02815,Machine Learning,Text,0.5114,9.0,10.3,274
P02816,Finance,Job Opportunity,0.3035,20.7,0.6,298
P02817,Career,Text,0.5197,29.4,7.5,626
P02818,Leadership,Video,0.165,2.5,21.2,627
P02819,Leadership,Video,0.1658,18.2,7.5,671
P02820,Finance,Text,0.5607,16.7,7.7,401
P02821,Career,Text,0.2082,30.1,6.7,270
P02822,Design,Article,0.0109,120.5,4.8,220
P02823,Leadership,Job Opportunity,0.1465,70.7,4.3,535
P02824,Machine Learning,Text,0.1204,44.8,5.1,168
P02825,Software,Article,0.6756,49.2,7.2,169
P02826,Design,Video,0.5396,72.9,2.5,492
P02827,AI,Video,0.2912,8.7,5.1,601
P02828,Finance,Article,0.261,8.8,10.2,331
P02829,Marketing,Text,0.1776,25.5,5.2,549
P02830,Data Science,Video,0.2597,14.8,4.2,267
P02831,Leadership,Image,0.278,3.4,7.2,293
P02832,AI,Text,0.1914,9.7,1.4,443
P02833,Machine Learning,Text,0.839,0.0,4.8,176
P02834,Software,Image,0.294,9.4,2.3,587
P02835,Machine Learning,Article,0.2762,30.3,6.2,272
P02836,Data Science,Job Opportunity,0.3426,40.1,3.8,287
P02837,Finance,Image,0.1837,29.2,7.3,354
P02838,Design,Job Opportunity,0.4629,22.9,4.9,642
P02839,Finance,Text,0.3002,1.6,7.9,57
P02840,Leadership,Article,0.2182,29.5,5.8,120
P02841,AI,Video,0.3696,56.8,2.2,751
P02842,AI,Article,0.0861,72.8,2.4,488
P02843,Data Science,Text,0.5008,6.3,1.8,232
P02844,Software,Text,0.6359,21.2,6.6,349
P02845,Design,Text,0.4826,31.5,4.1,533
P02846,Finance,Text,0.2444,59.3,4.2,1144
P02847,Finance,Text,0.3586,12.1,9.4,236
P02848,Career,Article,0.2712,37.0,10.5,947
P02849,Career,Video,0.1475,21.7,5.8,520
P02850,Leadership,Text,0.7408,70.8,2.2,158
P02851,Data Science,Video,0.7053,78.5,5.9,203
P02852,Machine Learning,Image,0.5356,2.7,11.3,869
P02853,AI,Video,0.4153,39.7,3.1,1024
P02854,AI,Job Opportunity,0.5743,4.6,9.5,318
P02855,Career,Job Opportunity,0.1323,102.9,10.7,797
P02856,Machine Learning,Article,0.327,12.3,11.8,439
P02857,Data Science,Text,0.2769,35.4,6.2,313
P02858,Finance,Image,0.584,32.4,7.2,384
P02859,Marketing,Image,0.3283,91.8,3.3,108
P02860,AI,Article,0.1964,21.6,3.6,266
P02861,Finance,Job Opportunity,0.2708,21.9,4.9,217
P02862,Software,Job Opportunity,0.6673,35.6,0.8,736
P02863,Data Science,Job Opportunity,0.1791,6.5,1.9,403
P02864,Career,Article,0.1396,51.8,7.2,273
P02865,Finance,Text,0.0857,2.3,11.0,805
P02866,Data Science,Text,0.6114,11.2,3.6,99
P02867,AI,Text,0.1032,95.1,1.6,154
P02868,Design,Article,0.3908,12.2,6.6,908
P02869,Marketing,Article,0.4825,1.8,3.9,552
P02870,Leadership,Job Opportunity,0.2724,12.2,4.5,93
P02871,Data Science,Text,0.2218,137.6,4.7,393
P02872,Software,Video,0.1705,4.0,3.2,120
P02873,Software,Text,0.3585,13.3,2.6,235
P02874,AI,Job Opportunity,0.3335,64.5,15.6,476
P02875,Career,Job Opportunity,0.4098,12.9,9.1,321
P02876,Finance,Video,0.3198,116.2,8.4,313
P02877,Data Science,Text,0.0193,52.8,0.3,171
P02878,Leadership,Article,0.3801,7.2,2.3,831
P02879,Machine Learning,Video,0.6307,63.8,8.1,491
P02880,Finance,Image,0.0748,38.2,1.6,173
P02881,Data Science,Job Opportunity,0.4285,10.8,5.2,364
P02882,Design,Article,0.1628,10.4,5.4,258
P02883,Career,Text,0.4517,34.0,3.7,213
P02884,Leadership,Text,0.1121,2.0,6.7,371
P02885,Software,Text,0.1121,2.0,3.3,1258
P02886,Finance,Video,0.5851,25.1,3.3,165
P02887,Design,Text,0.7024,22.8,2.1,518
P02888,AI,Job Opportunity,0.2929,41.4,11.8,655
P02889,Marketing,Article,0.61,22.0,2.4,488
P02890,Data Science,Text,0.341,39.4,3.6,686
P02891,Leadership,Text,0.6287,3.8,4.9,313
P02892,Finance,Image,0.4351,9.5,4.0,489
P02893,Leadership,Image,0.2722,11.3,11.9,364
P02894,Software,Job Opportunity,0.0807,9.0,9.4,118
P02895,Career,Text,0.2679,49.9,4.8,144
P02896,Career,Article,0.197,52.2,4.8,768
P02897,Marketing,Video,0.678,29.4,2.9,229
P02898,Data Science,Job Opportunity,0.5214,9.3,0.6,255
P02899,Machine Learning,Text,0.4455,93.7,1.5,609
P02900,Machine Learning,Article,0.4492,4.3,11.6,299
P02901,Data Science,Article,0.7078,14.3,7.3,583
P02902,Career,Video,0.1842,14.2,3.4,303
P02903,Design,Text,0.2604,0.2,6.6,145
P02904,Marketing,Article,0.2568,66.9,18.5,745
P02905,Design,Article,0.1168,2.4,7.9,171
P02906,Machine Learning,Video,0.2049,5.3,2.1,906
P02907,Leadership,Text,0.2934,79.8,4.4,522
P02908,Finance,Article,0.254,45.9,6.8,218
P02909,Machine Learning,Video,0.0152,70.7,10.9,531
P02910,Leadership,Article,0.4396,23.1,5.2,228
P02911,Design,Article,0.2562,89.8,4.5,179
P02912,Finance,Text,0.4278,32.2,3.3,391
P02913,Software,Text,0.3726,18.0,1.7,615
P02914,Software,Article,0.0314,11.7,8.4,412
P02915,Marketing,Article,0.5237,54.3,4.3,183
P02916,Leadership,Article,0.3761,8.4,1.6,112
P02917,Machine Learning,Video,0.2549,61.0,3.0,287
P02918,Leadership,Image,0.3596,8.5,6.0,138
P02919,Leadership,Article,0.292,52.3,5.3,305
P02920,AI,Video,0.4414,107.3,7.6,321
P02921,Data Science,Article,0.164,15.2,3.5,584
P02922,Software,Job Opportunity,0.4407,19.9,4.9,554
P02923,Career,Text,0.4871,1.6,1.3,725
P02924,Marketing,Article,0.5339,38.2,3.2,326
P02925,Finance,Text,0.4499,8.0,9.5,240
P02926,Software,Article,0.1302,1.3,5.8,469
P02927,Finance,Article,0.7267,27.2,4.0,463
P02928,Design,Text,0.0381,17.3,8.2,447
P02929,Design,Video,0.2216,46.9,6.3,1522
P02930,Machine Learning,Article,0.8202,47.9,9.9,562
P02931,Finance,Text,0.4661,38.0,2.0,851
P02932,Leadership,Job Opportunity,0.3976,10.3,6.5,139
P02933,Software,Text,0.1345,48.6,5.7,152
P02934,Design,Article,0.6203,6.9,9.2,178
P02935,Finance,Text,0.2907,11.6,2.9,334
P02936,Data Science,Article,0.5636,21.9,7.0,295
P02937,Design,Image,0.5313,40.4,0.3,408
P02938,Marketing,Article,0.4284,6.0,8.8,1239
P02939,AI,Article,0.7388,6.9,7.5,307
P02940,AI,Image,0.5008,19.5,2.4,487
P02941,Design,Image,0.377,26.7,4.9,351
P02942,Marketing,Image,0.3596,2.5,2.0,785
P02943,Career,Article,0.5891,7.2,5.7,550
P02944,Design,Text,0.453,15.1,8.6,317
P02945,Leadership,Job Opportunity,0.3723,3.1,8.2,713
P02946,Design,Text,0.4248,35.8,6.5,538
P02947,Design,Job Opportunity,0.242,8.2,1.4,659
P02948,Data Science,Video,0.4813,54.5,7.1,342
P02949,Marketing,Image,0.3182,11.4,6.9,562
P02950,Career,Article,0.3986,15.4,8.0,275
P02951,Design,Job Opportunity,0.4269,79.7,2.8,146
P02952,Career,Job Opportunity,0.4252,25.0,3.5,229
P02953,Career,Image,0.418,13.2,16.5,539
P02954,Software,Job Opportunity,0.5901,20.7,2.0,506
P02955,Data Science,Image,0.3776,27.0,6.0,191
P02956,Career,Video,0.2654,97.9,2.6,993
P02957,Machine Learning,Video,0.3283,18.8,4.4,149
P02958,Machine Learning,Image,0.2567,5.6,4.8,377
P02959,Career,Image,0.3711,33.8,7.0,237
P02960,Design,Video,0.2495,6.7,5.4,386
P02961,Data Science,Video,0.6004,48.4,0.8,121
P02962,Career,Job Opportunity,0.0419,0.3,2.9,87
P02963,Data Science,Article,0.1202,9.5,4.1,203
P02964,Finance,Video,0.3612,14.7,8.8,569
P02965,Design,Video,0.24,21.6,3.5,384
P02966,Data Science,Image,0.3654,27.3,5.1,112
P02967,Career,Article,0.3049,36.5,5.9,716
P02968,Design,Text,0.1543,93.7,5.7,394
P02969,Leadership,Article,0.2768,28.3,5.2,604
P02970,AI,Video,0.2444,0.3,2.4,252
P02971,Design,Image,0.2054,9.5,3.5,79
P02972,Finance,Video,0.2735,63.4,8.4,1086
P02973,Software,Video,0.4781,37.8,9.4,288
P02974,Finance,Text,0.1907,9.1,10.2,728
P02975,Data Science,Video,0.3443,40.9,3.2,243
P02976,Data Science,Job Opportunity,0.2724,49.6,3.9,356
P02977,Leadership,Video,0.4608,9.5,6.5,90
P02978,Machine Learning,Article,0.4095,67.5,14.1,170
P02979,Marketing,Text,0.4335,9.6,19.6,1081
P02980,Software,Image,0.4043,25.6,3.1,664
P02981,Career,Text,0.4735,19.5,2.8,852
P02982,Design,Video,0.4897,15.7,1.7,487
P02983,Finance,Job Opportunity,0.4582,68.8,7.3,404
P02984,Career,Job Opportunity,0.607,91.4,1.5,709
P02985,Software,Article,0.2859,30.1,6.8,687
P02986,Career,Text,0.5284,79.3,6.9,421
P02987,Finance,Video,0.621,33.1,12.7,357
P02988,Finance,Job Opportunity,0.2023,58.8,2.8,711
P02989,AI,Text,0.4861,5.7,0.8,144
P02990,Marketing,Article,0.1149,20.7,1.8,260
P02991,Career,Video,0.2421,43.4,4.2,108
P02992,Finance,Text,0.4897,41.2,2.7,154
P02993,Machine Learning,Text,0.3219,3.4,3.6,391
P02994,Leadership,Job Opportunity,0.5521,5.0,8.3,614
P02995,Marketing,Text,0.5251,35.1,3.7,1423
P02996,Career,Article,0.2741,4.6,3.8,302
P02997,Design,Article,0.4945,5.1,5.9,239
P02998,Software,Article,0.6808,12.8,3.2,311
P02999,Software,Article,0.2767,5.5,6.8,401
P03000,Design,Text,0.3291,11.2,8.5,1397
P03001,Machine Learning,Article,0.3242,8.6,2.8,333
P03002,Design,Video,0.5144,29.7,12.1,138
P03003,Machine Learning,Text,0.7609,11.6,1.6,450
P03004,Data Science,Video,0.4053,69.4,1.9,353
P03005,Machine Learning,Job Opportunity,0.652,27.0,3.9,320
P03006,Design,Job Opportunity,0.3893,9.3,2.0,267
P03007,Finance,Text,0.2851,77.3,5.9,1731
P03008,Career,Text,0.1511,43.7,18.6,221
P03009,AI,Video,0.5201,3.2,3.9,97
P03010,AI,Text,0.5176,74.0,3.7,204
P03011,Finance,Image,0.6624,2.8,1.9,223
P03012,AI,Video,0.3913,6.6,21.1,120
P03013,Finance,Article,0.5742,87.8,12.0,284
P03014,Leadership,Text,0.2402,4.7,9.3,1201
P03015,Finance,Job Opportunity,0.2231,46.1,4.5,120
P03016,Career,Video,0.1801,3.9,10.1,109
P03017,AI,Video,0.1665,8.0,7.3,600
P03018,Software,Video,0.4408,27.4,3.2,281
P03019,Machine Learning,Text,0.0754,14.3,20.8,243
P03020,Finance,Text,0.3555,57.9,1.0,784
P03021,Data Science,Video,0.5669,10.4,4.1,212
P03022,Finance,Article,0.4589,0.8,2.9,94
P03023,Machine Learning,Video,0.4498,18.8,0.5,627
P03024,Finance,Article,0.1808,23.6,0.4,315
P03025,Leadership,Job Opportunity,0.5612,37.9,1.0,301
P03026,AI,Image,0.1832,15.1,14.1,69
P03027,Career,Article,0.2526,9.0,3.6,148
P03028,Machine Learning,Image,0.4408,5.6,4.3,282
P03029,Career,Video,0.0627,27.4,3.6,141
P03030,Career,Video,0.2466,159.9,3.8,709
P03031,Finance,Text,0.0066,32.5,0.9,314
P03032,AI,Text,0.3624,1.1,6.5,273
P03033,Data Science,Video,0.5685,17.1,7.0,720
P03034,Marketing,Text,0.6629,3.7,3.3,207
P03035,Data Science,Video,0.1833,8.1,8.6,450
P03036,Marketing,Article,0.2862,22.2,14.3,331
P03037,Career,Job Opportunity,0.2318,25.8,1.1,647
P03038,Design,Job Opportunity,0.3197,23.4,4.4,469
P03039,Data Science,Text,0.406,43.1,6.4,545
P03040,Design,Text,0.2087,25.5,1.2,220
P03041,Software,Article,0.3911,36.5,12.1,211
P03042,Design,Job Opportunity,0.0494,61.9,7.9,307
P03043,Machine Learning,Article,0.734,9.3,8.0,543
P03044,Finance,Image,0.1886,13.5,12.2,448
P03045,Leadership,Image,0.2274,45.5,4.3,616
P03046,AI,Text,0.7386,58.0,4.4,169
P03047,Data Science,Image,0.2495,28.6,5.3,114
P03048,Software,Text,0.2138,13.7,6.8,225
P03049,Career,Text,0.5075,12.5,7.1,196
P03050,Finance,Job Opportunity,0.5271,34.3,2.5,156
P03051,AI,Text,0.4032,35.4,1.8,280
P03052,AI,Article,0.403,71.9,7.5,119
P03053,AI,Video,0.2482,2.6,7.1,212
P03054,AI,Video,0.3107,12.1,10.3,153
P03055,Finance,Video,0.3224,21.2,9.1,130
P03056,Software,Text,0.5479,13.9,1.5,124
P03057,Machine Learning,Video,0.5164,31.6,1.9,151
P03058,Data Science,Text,0.0909,81.5,2.7,499
P03059,Data Science,Text,0.2212,30.3,5.8,263
P03060,Marketing,Article,0.2961,23.9,11.6,361
P03061,Finance,Video,0.5848,31.3,5.8,280
P03062,Design,Image,0.5087,23.2,4.8,549
P03063,Data Science,Article,0.4361,2.7,1.9,493
P03064,Data Science,Article,0.2634,16.2,4.6,505
P03065,Data Science,Image,0.5073,19.4,7.9,285
P03066,AI,Text,0.3485,31.8,3.8,321
P03067,Leadership,Text,0.3396,178.4,3.4,129
P03068,Finance,Video,0.4268,1.3,9.7,188
P03069,Data Science,Text,0.2436,14.5,6.9,595
P03070,Data Science,Article,0.2954,53.6,9.1,212
P03071,Finance,Image,0.3106,21.5,2.8,269
P03072,Design,Article,0.2935,4.5,13.7,532
P03073,Data Science,Image,0.5174,30.6,3.3,399
P03074,Data Science,Image,0.1956,39.0,4.3,331
P03075,Machine Learning,Article,0.5247,25.3,7.5,271
P03076,Software,Image,0.8083,0.4,3.3,630
P03077,Leadership,Video,0.3122,25.2,6.2,194
P03078,Leadership,Job Opportunity,0.1455,20.0,6.4,424
P03079,Career,Video,0.2153,88.3,4.5,263
P03080,Finance,Text,0.3987,20.4,6.6,506
P03081,Design,Video,0.2597,4.9,3.7,542
P03082,Finance,Video,0.191,20.7,6.9,359
P03083,Machine Learning,Image,0.1566,3.0,8.0,761
P03084,Machine Learning,Text,0.7475,24.3,5.2,572
P03085,Finance,Image,0.42,27.1,8.6,261
P03086,Data Science,Text,0.6215,6.0,2.9,390
P03087,AI,Job Opportunity,0.6465,4.2,5.3,404
P03088,AI,Text,0.1616,17.7,14.9,703
P03089,Marketing,Article,0.1139,26.6,5.2,102
P03090,Leadership,Article,0.4594,17.2,4.5,775
P03091,Machine Learning,Job Opportunity,0.298,27.7,2.2,95
P03092,Software,Image,0.247,14.0,3.0,469
P03093,Finance,Text,0.1913,54.2,5.0,466
P03094,Machine Learning,Job Opportunity,0.4082,1.8,9.8,280
P03095,Career,Article,0.1052,216.7,8.3,525
P03096,Marketing,Article,0.394,17.2,11.9,128
P03097,Data Science,Article,0.2411,46.1,2.6,174
P03098,Marketing,Text,0.4545,0.2,6.4,141
P03099,Machine Learning,Text,0.4563,3.1,5.3,194
P03100,Software,Article,0.2421,86.0,5.5,753
P03101,Finance,Article,0.4238,3.1,7.9,880
P03102,Design,Text,0.3843,8.3,7.4,306
P03103,Career,Article,0.4147,22.5,7.1,382
P03104,Marketing,Video,0.5751,30.5,7.4,1517
P03105,Data Science,Text,0.398,24.5,1.0,236
P03106,Design,Article,0.254,19.0,15.2,192
P03107,Machine Learning,Article,0.6412,49.2,5.4,684
P03108,Software,Video,0.4499,71.3,8.2,217
P03109,Data Science,Image,0.3474,59.4,20.6,152
P03110,Finance,Text,0.3745,29.9,9.8,660
P03111,Leadership,Video,0.4752,100.2,3.4,976
P03112,Data Science,Job Opportunity,0.4058,43.8,4.8,222
P03113,Design,Image,0.3995,11.8,9.9,321
P03114,Data Science,Text,0.2673,11.1,11.6,671
P03115,Marketing,Job Opportunity,0.624,5.2,5.3,180
P03116,AI,Text,0.346,29.7,1.4,698
P03117,Machine Learning,Text,0.3005,7.4,2.8,1051
P03118,Machine Learning,Video,0.4353,60.1,3.8,123
P03119,AI,Text,0.1064,33.2,6.3,113
P03120,Career,Job Opportunity,0.3612,42.1,6.7,91
P03121,Marketing,Article,0.4218,7.9,8.4,218
P03122,Career,Text,0.1239,37.2,9.5,121
P03123,Software,Article,0.5116,4.0,0.5,786
P03124,AI,Video,0.3781,17.8,4.1,153
P03125,Software,Text,0.1479,1.6,9.5,239
P03126,AI,Text,0.1495,33.5,12.8,440
P03127,Software,Job Opportunity,0.1673,1.5,7.0,171
P03128,AI,Article,0.5487,16.4,2.3,332
P03129,Machine Learning,Article,0.1492,12.0,5.8,553
P03130,Marketing,Video,0.4295,75.3,10.6,3934
P03131,Design,Text,0.4025,16.8,1.7,447
P03132,Software,Article,0.1811,55.7,2.4,93
P03133,Design,Text,0.5057,74.6,2.5,574
P03134,Leadership,Article,0.3122,12.4,7.4,422
P03135,Machine Learning,Text,0.6563,3.1,3.0,493
P03136,AI,Image,0.3727,6.5,0.3,305
P03137,Machine Learning,Text,0.425,20.9,10.7,667
P03138,Leadership,Text,0.3159,5.7,5.1,270
P03139,Leadership,Text,0.5697,17.5,15.4,422
P03140,Career,Job Opportunity,0.0771,18.0,8.1,389
P03141,Finance,Image,0.3376,25.5,5.2,359
P03142,AI,Text,0.5819,16.6,8.8,254
P03143,Design,Video,0.199,34.4,2.7,807
P03144,Career,Text,0.4806,27.8,6.5,994
P03145,Leadership,Article,0.6006,21.5,6.4,1550
P03146,Design,Text,0.6731,87.7,4.8,367
P03147,Software,Video,0.0352,18.7,1.9,397
P03148,Finance,Text,0.225,50.6,6.2,416
P03149,Finance,Text,0.1197,44.6,6.1,176
P03150,Software,Video,0.1603,50.8,3.3,671
P03151,Design,Job Opportunity,0.2811,2.4,1.8,267
P03152,Marketing,Job Opportunity,0.1678,2.5,3.0,532
P03153,Design,Video,0.4577,67.3,13.5,132
P03154,Software,Video,0.557,28.6,3.5,521
P03155,Finance,Text,0.4688,15.1,6.2,926
P03156,Design,Text,0.3012,9.7,6.0,198
P03157,Machine Learning,Image,0.3459,2.0,4.7,235
P03158,Finance,Article,0.5338,70.6,13.9,230
P03159,Career,Job Opportunity,0.3699,82.4,7.8,230
P03160,Career,Text,0.2875,3.6,7.2,985
P03161,Leadership,Article,0.2308,1.3,5.3,372
P03162,Marketing,Text,0.4025,96.1,3.5,157
P03163,AI,Image,0.336,79.7,5.4,177
P03164,Software,Text,0.1993,46.2,7.9,66
P03165,Career,Video,0.2687,6.3,8.9,185
P03166,Finance,Text,0.7279,14.4,7.9,125
P03167,Data Science,Video,0.3366,28.2,0.9,130
P03168,Career,Video,0.4232,22.0,1.4,244
P03169,Data Science,Job Opportunity,0.1685,61.3,4.4,144
P03170,Data Science,Text,0.1823,21.7,1.4,300
P03171,Data Science,Text,0.4245,37.6,2.6,454
P03172,Data Science,Article,0.2263,3.9,2.1,431
P03173,Finance,Text,0.304,36.8,4.5,403
P03174,Design,Image,0.0119,64.0,5.3,45
P03175,Design,Article,0.5329,5.0,1.9,226
P03176,Data Science,Job Opportunity,0.2329,23.2,11.5,919
P03177,Data Science,Article,0.4768,32.4,6.5,1824
P03178,Career,Image,0.0888,12.1,5.1,631
P03179,Marketing,Video,0.2531,67.2,8.6,346
P03180,Machine Learning,Job Opportunity,0.2009,68.9,5.0,170
P03181,Finance,Text,0.2469,45.6,6.8,898
P03182,Career,Video,0.3389,11.1,3.6,292
P03183,Data Science,Article,0.2016,21.9,2.8,271
P03184,Marketing,Text,0.1121,50.9,2.1,828
P03185,Leadership,Image,0.6091,73.9,5.5,28
P03186,Machine Learning,Article,0.2132,28.2,6.4,312
P03187,Design,Image,0.4648,7.0,16.9,102
P03188,AI,Text,0.2928,74.4,0.8,514
P03189,Machine Learning,Text,0.3709,0.5,5.0,1205
P03190,Software,Video,0.174,62.1,8.8,490
P03191,AI,Article,0.8138,54.0,2.6,1597
P03192,Marketing,Video,0.2308,16.6,10.1,390
P03193,Finance,Job Opportunity,0.3181,48.4,8.8,1048
P03194,Data Science,Article,0.4833,63.7,10.5,93
P03195,Design,Text,0.3687,45.1,7.1,391
P03196,Software,Article,0.4494,12.3,2.8,115
P03197,Career,Text,0.0392,90.7,5.2,449
P03198,Marketing,Image,0.4262,55.6,9.4,256
P03199,Leadership,Job Opportunity,0.4768,9.2,3.0,282
P03200,Design,Text,0.3289,6.4,1.4,278
P03201,Software,Article,0.3699,1.2,1.9,765
P03202,Machine Learning,Article,0.2492,14.6,7.9,385
P03203,Career,Text,0.156,40.6,3.2,384
P03204,Marketing,Text,0.4305,0.8,6.5,335
P03205,Machine Learning,Job Opportunity,0.5468,3.7,8.6,587
P03206,Design,Article,0.2442,20.4,3.8,277
P03207,Leadership,Image,0.403,1.0,2.3,136
P03208,Finance,Text,0.2404,42.6,2.5,712
P03209,Machine Learning,Job Opportunity,0.3349,13.1,15.5,232
P03210,Design,Job Opportunity,0.5436,44.7,2.6,413
P03211,Finance,Job Opportunity,0.205,25.1,6.8,608
P03212,Marketing,Text,0.2569,15.7,0.9,140
P03213,AI,Text,0.5807,6.3,9.0,172
P03214,Leadership,Article,0.242,15.2,6.5,105
P03215,Career,Article,0.228,62.0,4.5,250
P03216,Career,Video,0.2059,31.1,5.0,770
P03217,Data Science,Job Opportunity,0.6406,11.8,5.8,324
P03218,Machine Learning,Video,0.3958,38.5,1.5,1023
P03219,Data Science,Text,0.2534,39.9,7.4,429
P03220,Marketing,Article,0.1091,180.8,14.1,209
P03221,Software,Video,0.3087,141.6,0.2,191
P03222,Marketing,Article,0.5417,43.4,3.0,1171
P03223,Design,Article,0.1447,12.8,5.0,617
P03224,Machine Learning,Article,0.4987,34.8,11.2,286
P03225,Software,Job Opportunity,0.4475,12.8,13.3,368
P03226,Finance,Text,0.0941,49.9,0.7,231
P03227,Machine Learning,Job Opportunity,0.2014,121.6,8.5,44
P03228,Leadership,Text,0.5827,3.1,12.6,354
P03229,AI,Video,0.2914,34.1,1.1,122
P03230,AI,Image,0.1185,17.7,6.9,247
P03231,Data Science,Job Opportunity,0.132,20.9,12.7,121
P03232,Data Science,Article,0.5594,0.6,4.1,285
P03233,Leadership,Article,0.8047,34.7,6.3,149
P03234,Machine Learning,Article,0.2331,8.6,3.9,349
P03235,Career,Text,0.0794,17.2,6.9,576
P03236,Machine Learning,Article,0.3942,6.0,9.7,424
P03237,Design,Video,0.167,55.4,10.9,102
P03238,Finance,Text,0.4314,7.9,3.1,87
P03239,Leadership,Job Opportunity,0.329,6.1,1.9,118
P03240,AI,Image,0.1006,71.1,6.9,750
P03241,Leadership,Video,0.265,7.0,7.9,1903
P03242,Data Science,Video,0.2675,35.9,1.7,193
P03243,Finance,Article,0.3115,35.2,4.3,146
P03244,AI,Article,0.264,26.6,12.3,1002
P03245,Marketing,Text,0.3657,46.3,4.2,236
P03246,Design,Job Opportunity,0.4173,2.0,10.3,310
P03247,Design,Article,0.6008,94.5,3.4,376
P03248,Career,Text,0.4337,28.7,10.3,191
P03249,Leadership,Image,0.5616,54.4,5.1,178
P03250,Machine Learning,Text,0.2365,26.8,4.4,310
P03251,Data Science,Job Opportunity,0.1029,1.0,5.3,238
P03252,AI,Job Opportunity,0.6978,21.7,2.9,79
P03253,Software,Article,0.3031,129.1,1.8,161
P03254,Software,Video,0.1351,34.0,4.1,296
P03255,Leadership,Article,0.1613,37.4,7.9,212
P03256,AI,Text,0.153,12.8,1.2,491
P03257,Design,Job Opportunity,0.3735,7.7,11.0,177
P03258,Leadership,Article,0.2912,54.6,4.4,1408
P03259,Leadership,Job Opportunity,0.5442,20.3,8.1,344
P03260,Marketing,Job Opportunity,0.5437,6.3,4.0,351
P03261,Software,Video,0.4242,6.7,7.6,219
P03262,Finance,Text,0.5641,1.4,7.9,267
P03263,Marketing,Text,0.4713,38.9,12.1,73
P03264,Career,Text,0.319,73.9,1.2,330
P03265,Leadership,Article,0.1881,5.4,4.9,1595
P03266,Career,Article,0.3298,9.1,9.7,677
P03267,Finance,Article,0.4085,0.6,5.0,90
P03268,Data Science,Video,0.458,31.5,4.5,417
P03269,Career,Article,0.1561,82.8,4.2,472
P03270,Marketing,Text,0.2643,20.4,5.5,1113
P03271,Data Science,Video,0.2662,13.0,7.8,176
P03272,Data Science,Article,0.3851,8.6,4.5,2055
P03273,Marketing,Text,0.3073,32.9,9.8,361
P03274,Marketing,Article,0.5986,0.6,6.2,170
P03275,Data Science,Article,0.3402,15.7,4.7,90
P03276,Machine Learning,Article,0.448,0.1,5.5,300
P03277,Design,Article,0.5879,11.9,9.7,390
P03278,Software,Text,0.7018,29.0,3.2,132
P03279,Machine Learning,Article,0.5451,36.1,4.2,544
P03280,Software,Text,0.2126,2.2,3.4,503
P03281,Career,Video,0.4588,110.5,4.3,333
P03282,Machine Learning,Video,0.0179,2.1,5.3,166
P03283,Leadership,Text,0.2742,9.1,9.6,335
P03284,Data Science,Job Opportunity,0.2158,0.8,7.8,1442
P03285,Marketing,Image,0.4057,7.2,5.2,158
P03286,Leadership,Video,0.0888,61.2,5.0,81
P03287,Software,Text,0.184,76.5,7.0,245
P03288,Data Science,Article,0.2332,6.5,4.0,173
P03289,Career,Text,0.1645,96.6,3.1,75
P03290,Design,Text,0.3346,12.9,7.0,458
P03291,Career,Job Opportunity,0.2617,82.9,3.2,115
P03292,Software,Job Opportunity,0.3491,0.9,2.7,106
P03293,Software,Article,0.2718,11.7,17.8,637
P03294,Design,Job Opportunity,0.4366,45.0,1.0,1013
P03295,Leadership,Image,0.1606,4.1,0.8,2617
P03296,Machine Learning,Video,0.4408,2.5,4.9,95
P03297,Marketing,Job Opportunity,0.2474,67.0,7.5,452
P03298,Software,Text,0.614,4.9,4.6,108
P03299,Machine Learning,Text,0.1684,32.2,4.1,350
P03300,Machine Learning,Job Opportunity,0.2504,40.8,14.8,291
P03301,Data Science,Article,0.3238,46.3,3.4,60
P03302,Software,Video,0.7445,40.8,5.3,504
P03303,Career,Image,0.3926,10.3,4.3,330
P03304,Machine Learning,Job Opportunity,0.6895,128.8,5.8,536
P03305,Machine Learning,Article,0.4901,26.4,4.4,121
P03306,Marketing,Video,0.3755,3.0,6.8,1793
P03307,Data Science,Article,0.2282,11.1,5.4,408
P03308,Machine Learning,Job Opportunity,0.2891,36.6,3.9,431
P03309,AI,Text,0.4033,7.4,1.9,997
P03310,AI,Video,0.3435,41.1,0.4,327
P03311,Software,Job Opportunity,0.3308,23.8,7.2,161
P03312,Software,Text,0.516,28.8,2.7,790
P03313,Marketing,Text,0.3484,6.7,5.3,293
P03314,Leadership,Text,0.1747,0.8,1.9,715
P03315,Machine Learning,Video,0.2297,47.7,8.7,301
P03316,Data Science,Video,0.3933,0.9,8.5,1876
P03317,Finance,Image,0.0903,2.5,2.9,316
P03318,Machine Learning,Article,0.508,1.7,7.8,198
P03319,Finance,Text,0.0825,32.0,8.7,428
P03320,AI,Text,0.4809,39.9,11.4,224
P03321,Software,Article,0.1582,53.8,2.1,163
P03322,Leadership,Image,0.6071,33.3,4.0,958
P03323,Software,Text,0.4831,181.5,4.9,118
P03324,Leadership,Article,0.1902,1.3,4.3,744
P03325,AI,Video,0.5915,15.9,12.6,1175
P03326,Finance,Text,0.5644,7.3,6.9,248
P03327,Design,Video,0.819,148.8,2.6,404
P03328,Finance,Article,0.2325,1.9,14.8,167
P03329,Career,Article,0.3165,12.8,7.4,813
P03330,Software,Article,0.4118,72.4,4.1,116
P03331,Machine Learning,Text,0.0906,10.3,1.4,722
P03332,Finance,Image,0.448,22.9,4.5,327
P03333,Software,Video,0.2904,20.2,11.0,165
P03334,Leadership,Article,0.6294,9.0,5.2,186
P03335,Data Science,Video,0.3934,3.2,4.3,480
P03336,Leadership,Text,0.1351,23.5,6.9,125
P03337,AI,Image,0.4742,36.3,4.7,503
P03338,Data Science,Text,0.0772,47.9,8.0,371
P03339,Software,Video,0.3142,71.3,9.0,236
P03340,Leadership,Video,0.2043,16.6,2.8,479
P03341,Machine Learning,Video,0.3829,11.7,10.1,171
P03342,Finance,Text,0.1977,24.2,2.8,259
P03343,Data Science,Article,0.6977,15.5,5.8,237
P03344,Leadership,Article,0.1022,4.3,12.9,117
P03345,Data Science,Image,0.325,79.8,5.6,248
P03346,Leadership,Video,0.361,9.5,1.4,92
P03347,AI,Video,0.431,38.9,6.1,207
P03348,Leadership,Text,0.2877,28.8,8.3,81
P03349,Marketing,Article,0.4957,11.6,8.4,143
P03350,Machine Learning,Text,0.2997,17.3,9.9,155
P03351,AI,Video,0.4979,21.0,5.9,451
P03352,Software,Article,0.7398,83.6,9.0,150
P03353,Design,Job Opportunity,0.5642,13.8,2.6,119
P03354,Software,Article,0.2782,7.3,7.9,238
P03355,Finance,Video,0.1466,28.6,3.9,1477
P03356,Finance,Text,0.8948,9.4,11.3,86
P03357,Software,Job Opportunity,0.4766,9.6,5.8,566
P03358,Finance,Image,0.2126,7.1,4.2,430
P03359,Machine Learning,Text,0.5232,25.8,9.1,1724
P03360,Leadership,Text,0.7947,14.0,5.5,410
P03361,Machine Learning,Job Opportunity,0.4404,11.0,1.4,336
P03362,Marketing,Video,0.2719,71.2,2.4,335
P03363,Software,Article,0.2428,3.6,16.2,316
P03364,Marketing,Image,0.6575,12.3,6.7,570
P03365,Finance,Text,0.1596,6.7,6.0,212
P03366,Marketing,Text,0.2411,69.9,4.7,3690
P03367,Marketing,Image,0.5741,43.4,6.6,646
P03368,Software,Job Opportunity,0.4298,45.0,7.2,279
P03369,Marketing,Article,0.5612,30.1,1.7,266
P03370,Software,Text,0.3596,10.9,4.2,321
P03371,Data Science,Text,0.6156,19.2,3.0,314
P03372,Machine Learning,Job Opportunity,0.281,5.4,1.9,544
P03373,Finance,Job Opportunity,0.3626,22.2,1.0,413
P03374,Career,Job Opportunity,0.4085,73.9,17.1,1051
P03375,Marketing,Article,0.3385,8.8,21.9,151
P03376,AI,Article,0.4516,5.9,16.9,318
P03377,AI,Video,0.5209,14.0,9.1,150
P03378,Software,Article,0.2651,41.6,6.3,224
P03379,Marketing,Article,0.7548,14.9,3.7,217
P03380,Software,Text,0.5515,12.3,4.2,613
P03381,Design,Video,0.3526,15.2,2.0,197
P03382,Marketing,Video,0.6856,35.5,4.9,1006
P03383,Design,Image,0.8005,1.5,1.3,1052
P03384,Design,Article,0.1791,38.0,5.8,583
P03385,AI,Image,0.6625,26.6,2.1,132
P03386,Career,Text,0.0725,42.1,9.5,1040
P03387,AI,Text,0.3125,30.9,4.0,234
P03388,AI,Video,0.3697,27.5,11.1,252
P03389,Finance,Image,0.624,4.7,11.2,498
P03390,Finance,Article,0.1007,73.6,7.7,166
P03391,Marketing,Image,0.3382,28.5,12.3,894
P03392,AI,Video,0.6536,30.3,5.6,624
P03393,AI,Video,0.371,6.1,10.7,3553
P03394,Career,Job Opportunity,0.0892,49.5,6.7,420
P03395,Marketing,Video,0.3104,46.0,11.1,297
P03396,Data Science,Video,0.6155,0.7,6.1,1642
P03397,Machine Learning,Text,0.3485,94.8,10.3,74
P03398,Machine Learning,Text,0.3404,21.2,9.9,396
P03399,Software,Image,0.561,0.7,6.1,296
P03400,Finance,Job Opportunity,0.6103,28.1,2.9,884
P03401,Career,Image,0.2115,4.0,10.4,3967
P03402,Data Science,Image,0.242,20.3,6.1,192
P03403,Data Science,Video,0.1672,54.3,10.8,833
P03404,Design,Image,0.4572,15.9,3.8,1006
P03405,AI,Article,0.2427,34.5,1.3,945
P03406,AI,Text,0.0476,26.2,1.1,402
P03407,Design,Video,0.0518,34.1,2.9,586
P03408,Design,Text,0.6272,8.9,10.6,154
P03409,Data Science,Video,0.3505,62.5,4.1,1366
P03410,Software,Job Opportunity,0.2035,14.9,7.5,139
P03411,Machine Learning,Job Opportunity,0.3261,34.4,7.3,152
P03412,Machine Learning,Image,0.4923,2.7,0.8,263
P03413,Design,Image,0.2742,2.5,7.9,209
P03414,Leadership,Image,0.5269,0.2,7.7,468
P03415,Career,Video,0.4714,15.5,3.0,257
P03416,Finance,Text,0.4252,5.5,6.7,165
P03417,Marketing,Job Opportunity,0.3114,6.4,12.3,135
P03418,Design,Text,0.2258,32.9,5.6,854
P03419,Data Science,Video,0.2568,7.4,9.3,504
P03420,Finance,Article,0.42,45.0,4.9,117
P03421,Software,Text,0.7753,44.3,16.6,550
P03422,Finance,Text,0.4917,31.0,2.6,256
P03423,Machine Learning,Video,0.3507,2.8,6.2,93
P03424,Machine Learning,Job Opportunity,0.5154,71.0,1.6,122
P03425,Data Science,Article,0.4452,12.9,7.2,745
P03426,Design,Article,0.1617,44.8,1.0,973
P03427,Software,Job Opportunity,0.2101,0.2,5.1,580
P03428,Marketing,Article,0.0577,120.0,13.6,184
P03429,Marketing,Image,0.5426,10.2,9.2,499
P03430,Marketing,Image,0.2574,9.6,1.9,490
P03431,Machine Learning,Image,0.3242,7.7,11.5,45
P03432,Career,Article,0.245,50.4,5.1,527
P03433,Career,Image,0.3029,103.4,4.6,385
P03434,AI,Job Opportunity,0.3729,2.8,4.4,2156
P03435,Data Science,Text,0.3795,2.2,4.1,1622
P03436,Career,Video,0.3022,33.2,2.5,310
P03437,Software,Text,0.3736,7.5,3.9,472
P03438,Finance,Job Opportunity,0.1923,2.3,4.9,365
P03439,Career,Article,0.0762,9.6,0.9,227
P03440,Career,Text,0.3433,50.9,3.2,111
P03441,Data Science,Article,0.2597,1.3,8.3,193
P03442,Leadership,Job Opportunity,0.1997,6.4,4.9,230
P03443,Design,Video,0.2454,11.8,9.2,859
P03444,Finance,Article,0.1816,5.7,1.4,392
P03445,Design,Article,0.3658,50.1,1.4,210
P03446,Leadership,Job Opportunity,0.4647,2.0,6.3,183
P03447,Marketing,Article,0.5615,2.6,2.9,470
P03448,Leadership,Video,0.5001,69.7,3.1,257
P03449,Machine Learning,Video,0.2927,27.5,3.9,142
P03450,AI,Image,0.2717,34.3,3.3,157
P03451,Career,Video,0.176,14.7,4.3,1353
P03452,Leadership,Image,0.3153,187.2,7.0,298
P03453,Design,Article,0.3789,6.1,21.5,797
P03454,Finance,Text,0.4901,31.1,3.3,80
P03455,Data Science,Article,0.2774,2.1,10.7,851
P03456,Career,Text,0.5477,23.0,0.7,616
P03457,Design,Video,0.1653,2.6,4.6,674
P03458,Career,Video,0.483,19.0,5.5,92
P03459,Career,Job Opportunity,0.2817,6.1,3.2,339
P03460,Machine Learning,Job Opportunity,0.4351,0.6,4.3,172
P03461,Career,Text,0.1266,5.7,5.1,129
P03462,AI,Video,0.5868,16.1,2.5,73
P03463,Leadership,Video,0.674,28.6,6.6,140
P03464,Machine Learning,Job Opportunity,0.4756,44.8,6.1,132
P03465,AI,Article,0.4684,111.9,4.8,619
P03466,Leadership,Video,0.1303,23.6,4.5,203
P03467,Data Science,Text,0.5472,36.1,8.4,292
P03468,Career,Text,0.1159,13.7,7.7,863
P03469,Software,Video,0.2012,20.0,3.3,350
P03470,Leadership,Text,0.3996,62.6,10.8,186
P03471,Marketing,Article,0.4553,7.7,6.3,389
P03472,Career,Image,0.5868,56.3,4.4,176
P03473,Career,Article,0.2553,39.4,10.9,81
P03474,Marketing,Text,0.1296,16.7,1.3,445
P03475,Data Science,Video,0.2664,17.4,3.1,555
P03476,Finance,Video,0.3647,4.4,11.3,283
P03477,Marketing,Video,0.1477,34.5,6.4,298
P03478,Design,Job Opportunity,0.5275,25.4,7.0,235
P03479,Machine Learning,Text,0.2005,40.5,5.0,1139
P03480,AI,Article,0.4682,3.7,2.8,420
P03481,Finance,Article,0.749,2.0,4.8,298
P03482,Data Science,Text,0.4474,72.3,8.0,717
P03483,Design,Text,0.5072,15.7,4.9,770
P03484,Software,Job Opportunity,0.2006,15.8,8.0,471
P03485,Machine Learning,Text,0.3399,32.5,6.7,716
P03486,Machine Learning,Text,0.3103,5.4,3.1,515
P03487,Design,Job Opportunity,0.7363,0.2,6.7,344
P03488,Marketing,Image,0.4296,66.8,8.8,731
P03489,Design,Video,0.2672,11.6,2.4,156
P03490,Software,Text,0.1092,62.3,4.1,154
P03491,AI,Article,0.5517,33.4,4.5,491
P03492,Finance,Video,0.2814,88.1,6.0,192
P03493,Machine Learning,Article,0.4193,4.2,14.2,637
P03494,Machine Learning,Text,0.6733,25.8,2.9,404
P03495,Career,Job Opportunity,0.2981,25.7,4.4,1731
P03496,Data Science,Text,0.4227,58.9,3.1,150
P03497,AI,Article,0.4869,4.9,1.3,696
P03498,Machine Learning,Article,0.1154,83.3,7.5,222
P03499,Data Science,Job Opportunity,0.1072,46.9,13.7,418
P03500,Design,Article,0.1792,22.9,8.0,591
P03501,Marketing,Text,0.3669,25.4,2.6,453
P03502,Finance,Image,0.2614,15.3,2.6,496
P03503,Marketing,Text,0.092,13.2,4.3,463
P03504,Career,Image,0.4469,15.3,3.3,273
P03505,Machine Learning,Article,0.37,0.5,2.8,656
P03506,Finance,Image,0.4493,4.6,9.2,684
P03507,Data Science,Article,0.4448,20.0,9.5,253
P03508,AI,Text,0.1387,88.2,4.0,177
P03509,Finance,Text,0.2224,10.9,9.4,412
P03510,Leadership,Job Opportunity,0.3336,17.4,9.4,391
P03511,Marketing,Text,0.3815,74.2,2.4,92
P03512,AI,Image,0.3719,102.3,4.9,397
P03513,Data Science,Video,0.13,24.0,1.6,174
P03514,Data Science,Image,0.4237,46.3,3.0,71
P03515,Machine Learning,Video,0.1721,14.0,11.2,453
P03516,Finance,Text,0.4266,72.7,13.4,126
P03517,Finance,Video,0.3259,1.8,6.7,927
P03518,Career,Text,0.1482,42.0,9.5,619
P03519,Leadership,Job Opportunity,0.1656,20.5,3.5,402
P03520,Design,Job Opportunity,0.4536,103.3,3.4,1006
P03521,Data Science,Article,0.5321,13.3,7.4,715
P03522,Machine Learning,Job Opportunity,0.2991,8.9,4.4,162
P03523,Finance,Article,0.3591,20.3,0.9,743
P03524,Marketing,Video,0.2033,48.0,4.3,191
P03525,Software,Image,0.4054,15.3,10.5,689
P03526,Finance,Article,0.8044,2.0,4.9,236
P03527,Design,Article,0.4348,11.8,9.7,120
P03528,Leadership,Image,0.5563,62.7,1.2,465
P03529,Marketing,Text,0.1445,112.4,5.2,225
P03530,Design,Text,0.3586,4.3,3.9,784
P03531,AI,Image,0.1651,13.6,1.9,939
P03532,Finance,Text,0.1072,22.5,5.0,83
P03533,Software,Article,0.2001,68.7,4.2,330
P03534,Software,Job Opportunity,0.6177,50.2,12.3,556
P03535,Career,Video,0.2542,8.3,10.7,365
P03536,Career,Video,0.2382,3.9,4.4,371
P03537,Finance,Text,0.2996,1.7,4.7,410
P03538,Finance,Job Opportunity,0.343,5.0,3.2,92
P03539,Marketing,Article,0.2656,8.3,2.2,1186
P03540,Career,Article,0.333,33.9,5.8,561
P03541,AI,Text,0.2709,5.7,1.1,196
P03542,Marketing,Image,0.4151,2.1,3.7,181
P03543,AI,Article,0.1394,25.5,2.1,661
P03544,Design,Text,0.0885,7.3,6.9,407
P03545,Software,Text,0.4556,26.5,8.7,442
P03546,AI,Video,0.1982,19.2,4.8,515
P03547,Career,Article,0.1363,10.5,4.2,396
P03548,Leadership,Video,0.1037,32.9,9.2,73
P03549,Design,Text,0.3991,4.6,3.2,238
P03550,Data Science,Text,0.3215,73.3,8.9,517
P03551,Software,Article,0.1975,37.5,6.4,553
P03552,Leadership,Job Opportunity,0.3325,41.9,5.0,226
P03553,Design,Video,0.6748,59.7,11.9,321
P03554,Design,Article,0.2117,49.6,9.1,838
P03555,Data Science,Text,0.1216,13.5,1.8,1017
P03556,Marketing,Article,0.3913,27.3,3.8,430
P03557,Career,Text,0.0612,9.7,2.3,672
P03558,Leadership,Video,0.2878,18.4,4.3,439
P03559,Marketing,Article,0.359,16.2,10.0,581
P03560,Machine Learning,Job Opportunity,0.3168,63.0,8.2,328
P03561,Marketing,Text,0.4822,49.9,1.9,204
P03562,Machine Learning,Article,0.2742,200.9,3.3,1451
P03563,Finance,Article,0.4761,90.4,4.0,1394
P03564,Marketing,Article,0.3148,44.1,6.3,338
P03565,AI,Image,0.7925,30.1,6.8,454
P03566,Data Science,Text,0.6399,83.9,1.1,379
P03567,Software,Image,0.5036,22.6,10.5,345
P03568,Machine Learning,Article,0.1732,22.5,4.1,357
P03569,Marketing,Text,0.6216,24.6,9.5,845
P03570,Leadership,Text,0.5462,4.5,1.8,141
P03571,Design,Text,0.2243,22.4,1.4,203
P03572,Leadership,Article,0.1346,15.0,6.6,697
P03573,Machine Learning,Article,0.5406,10.0,3.6,384
P03574,AI,Job Opportunity,0.4955,24.6,4.4,932
P03575,Career,Video,0.3485,97.2,4.2,361
P03576,AI,Article,0.2822,9.8,6.2,453
P03577,Data Science,Image,0.079,17.8,5.9,289
P03578,Data Science,Text,0.3896,100.1,7.4,1007
P03579,Machine Learning,Image,0.2263,55.3,11.4,685
P03580,Marketing,Job Opportunity,0.373,9.9,16.2,138
P03581,Leadership,Article,0.1657,10.7,9.7,562
P03582,Design,Job Opportunity,0.7065,62.7,8.4,782
P03583,Finance,Article,0.2604,77.2,5.0,332
P03584,Data Science,Text,0.1273,8.4,0.5,596
P03585,Machine Learning,Video,0.4015,30.5,3.5,968
P03586,AI,Video,0.2428,11.2,6.7,316
P03587,Career,Article,0.7192,34.8,1.2,450
P03588,Career,Article,0.4015,20.0,7.2,233
P03589,Design,Text,0.6585,55.7,1.6,526
P03590,Machine Learning,Text,0.307,18.0,3.2,161
P03591,Data Science,Text,0.3362,13.4,4.1,585
P03592,Marketing,Article,0.2621,0.7,2.6,1175
P03593,Career,Job Opportunity,0.7337,204.5,3.3,170
P03594,Data Science,Image,0.3892,7.3,7.0,1003
P03595,Machine Learning,Job Opportunity,0.1816,10.2,7.7,340
P03596,Design,Article,0.4271,12.0,7.9,209
P03597,AI,Article,0.3757,24.0,7.7,296
P03598,Leadership,Text,0.1825,14.7,9.5,360
P03599,Data Science,Video,0.5744,34.0,9.2,256
P03600,AI,Video,0.2528,31.6,10.3,874
P03601,Finance,Article,0.4739,7.8,6.8,282
P03602,Data Science,Image,0.3838,3.8,9.7,453
P03603,Data Science,Text,0.197,12.2,13.1,1915
P03604,Machine Learning,Text,0.4307,67.2,2.3,306
P03605,Leadership,Text,0.6745,5.9,7.8,238
P03606,Software,Article,0.568,52.6,1.8,259
P03607,Machine Learning,Article,0.5165,19.1,6.3,857
P03608,Data Science,Job Opportunity,0.1973,26.6,3.0,325
P03609,Machine Learning,Video,0.4804,1.5,9.7,432
P03610,Finance,Article,0.631,3.3,7.4,200
P03611,Finance,Text,0.2539,18.7,8.2,275
P03612,Career,Article,0.2785,7.4,4.0,754
P03613,Design,Job Opportunity,0.5564,9.8,12.3,108
P03614,AI,Image,0.3041,1.1,4.6,84
P03615,AI,Text,0.3022,31.7,2.9,233
P03616,Data Science,Job Opportunity,0.4704,6.8,3.9,252
P03617,AI,Text,0.466,26.5,2.7,279
P03618,Career,Job Opportunity,0.1908,44.0,3.6,285
P03619,Career,Text,0.3546,12.0,4.5,349
P03620,Data Science,Image,0.3068,2.7,11.3,248
P03621,Design,Job Opportunity,0.2621,12.8,1.6,1025
P03622,Finance,Text,0.3619,58.6,3.5,667
P03623,Finance,Article,0.4394,16.2,7.8,314
P03624,Career,Article,0.2205,57.5,5.5,715
P03625,Finance,Text,0.2157,12.2,7.9,44
P03626,Leadership,Article,0.0893,24.4,13.8,452
P03627,Software,Text,0.6741,5.0,5.1,685
P03628,Finance,Text,0.6447,20.5,2.7,219
P03629,Career,Article,0.4017,31.2,5.0,528
P03630,Design,Job Opportunity,0.8171,4.1,3.9,208
P03631,Machine Learning,Article,0.3945,34.0,3.8,451
P03632,AI,Article,0.062,2.1,2.7,121
P03633,Marketing,Article,0.4555,18.2,10.3,710
P03634,AI,Job Opportunity,0.3392,18.2,1.6,346
P03635,Leadership,Text,0.2301,28.4,9.0,415
P03636,Data Science,Article,0.5545,4.8,7.9,325
P03637,Career,Article,0.1849,8.8,1.2,821
P03638,Machine Learning,Text,0.4149,16.7,6.4,422
P03639,AI,Job Opportunity,0.1402,54.0,2.0,733
P03640,Machine Learning,Text,0.3258,12.9,4.9,223
P03641,AI,Text,0.6017,59.2,4.8,542
P03642,Machine Learning,Text,0.5444,7.1,3.1,1213
P03643,Leadership,Article,0.3597,9.8,4.7,1256
P03644,Leadership,Text,0.1367,6.3,11.5,44
P03645,Marketing,Text,0.7154,23.6,1.7,392
P03646,Data Science,Video,0.2118,2.0,4.4,106
P03647,Software,Article,0.3006,9.4,1.7,252
P03648,Career,Article,0.2736,1.8,16.4,222
P03649,Career,Video,0.2279,4.6,3.2,558
P03650,Software,Image,0.2931,20.2,3.0,308
P03651,Design,Text,0.3051,57.4,18.0,190
P03652,Marketing,Image,0.6095,9.0,7.1,526
P03653,Data Science,Image,0.3867,3.2,9.4,150
P03654,Machine Learning,Job Opportunity,0.3756,56.8,0.8,185
P03655,Marketing,Text,0.427,8.6,8.8,253
P03656,AI,Job Opportunity,0.4246,9.5,3.5,292
P03657,Software,Video,0.5924,52.6,7.8,396
P03658,Leadership,Video,0.1015,23.1,8.3,400
P03659,Finance,Video,0.1569,50.8,1.3,209
P03660,Machine Learning,Article,0.0285,9.3,1.8,415
P03661,Machine Learning,Video,0.1022,11.9,2.2,365
P03662,Leadership,Image,0.5079,39.0,8.4,344
P03663,Career,Job Opportunity,0.1853,16.5,1.9,100
P03664,Leadership,Text,0.1816,10.7,1.3,489
P03665,Machine Learning,Job Opportunity,0.2674,3.8,2.5,541
P03666,Leadership,Article,0.5215,58.6,1.0,615
P03667,Software,Job Opportunity,0.3396,5.8,5.0,379
P03668,Marketing,Video,0.3204,14.0,3.2,788
P03669,Marketing,Video,0.3829,10.3,2.5,493
P03670,Career,Video,0.5767,121.6,11.0,240
P03671,Career,Job Opportunity,0.4573,13.7,4.9,318
P03672,AI,Article,0.173,1.0,5.7,211
P03673,AI,Text,0.5143,2.6,4.7,151
P03674,Design,Job Opportunity,0.4318,7.7,6.7,584
P03675,Software,Article,0.6047,1.0,10.1,272
P03676,AI,Video,0.309,4.7,5.1,580
P03677,Machine Learning,Text,0.2368,3.1,7.6,1482
P03678,Finance,Image,0.4723,25.9,5.1,769
P03679,Career,Job Opportunity,0.3355,2.7,3.5,154
P03680,Design,Text,0.3043,33.0,6.5,212
P03681,Marketing,Video,0.4015,14.1,12.4,526
P03682,Software,Text,0.6647,19.5,9.0,466
P03683,Leadership,Video,0.2184,43.6,1.8,962
P03684,Career,Article,0.2002,22.9,6.7,249
P03685,Data Science,Text,0.4414,56.3,2.5,121
P03686,Marketing,Text,0.2541,13.4,6.0,159
P03687,Finance,Article,0.3616,4.9,1.5,862
P03688,Career,Video,0.6091,61.7,5.6,379
P03689,Marketing,Article,0.1557,6.8,2.8,649
P03690,AI,Job Opportunity,0.3517,70.0,5.3,254
P03691,Career,Job Opportunity,0.0748,16.2,3.9,186
P03692,Marketing,Video,0.3129,11.0,4.3,564
P03693,Data Science,Job Opportunity,0.2107,38.8,12.7,115
P03694,Machine Learning,Job Opportunity,0.3901,7.2,6.0,493
P03695,Leadership,Image,0.4628,36.0,4.5,1221
P03696,AI,Video,0.1905,6.0,10.9,55
P03697,Machine Learning,Text,0.3299,7.0,9.2,157
P03698,Leadership,Image,0.2948,1.2,3.0,327
P03699,Software,Video,0.5335,19.8,12.2,229
P03700,Leadership,Text,0.5722,22.3,1.6,301
P03701,Software,Text,0.2701,11.3,2.8,1953
P03702,Leadership,Article,0.6019,67.4,6.3,197
P03703,Leadership,Image,0.3573,42.4,6.6,281
P03704,Leadership,Job Opportunity,0.2512,63.5,11.7,151
P03705,Leadership,Article,0.163,29.3,4.6,108
P03706,Career,Article,0.3437,35.4,12.1,472
P03707,Data Science,Job Opportunity,0.3492,27.2,18.9,91
P03708,Finance,Article,0.7611,69.3,3.4,117
P03709,AI,Image,0.6117,30.8,5.0,343
P03710,Data Science,Text,0.5282,16.7,2.9,529
P03711,Finance,Text,0.5083,31.6,3.1,165
P03712,Leadership,Article,0.5039,28.5,5.5,183
P03713,Design,Article,0.1485,43.0,3.8,89
P03714,Marketing,Video,0.4318,30.0,3.1,497
P03715,Machine Learning,Text,0.4678,13.0,3.5,340
P03716,Machine Learning,Image,0.5822,0.2,3.4,333
P03717,Finance,Job Opportunity,0.3071,2.4,6.0,116
P03718,Data Science,Image,0.1529,21.2,2.2,632
P03719,Design,Text,0.5701,2.0,8.4,221
P03720,Machine Learning,Text,0.3397,14.5,9.0,673
P03721,Marketing,Article,0.0284,29.5,0.5,195
P03722,Career,Video,0.2837,52.2,8.6,429
P03723,Data Science,Text,0.4885,3.7,3.7,181
P03724,Software,Job Opportunity,0.7179,7.0,3.7,713
P03725,Machine Learning,Video,0.4594,10.4,6.2,126
P03726,Marketing,Article,0.4285,9.7,3.7,420
P03727,Marketing,Text,0.4311,26.3,5.7,124
P03728,Leadership,Video,0.3203,16.1,5.6,235
P03729,Career,Job Opportunity,0.4111,69.1,5.1,551
P03730,Design,Text,0.3084,75.5,8.2,133
P03731,Machine Learning,Video,0.5186,45.9,5.7,481
P03732,Data Science,Article,0.1303,11.7,2.0,604
P03733,Software,Job Opportunity,0.4225,66.0,7.4,67
P03734,Career,Video,0.4372,33.8,1.5,483
P03735,Machine Learning,Image,0.2827,9.0,13.6,813
P03736,Marketing,Text,0.259,11.6,2.7,182
P03737,Software,Job Opportunity,0.7358,35.8,2.7,166
P03738,AI,Video,0.3665,71.1,12.6,90
P03739,Marketing,Article,0.2896,14.4,4.6,153
P03740,Data Science,Video,0.0531,11.9,4.1,746
P03741,Leadership,Text,0.5719,15.4,3.9,237
P03742,Data Science,Image,0.383,10.4,4.7,493
P03743,Machine Learning,Image,0.4414,2.9,11.9,200
P03744,Machine Learning,Text,0.1817,75.9,3.7,302
P03745,Machine Learning,Text,0.5937,4.6,12.1,895
P03746,Data Science,Job Opportunity,0.4741,4.8,6.0,970
P03747,Software,Job Opportunity,0.5728,20.3,10.5,373
P03748,Machine Learning,Text,0.0917,4.5,3.7,280
P03749,Software,Video,0.1619,12.9,9.7,176
P03750,Career,Text,0.0657,73.5,2.5,627
P03751,Career,Text,0.3797,9.0,6.0,300
P03752,Data Science,Job Opportunity,0.3846,34.4,2.4,931
P03753,Finance,Image,0.2731,25.6,3.3,86
P03754,Machine Learning,Article,0.6004,3.8,2.3,234
P03755,Data Science,Text,0.6069,14.3,10.1,294
P03756,Marketing,Text,0.4766,32.2,5.8,497
P03757,AI,Article,0.189,21.1,8.4,117
P03758,Career,Job Opportunity,0.6621,0.5,8.5,296
P03759,Design,Article,0.1669,32.0,2.2,720
P03760,Design,Text,0.214,2.9,6.8,425
P03761,Machine Learning,Image,0.4199,5.5,14.8,432
P03762,Design,Article,0.162,22.8,4.6,172
P03763,Machine Learning,Text,0.3005,25.8,6.3,278
P03764,Career,Video,0.1896,32.5,10.5,146
P03765,Machine Learning,Text,0.4307,63.0,4.2,743
P03766,Data Science,Text,0.2122,21.5,9.0,463
P03767,Design,Video,0.231,35.8,7.5,366
P03768,Finance,Job Opportunity,0.4647,83.6,5.5,381
P03769,Machine Learning,Job Opportunity,0.0997,11.1,6.3,872
P03770,Data Science,Article,0.641,50.5,2.5,1659
P03771,Software,Video,0.2652,74.4,16.9,353
P03772,Design,Video,0.2858,15.3,4.6,353
P03773,Data Science,Text,0.533,15.7,6.5,454
P03774,AI,Text,0.2176,119.0,2.0,1056
P03775,Machine Learning,Video,0.466,1.1,7.6,614
P03776,Finance,Text,0.8685,6.5,5.0,455
P03777,AI,Job Opportunity,0.2033,4.7,6.1,613
P03778,Software,Article,0.296,19.4,3.9,461
P03779,Marketing,Article,0.4904,8.5,7.6,108
P03780,Career,Job Opportunity,0.5292,8.4,8.5,778
P03781,AI,Job Opportunity,0.4481,38.6,3.7,175
P03782,Data Science,Text,0.2286,43.2,2.7,308
P03783,Data Science,Image,0.1247,23.5,2.8,178
P03784,Career,Image,0.1816,13.7,10.8,268
P03785,Career,Text,0.6757,14.8,3.5,400
P03786,Design,Video,0.0932,26.0,9.8,979
P03787,Marketing,Image,0.455,3.2,5.6,236
P03788,Machine Learning,Text,0.3,60.9,4.2,1065
P03789,Design,Job Opportunity,0.2594,7.6,1.2,92
P03790,Leadership,Job Opportunity,0.2547,37.1,14.7,123
P03791,Marketing,Text,0.1988,18.5,5.3,168
P03792,Data Science,Article,0.5422,1.6,4.0,609
P03793,Career,Job Opportunity,0.3993,12.8,5.5,157
P03794,Data Science,Text,0.2295,10.5,6.1,122
P03795,Software,Article,0.5591,0.6,3.4,1390
P03796,Software,Image,0.0504,2.0,4.4,297
P03797,Marketing,Video,0.2742,65.5,2.4,1086
P03798,Marketing,Article,0.5193,10.4,3.5,754
P03799,Software,Text,0.5884,9.0,5.1,630
P03800,Data Science,Job Opportunity,0.1237,36.5,2.0,904
P03801,Software,Job Opportunity,0.2853,19.0,4.6,266
P03802,Leadership,Text,0.3371,10.4,4.4,131
P03803,Data Science,Article,0.1777,1.5,3.6,500
P03804,Career,Text,0.5036,4.2,8.9,249
P03805,Software,Text,0.3796,8.6,2.4,534
P03806,Data Science,Text,0.2905,5.7,5.5,680
P03807,AI,Video,0.1029,66.4,3.5,173
P03808,AI,Article,0.423,34.9,5.7,206
P03809,AI,Image,0.2876,13.4,5.6,308
P03810,AI,Image,0.427,35.6,17.4,912
P03811,Design,Image,0.2403,94.8,21.6,176
P03812,Software,Text,0.6605,32.2,3.2,1433
P03813,Finance,Video,0.1755,27.5,4.9,89
P03814,Design,Text,0.16,4.4,3.1,1206
P03815,Finance,Text,0.133,33.8,5.5,400
P03816,Data Science,Video,0.1701,24.6,3.2,507
P03817,Leadership,Image,0.74,3.6,3.1,523
P03818,Leadership,Image,0.3648,12.6,4.0,52
P03819,AI,Article,0.2255,26.8,4.1,263
P03820,Design,Video,0.1913,11.5,0.9,294
P03821,Machine Learning,Text,0.2809,3.6,4.2,871
P03822,Data Science,Video,0.2413,24.9,15.1,309
P03823,Design,Text,0.461,20.1,3.2,1033
P03824,Marketing,Image,0.4339,17.0,8.9,1418
P03825,Marketing,Job Opportunity,0.1428,1.6,6.9,528
P03826,Career,Text,0.3351,26.8,3.9,386
P03827,Finance,Job Opportunity,0.4695,0.2,2.8,146
P03828,Marketing,Image,0.5162,12.7,2.3,554
P03829,Finance,Video,0.4088,29.9,2.9,259
P03830,Machine Learning,Text,0.0606,42.2,1.9,1021
P03831,Software,Text,0.3711,14.1,1.3,104
P03832,Leadership,Article,0.5411,27.7,2.6,196
P03833,Software,Article,0.5231,10.6,9.4,707
P03834,Design,Video,0.1435,4.5,7.5,1333
P03835,Design,Article,0.187,15.3,3.6,601
P03836,Leadership,Text,0.8258,12.8,10.1,937
P03837,AI,Job Opportunity,0.4452,34.3,2.9,391
P03838,Leadership,Video,0.325,20.6,1.7,1326
P03839,Design,Article,0.2372,12.9,14.2,414
P03840,Leadership,Image,0.1173,7.4,5.9,516
P03841,Marketing,Article,0.2748,12.4,7.0,406
P03842,Marketing,Image,0.4224,16.7,3.0,279
P03843,Finance,Article,0.393,12.4,3.3,486
P03844,Software,Article,0.3171,10.7,3.6,423
P03845,Finance,Job Opportunity,0.3356,9.1,7.4,497
P03846,Design,Text,0.2863,12.0,2.3,58
P03847,AI,Article,0.2656,47.6,2.7,173
P03848,Machine Learning,Article,0.3829,42.1,8.1,228
P03849,Career,Text,0.0524,20.4,20.5,105
P03850,Career,Image,0.2615,1.8,4.4,164
P03851,Finance,Article,0.2507,48.1,2.3,608
P03852,Data Science,Article,0.2763,88.0,2.1,444
P03853,AI,Job Opportunity,0.5563,10.8,5.4,754
P03854,Leadership,Text,0.4329,123.5,11.2,713
P03855,Finance,Article,0.546,12.0,8.8,760
P03856,Career,Article,0.5514,32.2,6.4,356
P03857,Data Science,Job Opportunity,0.1404,16.3,2.1,1013
P03858,Career,Text,0.3335,4.4,5.4,218
P03859,Design,Video,0.2821,24.3,1.6,972
P03860,Machine Learning,Video,0.6661,0.8,12.3,699
P03861,Leadership,Text,0.2751,19.7,3.1,579
P03862,Marketing,Image,0.4748,8.4,3.8,338
P03863,Data Science,Job Opportunity,0.5137,37.0,10.2,199
P03864,Machine Learning,Video,0.3092,32.6,3.7,343
P03865,Machine Learning,Image,0.664,0.9,12.6,102
P03866,Machine Learning,Article,0.3296,18.0,0.1,786
P03867,Software,Text,0.2182,45.5,2.8,233
P03868,Finance,Video,0.3488,22.7,7.6,245
P03869,Finance,Article,0.3888,36.8,8.4,79
P03870,Design,Article,0.3024,44.4,2.9,147
P03871,Leadership,Article,0.4019,41.1,1.9,2777
P03872,Design,Text,0.4456,0.5,6.5,204
P03873,Leadership,Image,0.2643,16.1,4.6,770
P03874,Marketing,Article,0.1854,11.1,0.6,121
P03875,Career,Video,0.6761,29.9,2.0,115
P03876,Leadership,Article,0.2444,12.7,7.7,328
P03877,Career,Video,0.3295,10.5,6.2,350
P03878,Software,Text,0.2153,30.4,3.3,205
P03879,Leadership,Article,0.4451,37.6,1.7,331
P03880,Software,Text,0.1959,28.7,7.1,179
P03881,Software,Article,0.5735,34.6,9.5,878
P03882,Leadership,Text,0.2386,68.2,6.5,1661
P03883,Finance,Video,0.2167,31.7,2.3,767
P03884,Career,Job Opportunity,0.5923,77.1,3.3,111
P03885,Leadership,Video,0.2729,3.6,15.2,475
P03886,Leadership,Text,0.642,23.5,5.1,209
P03887,Machine Learning,Video,0.458,4.5,16.5,209
P03888,AI,Text,0.5954,14.3,3.3,586
P03889,Software,Video,0.4824,51.8,4.4,362
P03890,Data Science,Video,0.6116,14.3,1.7,364
P03891,Career,Text,0.512,65.1,2.1,344
P03892,AI,Image,0.7863,2.4,1.7,161
P03893,Finance,Text,0.1268,14.6,2.3,147
P03894,Career,Article,0.6243,16.1,7.1,264
P03895,Data Science,Video,0.4179,2.1,14.9,283
P03896,Software,Image,0.2368,66.4,5.1,461
P03897,Machine Learning,Image,0.3439,46.6,1.0,672
P03898,Data Science,Text,0.2179,36.8,4.3,287
P03899,Marketing,Video,0.5706,46.5,3.9,381
P03900,Marketing,Job Opportunity,0.331,155.1,8.0,690
P03901,Career,Article,0.3714,10.0,1.9,270
P03902,AI,Text,0.1838,1.5,4.4,467
P03903,Software,Text,0.213,24.1,10.7,393
P03904,Data Science,Image,0.2686,14.6,15.4,256
P03905,Data Science,Text,0.132,27.5,5.6,120
P03906,Leadership,Image,0.1602,1.8,6.7,155
P03907,AI,Article,0.2412,135.5,6.9,759
P03908,Software,Article,0.2802,52.5,3.2,91
P03909,AI,Article,0.2342,49.6,7.9,1367
P03910,Marketing,Text,0.1359,16.6,2.9,192
P03911,Design,Image,0.3596,1.9,5.1,80
P03912,Design,Article,0.2362,61.0,1.0,214
P03913,AI,Article,0.4918,37.1,1.9,54
P03914,Machine Learning,Job Opportunity,0.4769,48.7,3.7,84
P03915,Marketing,Text,0.2812,19.8,4.3,358
P03916,Software,Video,0.4252,13.1,3.1,94
P03917,Software,Article,0.4159,29.8,4.4,98
P03918,Leadership,Job Opportunity,0.1412,2.4,1.3,345
P03919,Software,Text,0.1928,0.8,1.0,350
P03920,Marketing,Article,0.5518,43.0,8.4,492
P03921,AI,Video,0.306,48.9,8.5,397
P03922,Design,Text,0.414,20.7,2.8,315
P03923,AI,Text,0.3174,13.4,5.0,521
P03924,AI,Text,0.0736,52.0,3.3,682
P03925,Data Science,Text,0.3195,1.7,3.7,347
P03926,Career,Video,0.1327,11.1,4.6,495
P03927,Marketing,Article,0.3515,46.5,3.9,41
P03928,Finance,Image,0.3248,28.7,9.0,232
P03929,Software,Article,0.2961,9.5,6.6,1042
P03930,Software,Video,0.4098,201.0,3.7,210
P03931,Marketing,Article,0.5738,3.9,5.6,493
P03932,Finance,Text,0.0148,44.1,7.9,397
P03933,Marketing,Video,0.0954,22.4,2.9,199
P03934,Data Science,Video,0.5362,14.7,10.0,473
P03935,Software,Image,0.2903,3.2,3.4,229
P03936,Machine Learning,Text,0.279,4.6,13.8,223
P03937,Software,Job Opportunity,0.3921,14.0,5.7,221
P03938,Machine Learning,Job Opportunity,0.2379,4.1,1.4,165
P03939,Finance,Job Opportunity,0.4991,52.3,2.4,148
P03940,Software,Text,0.459,29.6,2.0,223
P03941,Career,Article,0.4261,35.0,6.6,348
P03942,Finance,Video,0.3373,87.9,2.7,243
P03943,Software,Text,0.043,27.7,5.7,231
P03944,AI,Image,0.4544,4.3,6.3,2570
P03945,Machine Learning,Article,0.1307,18.8,4.4,588
P03946,AI,Image,0.2577,4.6,11.2,88
P03947,Software,Article,0.2904,34.8,6.0,403
P03948,Software,Job Opportunity,0.2482,29.5,1.1,416
P03949,AI,Video,0.6318,8.4,6.0,5469
P03950,Leadership,Article,0.2639,18.6,4.3,433
P03951,Finance,Text,0.3027,1.3,0.7,1781
P03952,Design,Text,0.4212,32.4,9.8,239
P03953,Career,Job Opportunity,0.493,22.1,7.0,177
P03954,AI,Text,0.3354,6.8,3.8,131
P03955,Leadership,Video,0.3528,26.1,2.9,669
P03956,Design,Text,0.0275,31.2,9.2,159
P03957,Career,Video,0.0733,14.5,5.7,197
P03958,Leadership,Article,0.3369,2.2,0.4,498
P03959,Machine Learning,Job Opportunity,0.051,2.4,12.9,254
P03960,Design,Video,0.7107,10.9,4.8,373
P03961,Career,Image,0.3338,59.6,10.7,121
P03962,Finance,Image,0.1526,48.0,4.9,49
P03963,Design,Article,0.3778,0.0,3.5,923
P03964,Finance,Text,0.0525,3.2,5.3,835
P03965,Finance,Text,0.1549,64.9,14.8,271
P03966,Career,Article,0.4933,11.6,4.0,359
P03967,Leadership,Article,0.0828,46.4,2.5,156
P03968,Finance,Image,0.1797,17.1,5.2,268
P03969,Career,Text,0.544,10.8,11.3,2295
P03970,Design,Video,0.7077,36.9,3.5,1386
P03971,Marketing,Text,0.3325,4.4,23.2,414
P03972,Design,Article,0.2706,11.2,0.9,72
P03973,Data Science,Text,0.3836,16.5,6.3,502
P03974,Finance,Text,0.3573,47.7,4.8,267
P03975,Marketing,Job Opportunity,0.4295,42.6,3.0,237
P03976,Marketing,Video,0.4028,23.8,13.3,329
P03977,Machine Learning,Article,0.5393,14.0,6.0,1545
P03978,Finance,Video,0.4653,3.0,11.9,372
P03979,Machine Learning,Text,0.2444,29.8,2.5,734
P03980,Leadership,Article,0.1789,18.3,4.7,465
P03981,Career,Article,0.3036,3.5,1.8,454
P03982,Leadership,Article,0.4956,7.7,11.5,564
P03983,Career,Image,0.1867,43.6,2.9,237
P03984,Marketing,Image,0.334,5.1,2.1,112
P03985,Data Science,Video,0.1809,33.5,9.9,1188
P03986,AI,Article,0.3002,45.8,12.1,98
P03987,AI,Text,0.2176,29.0,4.5,418
P03988,Design,Text,0.1878,10.9,10.4,1415
P03989,Career,Text,0.4194,9.0,6.1,437
P03990,Data Science,Video,0.1383,9.3,6.6,536
P03991,Design,Article,0.5986,4.3,2.1,536
P03992,Software,Article,0.1446,19.2,2.5,843
P03993,Leadership,Video,0.5868,16.0,8.5,982
P03994,Machine Learning,Text,0.387,15.4,3.8,105
P03995,Leadership,Video,0.3908,27.1,1.0,948
P03996,AI,Image,0.0665,3.7,6.3,315
P03997,Leadership,Video,0.5049,9.0,4.7,181
P03998,Finance,Job Opportunity,0.422,31.1,3.2,140
P03999,Marketing,Video,0.3355,76.2,1.2,406
P04000,AI,Image,0.4349,36.0,4.4,211
P04001,Data Science,Video,0.3103,78.8,4.5,351
P04002,Machine Learning,Image,0.2987,59.5,5.0,330
P04003,Marketing,Text,0.2268,155.2,0.5,418
P04004,AI,Text,0.1583,55.5,7.7,625
P04005,Design,Text,0.1031,20.8,6.1,848
P04006,Machine Learning,Video,0.3929,56.0,1.4,834
P04007,Finance,Text,0.2425,27.7,7.3,1113
P04008,Design,Job Opportunity,0.7143,69.5,6.8,268
P04009,Data Science,Video,0.5535,12.5,6.0,184
P04010,Finance,Text,0.1341,18.5,3.3,309
P04011,Design,Text,0.2844,0.9,8.8,223
P04012,AI,Image,0.2312,35.9,12.7,116
P04013,Marketing,Image,0.4828,5.2,4.4,269
P04014,Marketing,Video,0.6378,78.3,1.9,572
P04015,Leadership,Article,0.3651,19.2,2.5,870
P04016,Marketing,Job Opportunity,0.7445,0.6,2.2,306
P04017,Finance,Job Opportunity,0.5099,53.1,5.9,784
P04018,Finance,Job Opportunity,0.2683,33.1,6.2,332
P04019,Software,Video,0.3669,24.4,0.5,49
P04020,Data Science,Article,0.1968,46.1,2.9,111
P04021,Design,Job Opportunity,0.2162,15.2,6.0,458
P04022,Marketing,Article,0.4764,3.7,5.7,78
P04023,Leadership,Article,0.3422,2.3,3.1,114
P04024,Machine Learning,Video,0.5292,12.3,5.0,98
P04025,Data Science,Text,0.5771,115.1,22.2,279
P04026,Machine Learning,Image,0.27,65.5,5.1,399
P04027,Design,Video,0.2086,14.2,2.2,84
P04028,Design,Article,0.1912,15.3,3.9,604
P04029,Data Science,Video,0.4406,8.7,9.8,333
P04030,Data Science,Job Opportunity,0.1269,25.6,3.6,115
P04031,Leadership,Job Opportunity,0.1369,4.5,4.5,340
P04032,Machine Learning,Article,0.2472,10.7,11.6,180
P04033,Marketing,Text,0.3302,9.6,2.2,178
P04034,Machine Learning,Article,0.3079,7.9,5.6,120
P04035,Finance,Image,0.0861,4.6,3.9,325
P04036,Leadership,Video,0.2227,9.6,6.4,270
P04037,Leadership,Text,0.4304,55.6,3.8,268
P04038,Machine Learning,Text,0.4471,35.0,1.6,298
P04039,Software,Image,0.3803,5.1,2.0,398
P04040,Data Science,Image,0.1397,7.8,11.0,281
P04041,Leadership,Text,0.352,46.7,5.4,67
P04042,Software,Article,0.4238,12.0,4.3,317
P04043,Finance,Text,0.1191,25.1,13.0,152
P04044,Software,Job Opportunity,0.5607,18.3,6.5,810
P04045,Data Science,Video,0.0512,38.9,3.6,464
P04046,Finance,Image,0.5803,10.0,6.0,727
P04047,Machine Learning,Text,0.1695,3.0,10.9,213
P04048,AI,Text,0.2539,6.1,8.5,673
P04049,Machine Learning,Article,0.1442,60.0,3.7,135
P04050,Finance,Text,0.2319,4.7,5.6,324
P04051,Machine Learning,Article,0.172,26.4,4.4,159
P04052,AI,Text,0.6197,15.9,19.3,531
P04053,Career,Text,0.1602,0.8,8.4,1307
P04054,Design,Image,0.1158,95.7,2.6,436
P04055,Finance,Text,0.2395,24.1,8.8,100
P04056,Marketing,Article,0.2604,27.1,1.2,192
P04057,Machine Learning,Article,0.1576,53.6,1.1,3814
P04058,AI,Text,0.3456,8.7,5.7,636
P04059,AI,Video,0.316,21.9,5.6,178
P04060,Machine Learning,Video,0.072,100.6,5.8,689
P04061,Machine Learning,Video,0.716,23.0,7.5,364
P04062,Leadership,Job Opportunity,0.6691,44.3,4.1,2698
P04063,Leadership,Text,0.5729,31.2,9.0,349
P04064,Leadership,Text,0.2003,6.8,3.7,269
P04065,Software,Article,0.112,245.7,5.8,312
P04066,Data Science,Article,0.4869,14.7,2.8,242
P04067,Data Science,Text,0.3375,43.1,4.4,186
P04068,Machine Learning,Video,0.3653,27.6,3.6,134
P04069,Finance,Image,0.5155,36.0,4.5,225
P04070,Finance,Text,0.2344,10.1,7.7,611
P04071,Machine Learning,Text,0.5993,32.7,8.8,269
P04072,Software,Job Opportunity,0.3305,9.7,9.5,208
P04073,Finance,Image,0.6124,11.6,3.7,114
P04074,AI,Video,0.3217,10.1,6.4,580
P04075,Marketing,Text,0.4032,3.4,2.8,1197
P04076,Data Science,Text,0.5877,62.1,7.4,168
P04077,Leadership,Video,0.5613,81.6,1.5,198
P04078,Leadership,Article,0.2656,0.1,14.4,158
P04079,Data Science,Text,0.6638,5.7,3.1,636
P04080,Data Science,Article,0.1545,47.1,6.7,760
P04081,Finance,Video,0.2947,0.2,21.7,373
P04082,AI,Video,0.2094,124.4,4.0,128
P04083,Machine Learning,Article,0.3795,70.2,6.8,451
P04084,Machine Learning,Text,0.545,18.3,1.7,398
P04085,Software,Article,0.6829,1.8,6.4,431
P04086,Marketing,Image,0.4308,5.0,2.2,143
P04087,Software,Job Opportunity,0.4479,101.1,4.8,136
P04088,Finance,Text,0.1524,24.3,1.4,90
P04089,Leadership,Article,0.6058,28.7,6.2,831
P04090,Leadership,Job Opportunity,0.176,57.0,4.3,852
P04091,Finance,Image,0.3639,60.7,4.1,90
P04092,Marketing,Image,0.0507,36.6,1.2,174
P04093,Data Science,Text,0.5919,14.1,5.7,175
P04094,Finance,Article,0.0426,21.1,4.2,684
P04095,Career,Job Opportunity,0.3443,18.4,3.0,354
P04096,Finance,Text,0.5031,39.6,2.4,1134
P04097,Data Science,Text,0.3995,1.6,7.2,262
P04098,Design,Image,0.8102,46.3,6.0,113
P04099,Design,Video,0.4606,92.8,5.1,183
P04100,Career,Article,0.0841,12.0,16.8,159
P04101,Career,Job Opportunity,0.7022,45.1,9.4,766
P04102,Data Science,Video,0.4326,1.2,7.3,1538
P04103,Design,Article,0.0885,86.7,5.2,489
P04104,Marketing,Article,0.4331,12.4,6.9,189
P04105,Design,Video,0.5235,17.0,13.1,406
P04106,AI,Video,0.1393,28.9,1.5,90
P04107,AI,Article,0.844,11.4,6.0,281
P04108,AI,Text,0.2193,16.2,6.7,87
P04109,Design,Text,0.3343,18.3,2.2,485
P04110,Software,Text,0.2966,8.4,5.3,289
P04111,AI,Job Opportunity,0.2411,0.3,7.8,636
P04112,Leadership,Text,0.1262,9.2,7.3,598
P04113,Career,Job Opportunity,0.0323,13.6,5.0,212
P04114,Design,Text,0.2051,45.5,5.9,744
P04115,Marketing,Article,0.5112,1.0,5.4,128
P04116,Leadership,Article,0.6068,20.1,1.7,2720
P04117,Marketing,Job Opportunity,0.0956,3.7,3.8,113
P04118,Leadership,Article,0.0529,19.6,25.0,600
P04119,Finance,Article,0.0509,12.0,5.3,893
P04120,AI,Text,0.2501,0.4,3.6,381
P04121,Machine Learning,Video,0.4306,37.9,7.7,145
P04122,Design,Text,0.1697,33.8,1.4,178
P04123,AI,Article,0.4791,10.4,3.8,146
P04124,AI,Text,0.3936,20.0,4.2,329
P04125,Career,Job Opportunity,0.2482,54.6,7.8,622
P04126,Design,Job Opportunity,0.5893,30.3,5.4,486
P04127,Finance,Job Opportunity,0.5454,49.6,5.5,345
P04128,Machine Learning,Text,0.2408,30.7,5.1,108
P04129,Marketing,Article,0.551,71.4,2.6,1288
P04130,AI,Article,0.3087,2.0,5.6,287
P04131,Data Science,Job Opportunity,0.3177,17.4,5.9,244
P04132,Marketing,Image,0.4718,47.7,4.2,397
P04133,Career,Video,0.395,25.1,6.8,88
P04134,Machine Learning,Text,0.2109,40.3,3.0,315
P04135,Marketing,Text,0.4319,23.1,4.0,279
P04136,AI,Text,0.2826,84.5,10.8,288
P04137,Finance,Text,0.4044,21.4,3.2,877
P04138,Leadership,Text,0.4672,6.5,3.8,121
P04139,AI,Article,0.0889,98.1,6.1,320
P04140,Leadership,Article,0.5188,9.1,11.9,202
P04141,Design,Article,0.3716,35.7,8.4,278
P04142,Software,Job Opportunity,0.2492,2.4,5.9,643
P04143,Leadership,Job Opportunity,0.0329,2.5,5.0,298
P04144,Finance,Image,0.0443,76.6,1.1,265
P04145,Design,Image,0.687,18.1,5.6,50
P04146,Marketing,Article,0.1754,88.7,2.8,619
P04147,Career,Article,0.4156,18.0,2.7,90
P04148,Machine Learning,Article,0.5541,31.4,2.1,227
P04149,Software,Article,0.6748,37.2,8.5,166
P04150,Data Science,Image,0.6692,27.9,3.5,53
P04151,Design,Article,0.5808,6.8,1.9,369
P04152,Marketing,Job Opportunity,0.1999,7.8,4.4,236
P04153,Machine Learning,Video,0.1327,22.5,11.2,498
P04154,Career,Article,0.2039,6.7,2.4,511
P04155,Marketing,Image,0.1005,93.6,12.2,540
P04156,Data Science,Image,0.0659,34.7,6.3,496
P04157,Data Science,Video,0.5889,1.3,12.1,490
P04158,Leadership,Article,0.1506,4.9,4.3,709
P04159,Career,Text,0.134,66.2,8.1,440
P04160,Finance,Text,0.5755,21.8,14.5,392
P04161,Career,Image,0.2827,24.3,3.4,289
P04162,Leadership,Text,0.5718,36.5,4.6,406
P04163,AI,Job Opportunity,0.478,86.9,5.6,501
P04164,Career,Text,0.4513,9.0,6.1,489
P04165,Marketing,Job Opportunity,0.2369,21.2,0.4,286
P04166,Finance,Article,0.3134,20.6,6.7,1804
P04167,Marketing,Image,0.4601,3.9,5.8,1124
P04168,AI,Article,0.414,23.7,3.8,171
P04169,Design,Image,0.1327,25.9,19.7,328
P04170,Career,Job Opportunity,0.4762,13.6,9.3,1198
P04171,Design,Text,0.3599,0.7,12.3,163
P04172,Marketing,Article,0.8778,34.0,4.1,123
P04173,Software,Job Opportunity,0.3087,5.8,3.4,2809
P04174,Marketing,Job Opportunity,0.2053,39.9,7.0,224
P04175,Software,Image,0.1593,59.3,5.4,66
P04176,Finance,Text,0.5647,2.6,3.7,171
P04177,Career,Article,0.524,21.8,3.7,234
P04178,Machine Learning,Text,0.6511,160.1,1.8,631
P04179,Finance,Video,0.2276,145.3,9.4,339
P04180,Finance,Article,0.6094,13.0,8.4,107
P04181,Design,Article,0.2209,130.4,0.8,31
P04182,Finance,Job Opportunity,0.3993,56.3,8.3,488
P04183,Data Science,Video,0.1648,84.6,15.2,346
P04184,Data Science,Video,0.4055,56.3,8.6,866
P04185,Software,Job Opportunity,0.3643,28.5,3.3,198
P04186,Machine Learning,Text,0.9119,22.4,6.0,265
P04187,Leadership,Text,0.3466,10.9,1.2,214
P04188,Leadership,Job Opportunity,0.1849,7.9,2.6,201
P04189,Machine Learning,Job Opportunity,0.4176,69.0,8.3,447
P04190,Finance,Article,0.3851,0.8,2.5,228
P04191,Leadership,Text,0.471,47.3,4.3,85
P04192,Leadership,Text,0.5711,1.9,4.8,939
P04193,AI,Article,0.1846,25.0,8.1,392
P04194,AI,Article,0.0578,26.2,4.3,557
P04195,AI,Article,0.3383,39.4,2.5,938
P04196,Finance,Video,0.6249,37.9,6.2,278
P04197,Design,Article,0.294,42.3,1.9,279
P04198,AI,Job Opportunity,0.2189,28.1,11.4,139
P04199,Leadership,Video,0.2107,42.6,1.8,653
P04200,Leadership,Text,0.6085,103.2,8.6,95
P04201,Design,Image,0.3686,30.5,7.1,386
P04202,Marketing,Video,0.4514,38.6,8.5,499
P04203,Design,Image,0.3809,49.9,2.4,115
P04204,Finance,Job Opportunity,0.2376,13.6,3.1,882
P04205,Software,Image,0.1628,45.3,3.4,67
P04206,Design,Image,0.302,3.6,4.3,114
P04207,Finance,Video,0.1896,54.7,1.8,321
P04208,Software,Text,0.3487,125.1,4.8,584
P04209,Marketing,Video,0.4616,13.0,4.9,111
P04210,Data Science,Video,0.4232,14.2,8.4,589
P04211,Leadership,Job Opportunity,0.3314,6.1,4.6,635
P04212,Leadership,Text,0.2756,42.8,1.1,241
P04213,AI,Article,0.2313,13.3,1.4,367
P04214,Finance,Text,0.29,92.6,2.8,841
P04215,Career,Text,0.5327,27.2,4.2,1120
P04216,Marketing,Text,0.4545,61.4,12.8,219
P04217,Leadership,Video,0.586,18.5,9.6,170
P04218,Design,Job Opportunity,0.2349,14.5,3.9,291
P04219,Data Science,Text,0.6392,4.8,2.9,139
P04220,Leadership,Job Opportunity,0.3865,10.5,4.9,899
P04221,AI,Image,0.5892,9.3,4.9,488
P04222,Machine Learning,Article,0.3185,43.4,4.6,329
P04223,Leadership,Text,0.4322,25.8,1.8,808
P04224,Machine Learning,Job Opportunity,0.669,1.3,3.5,613
P04225,Career,Image,0.3608,53.3,3.4,720
P04226,Career,Article,0.6388,30.1,5.9,515
P04227,Design,Video,0.5274,39.1,9.5,1025
P04228,AI,Text,0.1938,0.6,3.4,110
P04229,Software,Video,0.055,79.2,5.7,502
P04230,Finance,Article,0.5305,0.6,0.3,1161
P04231,AI,Text,0.2992,120.2,5.5,256
P04232,Design,Text,0.3619,2.8,0.6,209
P04233,Design,Text,0.266,58.2,2.2,246
P04234,Leadership,Article,0.1432,50.2,3.0,331
P04235,Software,Video,0.5766,1.7,5.9,784
P04236,Machine Learning,Image,0.1631,31.3,4.9,332
P04237,Career,Video,0.2679,19.9,1.0,817
P04238,Leadership,Job Opportunity,0.3231,4.8,5.9,486
P04239,Design,Image,0.4848,14.1,12.6,699
P04240,Data Science,Article,0.4283,22.0,1.7,343
P04241,Machine Learning,Article,0.2945,3.2,3.4,272
P04242,Design,Video,0.5417,43.0,4.1,114
P04243,AI,Video,0.1283,37.6,4.0,47
P04244,Marketing,Job Opportunity,0.5867,10.8,8.2,241
P04245,Finance,Article,0.2666,42.1,7.0,44
P04246,Finance,Article,0.3373,17.5,5.5,306
P04247,Data Science,Image,0.1724,32.8,4.3,561
P04248,AI,Job Opportunity,0.1036,13.9,7.0,337
P04249,Marketing,Text,0.0862,0.3,0.9,34
P04250,Software,Text,0.389,9.4,13.6,235
P04251,Machine Learning,Job Opportunity,0.2203,18.2,8.4,501
P04252,Data Science,Text,0.3803,36.4,9.1,897
P04253,Software,Image,0.1942,53.7,16.1,494
P04254,Leadership,Job Opportunity,0.3812,35.5,8.3,323
P04255,Data Science,Text,0.4028,59.7,2.0,472
P04256,Finance,Text,0.5798,29.9,5.2,1419
P04257,Finance,Job Opportunity,0.6663,30.9,8.1,332
P04258,Career,Text,0.4504,9.3,5.2,99
P04259,AI,Article,0.4676,18.6,5.6,223
P04260,AI,Text,0.1699,24.1,9.8,179
P04261,Career,Video,0.2567,47.7,4.2,128
P04262,Software,Article,0.3402,5.5,11.2,184
P04263,Leadership,Video,0.4204,9.8,3.1,2949
P04264,Marketing,Article,0.1365,0.4,5.6,143
P04265,Leadership,Article,0.3577,34.4,1.1,216
P04266,Marketing,Article,0.1571,19.4,1.1,3018
P04267,Software,Text,0.438,7.9,18.3,510
P04268,Finance,Job Opportunity,0.3054,25.5,5.1,424
P04269,Software,Text,0.2893,111.1,4.2,494
P04270,Data Science,Image,0.553,19.0,5.9,374
P04271,Finance,Article,0.3771,7.9,7.1,221
P04272,AI,Text,0.178,58.4,2.2,415
P04273,AI,Text,0.2324,33.8,8.3,497
P04274,Leadership,Image,0.4418,55.7,3.6,83
P04275,AI,Video,0.1896,36.9,17.5,222
P04276,Design,Image,0.4027,4.8,5.6,82
P04277,Marketing,Text,0.3126,19.7,0.6,156
P04278,Career,Job Opportunity,0.5013,8.5,3.4,486
P04279,Finance,Image,0.7097,45.5,5.6,227
P04280,Leadership,Job Opportunity,0.6189,18.9,1.6,264
P04281,Machine Learning,Text,0.3702,3.2,6.5,36
P04282,Marketing,Article,0.4636,92.3,7.1,108
P04283,Software,Video,0.3261,35.9,4.4,126
P04284,Leadership,Text,0.3458,6.3,0.6,81
P04285,Data Science,Image,0.3138,40.9,14.2,372
P04286,Leadership,Article,0.6834,12.9,1.3,342
P04287,Design,Video,0.2974,88.2,3.6,627
P04288,AI,Article,0.3575,23.7,7.9,912
P04289,AI,Text,0.3041,15.7,6.8,990
P04290,Data Science,Article,0.1748,11.1,2.7,438
P04291,Finance,Job Opportunity,0.3339,6.6,2.7,385
P04292,Career,Article,0.6201,0.7,5.2,414
P04293,Data Science,Video,0.3112,16.6,2.1,147
P04294,Career,Article,0.3336,6.9,5.2,410
P04295,Leadership,Article,0.2272,13.6,8.4,219
P04296,Leadership,Text,0.5345,27.4,3.4,124
P04297,Design,Article,0.3334,0.2,4.5,78
P04298,Software,Text,0.0439,19.5,6.3,48
P04299,Leadership,Article,0.3154,16.6,10.8,269
P04300,Career,Video,0.4075,20.2,6.6,191
P04301,Design,Job Opportunity,0.341,1.3,3.2,181
P04302,Software,Image,0.6125,48.3,9.2,131
P04303,Career,Article,0.0358,54.6,8.1,210
P04304,Software,Text,0.4036,18.8,9.0,137
P04305,Design,Article,0.6002,5.5,3.9,355
P04306,Finance,Text,0.25,77.1,10.1,595
P04307,Career,Image,0.2953,18.3,3.4,223
P04308,Marketing,Article,0.2992,20.0,2.7,789
P04309,AI,Text,0.1749,42.9,10.3,177
P04310,Data Science,Image,0.1493,32.9,5.0,70
P04311,Marketing,Text,0.3869,53.1,5.1,982
P04312,Marketing,Article,0.335,18.4,2.1,64
P04313,Finance,Job Opportunity,0.3683,33.3,2.4,211
P04314,Leadership,Article,0.5225,4.8,2.8,618
P04315,Marketing,Image,0.1895,16.4,3.7,890
P04316,Machine Learning,Article,0.1533,95.0,3.8,290
P04317,AI,Job Opportunity,0.3149,19.3,1.1,209
P04318,Software,Image,0.2829,23.0,7.9,1772
P04319,Machine Learning,Text,0.3034,50.0,14.0,689
P04320,Leadership,Job Opportunity,0.1161,6.7,2.1,781
P04321,Design,Article,0.4566,16.0,4.8,483
P04322,Design,Job Opportunity,0.3645,47.1,8.8,535
P04323,Marketing,Video,0.3004,56.8,9.8,406
P04324,Career,Article,0.6431,51.0,3.6,297
P04325,Marketing,Text,0.3139,4.6,9.1,75
P04326,Machine Learning,Article,0.4287,6.2,1.8,113
P04327,Marketing,Video,0.4931,24.9,0.4,568
P04328,Marketing,Video,0.3652,0.1,3.7,863
P04329,Finance,Text,0.3625,34.2,14.8,381
P04330,Career,Image,0.0942,32.3,4.9,137
P04331,Design,Job Opportunity,0.3542,35.6,18.2,388
P04332,Software,Text,0.6127,8.4,1.9,447
P04333,AI,Video,0.425,5.2,3.2,72
P04334,Marketing,Article,0.1348,4.6,7.8,1097
P04335,AI,Job Opportunity,0.5571,34.1,10.2,658
P04336,Data Science,Job Opportunity,0.3076,40.5,6.7,141
P04337,Design,Job Opportunity,0.3807,9.8,3.5,308
P04338,Marketing,Image,0.2187,18.6,17.8,253
P04339,Design,Text,0.7199,59.4,4.5,925
P04340,AI,Article,0.2162,3.4,3.4,209
P04341,Leadership,Text,0.4554,37.1,6.3,127
P04342,Software,Article,0.443,49.8,8.2,300
P04343,AI,Video,0.2405,5.3,3.2,143
P04344,Software,Text,0.1078,28.1,2.2,713
P04345,Design,Video,0.2569,10.5,8.9,306
P04346,Data Science,Video,0.7822,28.5,0.4,127
P04347,Design,Article,0.5179,1.9,2.3,183
P04348,Machine Learning,Image,0.102,68.9,2.2,226
P04349,Marketing,Text,0.4895,32.9,3.2,255
P04350,Data Science,Article,0.4934,20.5,8.6,88
P04351,Software,Text,0.1671,5.8,9.4,129
P04352,Finance,Article,0.1839,15.7,4.8,404
P04353,Marketing,Text,0.5492,10.7,11.2,907
P04354,AI,Text,0.4025,58.1,13.6,215
P04355,Marketing,Article,0.1972,18.3,4.2,350
P04356,Software,Text,0.0748,11.4,7.2,2104
P04357,Career,Text,0.4269,68.2,2.8,394
P04358,Machine Learning,Image,0.4638,20.6,0.9,68
P04359,Software,Article,0.3523,13.8,4.8,510
P04360,Design,Text,0.4439,5.8,5.6,386
P04361,Software,Article,0.5025,31.4,6.9,229
P04362,Machine Learning,Article,0.4625,48.2,4.7,131
P04363,Finance,Text,0.3441,40.6,1.3,627
P04364,Marketing,Text,0.4298,8.0,3.7,37
P04365,Marketing,Image,0.1258,1.6,10.0,231
P04366,Data Science,Image,0.5078,16.1,1.5,244
P04367,AI,Job Opportunity,0.2693,1.3,4.6,185
P04368,Software,Job Opportunity,0.4772,50.3,3.4,298
P04369,AI,Article,0.2246,36.9,3.9,120
P04370,Career,Article,0.5821,1.5,9.1,507
P04371,Software,Text,0.6776,13.3,15.7,3367
P04372,Marketing,Video,0.1284,77.9,3.0,158
P04373,Software,Video,0.1966,58.1,1.7,454
P04374,Marketing,Text,0.6638,9.6,2.4,371
P04375,AI,Job Opportunity,0.3434,11.9,2.3,386
P04376,AI,Text,0.3283,7.9,4.9,226
P04377,Software,Job Opportunity,0.1135,7.4,9.0,331
P04378,Software,Job Opportunity,0.2104,31.4,3.7,389
P04379,Software,Text,0.1698,23.6,2.6,625
P04380,Software,Article,0.3534,45.4,9.2,591
P04381,Leadership,Text,0.5262,44.3,1.7,920
P04382,Data Science,Text,0.5546,47.0,5.0,183
P04383,Machine Learning,Job Opportunity,0.2761,17.2,6.9,382
P04384,Design,Job Opportunity,0.2383,37.9,2.1,291
P04385,Marketing,Article,0.6106,145.7,5.0,653
P04386,Data Science,Article,0.4542,51.0,9.1,94
P04387,Finance,Image,0.4748,28.1,3.6,791
P04388,Software,Video,0.3795,3.6,7.0,425
P04389,Data Science,Image,0.5137,121.9,1.3,862
P04390,AI,Text,0.4311,31.0,2.7,343
P04391,Career,Article,0.1077,28.5,2.0,286
P04392,Data Science,Text,0.3204,7.9,4.1,195
P04393,Leadership,Article,0.5005,28.5,2.6,238
P04394,AI,Text,0.0853,10.9,12.4,65
P04395,AI,Article,0.5872,1.3,6.1,290
P04396,Data Science,Text,0.3398,108.2,2.0,216
P04397,AI,Image,0.308,16.1,3.4,355
P04398,Design,Article,0.4985,44.5,3.4,188
P04399,AI,Job Opportunity,0.6391,23.5,9.2,436
P04400,Marketing,Article,0.1312,14.6,6.5,296
P04401,Data Science,Video,0.443,58.3,4.8,76
P04402,Machine Learning,Article,0.5366,25.3,6.7,342
P04403,Machine Learning,Image,0.1643,36.3,10.0,636
P04404,Software,Article,0.2924,7.9,17.4,674
P04405,AI,Text,0.3816,3.6,13.9,161
P04406,Marketing,Job Opportunity,0.5426,2.3,5.3,99
P04407,Software,Article,0.1328,48.1,3.9,788
P04408,AI,Image,0.0965,3.6,6.1,458
P04409,Machine Learning,Video,0.6541,62.8,8.2,152
P04410,Design,Text,0.2345,12.3,3.0,169
P04411,Software,Article,0.4155,5.0,5.6,337
P04412,Marketing,Image,0.3031,22.1,6.2,655
P04413,Data Science,Job Opportunity,0.3766,79.4,12.6,252
P04414,Finance,Article,0.2393,16.2,2.6,100
P04415,Career,Image,0.2749,21.5,1.3,72
P04416,Leadership,Image,0.0782,40.8,1.2,171
P04417,Finance,Video,0.1556,15.3,9.3,169
P04418,Machine Learning,Image,0.312,25.1,11.1,135
P04419,Career,Article,0.2401,68.5,3.7,1019
P04420,AI,Text,0.3493,18.0,8.2,94
P04421,Marketing,Job Opportunity,0.1816,52.1,10.3,182
P04422,Marketing,Image,0.3856,31.7,6.3,1832
P04423,Design,Text,0.4184,54.0,15.6,173
P04424,Machine Learning,Video,0.1289,46.9,4.4,325
P04425,Software,Article,0.4533,3.9,8.0,1021
P04426,AI,Article,0.3161,28.1,0.3,300
P04427,Software,Article,0.2324,38.1,13.4,449
P04428,Design,Article,0.3007,33.0,5.7,193
P04429,AI,Text,0.5704,32.5,6.2,164
P04430,Career,Text,0.3486,15.2,8.1,91
P04431,Design,Image,0.1989,1.9,9.8,278
P04432,Machine Learning,Job Opportunity,0.1496,13.4,4.9,446
P04433,Data Science,Text,0.3575,20.4,9.3,1554
P04434,Design,Article,0.2547,1.3,4.2,214
P04435,Leadership,Job Opportunity,0.4463,12.6,11.4,858
P04436,AI,Article,0.2862,28.7,8.4,697
P04437,Career,Text,0.2353,17.1,2.3,183
P04438,Career,Article,0.3452,7.6,2.2,338
P04439,Software,Job Opportunity,0.2719,30.1,9.7,341
P04440,Data Science,Text,0.3051,48.4,1.0,109
P04441,Software,Job Opportunity,0.0643,9.4,4.2,270
P04442,Finance,Job Opportunity,0.1189,14.8,8.8,168
P04443,Career,Job Opportunity,0.3133,41.8,3.3,274
P04444,Leadership,Image,0.2364,5.9,5.7,290
P04445,Design,Image,0.2912,25.4,3.2,317
P04446,AI,Job Opportunity,0.2144,10.5,2.2,204
P04447,Design,Article,0.0771,21.4,10.9,141
P04448,Design,Image,0.3586,2.2,2.6,80
P04449,Data Science,Article,0.3723,0.9,3.0,694
P04450,Machine Learning,Text,0.3458,1.6,4.0,335
P04451,Software,Text,0.2074,10.6,4.2,747
P04452,Design,Job Opportunity,0.3409,10.4,4.5,291
P04453,AI,Text,0.2929,15.5,10.5,324
P04454,AI,Video,0.3117,5.2,5.9,265
P04455,AI,Video,0.1887,1.9,3.5,245
P04456,Machine Learning,Video,0.2192,12.1,4.5,398
P04457,Career,Article,0.3142,70.8,7.3,258
P04458,AI,Video,0.3796,22.8,0.7,710
P04459,Design,Video,0.5266,27.6,4.1,998
P04460,Data Science,Job Opportunity,0.682,14.5,12.0,933
P04461,Finance,Job Opportunity,0.7452,231.6,5.0,1133
P04462,Marketing,Article,0.3368,20.9,5.4,132
P04463,Career,Article,0.2343,3.7,4.4,862
P04464,Marketing,Video,0.1991,41.8,10.6,354
P04465,AI,Text,0.2448,20.3,12.9,358
P04466,Career,Image,0.2681,0.5,0.4,186
P04467,AI,Image,0.4396,53.9,14.9,244
P04468,Finance,Article,0.1061,41.4,1.7,57
P04469,Career,Job Opportunity,0.7774,14.3,8.9,515
P04470,Finance,Text,0.6279,16.7,9.0,280
P04471,Data Science,Job Opportunity,0.3908,21.0,2.1,218
P04472,Software,Text,0.1133,42.1,4.2,961
P04473,Career,Job Opportunity,0.2787,13.2,5.9,333
P04474,Marketing,Article,0.6778,33.3,15.3,158
P04475,Career,Text,0.5651,14.8,5.7,326
P04476,Design,Article,0.7126,46.6,6.4,1300
P04477,Marketing,Image,0.2067,1.1,10.1,298
P04478,Data Science,Job Opportunity,0.2524,26.1,3.2,630
P04479,Marketing,Image,0.1087,10.4,2.9,185
P04480,Data Science,Video,0.2527,24.4,8.0,491
P04481,Machine Learning,Article,0.5162,44.7,6.7,389
P04482,Data Science,Job Opportunity,0.6756,79.0,4.1,331
P04483,Finance,Text,0.223,31.4,9.9,223
P04484,Software,Video,0.3019,48.4,13.1,263
P04485,Software,Text,0.2268,1.9,9.8,73
P04486,Marketing,Image,0.364,38.2,3.9,91
P04487,Machine Learning,Text,0.3007,92.3,5.5,95
P04488,AI,Text,0.0617,41.5,3.2,97
P04489,Leadership,Article,0.5046,50.9,12.1,263
P04490,Career,Video,0.1991,7.4,5.3,221
P04491,Software,Text,0.5495,37.3,1.4,142
P04492,Machine Learning,Job Opportunity,0.5216,16.2,7.8,862
P04493,Finance,Image,0.1586,34.1,5.5,265
P04494,Machine Learning,Job Opportunity,0.6305,23.3,4.9,671
P04495,Career,Text,0.5307,19.7,1.5,101
P04496,AI,Video,0.7092,14.9,3.2,461
P04497,Finance,Text,0.2517,80.1,5.8,723
P04498,Data Science,Job Opportunity,0.0728,51.3,8.8,452
P04499,Finance,Text,0.5152,50.0,7.0,230
P04500,Leadership,Text,0.5095,47.6,2.8,262
P04501,Software,Text,0.5205,11.4,3.6,431
P04502,Design,Text,0.6569,1.5,2.6,344
P04503,Design,Job Opportunity,0.1461,22.3,4.4,788
P04504,Data Science,Article,0.1902,9.1,8.6,155
P04505,Data Science,Video,0.0878,57.2,3.7,710
P04506,Software,Text,0.1129,30.3,4.3,417
P04507,Career,Article,0.1676,10.8,5.1,386
P04508,Leadership,Job Opportunity,0.3236,50.6,1.7,285
P04509,Finance,Image,0.2286,78.0,6.0,769
P04510,Leadership,Job Opportunity,0.334,141.4,5.6,162
P04511,Data Science,Text,0.1968,3.8,5.7,131
P04512,Leadership,Image,0.5559,1.1,2.5,336
P04513,Career,Video,0.6207,10.2,14.6,190
P04514,Data Science,Video,0.2238,32.5,15.2,416
P04515,Marketing,Article,0.2474,37.1,4.2,1502
P04516,Marketing,Article,0.5199,13.2,1.0,350
P04517,AI,Article,0.1339,36.9,0.4,386
P04518,AI,Image,0.3353,46.4,2.3,1166
P04519,Software,Image,0.1803,57.0,2.4,447
P04520,Software,Video,0.1635,2.2,4.5,767
P04521,Machine Learning,Article,0.2345,50.4,3.1,265
P04522,Design,Image,0.2285,18.5,3.7,314
P04523,Marketing,Article,0.552,6.0,9.9,192
P04524,AI,Job Opportunity,0.2345,2.9,3.4,473
P04525,Design,Text,0.373,14.7,12.1,483
P04526,Software,Video,0.4534,5.4,5.2,581
P04527,Design,Article,0.4451,30.8,5.4,463
P04528,Software,Text,0.1522,28.3,8.9,294
P04529,AI,Text,0.2657,24.6,9.9,510
P04530,Machine Learning,Text,0.3419,0.8,6.9,1069
P04531,Data Science,Article,0.3586,12.9,5.2,365
P04532,Design,Text,0.2221,7.6,3.8,114
P04533,Finance,Article,0.6263,20.0,1.1,150
P04534,Machine Learning,Job Opportunity,0.5642,30.1,9.3,400
P04535,Software,Text,0.1203,11.0,7.7,165
P04536,Finance,Text,0.3402,20.0,3.7,221
P04537,Finance,Video,0.4882,1.1,3.5,216
P04538,Career,Image,0.3922,8.3,10.2,453
P04539,AI,Article,0.3241,174.2,0.4,1174
P04540,AI,Video,0.2967,47.7,5.2,100
P04541,Leadership,Job Opportunity,0.1939,41.6,4.6,749
P04542,AI,Text,0.3454,15.4,9.3,723
P04543,Leadership,Article,0.4696,101.8,7.6,409
P04544,Data Science,Article,0.3125,35.4,2.1,280
P04545,Data Science,Job Opportunity,0.223,0.1,3.4,607
P04546,Machine Learning,Article,0.6142,1.0,0.7,346
P04547,Leadership,Article,0.1193,13.2,5.7,290
P04548,Machine Learning,Job Opportunity,0.5773,0.3,3.5,78
P04549,AI,Job Opportunity,0.1936,30.1,1.8,477
P04550,Marketing,Text,0.3226,1.5,2.4,1008
P04551,Machine Learning,Article,0.2802,79.5,13.3,108
P04552,Machine Learning,Video,0.1967,18.8,3.8,163
P04553,Machine Learning,Image,0.1253,6.1,6.5,227
P04554,Marketing,Text,0.1866,62.2,0.8,264
P04555,Leadership,Article,0.1363,14.5,8.6,186
P04556,Design,Job Opportunity,0.4385,3.1,6.7,910
P04557,Design,Image,0.0777,20.0,9.0,1627
P04558,Software,Text,0.142,7.7,1.7,394
P04559,Machine Learning,Job Opportunity,0.253,57.8,15.1,194
P04560,Machine Learning,Video,0.5397,1.1,10.7,375
P04561,Machine Learning,Job Opportunity,0.7306,64.0,1.6,134
P04562,AI,Article,0.4105,53.8,3.4,278
P04563,Marketing,Text,0.3463,81.3,6.7,510
P04564,AI,Video,0.1568,16.2,1.7,556
P04565,AI,Text,0.4522,8.7,13.0,515
P04566,Data Science,Text,0.3367,4.6,8.2,226
P04567,Career,Video,0.0368,5.4,3.4,366
P04568,Finance,Video,0.127,23.5,7.6,249
P04569,Data Science,Text,0.7285,92.0,3.6,665
P04570,Machine Learning,Text,0.5093,20.7,13.5,460
P04571,Leadership,Video,0.0207,17.7,5.6,1241
P04572,Software,Video,0.5028,11.5,6.5,428
P04573,Design,Text,0.3511,66.3,2.3,166
P04574,Machine Learning,Text,0.3907,13.0,4.0,125
P04575,Career,Article,0.3625,96.2,10.1,374
P04576,Leadership,Image,0.3161,28.7,4.3,51
P04577,Data Science,Image,0.3136,15.4,2.2,238
P04578,Data Science,Video,0.2126,37.4,1.6,206
P04579,Design,Video,0.5366,19.5,6.0,173
P04580,Leadership,Article,0.193,22.7,1.2,368
P04581,AI,Text,0.4582,126.9,1.1,144
P04582,Finance,Text,0.1088,8.9,0.7,93
P04583,Leadership,Text,0.2848,19.4,6.2,487
P04584,Data Science,Article,0.1357,18.7,0.6,245
P04585,Leadership,Article,0.4204,89.1,5.6,430
P04586,Marketing,Job Opportunity,0.4502,0.6,5.1,378
P04587,Software,Video,0.0705,35.2,3.4,502
P04588,AI,Job Opportunity,0.662,5.8,4.9,390
P04589,AI,Video,0.4939,2.7,7.2,524
P04590,Leadership,Image,0.4275,48.8,11.7,1275
P04591,Leadership,Article,0.2319,39.6,4.4,429
P04592,Data Science,Article,0.2988,20.9,5.7,514
P04593,Finance,Video,0.2688,56.4,2.1,359
P04594,Finance,Text,0.3607,61.6,5.6,72
P04595,Career,Article,0.5222,14.7,4.5,295
P04596,Finance,Video,0.2542,16.9,6.7,964
P04597,Marketing,Article,0.417,20.5,2.0,486
P04598,Marketing,Article,0.5084,8.4,15.7,224
P04599,Machine Learning,Job Opportunity,0.3276,14.6,3.7,443
P04600,Leadership,Video,0.5087,1.9,6.0,135
P04601,Design,Text,0.0323,18.4,0.4,573
P04602,AI,Article,0.3541,1.7,5.1,223
P04603,AI,Job Opportunity,0.1382,22.9,6.2,378
P04604,Finance,Job Opportunity,0.0444,54.6,9.5,146
P04605,Leadership,Text,0.3211,16.2,6.6,392
P04606,AI,Text,0.5261,4.4,12.5,48
P04607,Leadership,Video,0.2742,10.0,10.0,233
P04608,Software,Article,0.636,56.8,1.5,179
P04609,Machine Learning,Text,0.1627,42.2,12.8,184
P04610,Machine Learning,Article,0.461,2.0,4.0,21
P04611,Finance,Article,0.1259,55.0,4.9,190
P04612,Marketing,Video,0.2277,10.1,1.3,406
P04613,Finance,Text,0.2379,8.6,9.1,161
P04614,Marketing,Video,0.3841,21.8,4.3,476
P04615,Career,Text,0.1331,72.2,4.5,675
P04616,Career,Text,0.2243,24.8,5.3,416
P04617,Leadership,Job Opportunity,0.5276,12.8,8.3,447
P04618,Finance,Text,0.4779,88.0,11.9,407
P04619,Machine Learning,Text,0.182,12.5,1.2,508
P04620,Leadership,Text,0.4835,51.2,3.9,192
P04621,Leadership,Job Opportunity,0.3725,4.9,2.4,165
P04622,Design,Video,0.5209,8.9,9.4,169
P04623,Leadership,Article,0.2658,27.6,7.8,562
P04624,Machine Learning,Article,0.5337,9.4,6.6,167
P04625,Marketing,Video,0.185,39.1,4.6,259
P04626,Leadership,Image,0.4828,29.1,8.4,232
P04627,Design,Article,0.1926,2.1,5.7,377
P04628,Software,Text,0.1426,76.4,7.1,539
P04629,Career,Video,0.129,34.4,11.1,539
P04630,Software,Text,0.3545,25.3,7.2,78
P04631,Data Science,Video,0.0432,142.7,4.5,431
P04632,Design,Text,0.1694,119.2,2.9,315
P04633,Machine Learning,Video,0.3315,14.2,2.9,375
P04634,Machine Learning,Image,0.51,32.1,3.6,250
P04635,Career,Job Opportunity,0.8175,12.3,6.5,172
P04636,Design,Video,0.221,14.8,11.8,708
P04637,AI,Text,0.4683,1.1,2.6,278
P04638,Career,Video,0.5152,57.5,10.8,867
P04639,Marketing,Image,0.2394,10.1,3.3,318
P04640,Career,Text,0.2429,43.8,11.9,325
P04641,Finance,Text,0.0846,15.7,3.3,188
P04642,Marketing,Article,0.2489,28.7,3.1,323
P04643,Software,Video,0.2369,23.0,1.4,685
P04644,Marketing,Text,0.3502,24.8,3.9,295
P04645,Data Science,Article,0.5933,50.0,3.5,387
P04646,Data Science,Video,0.0973,22.3,7.2,1205
P04647,Software,Job Opportunity,0.3107,6.0,2.7,126
P04648,Data Science,Article,0.3349,39.7,5.8,156
P04649,Machine Learning,Text,0.4696,71.5,3.5,420
P04650,Career,Job Opportunity,0.3678,22.6,8.8,84
P04651,Data Science,Job Opportunity,0.6154,17.8,8.0,497
P04652,Data Science,Text,0.6094,86.6,7.5,174
P04653,Design,Article,0.359,64.5,0.5,230
P04654,Finance,Text,0.4662,2.2,2.6,650
P04655,Leadership,Text,0.1956,7.5,9.3,121
P04656,Design,Text,0.1685,30.5,3.2,67
P04657,Career,Video,0.0724,26.9,8.7,61
P04658,Data Science,Image,0.3726,2.2,1.6,414
P04659,Finance,Video,0.3412,4.3,7.0,646
P04660,Career,Job Opportunity,0.5721,1.9,6.4,140
P04661,Finance,Image,0.4289,40.8,6.6,771
P04662,Software,Text,0.4926,4.4,12.7,312
P04663,Finance,Article,0.4225,87.4,2.4,339
P04664,AI,Image,0.0845,16.7,8.8,688
P04665,Career,Video,0.1821,60.6,5.8,79
P04666,Marketing,Text,0.2129,162.8,14.6,549
P04667,Software,Article,0.5339,59.4,3.7,75
P04668,Finance,Video,0.457,7.3,10.0,89
P04669,AI,Article,0.2436,33.6,13.6,101
P04670,Career,Image,0.4768,15.5,2.5,517
P04671,Finance,Article,0.592,8.3,3.5,542
P04672,AI,Video,0.1953,73.7,8.8,643
P04673,Finance,Text,0.5224,7.0,7.3,307
P04674,AI,Text,0.5314,29.8,4.4,233
P04675,Data Science,Image,0.5023,52.0,6.0,470
P04676,Career,Text,0.4893,2.6,4.3,279
P04677,Marketing,Article,0.1562,0.5,4.4,370
P04678,Finance,Article,0.3467,39.7,3.2,295
P04679,Finance,Article,0.6435,29.7,7.8,299
P04680,Finance,Text,0.2119,5.4,3.4,1590
P04681,AI,Article,0.2476,13.1,1.4,644
P04682,Software,Text,0.6431,15.7,5.2,459
P04683,Career,Video,0.4311,10.7,6.5,230
P04684,Design,Job Opportunity,0.608,32.1,2.1,328
P04685,Machine Learning,Article,0.4869,8.9,5.9,686
P04686,Design,Job Opportunity,0.517,100.9,2.1,362
P04687,AI,Job Opportunity,0.5251,85.6,2.8,227
P04688,Finance,Video,0.2972,5.3,3.0,82
P04689,Career,Image,0.6046,4.9,7.5,233
P04690,Machine Learning,Text,0.6577,42.6,2.3,541
P04691,Design,Article,0.6171,28.8,9.7,114
P04692,Design,Job Opportunity,0.2854,65.5,10.6,1010
P04693,Data Science,Job Opportunity,0.3622,51.6,2.8,381
P04694,Design,Text,0.4628,30.2,7.3,961
P04695,AI,Article,0.0388,1.8,6.5,294
P04696,Finance,Article,0.3918,18.7,6.2,54
P04697,Software,Text,0.4439,26.4,10.9,227
P04698,Marketing,Job Opportunity,0.3661,2.2,4.1,183
P04699,Software,Article,0.3166,46.1,5.9,156
P04700,Data Science,Video,0.3384,70.7,6.9,455
P04701,Leadership,Image,0.329,40.9,0.9,150
P04702,Machine Learning,Text,0.4225,3.8,8.4,98
P04703,Career,Video,0.0892,1.3,14.1,186
P04704,Leadership,Text,0.0622,15.3,1.0,599
P04705,Software,Article,0.2607,20.6,6.1,249
P04706,Leadership,Text,0.7712,17.6,4.6,149
P04707,Software,Article,0.3086,44.4,6.5,221
P04708,Finance,Video,0.6241,51.4,8.4,731
P04709,Marketing,Text,0.3373,16.9,3.2,450
P04710,Career,Image,0.4652,32.1,6.6,467
P04711,Data Science,Video,0.2924,13.4,11.0,444
P04712,Finance,Job Opportunity,0.4237,20.2,9.2,81
P04713,Data Science,Image,0.4308,4.1,7.9,276
P04714,Career,Video,0.1295,42.9,4.2,680
P04715,Career,Text,0.3266,58.3,3.8,53
P04716,Machine Learning,Text,0.2188,77.1,6.2,64
P04717,AI,Image,0.2894,20.4,6.2,128
P04718,Design,Video,0.1045,90.4,9.2,166
P04719,Machine Learning,Video,0.3181,20.5,6.1,312
P04720,Machine Learning,Article,0.4349,27.3,8.4,107
P04721,Machine Learning,Article,0.4725,20.6,1.4,452
P04722,Machine Learning,Article,0.4123,30.4,7.7,1803
P04723,AI,Article,0.404,45.9,7.9,191
P04724,Marketing,Image,0.4604,76.1,10.5,98
P04725,Finance,Text,0.3057,12.3,1.0,215
P04726,AI,Text,0.4203,48.7,12.4,467
P04727,Marketing,Article,0.2549,28.5,4.8,341
P04728,Machine Learning,Image,0.913,12.2,4.0,546
P04729,Finance,Article,0.3149,52.1,8.7,242
P04730,Leadership,Article,0.4259,37.6,4.4,393
P04731,Data Science,Image,0.3262,41.4,0.6,2357
P04732,Software,Video,0.4487,20.6,7.0,220
P04733,Design,Article,0.2009,30.5,7.0,300
P04734,Career,Article,0.1212,10.3,19.8,434
P04735,Career,Text,0.6267,46.5,18.2,2234
P04736,Machine Learning,Video,0.3763,13.3,10.1,601
P04737,Software,Article,0.1528,8.5,3.1,329
P04738,Data Science,Video,0.2828,12.2,7.3,209
P04739,Machine Learning,Text,0.338,34.4,2.4,890
P04740,Data Science,Video,0.1009,110.0,5.2,283
P04741,Software,Video,0.1561,113.1,4.3,1026
P04742,Finance,Image,0.0776,38.6,14.7,246
P04743,Leadership,Article,0.2845,16.5,4.7,188
P04744,Data Science,Article,0.5841,73.8,9.5,94
P04745,Leadership,Article,0.1582,0.9,5.8,457
P04746,Data Science,Article,0.0793,6.5,9.6,71
P04747,Finance,Text,0.0714,21.3,0.9,825
P04748,Software,Article,0.4625,64.3,5.1,96
P04749,AI,Image,0.1512,9.5,9.4,70
P04750,AI,Image,0.2959,93.9,9.5,292
P04751,Machine Learning,Video,0.6068,3.5,8.2,650
P04752,Marketing,Text,0.3351,8.7,3.9,275
P04753,AI,Video,0.4119,8.9,8.3,558
P04754,Finance,Video,0.169,30.7,7.5,391
P04755,Machine Learning,Video,0.3969,29.1,6.1,523
P04756,Data Science,Article,0.1181,10.6,9.0,1069
P04757,Software,Job Opportunity,0.4723,13.0,2.7,172
P04758,Machine Learning,Text,0.3792,45.6,5.0,343
P04759,Finance,Text,0.6823,25.5,1.6,64
P04760,Design,Text,0.678,24.1,1.9,905
P04761,Marketing,Article,0.2038,34.6,3.0,231
P04762,Software,Job Opportunity,0.2496,103.8,13.5,317
P04763,Career,Video,0.623,82.8,9.4,234
P04764,Design,Job Opportunity,0.3874,1.8,3.4,176
P04765,Leadership,Job Opportunity,0.3607,59.0,4.5,554
P04766,Machine Learning,Video,0.4074,10.3,4.1,477
P04767,Machine Learning,Image,0.1538,18.7,7.5,195
P04768,Design,Job Opportunity,0.4134,58.0,2.9,1214
P04769,Design,Article,0.436,18.4,14.9,601
P04770,Data Science,Text,0.5876,23.6,15.4,1101
P04771,Finance,Text,0.708,8.5,6.7,68
P04772,Finance,Video,0.8051,25.1,4.1,183
P04773,Career,Image,0.4383,123.4,11.4,660
P04774,Software,Text,0.3476,74.7,9.1,114
P04775,Leadership,Image,0.2737,16.2,2.5,218
P04776,Design,Video,0.6173,42.1,5.3,134
P04777,Software,Text,0.2974,19.8,5.2,419
P04778,Software,Video,0.2159,16.2,0.7,232
P04779,Machine Learning,Job Opportunity,0.5726,12.4,8.6,136
P04780,Leadership,Text,0.7224,35.2,4.3,1223
P04781,Software,Text,0.3275,11.8,6.5,515
P04782,AI,Video,0.4157,8.7,10.8,506
P04783,Finance,Text,0.7102,20.3,5.9,359
P04784,Marketing,Article,0.2878,88.7,8.9,608
P04785,AI,Job Opportunity,0.321,42.2,5.0,478
P04786,Leadership,Article,0.485,72.8,1.6,72
P04787,Marketing,Article,0.2869,3.8,12.7,1469
P04788,Finance,Job Opportunity,0.327,74.2,13.2,1287
P04789,Data Science,Video,0.2747,16.5,2.4,220
P04790,Marketing,Text,0.3285,9.8,15.7,84
P04791,Leadership,Text,0.5752,65.8,4.6,133
P04792,Leadership,Article,0.2417,10.4,5.5,137
P04793,Data Science,Article,0.1961,0.6,8.4,405
P04794,Finance,Job Opportunity,0.1729,3.0,7.1,230
P04795,Software,Article,0.054,6.3,1.1,196
P04796,Machine Learning,Article,0.6669,94.1,11.6,529
P04797,Career,Image,0.5128,80.4,5.0,294
P04798,Data Science,Job Opportunity,0.1202,1.2,3.8,692
P04799,Software,Video,0.1293,3.0,8.1,309
P04800,Leadership,Article,0.6957,42.3,6.5,1252
P04801,Leadership,Text,0.5352,19.0,12.8,1946
P04802,Software,Job Opportunity,0.317,11.8,12.2,392
P04803,Machine Learning,Video,0.4906,7.6,3.8,252
P04804,Marketing,Image,0.2875,7.4,4.7,308
P04805,Design,Text,0.2513,41.7,2.4,758
P04806,Machine Learning,Image,0.448,49.0,12.2,652
P04807,Software,Job Opportunity,0.4479,28.6,10.2,71
P04808,Design,Text,0.2797,4.4,3.8,507
P04809,Leadership,Text,0.2449,6.1,9.4,238
P04810,Marketing,Article,0.5284,61.3,3.0,405
P04811,Data Science,Image,0.4702,48.7,6.8,324
P04812,Finance,Article,0.3562,17.7,7.3,236
P04813,Machine Learning,Text,0.1016,2.3,6.5,86
P04814,Career,Video,0.6054,25.2,1.8,91
P04815,Finance,Image,0.1648,47.0,8.8,260
P04816,Career,Text,0.0507,5.7,3.3,291
P04817,Career,Job Opportunity,0.3731,11.4,2.0,308
P04818,AI,Article,0.3233,13.2,8.6,401
P04819,Career,Text,0.2197,5.9,13.1,168
P04820,Software,Video,0.5252,17.9,1.9,106
P04821,Software,Video,0.1897,15.9,0.7,716
P04822,Finance,Video,0.2963,47.6,3.8,508
P04823,Software,Video,0.4995,3.2,6.9,185
P04824,Data Science,Image,0.2683,3.9,3.0,653
P04825,Leadership,Image,0.3349,4.7,7.1,145
P04826,Software,Job Opportunity,0.6157,10.6,3.6,390
P04827,Marketing,Job Opportunity,0.4935,10.0,2.3,394
P04828,Data Science,Text,0.0778,99.6,0.9,196
P04829,Software,Video,0.1548,24.1,11.3,484
P04830,Machine Learning,Text,0.1036,17.8,7.5,115
P04831,Career,Video,0.322,35.8,8.7,319
P04832,Machine Learning,Article,0.3215,28.0,0.4,320
P04833,Finance,Text,0.2361,14.2,4.5,135
P04834,Software,Job Opportunity,0.6658,11.9,12.4,543
P04835,Design,Video,0.2682,5.8,20.5,804
P04836,AI,Article,0.5409,39.4,9.9,311
P04837,Data Science,Text,0.2421,19.0,5.5,349
P04838,Finance,Text,0.5492,0.7,3.2,261
P04839,Design,Image,0.4206,1.5,7.3,303
P04840,Machine Learning,Article,0.2358,8.0,1.2,217
P04841,Career,Video,0.1618,0.6,2.5,328
P04842,AI,Video,0.2841,61.7,4.8,265
P04843,Software,Video,0.4908,0.6,9.8,1205
P04844,Career,Text,0.4279,2.9,5.9,271
P04845,Data Science,Image,0.3718,25.6,8.3,151
P04846,Marketing,Image,0.162,13.5,7.0,81
P04847,Data Science,Text,0.5129,26.7,3.9,722
P04848,Design,Text,0.286,62.1,1.6,1022
P04849,AI,Video,0.3347,77.4,3.2,126
P04850,Design,Text,0.3282,4.7,6.4,525
P04851,Software,Text,0.412,89.1,3.2,492
P04852,Marketing,Text,0.0526,18.3,6.3,326
P04853,Software,Text,0.272,18.9,14.9,132
P04854,Career,Image,0.3988,31.4,1.4,482
P04855,Leadership,Job Opportunity,0.4778,2.4,8.4,924
P04856,Machine Learning,Video,0.414,2.0,1.3,992
P04857,Software,Article,0.0694,62.9,7.3,488
P04858,Leadership,Text,0.2797,34.8,8.3,647
P04859,Finance,Article,0.5116,0.5,3.4,75
P04860,Finance,Video,0.2886,73.9,10.8,524
P04861,Data Science,Video,0.0974,11.0,7.4,530
P04862,Leadership,Job Opportunity,0.1174,70.0,16.4,249
P04863,Design,Text,0.3153,5.1,3.7,348
P04864,AI,Article,0.2066,22.3,3.9,212
P04865,Leadership,Video,0.4703,55.7,1.7,94
P04866,Design,Text,0.1024,4.0,19.6,531
P04867,Machine Learning,Article,0.7852,30.9,11.3,1473
P04868,Data Science,Text,0.253,94.9,2.2,162
P04869,Marketing,Article,0.7006,6.4,8.2,346
P04870,Leadership,Article,0.5043,21.5,14.0,113
P04871,Leadership,Text,0.2628,2.0,3.9,391
P04872,Design,Image,0.3881,48.6,3.5,196
P04873,Marketing,Job Opportunity,0.2339,85.7,1.3,291
P04874,Career,Text,0.3192,14.1,10.4,721
P04875,Finance,Text,0.4868,57.0,3.2,413
P04876,Software,Image,0.3851,6.8,1.8,297
P04877,Leadership,Job Opportunity,0.3945,43.0,7.9,155
P04878,Data Science,Image,0.5143,13.0,1.4,571
P04879,Marketing,Text,0.3904,1.7,6.7,134
P04880,Marketing,Job Opportunity,0.1688,33.3,2.0,949
P04881,AI,Video,0.6859,40.7,8.5,359
P04882,Finance,Article,0.4086,5.2,2.2,144
P04883,AI,Article,0.1456,5.3,3.4,98
P04884,Data Science,Job Opportunity,0.1339,70.0,5.7,253
P04885,Marketing,Job Opportunity,0.1084,30.6,3.7,247
P04886,Marketing,Text,0.5942,33.3,20.1,475
P04887,AI,Video,0.0392,10.5,2.6,145
P04888,Design,Text,0.4516,41.2,1.8,620
P04889,Leadership,Video,0.5502,56.8,14.7,44
P04890,Software,Text,0.2002,17.1,4.3,353
P04891,Finance,Text,0.6285,33.9,8.0,185
P04892,Machine Learning,Text,0.2813,60.1,3.1,356
P04893,Data Science,Text,0.3128,47.1,4.1,866
P04894,Leadership,Job Opportunity,0.524,17.8,6.7,681
P04895,Career,Job Opportunity,0.1599,58.2,6.3,431
P04896,Marketing,Article,0.5408,22.9,11.3,956
P04897,Software,Text,0.1403,70.7,1.8,988
P04898,Design,Text,0.5766,39.3,6.1,1128
P04899,Finance,Article,0.5554,33.8,0.8,203
P04900,Leadership,Text,0.1432,53.4,4.7,600
P04901,Leadership,Text,0.223,42.9,10.1,610
P04902,Data Science,Article,0.3204,5.4,25.0,332
P04903,AI,Job Opportunity,0.5959,57.7,7.0,755
P04904,Marketing,Image,0.6763,59.6,10.6,340
P04905,Design,Article,0.1015,38.4,3.8,100
P04906,Career,Video,0.3977,40.0,3.8,912
P04907,Career,Text,0.5404,54.0,5.3,202
P04908,Data Science,Video,0.1492,31.8,5.2,81
P04909,Design,Text,0.4877,13.4,6.5,4238
P04910,AI,Article,0.544,28.3,1.9,139
P04911,Software,Text,0.1851,54.0,13.1,551
P04912,Marketing,Job Opportunity,0.594,54.2,5.7,142
P04913,Software,Image,0.0984,50.3,8.5,235
P04914,AI,Video,0.3846,10.8,10.8,189
P04915,Machine Learning,Image,0.3799,3.7,2.3,149
P04916,Design,Image,0.3124,6.8,12.3,661
P04917,Data Science,Job Opportunity,0.3701,11.6,7.3,2033
P04918,Machine Learning,Article,0.0948,8.5,7.7,332
P04919,Marketing,Article,0.585,7.1,5.1,80
P04920,Data Science,Image,0.3156,41.9,14.8,143
P04921,Data Science,Job Opportunity,0.3327,1.4,12.3,169
P04922,Design,Video,0.3424,14.8,3.4,358
P04923,Finance,Job Opportunity,0.143,9.8,4.7,237
P04924,AI,Video,0.5842,79.7,6.7,1795
P04925,Design,Article,0.1491,41.8,5.0,306
P04926,AI,Job Opportunity,0.3603,21.8,11.5,630
P04927,Leadership,Image,0.3098,27.9,12.3,288
P04928,AI,Text,0.4284,21.1,4.0,320
P04929,Software,Image,0.3474,110.2,3.5,248
P04930,Design,Text,0.2025,16.1,5.2,329
P04931,Machine Learning,Video,0.1065,22.5,6.8,222
P04932,Design,Text,0.0423,34.7,6.8,340
P04933,Software,Text,0.0865,33.3,2.6,212
P04934,Data Science,Video,0.4669,60.8,2.0,2028
P04935,Design,Article,0.5723,47.2,10.8,452
P04936,Leadership,Article,0.136,43.3,3.6,525
P04937,Software,Article,0.13,16.9,4.8,288
P04938,Leadership,Video,0.403,64.8,9.7,101
P04939,Finance,Text,0.4119,9.8,6.1,112
P04940,AI,Text,0.3775,17.5,4.8,287
P04941,Software,Text,0.3778,1.9,2.4,280
P04942,Software,Article,0.345,14.7,3.6,451
P04943,Finance,Image,0.5072,10.1,3.1,383
P04944,Design,Video,0.5152,46.9,4.4,227
P04945,Marketing,Video,0.7692,0.2,2.9,2753
P04946,Machine Learning,Article,0.2204,24.7,2.0,436
P04947,Marketing,Video,0.097,13.5,5.1,232
P04948,Finance,Text,0.0473,15.0,7.4,245
P04949,Data Science,Image,0.2808,47.3,1.2,588
P04950,Software,Article,0.1176,40.4,2.5,276
P04951,Leadership,Image,0.2941,7.9,8.2,708
P04952,Marketing,Job Opportunity,0.2031,17.1,6.4,308
P04953,Data Science,Job Opportunity,0.7188,16.1,6.8,243
P04954,Machine Learning,Job Opportunity,0.794,62.7,8.0,105
P04955,Machine Learning,Article,0.3407,64.4,9.2,758
P04956,Machine Learning,Text,0.3679,3.1,4.5,138
P04957,Marketing,Article,0.0971,7.7,5.2,602
P04958,AI,Text,0.2966,0.3,2.2,205
P04959,AI,Video,0.7178,4.8,4.9,657
P04960,Design,Image,0.4516,11.3,7.7,922
P04961,Software,Job Opportunity,0.4503,45.4,4.4,181
P04962,Machine Learning,Job Opportunity,0.3651,55.0,4.3,169
P04963,Design,Article,0.3443,12.2,2.4,1948
P04964,Data Science,Job Opportunity,0.9136,2.2,3.9,477
P04965,AI,Job Opportunity,0.5623,13.9,4.9,589
P04966,Data Science,Video,0.6948,13.1,8.7,112
P04967,AI,Text,0.3551,32.2,3.1,146
P04968,Software,Article,0.4606,38.3,3.5,391
P04969,Design,Text,0.2016,1.4,8.3,244
P04970,Career,Article,0.4614,0.8,0.7,148
P04971,Data Science,Text,0.2411,80.3,9.3,413
P04972,Data Science,Article,0.6645,2.2,4.0,84
P04973,Marketing,Text,0.5764,68.2,3.7,421
P04974,Marketing,Video,0.2807,35.1,9.1,161
P04975,Leadership,Article,0.2337,1.4,6.0,582
P04976,Finance,Job Opportunity,0.3307,11.5,5.2,358
P04977,AI,Article,0.4453,30.0,3.9,504
P04978,Career,Text,0.0588,17.8,1.4,965
P04979,Data Science,Text,0.1456,3.5,2.7,194
P04980,Career,Video,0.4188,72.4,9.3,151
P04981,Career,Text,0.2939,53.6,6.7,864
P04982,Machine Learning,Video,0.7001,8.4,1.9,1279
P04983,Finance,Text,0.5902,4.6,10.2,921
P04984,Leadership,Text,0.334,17.0,1.0,51
P04985,Data Science,Text,0.3407,80.3,3.0,535
P04986,Career,Article,0.3188,9.6,2.3,156
P04987,Finance,Job Opportunity,0.0616,26.7,1.1,676
P04988,Design,Video,0.1513,84.8,5.2,270
P04989,Design,Article,0.1792,60.6,3.6,252
P04990,Design,Image,0.5153,10.4,3.9,241
P04991,Machine Learning,Video,0.2108,34.6,6.7,204
P04992,Leadership,Text,0.2074,19.0,2.0,119
P04993,Leadership,Job Opportunity,0.2264,7.1,6.3,243
P04994,Finance,Text,0.1005,18.5,16.1,367
P04995,Machine Learning,Article,0.2698,15.0,3.3,1093
P04996,Software,Image,0.5603,7.3,17.8,498
P04997,Finance,Job Opportunity,0.136,13.4,7.5,262
P04998,Career,Text,0.2731,38.4,8.3,247
P04999,Design,Article,0.2118,19.4,5.2,30
P05000,Design,Video,0.4628,35.5,2.2,241
