user_id,post_id,author_id,age_group,gender,location,professional_field,experience_years,education,network_size,previous_interactions,post_topic,content_type,engagement,author_user_similarity,topic_similarity,post_age_hours,author_experience,author_network_size,network_distance,interaction_probability,interaction,baseline_score,baseline_rank,rank,quota_rank,quota_score
U0002,P01038,A0240,26-35,Female,Mumbai,Data Science,3.5,Bachelors,266,9,Career,Article,0.6001,0.8296,0.7849,1.0,6.4,185,5,0.7143,1,0.7700826525688171,1,1,1,1.0
U0002,P04834,A1398,26-35,Female,Mumbai,Data Science,3.5,Bachelors,266,9,Software,Job Opportunity,0.6658,0.832,0.8949,11.9,12.4,543,4,0.7726,1,0.728598952293396,2,2,2,0.5
U0002,P01579,A0041,26-35,Female,Mumbai,Data Science,3.5,Bachelors,266,9,Data Science,Text,0.8547,0.7585,0.6747,61.7,1.9,197,1,0.7112,0,0.6874880194664001,3,3,3,0.3333333333333333
U0002,P00505,A0223,26-35,Female,Mumbai,Data Science,3.5,Bachelors,266,9,AI,Image,0.4224,0.8829,0.3722,4.3,2.6,313,1,0.6501,1,0.6526519060134888,4,4,4,0.25
U0002,P01957,A0994,26-35,Female,Mumbai,Data Science,3.5,Bachelors,266,9,Machine Learning,Text,0.5518,0.6206,0.9562,19.2,19.0,395,1,0.7522,0,0.5834351778030396,5,5,5,0.2
U0002,P01573,A0710,26-35,Female,Mumbai,Data Science,3.5,Bachelors,266,9,Machine Learning,Video,0.6055,0.1962,0.8248,4.7,4.0,749,2,0.5209,1,0.46704477071762085,6,6,6,0.16666666666666666
U0002,P00624,A0455,26-35,Female,Mumbai,Data Science,3.5,Bachelors,266,9,Finance,Text,0.184,0.8178,0.5768,95.2,2.8,1076,3,0.3983,0,0.3860829174518585,7,7,7,0.14285714285714285
U0002,P03338,A1234,26-35,Female,Mumbai,Data Science,3.5,Bachelors,266,9,Data Science,Text,0.0772,0.451,0.8555,47.9,8.0,371,4,0.3679,0,0.35064753890037537,8,8,8,0.125
U0002,P04833,A1467,26-35,Female,Mumbai,Data Science,3.5,Bachelors,266,9,Finance,Text,0.2361,0.2909,0.5686,14.2,4.5,135,2,0.3441,1,0.326150506734848,9,9,9,0.1111111111111111
U0002,P00461,A1560,26-35,Female,Mumbai,Data Science,3.5,Bachelors,266,9,Design,Video,0.1877,0.3616,0.3292,25.0,8.6,220,1,0.2849,0,0.2693875730037689,10,10,10,0.1
U0002,P03580,A1728,26-35,Female,Mumbai,Data Science,3.5,Bachelors,266,9,Marketing,Job Opportunity,0.373,0.4661,0.2989,9.9,16.2,138,4,0.304,1,0.23973242938518524,11,11,11,0.09090909090909091
U0002,P00149,A0647,26-35,Female,Mumbai,Data Science,3.5,Bachelors,266,9,Leadership,Article,0.0268,0.2612,0.6743,64.3,6.1,266,4,0.1953,0,0.15342189371585846,12,12,12,0.08333333333333333
U0006,P02329,A1293,56+,Female,Pune,Engineering,4.0,Diploma,159,14,Data Science,Article,0.2435,0.8774,0.9545,32.2,6.0,146,3,0.7345,1,0.740100622177124,1,1,1,1.0
U0006,P00263,A0676,56+,Female,Pune,Engineering,4.0,Diploma,159,14,AI,Article,0.5463,0.5765,0.3391,28.6,6.9,193,1,0.4978,1,0.47982025146484375,2,2,2,0.5
U0006,P00456,A1543,56+,Female,Pune,Engineering,4.0,Diploma,159,14,Finance,Job Opportunity,0.5256,0.4896,0.5946,4.6,4.3,177,5,0.4753,1,0.47965139150619507,3,3,3,0.3333333333333333
U0006,P02583,A1358,56+,Female,Pune,Engineering,4.0,Diploma,159,14,Finance,Image,0.6085,0.3891,0.4739,19.8,4.0,1800,3,0.4316,0,0.4623430371284485,4,4,4,0.25
U0006,P04113,A1251,56+,Female,Pune,Engineering,4.0,Diploma,159,14,Career,Job Opportunity,0.0323,0.5607,0.3631,13.6,5.0,212,3,0.3307,1,0.3678661584854126,5,5,5,0.2
U0006,P02211,A0031,56+,Female,Pune,Engineering,4.0,Diploma,159,14,Machine Learning,Text,0.1576,0.2964,0.5465,2.7,9.8,379,3,0.3326,0,0.3397110104560852,6,6,6,0.16666666666666666
U0006,P02212,A1456,56+,Female,Pune,Engineering,4.0,Diploma,159,14,Software,Image,0.4689,0.407,0.4193,4.6,13.1,844,2,0.4417,0,0.32615926861763,7,7,7,0.14285714285714285
U0006,P00975,A0514,56+,Female,Pune,Engineering,4.0,Diploma,159,14,Finance,Text,0.4017,0.5537,0.4615,81.5,10.7,219,3,0.3344,0,0.3118787705898285,8,8,8,0.125
U0006,P00398,A0099,56+,Female,Pune,Engineering,4.0,Diploma,159,14,Software,Job Opportunity,0.4346,0.4423,0.3627,91.4,1.6,282,4,0.2223,0,0.2189324051141739,9,9,9,0.1111111111111111
U0034,P03726,A0227,26-35,Male,Mumbai,Business,2.4,Bachelors,302,19,Marketing,Article,0.4285,0.6705,0.6008,9.7,3.7,420,2,0.664,1,0.7057637572288513,2,2,1,1.0
U0034,P03818,A1829,26-35,Male,Mumbai,Business,2.4,Bachelors,302,19,Leadership,Image,0.3648,0.1772,0.7726,12.6,4.0,52,3,0.4411,1,0.6187537312507629,3,3,2,0.5
U0034,P01072,A0351,26-35,Male,Mumbai,Business,2.4,Bachelors,302,19,Software,Video,0.3724,0.6555,0.5472,46.6,9.8,312,4,0.4858,0,0.4859582781791687,7,7,3,0.3333333333333333
U0034,P00671,A0542,26-35,Male,Mumbai,Business,2.4,Bachelors,302,19,Leadership,Article,0.5677,0.5916,0.3172,36.6,4.3,1009,3,0.4624,0,0.4423164129257202,8,8,4,0.25
U0034,P04999,A1670,26-35,Male,Mumbai,Business,2.4,Bachelors,302,19,Design,Article,0.2118,0.72,0.6145,19.4,5.2,30,2,0.6195,1,0.7594920992851257,1,1,5,0.2
U0034,P04503,A1343,26-35,Male,Mumbai,Business,2.4,Bachelors,302,19,Design,Job Opportunity,0.1461,0.4323,0.7467,22.3,4.4,788,2,0.5103,0,0.5654928684234619,4,4,6,0.16666666666666666
U0034,P02523,A0689,26-35,Male,Mumbai,Business,2.4,Bachelors,302,19,Machine Learning,Image,0.3158,0.3465,0.7557,11.2,7.0,173,1,0.5721,0,0.5210009813308716,5,5,7,0.14285714285714285
U0034,P04247,A1786,26-35,Male,Mumbai,Business,2.4,Bachelors,302,19,Data Science,Image,0.1724,0.6157,0.793,32.8,4.3,561,1,0.6369,0,0.4919120669364929,6,6,8,0.125
U0034,P03219,A1294,26-35,Male,Mumbai,Business,2.4,Bachelors,302,19,Data Science,Text,0.2534,0.4309,0.5873,39.9,7.4,429,3,0.4049,0,0.4238331913948059,9,9,9,0.1111111111111111
U0034,P01285,A0569,26-35,Male,Mumbai,Business,2.4,Bachelors,302,19,Career,Job Opportunity,0.4141,0.6012,0.6514,124.2,2.6,160,4,0.3628,1,0.23804424703121185,10,10,10,0.1
U0034,P00706,A0960,26-35,Male,Mumbai,Business,2.4,Bachelors,302,19,Software,Job Opportunity,0.412,0.2061,0.0533,5.3,4.7,387,4,0.1945,1,0.17997069656848907,11,11,11,0.09090909090909091
U0035,P03121,A0483,26-35,Female,Other,Marketing,1.0,Bachelors,205,13,Marketing,Article,0.4218,0.5125,0.737,7.9,8.4,218,3,0.5473,1,0.5942548513412476,1,1,1,1.0
U0035,P02995,A0569,26-35,Female,Other,Marketing,1.0,Bachelors,205,13,Marketing,Text,0.5251,0.7345,0.3735,35.1,3.7,1423,4,0.4457,0,0.5480682253837585,3,3,2,0.5
U0035,P01956,A0053,26-35,Female,Other,Marketing,1.0,Bachelors,205,13,Data Science,Job Opportunity,0.2425,0.9125,0.3772,10.4,8.0,820,3,0.5401,1,0.4587043821811676,4,4,3,0.3333333333333333
U0035,P04422,A0094,26-35,Female,Other,Marketing,1.0,Bachelors,205,13,Marketing,Image,0.3856,0.3241,0.9095,31.7,6.3,1832,4,0.4369,1,0.4538004696369171,5,5,4,0.25
U0035,P00484,A1677,26-35,Female,Other,Marketing,1.0,Bachelors,205,13,Finance,Article,0.2437,0.4045,0.7413,44.4,15.6,297,1,0.4386,1,0.5610390901565552,2,2,5,0.2
U0035,P03637,A0023,26-35,Female,Other,Marketing,1.0,Bachelors,205,13,Career,Article,0.1849,0.3724,0.7737,8.8,1.2,821,4,0.3951,0,0.4265831708908081,6,6,6,0.16666666666666666
U0035,P04109,A0503,26-35,Female,Other,Marketing,1.0,Bachelors,205,13,Design,Text,0.3343,0.683,0.4513,18.3,2.2,485,3,0.4665,0,0.42319172620773315,7,7,7,0.14285714285714285
U0035,P01774,A1211,26-35,Female,Other,Marketing,1.0,Bachelors,205,13,Marketing,Text,0.1253,0.6402,0.6933,6.2,6.2,661,4,0.4821,0,0.3980678617954254,8,8,8,0.125
U0035,P02998,A1253,26-35,Female,Other,Marketing,1.0,Bachelors,205,13,Software,Article,0.6808,0.3907,0.1583,12.8,3.2,311,2,0.3403,0,0.3232038617134094,9,9,9,0.1111111111111111
U0035,P00389,A1365,26-35,Female,Other,Marketing,1.0,Bachelors,205,13,Data Science,Article,0.0966,0.3834,0.5651,51.8,6.4,537,3,0.2555,0,0.23619835078716278,10,10,10,0.1
U0035,P00119,A0961,26-35,Female,Other,Marketing,1.0,Bachelors,205,13,Data Science,Article,0.1012,0.3823,0.4676,63.1,1.6,219,2,0.2328,0,0.21331436932086945,11,11,11,0.09090909090909091
U0037,P04359,A0415,18-25,Female,Other,Business,7.8,Masters,204,23,Software,Article,0.3523,0.8188,0.8397,13.8,4.8,510,3,0.7695,1,0.7965680360794067,1,1,1,1.0
U0037,P04334,A0511,18-25,Female,Other,Business,7.8,Masters,204,23,Marketing,Article,0.1348,0.5549,0.4645,4.6,7.8,1097,4,0.4364,0,0.4172501862049103,2,2,2,0.5
U0044,P01191,A0388,26-35,Male,Other,Design,4.7,Bachelors,336,17,Finance,Article,0.2205,0.6632,0.5297,20.3,15.9,266,3,0.5019,0,0.5913151502609253,1,1,1,1.0
U0044,P03925,A0814,26-35,Male,Other,Design,4.7,Bachelors,336,17,Data Science,Text,0.3195,0.8393,0.306,1.7,3.7,347,4,0.5268,0,0.5454174280166626,2,2,2,0.5
U0044,P03611,A0947,26-35,Male,Other,Design,4.7,Bachelors,336,17,Finance,Text,0.2539,0.1707,0.2134,18.7,8.2,275,2,0.2082,0,0.24975281953811646,3,3,3,0.3333333333333333
U0050,P00929,A1789,18-25,Male,Pune,Finance,4.1,Masters,49,12,AI,Image,0.3675,0.8758,0.7423,25.0,2.7,1062,1,0.7476,1,0.7016234993934631,1,1,1,1.0
U0050,P02121,A0244,18-25,Male,Pune,Finance,4.1,Masters,49,12,Marketing,Image,0.4906,0.6339,0.8513,141.3,1.9,544,2,0.4656,0,0.4159214496612549,5,5,2,0.5
U0050,P01599,A1430,18-25,Male,Pune,Finance,4.1,Masters,49,12,Career,Video,0.1372,0.5485,0.4994,1.4,9.1,134,3,0.424,1,0.3694133162498474,6,6,3,0.3333333333333333
U0050,P02989,A0320,18-25,Male,Pune,Finance,4.1,Masters,49,12,AI,Text,0.4861,0.2963,0.4529,5.7,0.8,144,2,0.3988,0,0.32082003355026245,7,7,4,0.25
U0050,P03140,A1403,18-25,Male,Pune,Finance,4.1,Masters,49,12,Career,Job Opportunity,0.0771,0.6513,0.614,18.0,8.1,389,2,0.5063,0,0.5121722221374512,2,2,5,0.2
U0050,P04141,A1872,18-25,Male,Pune,Finance,4.1,Masters,49,12,Design,Article,0.3716,0.3598,0.4631,35.7,8.4,278,1,0.3771,1,0.5035680532455444,3,3,6,0.16666666666666666
U0050,P04184,A0581,18-25,Male,Pune,Finance,4.1,Masters,49,12,Data Science,Video,0.4055,0.5234,0.5773,56.3,8.6,866,2,0.4407,1,0.4678022861480713,4,4,7,0.14285714285714285
U0050,P02687,A1639,18-25,Male,Pune,Finance,4.1,Masters,49,12,Finance,Article,0.246,0.2919,0.5049,55.2,10.0,222,5,0.2009,0,0.24869966506958008,8,8,8,0.125
U0050,P00094,A1518,18-25,Male,Pune,Finance,4.1,Masters,49,12,Machine Learning,Image,0.4671,0.2471,0.5244,40.4,6.6,543,5,0.2543,0,0.23739264905452728,9,9,9,0.1111111111111111
U0050,P03095,A0482,18-25,Male,Pune,Finance,4.1,Masters,49,12,Career,Article,0.1052,0.2791,0.7358,216.7,8.3,525,4,0.0886,0,0.10847453027963638,10,10,10,0.1
U0058,P04249,A0491,26-35,Male,Hyderabad,Other,5.4,Bachelors,437,14,Marketing,Text,0.0862,0.8634,0.7187,0.3,0.9,34,3,0.6748,1,0.7316727638244629,1,1,1,1.0
U0058,P00893,A1814,26-35,Male,Hyderabad,Other,5.4,Bachelors,437,14,AI,Video,0.2108,0.6332,0.8435,19.6,6.4,125,4,0.5829,0,0.5971580147743225,3,3,2,0.5
U0058,P04328,A0102,26-35,Male,Hyderabad,Other,5.4,Bachelors,437,14,Marketing,Video,0.3652,0.4852,0.508,0.1,3.7,863,4,0.4487,1,0.4765484631061554,6,6,3,0.3333333333333333
U0058,P02203,A0096,26-35,Male,Hyderabad,Other,5.4,Bachelors,437,14,Machine Learning,Text,0.3841,0.2536,0.5556,12.8,0.7,317,1,0.4307,0,0.3407171070575714,8,8,4,0.25
U0058,P03506,A0341,26-35,Male,Hyderabad,Other,5.4,Bachelors,437,14,Finance,Image,0.4493,0.5559,0.8251,4.6,9.2,684,2,0.688,1,0.7089875340461731,2,2,5,0.2
U0058,P00620,A0941,26-35,Male,Hyderabad,Other,5.4,Bachelors,437,14,Career,Text,0.163,0.701,0.694,7.9,8.6,374,2,0.6264,1,0.5841432213783264,4,4,6,0.16666666666666666
U0058,P00786,A1911,26-35,Male,Hyderabad,Other,5.4,Bachelors,437,14,Machine Learning,Image,0.2386,0.4393,0.8049,4.4,17.6,173,2,0.5728,1,0.5578838586807251,5,5,7,0.14285714285714285
U0058,P04463,A0565,26-35,Male,Hyderabad,Other,5.4,Bachelors,437,14,Career,Article,0.2343,0.3434,0.5159,3.7,4.4,862,2,0.404,1,0.3622173070907593,7,7,8,0.125
U0058,P02961,A1507,26-35,Male,Hyderabad,Other,5.4,Bachelors,437,14,Data Science,Video,0.6004,0.2419,0.332,48.4,0.8,121,2,0.2975,0,0.1992797553539276,9,9,9,0.1111111111111111
U0067,P02851,A1413,26-35,Male,Pune,Finance,2.8,Bachelors,221,20,Data Science,Video,0.7053,0.6483,0.8467,78.5,5.9,203,3,0.6632,1,0.6752052307128906,2,2,1,1.0
U0067,P00374,A1972,26-35,Male,Pune,Finance,2.8,Bachelors,221,20,Career,Image,0.1765,0.2962,0.9132,10.6,3.1,401,1,0.5764,1,0.61033695936203,3,3,2,0.5
U0067,P00778,A1965,26-35,Male,Pune,Finance,2.8,Bachelors,221,20,AI,Article,0.2085,0.3729,0.7763,30.1,2.8,184,2,0.4944,0,0.5450695753097534,4,4,3,0.3333333333333333
U0067,P00222,A1150,26-35,Male,Pune,Finance,2.8,Bachelors,221,20,Finance,Text,0.1221,0.3846,0.8777,60.4,4.0,196,2,0.4591,0,0.4979403614997864,5,5,4,0.25
U0067,P04720,A0080,26-35,Male,Pune,Finance,2.8,Bachelors,221,20,Machine Learning,Article,0.4349,0.7724,0.5566,27.3,8.4,107,1,0.691,1,0.7872599959373474,1,1,5,0.2
U0067,P03007,A1661,26-35,Male,Pune,Finance,2.8,Bachelors,221,20,Finance,Text,0.2851,0.7068,0.7222,77.3,5.9,1731,5,0.4676,1,0.4318000078201294,6,6,6,0.16666666666666666
U0067,P03899,A0841,26-35,Male,Pune,Finance,2.8,Bachelors,221,20,Marketing,Video,0.5706,0.4897,0.6101,46.5,3.9,381,5,0.4516,1,0.430608868598938,7,7,7,0.14285714285714285
U0067,P03877,A0751,26-35,Male,Pune,Finance,2.8,Bachelors,221,20,Career,Video,0.3295,0.5959,0.5013,10.5,6.2,350,5,0.4641,0,0.41529691219329834,8,8,8,0.125
U0067,P02473,A0912,26-35,Male,Pune,Finance,2.8,Bachelors,221,20,Design,Job Opportunity,0.4425,0.3173,0.2412,7.2,3.2,586,1,0.384,0,0.32851240038871765,9,9,9,0.1111111111111111
U0072,P00352,A0737,26-35,Female,Mumbai,Data Science,7.1,Bachelors,418,17,Machine Learning,Text,0.4695,0.6731,0.7373,22.5,3.5,646,2,0.7016,0,0.7513719797134399,1,1,1,1.0
U0072,P00071,A0236,26-35,Female,Mumbai,Data Science,7.1,Bachelors,418,17,Software,Video,0.7928,0.6702,0.408,45.1,11.2,268,2,0.614,1,0.6593043208122253,2,2,2,0.5
U0072,P02262,A1136,26-35,Female,Mumbai,Data Science,7.1,Bachelors,418,17,Marketing,Text,0.2697,0.5218,0.94,4.3,3.5,652,5,0.6066,0,0.6407315135002136,4,4,3,0.3333333333333333
U0072,P01787,A0297,26-35,Female,Mumbai,Data Science,7.1,Bachelors,418,17,AI,Text,0.3546,0.4201,0.8052,18.4,6.3,345,3,0.5599,1,0.6030874252319336,5,5,4,0.25
U0072,P02639,A0360,26-35,Female,Mumbai,Data Science,7.1,Bachelors,418,17,Career,Text,0.2561,0.5304,0.6653,1.1,6.7,129,2,0.5948,1,0.6489458084106445,3,3,5,0.2
U0072,P02573,A0098,26-35,Female,Mumbai,Data Science,7.1,Bachelors,418,17,Software,Article,0.5303,0.4059,0.5378,0.8,10.2,704,3,0.523,1,0.5988768339157104,6,6,6,0.16666666666666666
U0072,P03777,A1711,26-35,Female,Mumbai,Data Science,7.1,Bachelors,418,17,AI,Job Opportunity,0.2033,0.5853,0.5078,4.7,6.1,613,3,0.5022,1,0.587415874004364,7,7,7,0.14285714285714285
U0072,P01851,A0172,26-35,Female,Mumbai,Data Science,7.1,Bachelors,418,17,Marketing,Text,0.3764,0.383,0.4544,36.9,4.7,182,4,0.3354,1,0.33672091364860535,8,8,8,0.125
U0072,P00291,A0161,26-35,Female,Mumbai,Data Science,7.1,Bachelors,418,17,Leadership,Video,0.4173,0.1045,0.8615,85.6,2.0,911,2,0.3468,0,0.20371295511722565,9,9,9,0.1111111111111111
U0075,P00625,A1301,18-25,Female,Kolkata,Engineering,6.5,Masters,158,13,Machine Learning,Job Opportunity,0.1619,0.4411,0.5967,63.6,10.8,139,2,0.3336,1,0.28540101647377014,1,1,1,1.0
U0080,P01003,A1576,36-45,Male,Ahmedabad,Data Science,9.8,Bachelors,184,18,Marketing,Article,0.3172,0.6617,0.7677,20.2,6.7,171,3,0.651,1,0.7159850001335144,1,1,1,1.0
U0080,P01369,A0191,36-45,Male,Ahmedabad,Data Science,9.8,Bachelors,184,18,Design,Article,0.6901,0.6505,0.2218,3.8,1.2,238,1,0.6164,1,0.6387327313423157,2,2,2,0.5
U0080,P04637,A1970,36-45,Male,Ahmedabad,Data Science,9.8,Bachelors,184,18,AI,Text,0.4683,0.5133,0.621,1.1,2.6,278,4,0.5661,0,0.5616042017936707,3,3,3,0.3333333333333333
U0080,P02463,A0954,36-45,Male,Ahmedabad,Data Science,9.8,Bachelors,184,18,Career,Job Opportunity,0.2663,0.642,0.3122,22.1,4.2,1156,2,0.4671,0,0.48735785484313965,5,5,4,0.25
U0080,P00474,A0711,36-45,Male,Ahmedabad,Data Science,9.8,Bachelors,184,18,Machine Learning,Article,0.368,0.4998,0.5049,13.0,8.5,99,2,0.524,0,0.5389137268066406,4,4,5,0.2
U0080,P00578,A0246,36-45,Male,Ahmedabad,Data Science,9.8,Bachelors,184,18,Design,Article,0.5215,0.3637,0.6177,35.0,7.5,148,2,0.5022,0,0.45851144194602966,6,6,6,0.16666666666666666
U0080,P04106,A1120,36-45,Male,Ahmedabad,Data Science,9.8,Bachelors,184,18,AI,Video,0.1393,0.5684,0.4071,28.9,1.5,90,3,0.3914,0,0.36217615008354187,7,7,7,0.14285714285714285
U0080,P04001,A1133,36-45,Male,Ahmedabad,Data Science,9.8,Bachelors,184,18,Data Science,Video,0.3103,0.5372,0.1973,78.8,4.5,351,2,0.2805,0,0.2650716006755829,8,8,8,0.125
U0080,P04758,A1160,36-45,Male,Ahmedabad,Data Science,9.8,Bachelors,184,18,Machine Learning,Text,0.3792,0.2715,0.621,45.6,5.0,343,2,0.3986,1,0.24929958581924438,9,9,9,0.1111111111111111
U0089,P01860,A0030,18-25,Male,Bengaluru,Marketing,17.7,Bachelors,228,25,Software,Job Opportunity,0.1502,0.7352,0.7522,3.2,4.2,710,3,0.7448,1,0.7861402034759521,1,1,1,1.0
U0089,P03381,A1312,18-25,Male,Bengaluru,Marketing,17.7,Bachelors,228,25,Design,Video,0.3526,0.8979,0.6314,15.2,2.0,197,4,0.7663,1,0.7734502553939819,2,2,2,0.5
U0089,P03792,A0062,18-25,Male,Bengaluru,Marketing,17.7,Bachelors,228,25,Data Science,Article,0.5422,0.6,0.6401,1.6,4.0,609,3,0.7416,1,0.7614266872406006,3,3,3,0.3333333333333333
U0089,P00457,A0832,18-25,Male,Bengaluru,Marketing,17.7,Bachelors,228,25,Design,Video,0.5147,0.6217,0.6012,26.7,2.2,248,3,0.69,0,0.686961829662323,4,4,4,0.25
U0089,P02457,A1132,18-25,Male,Bengaluru,Marketing,17.7,Bachelors,228,25,Leadership,Image,0.7615,0.1616,0.7784,27.5,4.3,317,4,0.5785,1,0.5714319348335266,5,5,5,0.2
U0089,P01214,A1215,18-25,Male,Bengaluru,Marketing,17.7,Bachelors,228,25,Machine Learning,Text,0.4814,0.4197,0.3902,2.8,2.8,412,5,0.4831,0,0.43418562412261963,6,6,6,0.16666666666666666
U0097,P02677,A1341,26-35,Male,Mumbai,Marketing,2.5,Bachelors,576,16,Career,Video,0.1225,0.576,0.6536,13.0,1.1,118,2,0.5383,1,0.4959300458431244,1,1,1,1.0
U0097,P02360,A0024,26-35,Male,Mumbai,Marketing,2.5,Bachelors,576,16,Design,Text,0.6217,0.2656,0.7047,33.7,2.2,424,5,0.4045,0,0.36699292063713074,3,3,2,0.5
U0097,P03813,A0367,26-35,Male,Mumbai,Marketing,2.5,Bachelors,576,16,Finance,Video,0.1755,0.4288,0.6241,27.5,4.9,89,5,0.3456,1,0.35188260674476624,4,4,3,0.3333333333333333
U0097,P03477,A1802,26-35,Male,Mumbai,Marketing,2.5,Bachelors,576,16,Marketing,Video,0.1477,0.3349,0.6578,34.5,6.4,298,2,0.3856,1,0.37255552411079407,2,2,4,0.25
U0097,P01427,A1422,26-35,Male,Mumbai,Marketing,2.5,Bachelors,576,16,AI,Article,0.2972,0.3238,0.4879,6.7,7.8,140,4,0.343,1,0.32480761408805847,5,5,5,0.2
U0097,P02554,A0972,26-35,Male,Mumbai,Marketing,2.5,Bachelors,576,16,Data Science,Image,0.3173,0.6157,0.4281,144.5,9.4,532,3,0.2464,0,0.27477002143859863,6,6,6,0.16666666666666666
U0098,P01099,A0277,18-25,Male,Pune,Finance,4.9,Diploma,545,11,Data Science,Video,0.4055,0.7547,0.8126,12.4,3.0,670,4,0.6721,1,0.63628751039505,2,2,1,1.0
U0098,P04433,A1803,18-25,Male,Pune,Finance,4.9,Diploma,545,11,Data Science,Text,0.3575,0.451,0.9137,20.4,9.3,1554,3,0.5733,1,0.5544189214706421,4,4,2,0.5
U0098,P02066,A1188,18-25,Male,Pune,Finance,4.9,Diploma,545,11,Leadership,Article,0.116,0.5453,0.7155,28.2,3.7,245,2,0.4872,1,0.47428780794143677,6,6,3,0.3333333333333333
U0098,P02918,A0143,18-25,Male,Pune,Finance,4.9,Diploma,545,11,Leadership,Image,0.3596,0.3316,0.9444,8.5,6.0,138,4,0.519,1,0.45429784059524536,7,7,4,0.25
U0098,P02407,A1401,18-25,Male,Pune,Finance,4.9,Diploma,545,11,Leadership,Video,0.2441,0.7242,0.8739,31.6,8.4,628,2,0.6659,1,0.6767159700393677,1,1,5,0.2
U0098,P01317,A0095,18-25,Male,Pune,Finance,4.9,Diploma,545,11,AI,Video,0.3908,0.4178,0.859,24.8,7.1,118,1,0.598,1,0.5845984220504761,3,3,6,0.16666666666666666
U0098,P00503,A0893,18-25,Male,Pune,Finance,4.9,Diploma,545,11,Leadership,Job Opportunity,0.0817,0.4871,0.8616,2.5,5.2,146,2,0.5618,0,0.4943627417087555,5,5,7,0.14285714285714285
U0098,P04518,A0473,18-25,Male,Pune,Finance,4.9,Diploma,545,11,AI,Image,0.3353,0.5178,0.8839,46.4,2.3,1166,3,0.5364,0,0.43870142102241516,8,8,8,0.125
U0098,P01539,A1381,18-25,Male,Pune,Finance,4.9,Diploma,545,11,Career,Text,0.844,0.3836,0.6362,21.5,4.3,206,2,0.5854,1,0.4352157711982727,9,9,9,0.1111111111111111
U0098,P04152,A0209,18-25,Male,Pune,Finance,4.9,Diploma,545,11,Marketing,Job Opportunity,0.1999,0.4131,0.7152,7.8,4.4,236,2,0.4848,0,0.41479259729385376,10,10,10,0.1
U0098,P01397,A0669,18-25,Male,Pune,Finance,4.9,Diploma,545,11,Career,Article,0.4882,0.5426,0.6424,62.2,2.0,166,5,0.3933,0,0.36345136165618896,11,11,11,0.09090909090909091
U0098,P04739,A0681,18-25,Male,Pune,Finance,4.9,Diploma,545,11,Machine Learning,Text,0.338,0.5698,0.3603,34.4,2.4,890,2,0.3986,1,0.2804947793483734,12,12,12,0.08333333333333333
U0098,P01217,A1543,18-25,Male,Pune,Finance,4.9,Diploma,545,11,Machine Learning,Text,0.4531,0.2757,0.5147,50.4,2.9,147,5,0.2444,1,0.2560909390449524,13,13,13,0.07692307692307693
U0098,P01124,A1781,18-25,Male,Pune,Finance,4.9,Diploma,545,11,Design,Video,0.2135,0.3392,0.3633,20.8,8.3,321,4,0.2395,0,0.2114678919315338,14,14,14,0.07142857142857142
U0111,P01110,A0674,26-35,Male,Mumbai,Other,12.1,Diploma,184,23,Finance,Text,0.3755,0.7558,0.8007,39.2,3.0,341,1,0.7806,1,0.8155838847160339,1,1,1,1.0
U0111,P00993,A0519,26-35,Male,Mumbai,Other,12.1,Diploma,184,23,Finance,Text,0.6668,0.667,0.7126,38.1,7.0,153,3,0.7332,1,0.7834942936897278,2,2,2,0.5
U0111,P03578,A1373,26-35,Male,Mumbai,Other,12.1,Diploma,184,23,Data Science,Text,0.3896,0.7753,0.9687,100.1,7.4,1007,4,0.6753,0,0.632953405380249,4,4,3,0.3333333333333333
U0111,P03971,A0752,26-35,Male,Mumbai,Other,12.1,Diploma,184,23,Marketing,Text,0.3325,0.474,0.2406,4.4,23.2,414,1,0.4961,1,0.6239866018295288,6,6,4,0.25
U0111,P03358,A1308,26-35,Male,Mumbai,Other,12.1,Diploma,184,23,Finance,Image,0.2126,0.785,0.7067,7.1,4.2,430,2,0.7531,1,0.7044897079467773,3,3,5,0.2
U0111,P04785,A0760,26-35,Male,Mumbai,Other,12.1,Diploma,184,23,AI,Job Opportunity,0.321,0.5775,0.8097,42.2,5.0,478,1,0.6993,1,0.631401538848877,5,5,6,0.16666666666666666
U0111,P04651,A1544,26-35,Male,Mumbai,Other,12.1,Diploma,184,23,Data Science,Job Opportunity,0.6154,0.5765,0.4634,17.8,8.0,497,2,0.6553,0,0.578207790851593,7,7,7,0.14285714285714285
U0111,P03850,A1142,26-35,Male,Mumbai,Other,12.1,Diploma,184,23,Career,Image,0.2615,0.4372,0.5803,1.8,4.4,164,4,0.5103,1,0.5653636455535889,8,8,8,0.125
U0111,P04296,A0096,26-35,Male,Mumbai,Other,12.1,Diploma,184,23,Leadership,Text,0.5345,0.3854,0.4655,27.4,3.4,124,1,0.5567,1,0.489639014005661,9,9,9,0.1111111111111111
U0111,P00903,A0286,26-35,Male,Mumbai,Other,12.1,Diploma,184,23,Career,Video,0.0604,0.7689,0.3115,19.6,4.0,184,2,0.5359,0,0.3829820156097412,10,10,10,0.1
U0123,P04727,A1606,18-25,Male,Chennai,Business,5.5,Bachelors,119,18,Marketing,Article,0.2549,0.8037,0.4114,28.5,4.8,341,2,0.5647,0,0.5989503264427185,2,2,1,1.0
U0123,P00574,A0028,18-25,Male,Chennai,Business,5.5,Bachelors,119,18,Design,Text,0.5933,0.5112,0.2379,30.6,1.3,239,2,0.4343,0,0.476043701171875,3,3,2,0.5
U0123,P03266,A0540,18-25,Male,Chennai,Business,5.5,Bachelors,119,18,Career,Article,0.3298,0.5033,0.5459,9.1,9.7,677,4,0.4665,0,0.43427252769470215,4,4,3,0.3333333333333333
U0123,P03615,A0912,18-25,Male,Chennai,Business,5.5,Bachelors,119,18,AI,Text,0.3022,0.2995,0.8409,31.7,2.9,233,1,0.5345,1,0.41813790798187256,5,5,4,0.25
U0123,P04102,A1188,18-25,Male,Chennai,Business,5.5,Bachelors,119,18,Data Science,Video,0.4326,0.4925,0.5187,1.2,7.3,1538,1,0.59,0,0.6188781261444092,1,1,5,0.2
U0123,P01503,A0026,18-25,Male,Chennai,Business,5.5,Bachelors,119,18,Machine Learning,Article,0.5211,0.2784,0.6851,14.1,8.5,74,5,0.4238,0,0.41542068123817444,6,6,6,0.16666666666666666
U0123,P01854,A1128,18-25,Male,Chennai,Business,5.5,Bachelors,119,18,AI,Article,0.5443,0.4284,0.6052,33.7,4.4,99,5,0.4319,1,0.39139071106910706,7,7,7,0.14285714285714285
U0123,P01250,A0493,18-25,Male,Chennai,Business,5.5,Bachelors,119,18,Career,Article,0.2461,0.3271,0.5187,54.4,11.8,189,4,0.2714,0,0.24059170484542847,8,8,8,0.125
U0128,P00009,A1127,18-25,Male,Mumbai,Design,8.5,Masters,194,12,Leadership,Video,0.393,0.542,0.8158,31.3,12.1,735,3,0.5893,1,0.6276677250862122,3,3,1,1.0
U0128,P03191,A0169,18-25,Male,Mumbai,Design,8.5,Masters,194,12,AI,Article,0.8138,0.519,0.5627,54.0,2.6,1597,4,0.509,0,0.6205783486366272,4,4,2,0.5
U0128,P02481,A1799,18-25,Male,Mumbai,Design,8.5,Masters,194,12,Data Science,Job Opportunity,0.3874,0.5964,0.4646,1.7,2.9,110,2,0.5581,0,0.554940402507782,5,5,3,0.3333333333333333
U0128,P01662,A1038,18-25,Male,Mumbai,Design,8.5,Masters,194,12,Finance,Job Opportunity,0.1771,0.397,0.6775,14.1,1.8,267,3,0.4344,1,0.4662579894065857,6,6,4,0.25
U0128,P04429,A1734,18-25,Male,Mumbai,Design,8.5,Masters,194,12,AI,Text,0.5704,0.6442,0.6873,32.5,6.2,164,1,0.6884,1,0.742421567440033,1,1,5,0.2
U0128,P03667,A1582,18-25,Male,Mumbai,Design,8.5,Masters,194,12,Software,Job Opportunity,0.3396,0.6573,0.668,5.8,5.0,379,2,0.6492,1,0.6613526940345764,2,2,6,0.16666666666666666
U0128,P03129,A1416,18-25,Male,Mumbai,Design,8.5,Masters,194,12,Machine Learning,Article,0.1492,0.3104,0.6739,12.0,5.8,553,3,0.3877,0,0.4273867905139923,7,7,7,0.14285714285714285
U0128,P01936,A0175,18-25,Male,Mumbai,Design,8.5,Masters,194,12,Finance,Job Opportunity,0.5914,0.2734,0.5224,65.2,6.9,442,1,0.3851,0,0.38463836908340454,8,8,8,0.125
U0128,P00497,A1644,18-25,Male,Mumbai,Design,8.5,Masters,194,12,Machine Learning,Article,0.2644,0.2696,0.6624,10.7,5.3,541,3,0.3962,0,0.37193670868873596,9,9,9,0.1111111111111111
U0128,P03686,A0210,18-25,Male,Mumbai,Design,8.5,Masters,194,12,Marketing,Text,0.2541,0.6341,0.1832,13.4,6.0,159,5,0.3101,0,0.28333836793899536,10,10,10,0.1
U0128,P02359,A0497,18-25,Male,Mumbai,Design,8.5,Masters,194,12,Leadership,Text,0.0786,0.3566,0.5524,90.2,12.6,124,4,0.1971,0,0.14479975402355194,11,11,11,0.09090909090909091
U0131,P04658,A1593,18-25,Male,Delhi,Computer Science,5.8,Masters,736,23,Data Science,Image,0.3726,0.555,0.5982,2.2,1.6,414,2,0.643,0,0.6840112209320068,2,2,1,1.0
U0131,P04028,A1473,18-25,Male,Delhi,Computer Science,5.8,Masters,736,23,Design,Article,0.1912,0.5478,0.8003,15.3,3.9,604,2,0.6486,1,0.6775277256965637,3,3,2,0.5
U0131,P03071,A1891,18-25,Male,Delhi,Computer Science,5.8,Masters,736,23,Finance,Image,0.3106,0.4297,0.92,21.5,2.8,269,3,0.63,1,0.5922268629074097,4,4,3,0.3333333333333333
U0131,P00928,A0931,18-25,Male,Delhi,Computer Science,5.8,Masters,736,23,AI,Video,0.3292,0.7836,0.8834,6.2,8.5,1016,2,0.8101,1,0.728671133518219,1,1,4,0.25
U0131,P03368,A1436,18-25,Male,Delhi,Computer Science,5.8,Masters,736,23,Software,Job Opportunity,0.4298,0.2484,0.8192,45.0,7.2,279,4,0.453,0,0.38710811734199524,5,5,5,0.2
U0131,P01446,A1890,18-25,Male,Delhi,Computer Science,5.8,Masters,736,23,Marketing,Image,0.4693,0.2652,0.7157,129.4,18.6,139,4,0.2763,1,0.3766154646873474,6,6,6,0.16666666666666666
U0131,P01276,A0550,18-25,Male,Delhi,Computer Science,5.8,Masters,736,23,Career,Text,0.2812,0.25,0.6214,3.6,2.9,1160,3,0.4442,0,0.37448638677597046,7,7,7,0.14285714285714285
U0133,P04073,A1866,26-35,Male,Chennai,Finance,4.2,Diploma,218,21,Finance,Image,0.6124,0.7828,0.7253,11.6,3.7,114,2,0.7923,1,0.83211749792099,1,1,1,1.0
U0133,P04014,A0238,26-35,Male,Chennai,Finance,4.2,Diploma,218,21,Marketing,Video,0.6378,0.7193,0.4326,78.3,1.9,572,4,0.4872,0,0.43688273429870605,5,5,2,0.5
U0133,P00773,A1250,26-35,Male,Chennai,Finance,4.2,Diploma,218,21,AI,Video,0.5027,0.6506,0.3379,31.2,4.1,213,5,0.4375,0,0.40208733081817627,6,6,3,0.3333333333333333
U0133,P03281,A1772,26-35,Male,Chennai,Finance,4.2,Diploma,218,21,Career,Video,0.4588,0.747,0.2999,110.5,4.3,333,2,0.3975,0,0.3525030314922333,7,7,4,0.25
U0133,P00838,A0504,26-35,Male,Chennai,Finance,4.2,Diploma,218,21,Software,Image,0.3239,0.7399,0.7459,12.9,24.6,146,2,0.7232,1,0.7956411242485046,2,2,5,0.2
U0133,P02708,A0708,26-35,Male,Chennai,Finance,4.2,Diploma,218,21,Marketing,Text,0.0231,0.4494,0.8598,35.7,8.1,478,2,0.5149,0,0.526254415512085,3,3,6,0.16666666666666666
U0133,P04485,A0681,26-35,Male,Chennai,Finance,4.2,Diploma,218,21,Software,Text,0.2268,0.4795,0.5789,1.9,9.8,73,1,0.5663,1,0.46906787157058716,4,4,7,0.14285714285714285
U0133,P03976,A1679,26-35,Male,Chennai,Finance,4.2,Diploma,218,21,Marketing,Video,0.4028,0.2749,0.6165,23.8,13.3,329,2,0.4527,0,0.3378928303718567,8,8,8,0.125
U0133,P00827,A0697,26-35,Male,Chennai,Finance,4.2,Diploma,218,21,Leadership,Article,0.5703,0.1741,0.576,7.9,19.5,312,4,0.3992,0,0.30357152223587036,9,9,9,0.1111111111111111
U0133,P03048,A0745,26-35,Male,Chennai,Finance,4.2,Diploma,218,21,Software,Text,0.2138,0.4105,0.3379,13.7,6.8,225,3,0.3431,0,0.2772831916809082,10,10,10,0.1
U0133,P03378,A1190,26-35,Male,Chennai,Finance,4.2,Diploma,218,21,Software,Article,0.2651,0.1866,0.3779,41.6,6.3,224,3,0.2322,1,0.23829959332942963,11,11,11,0.09090909090909091
U0137,P02165,A0179,56+,Female,Other,Marketing,2.2,Masters,313,22,Machine Learning,Text,0.605,0.8701,0.6777,2.7,10.8,154,3,0.7848,1,0.797886312007904,1,1,1,1.0
U0137,P02485,A1093,56+,Female,Other,Marketing,2.2,Masters,313,22,Data Science,Video,0.0654,0.8528,0.6096,2.1,10.2,238,3,0.6352,1,0.7410662174224854,3,3,2,0.5
U0137,P01002,A0301,56+,Female,Other,Marketing,2.2,Masters,313,22,Marketing,Article,0.4813,0.7327,0.4975,3.5,3.3,366,2,0.6682,0,0.7162647247314453,4,4,3,0.3333333333333333
U0137,P02915,A0046,56+,Female,Other,Marketing,2.2,Masters,313,22,Marketing,Article,0.5237,0.7624,0.6565,54.3,4.3,183,3,0.6318,1,0.6832263469696045,5,5,4,0.25
U0137,P00659,A0758,56+,Female,Other,Marketing,2.2,Masters,313,22,Career,Video,0.6546,0.6119,0.9533,4.5,9.2,173,2,0.8047,1,0.7811179757118225,2,2,5,0.2
U0137,P00047,A0453,56+,Female,Other,Marketing,2.2,Masters,313,22,Finance,Article,0.497,0.7254,0.3379,27.5,2.9,609,2,0.5595,1,0.5860131978988647,6,6,6,0.16666666666666666
U0137,P02144,A0193,56+,Female,Other,Marketing,2.2,Masters,313,22,Software,Image,0.5266,0.5908,0.5171,12.8,4.3,140,5,0.5087,0,0.4962293207645416,7,7,7,0.14285714285714285
U0137,P03427,A1176,56+,Female,Other,Marketing,2.2,Masters,313,22,Software,Job Opportunity,0.2101,0.1757,0.4651,0.2,5.1,580,2,0.3228,1,0.45249882340431213,8,8,8,0.125
U0137,P01559,A0360,56+,Female,Other,Marketing,2.2,Masters,313,22,Finance,Article,0.1129,0.5139,0.6841,8.9,4.8,287,5,0.4356,1,0.44641655683517456,9,9,9,0.1111111111111111
U0137,P04041,A1501,56+,Female,Other,Marketing,2.2,Masters,313,22,Leadership,Text,0.352,0.4916,0.6889,46.7,5.4,67,2,0.5138,1,0.44484615325927734,10,10,10,0.1
U0137,P00038,A0028,56+,Female,Other,Marketing,2.2,Masters,313,22,Machine Learning,Text,0.5523,0.3531,0.3827,13.6,14.9,181,2,0.4361,0,0.40608030557632446,11,11,11,0.09090909090909091
U0137,P03456,A1462,56+,Female,Other,Marketing,2.2,Masters,313,22,Career,Text,0.5477,0.2927,0.4488,23.0,0.7,616,3,0.3832,0,0.3685573935508728,12,12,12,0.08333333333333333
U0137,P02965,A0390,56+,Female,Other,Marketing,2.2,Masters,313,22,Design,Video,0.24,0.258,0.3309,21.6,3.5,384,1,0.3073,0,0.3495984673500061,13,13,13,0.07692307692307693
U0137,P02697,A1096,56+,Female,Other,Marketing,2.2,Masters,313,22,Career,Text,0.1832,0.3067,0.5597,19.6,3.6,170,2,0.3768,0,0.347024142742157,14,14,14,0.07142857142857142
U0137,P04913,A1093,56+,Female,Other,Marketing,2.2,Masters,313,22,Software,Image,0.0984,0.177,0.3887,50.3,8.5,235,4,0.1608,0,0.1797155737876892,15,15,15,0.06666666666666667
U0140,P03836,A0262,18-25,Male,Bengaluru,Computer Science,5.4,Bachelors,390,9,Leadership,Text,0.8258,0.5959,0.8547,12.8,10.1,937,3,0.7414,1,0.6320513486862183,3,3,1,1.0
U0140,P02220,A1353,18-25,Male,Bengaluru,Computer Science,5.4,Bachelors,390,9,Design,Article,0.4216,0.7748,0.4307,3.9,12.5,826,4,0.5466,0,0.5356209874153137,4,4,2,0.5
U0140,P02574,A1841,18-25,Male,Bengaluru,Computer Science,5.4,Bachelors,390,9,Software,Video,0.4042,0.7541,0.6453,98.6,6.8,623,3,0.466,0,0.4974179267883301,5,5,3,0.3333333333333333
U0140,P00329,A0239,18-25,Male,Bengaluru,Computer Science,5.4,Bachelors,390,9,Software,Text,0.2615,0.6861,0.3485,2.2,8.6,142,3,0.4594,0,0.3388141095638275,8,8,4,0.25
U0140,P01850,A0759,18-25,Male,Bengaluru,Computer Science,5.4,Bachelors,390,9,Data Science,Job Opportunity,0.7378,0.8413,0.6905,5.7,6.0,505,2,0.795,0,0.7169203162193298,1,1,5,0.2
U0140,P03265,A0237,18-25,Male,Bengaluru,Computer Science,5.4,Bachelors,390,9,Leadership,Article,0.1881,0.6835,0.7884,5.4,4.9,1595,2,0.6465,0,0.6906902194023132,2,2,6,0.16666666666666666
U0140,P02966,A0449,18-25,Male,Bengaluru,Computer Science,5.4,Bachelors,390,9,Data Science,Image,0.3654,0.4158,0.4548,27.3,5.1,112,1,0.4136,0,0.4644930064678192,6,6,7,0.14285714285714285
U0140,P01130,A1079,18-25,Male,Bengaluru,Computer Science,5.4,Bachelors,390,9,Finance,Image,0.5847,0.5803,0.5104,119.5,16.1,59,2,0.3654,1,0.4318554997444153,7,7,8,0.125
U0140,P03310,A0333,18-25,Male,Bengaluru,Computer Science,5.4,Bachelors,390,9,AI,Video,0.3435,0.272,0.9329,41.1,0.4,327,5,0.3826,1,0.31994402408599854,9,9,9,0.1111111111111111
U0140,P03500,A0593,18-25,Male,Bengaluru,Computer Science,5.4,Bachelors,390,9,Design,Article,0.1792,0.2575,0.6498,22.9,8.0,591,1,0.3767,1,0.30607736110687256,10,10,10,0.1
U0162,P03519,A1943,46-55,Female,Pune,Business,6.6,Masters,426,11,Leadership,Job Opportunity,0.1656,0.512,0.8243,20.5,3.5,402,3,0.5113,0,0.49697041511535645,3,3,1,1.0
U0162,P04852,A1876,46-55,Female,Pune,Business,6.6,Masters,426,11,Marketing,Text,0.0526,0.7077,0.6657,18.3,6.3,326,3,0.5151,0,0.4907650053501129,4,4,2,0.5
U0162,P04831,A0531,46-55,Female,Pune,Business,6.6,Masters,426,11,Career,Video,0.322,0.673,0.6328,35.8,8.7,319,4,0.4903,1,0.4802810549736023,5,5,3,0.3333333333333333
U0162,P03783,A0818,46-55,Female,Pune,Business,6.6,Masters,426,11,Data Science,Image,0.1247,0.4254,0.9496,23.5,2.8,178,2,0.5365,0,0.47993582487106323,6,6,4,0.25
U0162,P04749,A0661,46-55,Female,Pune,Business,6.6,Masters,426,11,AI,Image,0.1512,0.8421,0.7426,9.5,9.4,70,1,0.7107,1,0.758449375629425,1,1,5,0.2
U0162,P04627,A0256,46-55,Female,Pune,Business,6.6,Masters,426,11,Design,Article,0.1926,0.7191,0.5954,2.1,5.7,377,1,0.6242,1,0.6088297963142395,2,2,6,0.16666666666666666
U0162,P02466,A1710,46-55,Female,Pune,Business,6.6,Masters,426,11,Machine Learning,Video,0.3163,0.3118,0.8163,7.4,8.7,2729,4,0.4432,0,0.433096319437027,7,7,7,0.14285714285714285
U0162,P04458,A0621,46-55,Female,Pune,Business,6.6,Masters,426,11,AI,Video,0.3796,0.4684,0.7384,22.8,0.7,710,5,0.4425,0,0.4330323040485382,8,8,8,0.125
U0162,P04100,A1482,46-55,Female,Pune,Business,6.6,Masters,426,11,Career,Article,0.0841,0.6549,0.415,12.0,16.8,159,1,0.4684,0,0.34223121404647827,9,9,9,0.1111111111111111
U0162,P02607,A1132,46-55,Female,Pune,Business,6.6,Masters,426,11,Leadership,Text,0.3859,0.4092,0.4997,24.2,3.0,870,5,0.3188,1,0.32805201411247253,10,10,10,0.1
U0162,P03093,A0522,46-55,Female,Pune,Business,6.6,Masters,426,11,Finance,Text,0.1913,0.2944,0.5506,54.2,5.0,466,4,0.2268,0,0.25471171736717224,11,11,11,0.09090909090909091
U0162,P01617,A0572,46-55,Female,Pune,Business,6.6,Masters,426,11,Design,Image,0.2314,0.4702,0.2518,48.1,3.4,85,2,0.2631,0,0.24702396988868713,12,12,12,0.08333333333333333
U0163,P04584,A0001,18-25,Male,Bengaluru,Engineering,5.2,Masters,76,17,Data Science,Article,0.1357,0.8185,0.7982,18.7,0.6,245,3,0.6865,0,0.6110411882400513,1,1,1,1.0
U0163,P03247,A1312,18-25,Male,Bengaluru,Engineering,5.2,Masters,76,17,Design,Article,0.6008,0.5582,0.8929,94.5,3.4,376,4,0.5497,1,0.5031419396400452,3,3,2,0.5
U0163,P04538,A0492,18-25,Male,Bengaluru,Engineering,5.2,Masters,76,17,Career,Image,0.3922,0.7332,0.3577,8.3,10.2,453,4,0.5249,0,0.49169087409973145,4,4,3,0.3333333333333333
U0163,P03277,A1037,18-25,Male,Bengaluru,Engineering,5.2,Masters,76,17,Design,Article,0.5879,0.3835,0.3849,11.9,9.7,390,3,0.4411,1,0.4797060489654541,5,5,4,0.25
U0163,P04306,A0115,18-25,Male,Bengaluru,Engineering,5.2,Masters,76,17,Finance,Text,0.25,0.7244,0.6128,77.1,10.1,595,2,0.5173,0,0.6102192401885986,2,2,5,0.2
U0163,P01231,A1419,18-25,Male,Bengaluru,Engineering,5.2,Masters,76,17,Design,Video,0.4557,0.3179,0.6535,10.0,4.5,299,3,0.4896,0,0.4264272153377533,6,6,6,0.16666666666666666
U0163,P02652,A0674,18-25,Male,Bengaluru,Engineering,5.2,Masters,76,17,Data Science,Job Opportunity,0.4434,0.5271,0.4268,17.6,3.6,248,5,0.4151,1,0.38411691784858704,7,7,7,0.14285714285714285
U0163,P03543,A0716,18-25,Male,Bengaluru,Engineering,5.2,Masters,76,17,AI,Article,0.1394,0.3007,0.6255,25.5,2.1,661,2,0.3857,0,0.35251423716545105,8,8,8,0.125
U0163,P02201,A1913,18-25,Male,Bengaluru,Engineering,5.2,Masters,76,17,Design,Text,0.229,0.6498,0.4605,50.2,10.2,2295,5,0.3689,1,0.3413439095020294,9,9,9,0.1111111111111111
U0163,P04076,A0485,18-25,Male,Bengaluru,Engineering,5.2,Masters,76,17,Data Science,Text,0.5877,0.2418,0.6748,62.1,7.4,168,5,0.3342,1,0.2489999234676361,10,10,10,0.1
U0163,P01815,A0962,18-25,Male,Bengaluru,Engineering,5.2,Masters,76,17,AI,Image,0.1831,0.592,0.5381,70.1,4.4,176,5,0.3251,0,0.2375258356332779,11,11,11,0.09090909090909091
U0163,P03867,A1194,18-25,Male,Bengaluru,Engineering,5.2,Masters,76,17,Software,Text,0.2182,0.2968,0.3511,45.5,2.8,233,1,0.2925,1,0.23745088279247284,12,12,12,0.08333333333333333
U0164,P04771,A0502,18-25,Female,Hyderabad,Design,5.1,Bachelors,877,16,Finance,Text,0.708,0.7461,0.3297,8.5,6.7,68,4,0.5869,1,0.6683958172798157,2,2,1,1.0
U0164,P02696,A0824,18-25,Female,Hyderabad,Design,5.1,Bachelors,877,16,Data Science,Text,0.2164,0.9023,0.6471,3.9,4.6,34,4,0.668,0,0.5990067720413208,4,4,2,0.5
U0164,P03817,A0739,18-25,Female,Hyderabad,Design,5.1,Bachelors,877,16,Leadership,Image,0.74,0.0936,0.4774,3.6,3.1,523,2,0.409,0,0.555280327796936,6,6,3,0.3333333333333333
U0164,P00914,A1713,18-25,Female,Hyderabad,Design,5.1,Bachelors,877,16,Software,Article,0.3937,0.6183,0.5538,31.0,5.9,756,3,0.5202,1,0.5407127737998962,7,7,4,0.25
U0164,P04007,A0586,18-25,Female,Hyderabad,Design,5.1,Bachelors,877,16,Finance,Text,0.2425,0.6969,0.7508,27.7,7.3,1113,2,0.6372,0,0.6841850280761719,1,1,5,0.2
U0164,P01093,A0427,18-25,Female,Hyderabad,Design,5.1,Bachelors,877,16,Data Science,Job Opportunity,0.1696,0.8617,0.4997,6.3,8.3,163,1,0.6653,1,0.6150992512702942,3,3,6,0.16666666666666666
U0164,P01303,A0010,18-25,Female,Hyderabad,Design,5.1,Bachelors,877,16,Data Science,Article,0.4199,0.6064,0.8666,11.8,9.2,965,2,0.7112,0,0.5975402593612671,5,5,7,0.14285714285714285
U0164,P02466,A0758,18-25,Female,Hyderabad,Design,5.1,Bachelors,877,16,Machine Learning,Video,0.3163,0.8003,0.5548,7.4,8.7,2729,3,0.6342,0,0.5323377251625061,8,8,8,0.125
U0164,P01250,A0481,18-25,Female,Hyderabad,Design,5.1,Bachelors,877,16,Career,Article,0.2461,0.579,0.1903,54.4,11.8,189,2,0.3026,0,0.34652483463287354,9,9,9,0.1111111111111111
U0164,P04027,A1552,18-25,Female,Hyderabad,Design,5.1,Bachelors,877,16,Design,Video,0.2086,0.6119,0.3218,14.2,2.2,84,2,0.434,0,0.33043453097343445,10,10,10,0.1
U0164,P02210,A1408,18-25,Female,Hyderabad,Design,5.1,Bachelors,877,16,Design,Video,0.2086,0.7353,0.3554,74.3,8.0,62,2,0.3912,0,0.3101530373096466,11,11,11,0.09090909090909091
U0168,P04952,A1569,36-45,Male,Bengaluru,Computer Science,4.1,Masters,381,21,Marketing,Job Opportunity,0.2031,0.8101,0.4229,17.1,6.4,308,2,0.6079,0,0.643936276435852,1,1,1,1.0
U0168,P03263,A0025,36-45,Male,Bengaluru,Computer Science,4.1,Masters,381,21,Marketing,Text,0.4713,0.7759,0.3938,38.9,12.1,73,4,0.5452,0,0.6154416799545288,3,3,2,0.5
U0168,P03234,A0374,36-45,Male,Bengaluru,Computer Science,4.1,Masters,381,21,Machine Learning,Article,0.2331,0.8378,0.7534,8.6,3.9,349,4,0.7103,1,0.6104016304016113,4,4,3,0.3333333333333333
U0168,P00904,A0934,36-45,Male,Bengaluru,Computer Science,4.1,Masters,381,21,Machine Learning,Job Opportunity,0.7539,0.3326,0.6291,2.6,3.1,835,3,0.6049,1,0.5560636520385742,6,6,4,0.25
U0168,P02844,A0768,36-45,Male,Bengaluru,Computer Science,4.1,Masters,381,21,Software,Text,0.6359,0.6837,0.5189,21.2,6.6,349,2,0.6883,1,0.6336153149604797,2,2,5,0.2
U0168,P00415,A1012,36-45,Male,Bengaluru,Computer Science,4.1,Masters,381,21,Machine Learning,Image,0.183,0.4365,0.8883,32.7,5.8,3645,2,0.5832,0,0.596027672290802,5,5,6,0.16666666666666666
U0168,P01664,A1210,36-45,Male,Bengaluru,Computer Science,4.1,Masters,381,21,AI,Image,0.4924,0.5562,0.5508,5.5,5.5,493,3,0.6057,0,0.5312525629997253,7,7,7,0.14285714285714285
U0168,P03462,A0009,36-45,Male,Bengaluru,Computer Science,4.1,Masters,381,21,AI,Video,0.5868,0.3942,0.5247,16.1,2.5,73,1,0.5842,1,0.5258212089538574,8,8,8,0.125
U0168,P03316,A1164,36-45,Male,Bengaluru,Computer Science,4.1,Masters,381,21,Data Science,Video,0.3933,0.9036,0.2229,0.9,8.5,1876,5,0.5584,1,0.3852593004703522,9,9,9,0.1111111111111111
U0168,P02377,A1801,36-45,Male,Bengaluru,Computer Science,4.1,Masters,381,21,Software,Image,0.3282,0.4041,0.5365,103.2,8.5,483,2,0.3249,0,0.3390082120895386,10,10,10,0.1
U0171,P03824,A0844,26-35,Female,Other,Computer Science,4.5,Bachelors,504,22,Marketing,Image,0.4339,0.607,0.8855,17.0,8.9,1418,4,0.6744,1,0.7368752360343933,3,3,1,1.0
U0171,P01710,A1513,26-35,Female,Other,Computer Science,4.5,Bachelors,504,22,Career,Text,0.3925,0.3949,0.8851,14.2,3.3,1179,2,0.6319,1,0.7113744020462036,4,4,2,0.5
U0171,P04113,A1942,26-35,Female,Other,Computer Science,4.5,Bachelors,504,22,Career,Job Opportunity,0.0323,0.6568,0.8394,13.6,5.0,212,3,0.6142,1,0.6735941767692566,5,5,3,0.3333333333333333
U0171,P03778,A1753,26-35,Female,Other,Computer Science,4.5,Bachelors,504,22,Software,Article,0.296,0.6817,0.7226,19.4,3.9,461,5,0.5744,0,0.6691653728485107,6,6,4,0.25
U0171,P02758,A0452,26-35,Female,Other,Computer Science,4.5,Bachelors,504,22,Leadership,Article,0.8066,0.911,0.6629,33.3,9.1,351,2,0.8172,1,0.8047637343406677,1,1,5,0.2
U0171,P04370,A1555,26-35,Female,Other,Computer Science,4.5,Bachelors,504,22,Career,Article,0.5821,0.5192,0.8148,1.5,9.1,507,1,0.752,1,0.7525569796562195,2,2,6,0.16666666666666666
U0171,P00877,A1590,26-35,Female,Other,Computer Science,4.5,Bachelors,504,22,Finance,Article,0.7657,0.1773,0.6105,5.4,4.4,118,2,0.5297,1,0.6336265802383423,7,7,7,0.14285714285714285
U0171,P01886,A1867,26-35,Female,Other,Computer Science,4.5,Bachelors,504,22,Design,Article,0.3352,0.5463,0.5748,7.1,5.6,212,2,0.5767,1,0.5902594327926636,8,8,8,0.125
U0171,P03752,A1084,26-35,Female,Other,Computer Science,4.5,Bachelors,504,22,Data Science,Job Opportunity,0.3846,0.5263,0.7287,34.4,2.4,931,5,0.4942,0,0.5598510503768921,9,9,9,0.1111111111111111
U0171,P01056,A0956,26-35,Female,Other,Computer Science,4.5,Bachelors,504,22,Data Science,Image,0.3441,0.4585,0.5217,69.9,2.0,670,4,0.3298,0,0.4400440752506256,10,10,10,0.1
U0171,P00139,A1419,26-35,Female,Other,Computer Science,4.5,Bachelors,504,22,Design,Text,0.581,0.3406,0.5275,13.9,7.1,507,2,0.5084,1,0.43601518869400024,11,11,11,0.09090909090909091
U0171,P00311,A1357,26-35,Female,Other,Computer Science,4.5,Bachelors,504,22,Career,Text,0.1494,0.5791,0.4744,32.7,5.8,269,5,0.3555,0,0.40620043873786926,12,12,12,0.08333333333333333
U0171,P04625,A1152,26-35,Female,Other,Computer Science,4.5,Bachelors,504,22,Marketing,Video,0.185,0.382,0.2927,39.1,4.6,259,2,0.2849,0,0.3445543944835663,13,13,13,0.07692307692307693
U0175,P01814,A0472,18-25,Female,Bengaluru,Business,0.5,Bachelors,400,17,Design,Article,0.643,0.6936,0.6572,15.9,3.5,170,1,0.7396,1,0.7471390962600708,1,1,1,1.0
U0175,P00392,A0926,18-25,Female,Bengaluru,Business,0.5,Bachelors,400,17,Data Science,Article,0.5282,0.5414,0.8393,7.0,7.2,132,3,0.6757,0,0.6496270298957825,2,2,2,0.5
U0175,P00894,A1807,18-25,Female,Bengaluru,Business,0.5,Bachelors,400,17,Data Science,Text,0.4944,0.5864,0.8706,1.3,4.6,498,3,0.708,1,0.580640435218811,3,3,3,0.3333333333333333
U0175,P00041,A1785,18-25,Female,Bengaluru,Business,0.5,Bachelors,400,17,AI,Article,0.4202,0.6631,0.5513,6.5,5.5,220,3,0.5922,1,0.5664346814155579,4,4,4,0.25
U0175,P02350,A0213,18-25,Female,Bengaluru,Business,0.5,Bachelors,400,17,Data Science,Text,0.4111,0.6012,0.5749,53.5,13.7,137,1,0.5408,1,0.5491778254508972,5,5,5,0.2
U0175,P03544,A0036,18-25,Female,Bengaluru,Business,0.5,Bachelors,400,17,Design,Text,0.0885,0.7198,0.707,7.3,6.9,407,4,0.5622,0,0.5308412313461304,6,6,6,0.16666666666666666
U0175,P01038,A1254,18-25,Female,Bengaluru,Business,0.5,Bachelors,400,17,Career,Article,0.6001,0.2662,0.2922,1.0,6.4,185,1,0.4111,0,0.44285252690315247,7,7,7,0.14285714285714285
U0175,P02294,A1046,18-25,Female,Bengaluru,Business,0.5,Bachelors,400,17,Career,Job Opportunity,0.5908,0.6534,0.5519,76.5,1.1,436,3,0.4956,1,0.4107094705104828,8,8,8,0.125
U0175,P02310,A0162,18-25,Female,Bengaluru,Business,0.5,Bachelors,400,17,Machine Learning,Article,0.3439,0.4283,0.8126,109.7,11.8,285,2,0.3937,1,0.3642359673976898,9,9,9,0.1111111111111111
U0175,P03765,A0109,18-25,Female,Bengaluru,Business,0.5,Bachelors,400,17,Machine Learning,Text,0.4307,0.6765,0.3752,63.0,4.2,743,1,0.48,0,0.35731935501098633,10,10,10,0.1
U0175,P01567,A1963,18-25,Female,Bengaluru,Business,0.5,Bachelors,400,17,Machine Learning,Video,0.4501,0.2926,0.6963,25.5,6.4,95,3,0.4402,0,0.3314027786254883,11,11,11,0.09090909090909091
U0175,P04966,A1654,18-25,Female,Bengaluru,Business,0.5,Bachelors,400,17,Data Science,Video,0.6948,0.1005,0.3919,13.1,8.7,112,3,0.3157,1,0.30617478489875793,12,12,12,0.08333333333333333
U0175,P01317,A1318,18-25,Female,Bengaluru,Business,0.5,Bachelors,400,17,AI,Video,0.3908,0.3021,0.6458,24.8,7.1,118,3,0.4093,0,0.28927376866340637,13,13,13,0.07692307692307693
U0182,P03668,A1888,46-55,Male,Pune,Computer Science,3.5,Diploma,298,22,Marketing,Video,0.3204,0.8998,0.9353,14.0,3.2,788,3,0.8156,1,0.8425270318984985,1,1,1,1.0
U0182,P03311,A1135,46-55,Male,Pune,Computer Science,3.5,Diploma,298,22,Software,Job Opportunity,0.3308,0.8515,0.9463,23.8,7.2,161,3,0.7928,0,0.8284144997596741,2,2,2,0.5
U0182,P03303,A0072,46-55,Male,Pune,Computer Science,3.5,Diploma,298,22,Career,Image,0.3926,0.6362,0.8231,10.3,4.3,330,3,0.7063,1,0.6678441762924194,3,3,3,0.3333333333333333
U0182,P04116,A1064,46-55,Male,Pune,Computer Science,3.5,Diploma,298,22,Leadership,Article,0.6068,0.4509,0.612,20.1,1.7,2720,4,0.5437,0,0.5333549976348877,4,4,4,0.25
U0182,P01861,A1112,46-55,Male,Pune,Computer Science,3.5,Diploma,298,22,AI,Job Opportunity,0.6703,0.4704,0.459,4.6,11.1,178,2,0.6006,1,0.5274959206581116,5,5,5,0.2
U0182,P01444,A1412,46-55,Male,Pune,Computer Science,3.5,Diploma,298,22,Data Science,Image,0.41,0.158,0.7433,25.3,10.9,400,1,0.4862,0,0.46462759375572205,6,6,6,0.16666666666666666
U0182,P01951,A1932,46-55,Male,Pune,Computer Science,3.5,Diploma,298,22,Career,Image,0.1564,0.5697,0.5563,43.1,6.4,435,2,0.4747,1,0.4218198359012604,7,7,7,0.14285714285714285
U0182,P04678,A1728,46-55,Male,Pune,Computer Science,3.5,Diploma,298,22,Finance,Article,0.3467,0.3516,0.8164,39.7,3.2,295,3,0.5028,1,0.4069066345691681,8,8,8,0.125
U0182,P02119,A0289,46-55,Male,Pune,Computer Science,3.5,Diploma,298,22,Career,Video,0.545,0.4732,0.4509,44.1,14.1,386,4,0.4222,0,0.36961784958839417,9,9,9,0.1111111111111111
U0185,P00830,A1165,36-45,Male,Delhi,Engineering,3.3,Bachelors,387,21,Marketing,Image,0.6835,0.3921,0.8894,5.9,0.9,68,4,0.6708,1,0.7383732199668884,1,1,1,1.0
U0185,P03367,A1590,36-45,Male,Delhi,Engineering,3.3,Bachelors,387,21,Marketing,Image,0.5741,0.7056,0.4402,43.4,6.6,646,2,0.6023,0,0.6406536102294922,2,2,2,0.5
U0185,P02808,A0009,36-45,Male,Delhi,Engineering,3.3,Bachelors,387,21,Leadership,Video,0.1773,0.4183,0.9558,7.5,2.8,230,3,0.6077,1,0.6014790534973145,3,3,3,0.3333333333333333
U0185,P02021,A1090,36-45,Male,Delhi,Engineering,3.3,Bachelors,387,21,Finance,Text,0.3648,0.5492,0.6856,18.1,6.1,77,3,0.5894,0,0.5013708472251892,4,4,4,0.25
U0185,P04848,A0549,36-45,Male,Delhi,Engineering,3.3,Bachelors,387,21,Design,Text,0.286,0.9721,0.3,62.1,1.6,1022,2,0.5605,0,0.4697573482990265,5,5,5,0.2
U0185,P03686,A1586,36-45,Male,Delhi,Engineering,3.3,Bachelors,387,21,Marketing,Text,0.2541,0.4031,0.655,13.4,6.0,159,2,0.5158,0,0.46453291177749634,6,6,6,0.16666666666666666
U0185,P03999,A1405,36-45,Male,Delhi,Engineering,3.3,Bachelors,387,21,Marketing,Video,0.3355,0.5666,0.4387,76.2,1.2,406,3,0.3727,0,0.37508299946784973,7,7,7,0.14285714285714285
U0185,P02782,A1843,36-45,Male,Delhi,Engineering,3.3,Bachelors,387,21,Career,Article,0.5532,0.1045,0.5958,5.4,17.5,191,3,0.4081,1,0.35656803846359253,8,8,8,0.125
U0185,P02290,A0089,36-45,Male,Delhi,Engineering,3.3,Bachelors,387,21,Software,Article,0.4368,0.2006,0.6903,88.4,4.3,134,4,0.2807,0,0.2716337740421295,9,9,9,0.1111111111111111
U0185,P04716,A1632,36-45,Male,Delhi,Engineering,3.3,Bachelors,387,21,Machine Learning,Text,0.2188,0.0811,0.7236,77.1,6.2,64,4,0.2188,0,0.23805446922779083,10,10,10,0.1
U0187,P02964,A0316,26-35,Female,Chennai,Engineering,5.0,Bachelors,130,10,Finance,Video,0.3612,0.6255,0.7782,14.7,8.8,569,3,0.5957,1,0.6337915062904358,2,2,1,1.0
U0187,P01972,A0483,26-35,Female,Chennai,Engineering,5.0,Bachelors,130,10,Finance,Article,0.4139,0.6515,0.5984,22.2,4.0,398,3,0.5329,1,0.5451772212982178,3,3,2,0.5
U0187,P03627,A0902,26-35,Female,Chennai,Engineering,5.0,Bachelors,130,10,Software,Text,0.6741,0.4286,0.4532,5.0,5.1,685,5,0.402,1,0.37886425852775574,5,5,3,0.3333333333333333
U0187,P04097,A0639,26-35,Female,Chennai,Engineering,5.0,Bachelors,130,10,Data Science,Text,0.3995,0.8386,0.7402,1.6,7.2,262,1,0.7606,1,0.8127655982971191,1,1,4,0.25
U0187,P01729,A1116,26-35,Female,Chennai,Engineering,5.0,Bachelors,130,10,Marketing,Video,0.5208,0.3208,0.5391,15.2,4.5,312,2,0.419,0,0.38590675592422485,4,4,5,0.2
U0187,P02075,A0786,26-35,Female,Chennai,Engineering,5.0,Bachelors,130,10,Leadership,Job Opportunity,0.4475,0.2384,0.5843,8.2,5.2,738,1,0.4233,0,0.36452341079711914,6,6,6,0.16666666666666666
U0188,P04161,A0719,18-25,Female,Delhi,Design,2.6,Diploma,324,29,Career,Image,0.2827,0.6452,0.9556,24.3,3.4,289,2,0.7614,0,0.8073874711990356,1,1,1,1.0
U0188,P01645,A1341,18-25,Female,Delhi,Design,2.6,Diploma,324,29,Software,Text,0.0157,0.9146,0.7843,10.0,4.5,879,3,0.75,1,0.7801965475082397,2,2,2,0.5
U0188,P02104,A1465,18-25,Female,Delhi,Design,2.6,Diploma,324,29,AI,Video,0.4674,0.5755,0.3974,12.4,0.9,273,2,0.5915,0,0.45002248883247375,5,5,3,0.3333333333333333
U0188,P02310,A0026,18-25,Female,Delhi,Design,2.6,Diploma,324,29,Machine Learning,Article,0.3439,0.7719,0.6678,109.7,11.8,285,2,0.5765,1,0.742240309715271,3,3,4,0.25
U0188,P04846,A1853,18-25,Female,Delhi,Design,2.6,Diploma,324,29,Marketing,Image,0.162,0.8752,0.4825,13.5,7.0,81,1,0.7109,1,0.6451877355575562,4,4,5,0.2
U0188,P02344,A0663,18-25,Female,Delhi,Design,2.6,Diploma,324,29,Machine Learning,Job Opportunity,0.3427,0.3575,0.3489,15.7,5.5,467,1,0.4547,0,0.40434297919273376,6,6,6,0.16666666666666666
U0188,P00798,A0359,18-25,Female,Delhi,Design,2.6,Diploma,324,29,Marketing,Text,0.0957,0.0943,0.3429,17.9,5.9,389,3,0.2197,0,0.14884738624095917,7,7,7,0.14285714285714285
U0194,P01269,A0038,46-55,Female,Pune,Data Science,1.8,Diploma,545,19,Career,Job Opportunity,0.3525,0.5012,0.7857,3.4,8.0,450,3,0.6063,1,0.6334570646286011,1,1,1,1.0
U0194,P02242,A1595,46-55,Female,Pune,Data Science,1.8,Diploma,545,19,Software,Article,0.3564,0.5095,0.4118,11.5,2.1,40,1,0.5031,1,0.611720085144043,2,2,2,0.5
U0194,P01565,A1320,46-55,Female,Pune,Data Science,1.8,Diploma,545,19,Data Science,Video,0.2988,0.5392,0.9342,5.4,5.2,156,4,0.6354,0,0.5433054566383362,4,4,3,0.3333333333333333
U0194,P02488,A1837,46-55,Female,Pune,Data Science,1.8,Diploma,545,19,Marketing,Article,0.2368,0.8363,0.4253,2.6,1.6,1050,2,0.6221,0,0.5335254669189453,6,6,4,0.25
U0194,P03801,A1438,46-55,Female,Pune,Data Science,1.8,Diploma,545,19,Software,Job Opportunity,0.2853,0.4486,0.9708,19.0,4.6,266,2,0.6394,1,0.6053923964500427,3,3,5,0.2
U0194,P01415,A0238,46-55,Female,Pune,Data Science,1.8,Diploma,545,19,Marketing,Text,0.6167,0.4261,0.5329,2.5,13.5,805,1,0.6011,1,0.5422630310058594,5,5,6,0.16666666666666666
U0194,P04447,A0037,46-55,Female,Pune,Data Science,1.8,Diploma,545,19,Design,Article,0.0771,0.5474,0.8204,21.4,10.9,141,5,0.4691,0,0.5141684412956238,7,7,7,0.14285714285714285
U0194,P03323,A0721,46-55,Female,Pune,Data Science,1.8,Diploma,545,19,Software,Text,0.4831,0.5213,0.9238,181.5,4.9,118,4,0.3309,1,0.5062314867973328,8,8,8,0.125
U0194,P04363,A0760,46-55,Female,Pune,Data Science,1.8,Diploma,545,19,Finance,Text,0.3441,0.5922,0.4623,40.6,1.3,627,3,0.4396,1,0.464248389005661,9,9,9,0.1111111111111111
U0194,P02160,A1552,46-55,Female,Pune,Data Science,1.8,Diploma,545,19,Career,Image,0.1681,0.6744,0.6686,47.2,2.9,298,3,0.5065,1,0.4615218937397003,10,10,10,0.1
U0194,P04633,A1687,46-55,Female,Pune,Data Science,1.8,Diploma,545,19,Machine Learning,Video,0.3315,0.4382,0.5493,14.2,2.9,375,5,0.3857,0,0.4262737035751343,11,11,11,0.09090909090909091
U0194,P00676,A0435,46-55,Female,Pune,Data Science,1.8,Diploma,545,19,Software,Article,0.4374,0.3808,0.6324,13.4,12.8,534,3,0.486,0,0.4147431254386902,12,12,12,0.08333333333333333
U0194,P03751,A0965,46-55,Female,Pune,Data Science,1.8,Diploma,545,19,Career,Text,0.3797,0.2509,0.6071,9.0,6.0,300,2,0.4361,1,0.30416908860206604,13,13,13,0.07692307692307693
U0194,P02314,A1624,46-55,Female,Pune,Data Science,1.8,Diploma,545,19,Career,Text,0.4298,0.2964,0.7317,56.0,9.9,84,3,0.4001,0,0.280920147895813,14,14,14,0.07142857142857142
U0194,P04065,A1493,46-55,Female,Pune,Data Science,1.8,Diploma,545,19,Software,Article,0.112,0.3816,0.577,245.7,5.8,312,4,0.0762,0,0.21467284858226776,15,15,15,0.06666666666666667
U0201,P02729,A0435,36-45,Female,Pune,Computer Science,5.0,Bachelors,169,16,AI,Job Opportunity,0.2837,0.3706,0.9001,8.9,4.1,549,3,0.5516,1,0.5367423295974731,3,3,1,1.0
U0201,P04318,A1133,36-45,Female,Pune,Computer Science,5.0,Bachelors,169,16,Software,Image,0.2829,0.4031,0.6123,23.0,7.9,1772,3,0.4181,0,0.47404879331588745,4,4,2,0.5
U0201,P01204,A1419,36-45,Female,Pune,Computer Science,5.0,Bachelors,169,16,AI,Image,0.2066,0.6198,0.6069,13.4,7.2,509,5,0.4567,0,0.42934203147888184,5,5,3,0.3333333333333333
U0201,P01042,A0883,36-45,Female,Pune,Computer Science,5.0,Bachelors,169,16,Finance,Article,0.0788,0.6999,0.9708,10.5,6.5,205,2,0.7064,1,0.6729422211647034,1,1,4,0.25
U0201,P01826,A1824,36-45,Female,Pune,Computer Science,5.0,Bachelors,169,16,Career,Job Opportunity,0.5205,0.611,0.8471,10.3,9.0,846,2,0.7266,1,0.6495062112808228,2,2,5,0.2
U0201,P01990,A1653,36-45,Female,Pune,Computer Science,5.0,Bachelors,169,16,Design,Video,0.1091,0.2467,0.5901,10.4,13.9,289,5,0.2628,0,0.2858237326145172,6,6,6,0.16666666666666666
U0201,P04841,A0940,36-45,Female,Pune,Computer Science,5.0,Bachelors,169,16,Career,Video,0.1618,0.0927,0.2125,0.6,2.5,328,3,0.1701,0,0.14093081653118134,7,7,7,0.14285714285714285
U0202,P01466,A0215,56+,Female,Pune,Other,5.2,Diploma,380,23,Marketing,Job Opportunity,0.4759,0.6396,0.9824,8.6,10.2,218,3,0.783,1,0.7441993355751038,2,2,1,1.0
U0202,P01861,A1036,56+,Female,Pune,Other,5.2,Diploma,380,23,AI,Job Opportunity,0.6703,0.7385,0.6017,4.6,11.1,178,4,0.7211,1,0.7199075818061829,3,3,2,0.5
U0202,P00792,A1576,56+,Female,Pune,Other,5.2,Diploma,380,23,Finance,Article,0.7739,0.6066,0.8841,86.2,6.3,54,5,0.6218,1,0.6474431157112122,5,5,3,0.3333333333333333
U0202,P04471,A0715,56+,Female,Pune,Other,5.2,Diploma,380,23,Data Science,Job Opportunity,0.3908,0.6149,0.8104,21.0,2.1,218,2,0.7066,1,0.571439802646637,7,7,4,0.25
U0202,P00322,A1847,56+,Female,Pune,Other,5.2,Diploma,380,23,Design,Article,0.1469,0.7645,0.8882,0.4,4.6,289,2,0.7697,0,0.7467160224914551,1,1,5,0.2
U0202,P03627,A1622,56+,Female,Pune,Other,5.2,Diploma,380,23,Software,Text,0.6741,0.4727,0.7388,5.0,5.1,685,1,0.7393,1,0.6862506866455078,4,4,6,0.16666666666666666
U0202,P03525,A1162,56+,Female,Pune,Other,5.2,Diploma,380,23,Software,Image,0.4054,0.592,0.7295,15.3,10.5,689,1,0.7083,1,0.6418536901473999,6,6,7,0.14285714285714285
U0202,P01151,A0779,56+,Female,Pune,Other,5.2,Diploma,380,23,Finance,Job Opportunity,0.2604,0.3398,0.733,2.6,2.2,116,2,0.55,0,0.5379091501235962,8,8,8,0.125
U0202,P01569,A1321,56+,Female,Pune,Other,5.2,Diploma,380,23,Career,Video,0.2303,0.6138,0.5365,11.8,4.2,217,1,0.6078,1,0.49989792704582214,9,9,9,0.1111111111111111
U0202,P04315,A0139,56+,Female,Pune,Other,5.2,Diploma,380,23,Marketing,Image,0.1895,0.6292,0.443,16.4,3.7,890,4,0.4596,0,0.387786865234375,10,10,10,0.1
U0202,P04163,A1892,56+,Female,Pune,Other,5.2,Diploma,380,23,AI,Job Opportunity,0.478,0.3119,0.7288,86.9,5.6,501,4,0.3642,1,0.28221023082733154,11,11,11,0.09090909090909091
U0202,P01177,A0118,56+,Female,Pune,Other,5.2,Diploma,380,23,Data Science,Job Opportunity,0.2079,0.4586,0.0952,4.9,3.0,147,2,0.3269,1,0.17425888776779175,12,12,12,0.08333333333333333
U0202,P03433,A0796,56+,Female,Pune,Other,5.2,Diploma,380,23,Career,Image,0.3029,0.2225,0.2554,103.4,4.6,385,1,0.1861,0,0.16964007914066315,13,13,13,0.07692307692307693
U0204,P01118,A0008,18-25,Female,Delhi,Finance,3.4,Masters,328,18,Finance,Text,0.4876,0.6678,0.8193,6.2,7.6,319,4,0.6945,1,0.7086293697357178,1,1,1,1.0
U0204,P02461,A0742,18-25,Female,Delhi,Finance,3.4,Masters,328,18,Career,Job Opportunity,0.5222,0.4889,0.533,0.4,12.6,242,5,0.4827,1,0.5320382118225098,3,3,2,0.5
U0204,P03053,A0057,18-25,Female,Delhi,Finance,3.4,Masters,328,18,AI,Video,0.2482,0.462,0.7083,2.6,7.1,212,3,0.529,0,0.5104331374168396,4,4,3,0.3333333333333333
U0204,P03009,A1961,18-25,Female,Delhi,Finance,3.4,Masters,328,18,AI,Video,0.5201,0.4768,0.5723,3.2,3.9,97,4,0.5197,0,0.4957709014415741,5,5,4,0.25
U0204,P02169,A0934,18-25,Female,Delhi,Finance,3.4,Masters,328,18,Design,Job Opportunity,0.1819,0.7279,0.8527,49.5,6.3,873,1,0.6694,0,0.6782653331756592,2,2,5,0.2
U0204,P02190,A1244,18-25,Female,Delhi,Finance,3.4,Masters,328,18,Career,Job Opportunity,0.203,0.6064,0.6528,49.1,8.9,231,1,0.5372,0,0.49386149644851685,6,6,6,0.16666666666666666
U0204,P03636,A1674,18-25,Female,Delhi,Finance,3.4,Masters,328,18,Data Science,Article,0.5545,0.3385,0.7406,4.8,7.9,325,4,0.5283,0,0.412373811006546,7,7,7,0.14285714285714285
U0204,P02816,A1705,18-25,Female,Delhi,Finance,3.4,Masters,328,18,Finance,Job Opportunity,0.3035,0.4769,0.4921,20.7,0.6,298,4,0.3928,1,0.39688315987586975,8,8,8,0.125
U0204,P02050,A1894,18-25,Female,Delhi,Finance,3.4,Masters,328,18,Finance,Text,0.2381,0.3665,0.7085,64.5,6.3,741,2,0.3892,1,0.39122846722602844,9,9,9,0.1111111111111111
U0208,P00782,A0331,36-45,Male,Delhi,Finance,0.7,Bachelors,457,22,Marketing,Image,0.6438,0.8138,0.6724,2.0,1.2,600,3,0.7845,1,0.7766995429992676,1,1,1,1.0
U0208,P02954,A0685,36-45,Male,Delhi,Finance,0.7,Bachelors,457,22,Software,Job Opportunity,0.5901,0.4522,0.5663,20.7,2.0,506,3,0.5448,0,0.5808890461921692,9,9,2,0.5
U0208,P02598,A1106,36-45,Male,Delhi,Finance,0.7,Bachelors,457,22,Machine Learning,Job Opportunity,0.3475,0.4282,0.6755,32.0,7.4,485,4,0.4577,0,0.4875414967536926,10,10,3,0.3333333333333333
U0208,P04675,A0023,36-45,Male,Delhi,Finance,0.7,Bachelors,457,22,Data Science,Image,0.5023,0.5109,0.4249,52.0,6.0,470,5,0.3658,0,0.45000317692756653,11,11,4,0.25
U0208,P01265,A0463,36-45,Male,Delhi,Finance,0.7,Bachelors,457,22,Leadership,Article,0.3479,0.4663,0.8989,14.8,6.9,279,2,0.6647,0,0.7376062273979187,2,2,5,0.2
U0208,P02845,A0259,36-45,Male,Delhi,Finance,0.7,Bachelors,457,22,Design,Text,0.4826,0.7082,0.535,31.5,4.1,533,1,0.6668,1,0.7354342937469482,3,3,6,0.16666666666666666
U0208,P03547,A0857,36-45,Male,Delhi,Finance,0.7,Bachelors,457,22,Career,Article,0.1363,0.9204,0.6715,10.5,4.2,396,2,0.7325,1,0.6780959367752075,4,4,7,0.14285714285714285
U0208,P04074,A1211,36-45,Male,Delhi,Finance,0.7,Bachelors,457,22,AI,Video,0.3217,0.5703,0.6874,10.1,6.4,580,1,0.6618,1,0.6476235389709473,5,5,8,0.125
U0208,P02397,A1880,36-45,Male,Delhi,Finance,0.7,Bachelors,457,22,Software,Text,0.2182,0.4831,0.822,44.2,6.7,252,1,0.584,1,0.6328534483909607,6,6,9,0.1111111111111111
U0208,P02421,A1364,36-45,Male,Delhi,Finance,0.7,Bachelors,457,22,Career,Video,0.1964,0.5149,0.7299,23.4,6.0,370,1,0.596,0,0.6268110275268555,7,7,10,0.1
U0208,P03977,A1567,36-45,Male,Delhi,Finance,0.7,Bachelors,457,22,Machine Learning,Article,0.5393,0.3761,0.7204,14.0,6.0,1545,2,0.6028,0,0.5878885984420776,8,8,11,0.09090909090909091
U0209,P00556,A1293,18-25,Male,Mumbai,Data Science,5.1,Diploma,563,19,Software,Text,0.6132,0.766,0.5811,15.3,4.0,1059,1,0.7641,0,0.642069935798645,3,3,1,1.0
U0209,P02587,A0712,18-25,Male,Mumbai,Data Science,5.1,Diploma,563,19,Leadership,Job Opportunity,0.1124,0.6323,0.2722,37.2,4.8,33,2,0.3839,0,0.6009342670440674,4,4,2,0.5
U0209,P02721,A0846,18-25,Male,Mumbai,Data Science,5.1,Diploma,563,19,Finance,Job Opportunity,0.3192,0.8562,0.2695,31.0,7.1,309,3,0.5292,1,0.5783263444900513,5,5,3,0.3333333333333333
U0209,P01352,A1946,18-25,Male,Mumbai,Data Science,5.1,Diploma,563,19,Machine Learning,Article,0.3301,0.6434,0.6322,24.8,4.0,836,4,0.5596,1,0.5211909413337708,6,6,4,0.25
U0209,P02165,A0914,18-25,Male,Mumbai,Data Science,5.1,Diploma,563,19,Machine Learning,Text,0.605,0.6732,0.6042,2.7,10.8,154,2,0.7293,1,0.6824421286582947,1,1,5,0.2
U0209,P02312,A0569,18-25,Male,Mumbai,Data Science,5.1,Diploma,563,19,Leadership,Job Opportunity,0.2281,0.7161,0.69,0.4,5.1,794,1,0.7224,0,0.6573597192764282,2,2,6,0.16666666666666666
U0209,P00870,A0092,18-25,Male,Mumbai,Data Science,5.1,Diploma,563,19,Leadership,Article,0.1751,0.7553,0.7622,62.5,11.8,1029,4,0.5529,0,0.39554619789123535,7,7,7,0.14285714285714285
U0209,P02530,A1445,18-25,Male,Mumbai,Data Science,5.1,Diploma,563,19,Career,Article,0.2323,0.8661,0.4344,152.2,0.8,1605,4,0.3148,1,0.39356863498687744,8,8,8,0.125
U0209,P01897,A0967,18-25,Male,Mumbai,Data Science,5.1,Diploma,563,19,Machine Learning,Video,0.4233,0.6158,0.4623,115.0,5.4,82,2,0.3862,0,0.3317219018936157,9,9,9,0.1111111111111111
U0209,P03870,A0980,18-25,Male,Mumbai,Data Science,5.1,Diploma,563,19,Design,Article,0.3024,0.4841,0.1971,44.4,2.9,147,4,0.2678,0,0.20766274631023407,10,10,10,0.1
U0209,P01656,A1251,18-25,Male,Mumbai,Data Science,5.1,Diploma,563,19,Design,Text,0.1296,0.4242,0.4883,75.0,12.1,680,3,0.2818,0,0.17268618941307068,11,11,11,0.09090909090909091
U0221,P00577,A0835,26-35,Male,Bengaluru,Other,2.9,Masters,205,14,Career,Image,0.1893,0.4688,0.8745,19.3,2.5,401,2,0.5727,0,0.5752758383750916,1,1,1,1.0
U0221,P02234,A1249,26-35,Male,Bengaluru,Other,2.9,Masters,205,14,Career,Image,0.2185,0.4159,0.8196,48.8,2.7,294,3,0.4402,0,0.46950778365135193,3,3,2,0.5
U0221,P02550,A1249,26-35,Male,Bengaluru,Other,2.9,Masters,205,14,Career,Image,0.2842,0.4353,0.6283,6.5,5.4,540,2,0.5035,1,0.512615442276001,2,2,3,0.3333333333333333
U0221,P03544,A1546,26-35,Male,Bengaluru,Other,2.9,Masters,205,14,Design,Text,0.0885,0.5625,0.2357,7.3,6.9,407,3,0.3207,0,0.350727915763855,4,4,4,0.25
U0221,P01260,A1301,26-35,Male,Bengaluru,Other,2.9,Masters,205,14,Leadership,Image,0.1139,0.3231,0.5268,57.3,8.1,241,3,0.2485,0,0.1777697205543518,5,5,5,0.2
U0224,P03935,A1286,56+,Female,Mumbai,Engineering,1.0,Bachelors,293,13,Software,Image,0.2903,0.2056,0.9291,3.2,3.4,229,5,0.4057,1,0.4631165564060211,5,5,1,1.0
U0224,P01907,A0731,56+,Female,Mumbai,Engineering,1.0,Bachelors,293,13,Design,Job Opportunity,0.5604,0.7302,0.8798,3.5,14.9,1225,1,0.8019,1,0.8504864573478699,1,1,2,0.5
U0224,P02261,A0659,56+,Female,Mumbai,Engineering,1.0,Bachelors,293,13,Design,Job Opportunity,0.5229,0.8531,0.8524,21.2,4.7,148,2,0.7832,0,0.8118873834609985,2,2,3,0.3333333333333333
U0224,P00595,A1786,56+,Female,Mumbai,Engineering,1.0,Bachelors,293,13,Finance,Image,0.5178,0.5841,0.7483,37.9,6.3,319,1,0.6366,0,0.7067596316337585,3,3,4,0.25
U0224,P03745,A1899,56+,Female,Mumbai,Engineering,1.0,Bachelors,293,13,Machine Learning,Text,0.5937,0.4857,0.5957,4.6,12.1,895,1,0.6116,1,0.6329029202461243,4,4,5,0.2
U0224,P00774,A0504,56+,Female,Mumbai,Engineering,1.0,Bachelors,293,13,Design,Video,0.3783,0.2919,0.478,19.0,8.6,755,2,0.3508,0,0.3861098885536194,6,6,6,0.16666666666666666
U0229,P03791,A0654,36-45,Female,Bengaluru,HR,1.3,Bachelors,176,16,Marketing,Text,0.1988,0.9649,0.8295,18.5,5.3,168,3,0.7485,1,0.7820640802383423,1,1,1,1.0
U0229,P01695,A1191,36-45,Female,Bengaluru,HR,1.3,Bachelors,176,16,AI,Text,0.4612,0.856,0.3473,9.4,7.1,710,2,0.6328,0,0.6469762325286865,4,4,2,0.5
U0229,P00931,A0955,36-45,Female,Bengaluru,HR,1.3,Bachelors,176,16,Career,Video,0.3289,0.5375,0.7226,0.7,6.1,458,3,0.584,0,0.599854052066803,5,5,3,0.3333333333333333
U0229,P02314,A1127,36-45,Female,Bengaluru,HR,1.3,Bachelors,176,16,Career,Text,0.4298,0.67,0.6105,56.0,9.9,84,3,0.5206,0,0.5978428721427917,6,6,4,0.25
U0229,P03625,A0393,36-45,Female,Bengaluru,HR,1.3,Bachelors,176,16,Finance,Text,0.2157,0.8532,0.734,12.2,7.9,44,2,0.7117,1,0.7725763916969299,2,2,5,0.2
U0229,P02019,A1459,36-45,Female,Bengaluru,HR,1.3,Bachelors,176,16,Leadership,Text,0.5415,0.4335,0.6188,20.5,7.2,1312,1,0.5721,0,0.6610477566719055,3,3,6,0.16666666666666666
U0229,P01436,A0395,36-45,Female,Bengaluru,HR,1.3,Bachelors,176,16,Software,Article,0.0959,0.7273,0.6895,36.7,4.1,115,1,0.5935,0,0.5249351859092712,7,7,7,0.14285714285714285
U0229,P02158,A0981,36-45,Female,Bengaluru,HR,1.3,Bachelors,176,16,Marketing,Text,0.6359,0.3254,0.3754,21.3,9.9,707,1,0.4398,0,0.47333085536956787,8,8,8,0.125
U0229,P00700,A0584,36-45,Female,Bengaluru,HR,1.3,Bachelors,176,16,Marketing,Text,0.2296,0.3259,0.9652,65.1,4.8,614,3,0.4266,0,0.41097158193588257,9,9,9,0.1111111111111111
U0229,P04169,A1709,36-45,Female,Bengaluru,HR,1.3,Bachelors,176,16,Design,Image,0.1327,0.3045,0.6544,25.9,19.7,328,4,0.3122,1,0.38406702876091003,10,10,10,0.1
U0229,P00398,A1582,36-45,Female,Bengaluru,HR,1.3,Bachelors,176,16,Software,Job Opportunity,0.4346,0.6851,0.329,91.4,1.6,282,2,0.3743,0,0.36620646715164185,11,11,11,0.09090909090909091
U0229,P01717,A0854,36-45,Female,Bengaluru,HR,1.3,Bachelors,176,16,Career,Video,0.3637,0.3783,0.5992,67.9,4.6,330,5,0.2793,0,0.34104201197624207,12,12,12,0.08333333333333333
U0233,P03178,A0682,56+,Male,Kolkata,Design,1.6,Masters,533,15,Career,Image,0.0888,0.6644,0.8743,12.1,5.1,631,4,0.5783,1,0.7055603265762329,2,2,1,1.0
U0233,P04282,A0415,56+,Male,Kolkata,Design,1.6,Masters,533,15,Marketing,Article,0.4636,0.9433,0.7513,92.3,7.1,108,5,0.5758,0,0.6624749898910522,4,4,2,0.5
U0233,P01802,A1712,56+,Male,Kolkata,Design,1.6,Masters,533,15,Data Science,Image,0.339,0.6963,0.6449,9.7,3.5,147,2,0.6328,1,0.6578971147537231,5,5,3,0.3333333333333333
U0233,P01282,A1984,56+,Male,Kolkata,Design,1.6,Masters,533,15,Software,Article,0.1813,0.7561,0.2432,61.8,7.7,164,4,0.2954,1,0.24078725278377533,9,9,4,0.25
U0233,P04673,A1626,56+,Male,Kolkata,Design,1.6,Masters,533,15,Finance,Text,0.5224,0.8033,0.4874,7.0,7.3,307,2,0.6712,1,0.7170956134796143,1,1,5,0.2
U0233,P00962,A1276,56+,Male,Kolkata,Design,1.6,Masters,533,15,Machine Learning,Job Opportunity,0.7918,0.6825,0.6284,95.1,5.1,455,1,0.6067,0,0.6800958514213562,3,3,6,0.16666666666666666
U0233,P01068,A0480,56+,Male,Kolkata,Design,1.6,Masters,533,15,Software,Job Opportunity,0.4075,0.5031,0.7516,32.1,6.8,1384,1,0.5903,1,0.6556259393692017,6,6,7,0.14285714285714285
U0233,P02149,A0061,56+,Male,Kolkata,Design,1.6,Masters,533,15,Machine Learning,Job Opportunity,0.3049,0.3288,0.782,49.5,4.2,265,2,0.4222,1,0.41927191615104675,7,7,8,0.125
U0233,P03466,A1550,56+,Male,Kolkata,Design,1.6,Masters,533,15,Leadership,Video,0.1303,0.4426,0.5361,23.6,4.5,203,2,0.3802,0,0.3892643451690674,8,8,9,0.1111111111111111
U0237,P02388,A1332,26-35,Female,Bengaluru,Finance,3.4,Bachelors,619,15,AI,Job Opportunity,0.1022,0.8538,0.8057,40.4,6.1,314,4,0.6073,1,0.5919042825698853,1,1,1,1.0
U0237,P03829,A1197,26-35,Female,Bengaluru,Finance,3.4,Bachelors,619,15,Finance,Video,0.4088,0.1383,0.9039,29.9,2.9,259,4,0.3997,0,0.49934127926826477,2,2,2,0.5
U0237,P00160,A1926,26-35,Female,Bengaluru,Finance,3.4,Bachelors,619,15,Software,Article,0.1594,0.6198,0.5921,34.0,1.5,185,3,0.4623,1,0.4838801324367523,4,4,3,0.3333333333333333
U0237,P04935,A0264,26-35,Female,Bengaluru,Finance,3.4,Bachelors,619,15,Design,Article,0.5723,0.6367,0.5052,47.2,10.8,452,5,0.456,1,0.48079460859298706,5,5,4,0.25
U0237,P01888,A1769,26-35,Female,Bengaluru,Finance,3.4,Bachelors,619,15,Marketing,Text,0.2027,0.4169,0.5697,3.7,7.5,407,1,0.4888,0,0.49928849935531616,3,3,5,0.2
U0237,P03921,A0008,26-35,Female,Bengaluru,Finance,3.4,Bachelors,619,15,AI,Video,0.306,0.5051,0.7792,48.9,8.5,397,2,0.5274,0,0.45759347081184387,6,6,6,0.16666666666666666
U0237,P04601,A0511,26-35,Female,Bengaluru,Finance,3.4,Bachelors,619,15,Design,Text,0.0323,0.3924,0.7143,18.4,0.4,573,2,0.4297,0,0.4100934863090515,7,7,7,0.14285714285714285
U0237,P01933,A0499,26-35,Female,Bengaluru,Finance,3.4,Bachelors,619,15,Marketing,Job Opportunity,0.1333,0.1839,0.5899,32.6,5.4,446,5,0.2135,1,0.27832624316215515,8,8,8,0.125
U0242,P01247,A0286,36-45,Female,Mumbai,Marketing,4.2,Diploma,542,23,Data Science,Video,0.3715,0.428,0.8268,8.5,1.2,895,1,0.6817,0,0.6328499913215637,1,1,1,1.0
U0242,P04241,A0143,36-45,Female,Mumbai,Marketing,4.2,Diploma,542,23,Machine Learning,Article,0.2945,0.4008,0.8022,3.2,3.4,272,3,0.5898,1,0.5799700617790222,2,2,2,0.5
U0242,P03375,A0732,36-45,Female,Mumbai,Marketing,4.2,Diploma,542,23,Marketing,Article,0.3385,0.5545,0.6938,8.8,21.9,151,4,0.589,0,0.5764527320861816,3,3,3,0.3333333333333333
U0242,P04976,A0589,36-45,Female,Mumbai,Marketing,4.2,Diploma,542,23,Finance,Job Opportunity,0.3307,0.5716,0.5666,11.5,5.2,358,3,0.5689,0,0.5638769268989563,4,4,4,0.25
U0242,P00122,A0501,36-45,Female,Mumbai,Marketing,4.2,Diploma,542,23,Finance,Article,0.343,0.5592,0.5285,13.3,7.1,300,2,0.5786,1,0.5182298421859741,5,5,5,0.2
U0242,P02090,A0123,36-45,Female,Mumbai,Marketing,4.2,Diploma,542,23,Software,Text,0.136,0.9206,0.3702,6.7,10.0,158,1,0.6739,1,0.49219995737075806,6,6,6,0.16666666666666666
U0242,P04977,A1720,36-45,Female,Mumbai,Marketing,4.2,Diploma,542,23,AI,Article,0.4453,0.391,0.481,30.0,3.9,504,1,0.5022,1,0.4574407935142517,7,7,7,0.14285714285714285
U0242,P04237,A0747,36-45,Female,Mumbai,Marketing,4.2,Diploma,542,23,Career,Video,0.2679,0.6225,0.6586,19.9,1.0,817,4,0.5669,1,0.4548112452030182,8,8,8,0.125
U0242,P01407,A1374,36-45,Female,Mumbai,Marketing,4.2,Diploma,542,23,Software,Video,0.5107,0.408,0.6376,15.4,3.2,410,3,0.5592,1,0.4444538652896881,9,9,9,0.1111111111111111
U0242,P00600,A1407,36-45,Female,Mumbai,Marketing,4.2,Diploma,542,23,Marketing,Job Opportunity,0.3481,0.609,0.3393,18.7,1.2,160,1,0.5467,1,0.4345528781414032,10,10,10,0.1
U0242,P02028,A1044,36-45,Female,Mumbai,Marketing,4.2,Diploma,542,23,Data Science,Job Opportunity,0.4927,0.5677,0.2921,23.6,9.8,125,2,0.5036,0,0.390198677778244,11,11,11,0.09090909090909091
U0242,P04938,A1278,36-45,Female,Mumbai,Marketing,4.2,Diploma,542,23,Leadership,Video,0.403,0.3889,0.6227,64.8,9.7,101,2,0.4478,1,0.3559354841709137,12,12,12,0.08333333333333333
U0247,P03170,A1109,26-35,Male,Other,Marketing,4.6,Masters,300,18,Data Science,Text,0.1823,0.6857,0.9598,21.7,1.4,300,3,0.6798,1,0.6708174347877502,1,1,1,1.0
U0247,P00549,A0294,26-35,Male,Other,Marketing,4.6,Masters,300,18,Design,Image,0.4717,0.5086,0.4427,9.2,5.5,257,1,0.5494,1,0.6273342370986938,2,2,2,0.5
U0247,P02059,A1480,26-35,Male,Other,Marketing,4.6,Masters,300,18,Leadership,Text,0.6217,0.552,0.6221,9.5,8.1,757,4,0.5896,0,0.5629333257675171,3,3,3,0.3333333333333333
U0247,P04659,A1682,26-35,Male,Other,Marketing,4.6,Masters,300,18,Finance,Video,0.3412,0.6972,0.544,4.3,7.0,646,5,0.5307,0,0.5207763910293579,5,5,4,0.25
U0247,P02814,A0838,26-35,Male,Other,Marketing,4.6,Masters,300,18,Data Science,Job Opportunity,0.593,0.5915,0.4725,10.6,7.3,229,2,0.6003,0,0.5403516292572021,4,4,5,0.2
U0247,P00261,A0186,26-35,Male,Other,Marketing,4.6,Masters,300,18,Leadership,Article,0.2031,0.5218,0.4047,1.2,4.9,575,1,0.4821,1,0.4766550362110138,6,6,6,0.16666666666666666
U0247,P00945,A1014,26-35,Male,Other,Marketing,4.6,Masters,300,18,Design,Article,0.5137,0.684,0.3859,16.1,1.2,367,4,0.5133,0,0.4605478346347809,7,7,7,0.14285714285714285
U0247,P00421,A1524,26-35,Male,Other,Marketing,4.6,Masters,300,18,Leadership,Article,0.4355,0.4641,0.4225,0.3,14.0,562,4,0.4295,0,0.4340507984161377,8,8,8,0.125
U0251,P01814,A0095,36-45,Female,Ahmedabad,Data Science,0.6,Masters,248,15,Design,Article,0.643,0.8517,0.7147,15.9,3.5,170,4,0.7181,0,0.7705256342887878,1,1,1,1.0
U0251,P02758,A0372,36-45,Female,Ahmedabad,Data Science,0.6,Masters,248,15,Leadership,Article,0.8066,0.628,0.425,33.3,9.1,351,3,0.5414,0,0.6412947773933411,3,3,2,0.5
U0251,P01045,A1386,36-45,Female,Ahmedabad,Data Science,0.6,Masters,248,15,Software,Article,0.4679,0.4514,0.764,24.3,6.4,476,3,0.5221,0,0.5690045356750488,4,4,3,0.3333333333333333
U0251,P04036,A1242,36-45,Female,Ahmedabad,Data Science,0.6,Masters,248,15,Leadership,Video,0.2227,0.8246,0.2799,9.6,6.4,270,3,0.465,1,0.5070117712020874,5,5,4,0.25
U0251,P01400,A1540,36-45,Female,Ahmedabad,Data Science,0.6,Masters,248,15,Design,Article,0.4352,0.6045,0.6971,4.9,6.2,48,1,0.6593,1,0.6579127311706543,2,2,5,0.2
U0251,P04403,A0728,36-45,Female,Ahmedabad,Data Science,0.6,Masters,248,15,Machine Learning,Image,0.1643,0.806,0.5288,36.3,10.0,636,3,0.4919,0,0.46324965357780457,6,6,6,0.16666666666666666
U0251,P04121,A0219,36-45,Female,Ahmedabad,Data Science,0.6,Masters,248,15,Machine Learning,Video,0.4306,0.5444,0.6459,37.9,7.7,145,3,0.4809,1,0.45434340834617615,7,7,7,0.14285714285714285
U0251,P04766,A0379,36-45,Female,Ahmedabad,Data Science,0.6,Masters,248,15,Machine Learning,Video,0.4074,0.1316,0.5669,10.3,4.1,477,1,0.3587,0,0.33734190464019775,8,8,8,0.125
U0251,P02102,A0274,36-45,Female,Ahmedabad,Data Science,0.6,Masters,248,15,Finance,Article,0.1464,0.3418,0.8126,16.9,10.9,239,4,0.384,1,0.32898274064064026,9,9,9,0.1111111111111111
U0251,P04761,A0561,36-45,Female,Ahmedabad,Data Science,0.6,Masters,248,15,Marketing,Article,0.2038,0.5589,0.5208,34.6,3.0,231,3,0.3815,0,0.32506290078163147,10,10,10,0.1
U0251,P00548,A1289,36-45,Female,Ahmedabad,Data Science,0.6,Masters,248,15,Machine Learning,Video,0.2317,0.3763,0.1701,14.2,5.3,904,1,0.2708,0,0.24059338867664337,11,11,11,0.09090909090909091
U0251,P04088,A1360,36-45,Female,Ahmedabad,Data Science,0.6,Masters,248,15,Finance,Text,0.1524,0.5536,0.3536,24.3,1.4,90,4,0.2928,1,0.2364058941602707,12,12,12,0.08333333333333333
U0254,P02817,A0386,18-25,Male,Bengaluru,HR,8.9,Bachelors,231,13,Career,Text,0.5197,0.7207,0.3689,29.4,7.5,626,1,0.6024,1,0.6859882473945618,3,3,1,1.0
U0254,P00498,A0993,18-25,Male,Bengaluru,HR,8.9,Bachelors,231,13,Data Science,Job Opportunity,0.3939,0.4549,0.8619,5.9,0.6,272,2,0.6551,1,0.6814691424369812,4,4,2,0.5
U0254,P01080,A1169,18-25,Male,Bengaluru,HR,8.9,Bachelors,231,13,Leadership,Article,0.1633,0.7796,0.8673,33.6,5.6,253,4,0.6376,1,0.5701879858970642,6,6,3,0.3333333333333333
U0254,P00347,A1214,18-25,Male,Bengaluru,HR,8.9,Bachelors,231,13,Career,Text,0.4897,0.5551,0.8077,78.3,1.5,1223,4,0.504,1,0.5508121848106384,7,7,4,0.25
U0254,P02580,A0473,18-25,Male,Bengaluru,HR,8.9,Bachelors,231,13,Design,Text,0.1946,0.5239,0.8883,20.8,6.4,66,1,0.6493,0,0.70900559425354,1,1,5,0.2
U0254,P00438,A0131,18-25,Male,Bengaluru,HR,8.9,Bachelors,231,13,AI,Job Opportunity,0.6049,0.4268,0.9778,54.0,5.5,905,2,0.6524,1,0.6916324496269226,2,2,6,0.16666666666666666
U0254,P00372,A1615,18-25,Male,Bengaluru,HR,8.9,Bachelors,231,13,Design,Video,0.2358,0.5567,0.579,31.6,13.5,395,2,0.4962,1,0.5973047614097595,5,5,7,0.14285714285714285
U0254,P04473,A0498,18-25,Male,Bengaluru,HR,8.9,Bachelors,231,13,Career,Job Opportunity,0.2787,0.6333,0.5898,13.2,5.9,333,4,0.5226,0,0.546934962272644,8,8,8,0.125
U0254,P03578,A1575,18-25,Male,Bengaluru,HR,8.9,Bachelors,231,13,Data Science,Text,0.3896,0.2315,0.5565,100.1,7.4,1007,2,0.253,0,0.29286298155784607,9,9,9,0.1111111111111111
U0254,P03499,A0157,18-25,Male,Bengaluru,HR,8.9,Bachelors,231,13,Data Science,Job Opportunity,0.1072,0.1301,0.5427,46.9,13.7,418,2,0.2325,1,0.11230295151472092,10,10,10,0.1
U0269,P01972,A0443,18-25,Female,Mumbai,Business,4.8,PhD,165,11,Finance,Article,0.4139,0.8313,0.8992,22.2,4.0,398,2,0.7678,0,0.7360566258430481,1,1,1,1.0
U0269,P00173,A1985,18-25,Female,Mumbai,Business,4.8,PhD,165,11,Design,Article,0.4654,0.843,0.9358,46.8,8.0,244,5,0.6795,1,0.7186914086341858,2,2,2,0.5
U0269,P03665,A0386,18-25,Female,Mumbai,Business,4.8,PhD,165,11,Machine Learning,Job Opportunity,0.2674,0.7196,0.58,3.8,2.5,541,2,0.6025,1,0.5664450526237488,4,4,3,0.3333333333333333
U0269,P04943,A1391,18-25,Female,Mumbai,Business,4.8,PhD,165,11,Finance,Image,0.5072,0.3053,0.7687,10.1,3.1,383,4,0.4654,0,0.46952927112579346,7,7,4,0.25
U0269,P01303,A1019,18-25,Female,Mumbai,Business,4.8,PhD,165,11,Data Science,Article,0.4199,0.5451,0.8161,11.8,9.2,965,1,0.6686,1,0.6239599585533142,3,3,5,0.2
U0269,P02946,A1285,18-25,Female,Mumbai,Business,4.8,PhD,165,11,Design,Text,0.4248,0.551,0.6058,35.8,6.5,538,1,0.5423,1,0.5510590076446533,5,5,6,0.16666666666666666
U0269,P03017,A1945,18-25,Female,Mumbai,Business,4.8,PhD,165,11,AI,Video,0.1665,0.4817,0.8854,8.0,7.3,600,1,0.6094,0,0.49153706431388855,6,6,7,0.14285714285714285
U0269,P02151,A1351,18-25,Female,Mumbai,Business,4.8,PhD,165,11,Data Science,Video,0.1775,0.5907,0.7122,24.1,0.8,592,2,0.5303,0,0.42914626002311707,8,8,8,0.125
U0269,P02692,A1317,18-25,Female,Mumbai,Business,4.8,PhD,165,11,Machine Learning,Image,0.1044,0.5819,0.5807,21.5,7.4,925,3,0.4233,1,0.41780468821525574,9,9,9,0.1111111111111111
U0269,P00218,A0530,18-25,Female,Mumbai,Business,4.8,PhD,165,11,Finance,Text,0.5273,0.2571,0.7205,35.1,2.8,188,1,0.4738,0,0.40075650811195374,10,10,10,0.1
U0269,P03496,A1470,18-25,Female,Mumbai,Business,4.8,PhD,165,11,Data Science,Text,0.4227,0.6422,0.4343,58.9,3.1,150,2,0.4362,0,0.3087857663631439,11,11,11,0.09090909090909091
U0269,P04254,A0237,18-25,Female,Mumbai,Business,4.8,PhD,165,11,Leadership,Job Opportunity,0.3812,0.4287,0.2317,35.5,8.3,323,1,0.3194,0,0.28821712732315063,12,12,12,0.08333333333333333
U0277,P01301,A1006,26-35,Male,Delhi,Business,2.2,Bachelors,1261,11,Marketing,Text,0.6651,0.5272,0.3809,28.9,9.6,867,4,0.419,0,0.5868656039237976,2,2,1,1.0
U0277,P04538,A1656,26-35,Male,Delhi,Business,2.2,Bachelors,1261,11,Career,Image,0.3922,0.6496,0.5742,8.3,10.2,453,3,0.56,1,0.5312263369560242,3,3,2,0.5
U0277,P03517,A0030,26-35,Male,Delhi,Business,2.2,Bachelors,1261,11,Finance,Video,0.3259,0.4348,0.6558,1.8,6.7,927,3,0.4824,0,0.5075068473815918,4,4,3,0.3333333333333333
U0277,P00299,A0592,26-35,Male,Delhi,Business,2.2,Bachelors,1261,11,Machine Learning,Image,0.1118,0.7697,0.2237,35.5,9.4,508,2,0.3751,1,0.5059029459953308,5,5,4,0.25
U0277,P02556,A1152,26-35,Male,Delhi,Business,2.2,Bachelors,1261,11,Machine Learning,Text,0.6487,0.3623,0.8318,12.1,8.3,1004,1,0.6494,1,0.6043491363525391,1,1,5,0.2
U0277,P01536,A0909,26-35,Male,Delhi,Business,2.2,Bachelors,1261,11,Design,Article,0.3377,0.6826,0.4437,12.7,2.5,185,3,0.4975,0,0.5014428496360779,6,6,6,0.16666666666666666
U0277,P02172,A0912,26-35,Male,Delhi,Business,2.2,Bachelors,1261,11,Leadership,Text,0.1723,0.766,0.1212,19.3,5.9,788,4,0.3195,1,0.4266837537288666,7,7,7,0.14285714285714285
U0277,P03235,A1920,26-35,Male,Delhi,Business,2.2,Bachelors,1261,11,Career,Text,0.0794,0.3053,0.5949,17.2,6.9,576,2,0.3324,0,0.3311691880226135,8,8,8,0.125
U0278,P01556,A1475,26-35,Male,Hyderabad,Computer Science,14.1,Bachelors,85,11,Software,Text,0.2123,0.7787,0.5046,1.0,4.7,302,4,0.5609,1,0.5851948857307434,3,3,1,1.0
U0278,P04985,A1499,26-35,Male,Hyderabad,Computer Science,14.1,Bachelors,85,11,Data Science,Text,0.3407,0.5614,0.6,80.3,3.0,535,2,0.4352,1,0.5716515183448792,4,4,2,0.5
U0278,P01000,A1551,26-35,Male,Hyderabad,Computer Science,14.1,Bachelors,85,11,Marketing,Image,0.2085,0.4044,0.6309,14.9,0.8,298,1,0.4964,0,0.5206001400947571,6,6,3,0.3333333333333333
U0278,P00760,A1079,26-35,Male,Hyderabad,Computer Science,14.1,Bachelors,85,11,Career,Text,0.3214,0.4742,0.4037,54.0,4.5,1173,2,0.359,0,0.4834810495376587,7,7,4,0.25
U0278,P00835,A0888,26-35,Male,Hyderabad,Computer Science,14.1,Bachelors,85,11,Career,Text,0.4894,0.8191,0.84,21.7,8.7,275,1,0.8061,0,0.8556998372077942,1,1,5,0.2
U0278,P04093,A1989,26-35,Male,Hyderabad,Computer Science,14.1,Bachelors,85,11,Data Science,Text,0.5919,0.8568,0.548,14.1,5.7,175,2,0.7403,1,0.8004843592643738,2,2,6,0.16666666666666666
U0278,P04053,A1334,26-35,Male,Hyderabad,Computer Science,14.1,Bachelors,85,11,Career,Text,0.1602,0.4475,0.5607,0.8,8.4,1307,2,0.4705,0,0.5305352807044983,5,5,7,0.14285714285714285
U0278,P01920,A1584,26-35,Male,Hyderabad,Computer Science,14.1,Bachelors,85,11,Leadership,Text,0.286,0.6209,0.6454,44.4,9.3,166,4,0.4756,0,0.45583808422088623,8,8,8,0.125
U0278,P02894,A0413,26-35,Male,Hyderabad,Computer Science,14.1,Bachelors,85,11,Software,Job Opportunity,0.0807,0.661,0.3279,9.0,9.4,118,4,0.3776,0,0.432749480009079,9,9,9,0.1111111111111111
U0278,P01916,A1471,26-35,Male,Hyderabad,Computer Science,14.1,Bachelors,85,11,Leadership,Article,0.4534,0.2529,0.5498,49.8,1.0,127,2,0.3555,1,0.30692580342292786,10,10,10,0.1
U0282,P04493,A0400,18-25,Male,Delhi,Other,0.4,Bachelors,476,17,Finance,Image,0.1586,0.5876,0.8364,34.1,5.5,265,3,0.5496,1,0.588993489742279,2,2,1,1.0
U0282,P00277,A1011,18-25,Male,Delhi,Other,0.4,Bachelors,476,17,Leadership,Article,0.3353,0.4138,0.458,4.9,3.9,128,1,0.4741,0,0.512668251991272,4,4,2,0.5
U0282,P04510,A1557,18-25,Male,Delhi,Other,0.4,Bachelors,476,17,Leadership,Job Opportunity,0.334,0.7054,0.8613,141.4,5.6,162,5,0.3897,0,0.41491594910621643,5,5,3,0.3333333333333333
U0282,P01941,A1786,18-25,Male,Delhi,Other,0.4,Bachelors,476,17,Marketing,Text,0.1539,0.4163,0.5439,1.2,4.8,352,3,0.4055,0,0.35777556896209717,7,7,4,0.25
U0282,P03072,A1077,18-25,Male,Delhi,Other,0.4,Bachelors,476,17,Design,Article,0.2935,0.7837,0.6352,4.5,13.7,532,2,0.6823,0,0.6634405851364136,1,1,5,0.2
U0282,P04996,A0847,18-25,Male,Delhi,Other,0.4,Bachelors,476,17,Software,Image,0.5603,0.1752,0.5692,7.3,17.8,498,2,0.4271,1,0.5202910900115967,3,3,6,0.16666666666666666
U0282,P00892,A1988,18-25,Male,Delhi,Other,0.4,Bachelors,476,17,Finance,Job Opportunity,0.1794,0.3817,0.6239,24.2,6.2,205,2,0.4153,0,0.3815738558769226,6,6,7,0.14285714285714285
U0282,P04784,A1875,18-25,Male,Delhi,Other,0.4,Bachelors,476,17,Marketing,Article,0.2878,0.2836,0.5551,88.7,8.9,608,5,0.1913,1,0.3430432975292206,8,8,8,0.125
U0284,P02310,A1293,18-25,Male,Mumbai,Computer Science,7.9,PhD,185,18,Machine Learning,Article,0.3439,0.6954,0.7324,109.7,11.8,285,3,0.4964,1,0.6070840358734131,3,3,1,1.0
U0284,P00046,A1034,18-25,Male,Mumbai,Computer Science,7.9,PhD,185,18,Design,Article,0.4626,0.3691,0.9011,85.3,3.9,287,3,0.4864,1,0.5624152421951294,4,4,2,0.5
U0284,P02477,A1995,18-25,Male,Mumbai,Computer Science,7.9,PhD,185,18,AI,Article,0.3371,0.6901,0.3404,53.1,7.1,101,1,0.5035,0,0.5575343370437622,5,5,3,0.3333333333333333
U0284,P00867,A1103,18-25,Male,Mumbai,Computer Science,7.9,PhD,185,18,Marketing,Image,0.3232,0.6086,0.4475,0.3,3.0,165,1,0.6083,1,0.5553150177001953,6,6,4,0.25
U0284,P01719,A0947,18-25,Male,Mumbai,Computer Science,7.9,PhD,185,18,Design,Text,0.5915,0.6831,0.6411,31.8,5.9,565,1,0.7234,1,0.7560614943504333,1,1,5,0.2
U0284,P00650,A1460,18-25,Male,Mumbai,Computer Science,7.9,PhD,185,18,Software,Video,0.3191,0.6106,0.7429,3.2,4.7,145,1,0.7148,1,0.7497016191482544,2,2,6,0.16666666666666666
U0284,P01187,A0824,18-25,Male,Mumbai,Computer Science,7.9,PhD,185,18,Marketing,Article,0.5054,0.5007,0.5615,45.4,7.3,647,4,0.467,0,0.47469183802604675,7,7,7,0.14285714285714285
U0284,P01355,A1528,18-25,Male,Mumbai,Computer Science,7.9,PhD,185,18,Finance,Video,0.4652,0.4953,0.9143,128.3,5.5,184,2,0.5023,1,0.4712958335876465,8,8,8,0.125
U0284,P01822,A0568,18-25,Male,Mumbai,Computer Science,7.9,PhD,185,18,Marketing,Text,0.6597,0.5253,0.3863,12.0,4.2,591,4,0.514,0,0.4427074193954468,9,9,9,0.1111111111111111
U0284,P00525,A1690,18-25,Male,Mumbai,Computer Science,7.9,PhD,185,18,Software,Job Opportunity,0.2769,0.5172,0.7599,126.7,5.7,587,3,0.3696,0,0.3756003677845001,10,10,10,0.1
U0294,P03318,A1112,18-25,Male,Other,Computer Science,6.1,Masters,252,21,Machine Learning,Article,0.508,0.7326,0.9091,1.7,7.8,198,4,0.7764,1,0.8249631524085999,1,1,1,1.0
U0294,P04634,A1811,18-25,Male,Other,Computer Science,6.1,Masters,252,21,Machine Learning,Image,0.51,0.7415,0.7384,32.1,3.6,250,3,0.703,1,0.7858269810676575,2,2,2,0.5
U0294,P04780,A0327,18-25,Male,Other,Computer Science,6.1,Masters,252,21,Leadership,Text,0.7224,0.6513,0.5612,35.2,4.3,1223,4,0.6127,1,0.6555334329605103,4,4,3,0.3333333333333333
U0294,P03546,A1730,18-25,Male,Other,Computer Science,6.1,Masters,252,21,AI,Video,0.1982,0.4978,0.8502,19.2,4.8,515,3,0.5804,1,0.6402000784873962,5,5,4,0.25
U0294,P04685,A0478,18-25,Male,Other,Computer Science,6.1,Masters,252,21,Machine Learning,Article,0.4869,0.6579,0.9671,8.9,5.9,686,1,0.8181,1,0.7603427767753601,3,3,5,0.2
U0294,P02190,A1584,18-25,Male,Other,Computer Science,6.1,Masters,252,21,Career,Job Opportunity,0.203,0.6028,0.9427,49.1,8.9,231,3,0.6125,1,0.6294022798538208,6,6,6,0.16666666666666666
U0294,P00621,A0287,18-25,Male,Other,Computer Science,6.1,Masters,252,21,Data Science,Article,0.6051,0.7776,0.4665,52.7,10.8,687,5,0.5378,0,0.6186202168464661,7,7,7,0.14285714285714285
U0294,P02500,A0115,18-25,Male,Other,Computer Science,6.1,Masters,252,21,Machine Learning,Article,0.3507,0.9168,0.1569,37.4,2.9,370,3,0.5015,1,0.5373778939247131,8,8,8,0.125
U0294,P04944,A0726,18-25,Male,Other,Computer Science,6.1,Masters,252,21,Design,Video,0.5152,0.4479,0.5778,46.9,4.4,227,3,0.4722,1,0.4556862711906433,9,9,9,0.1111111111111111
U0294,P00789,A0518,18-25,Male,Other,Computer Science,6.1,Masters,252,21,Marketing,Video,0.1015,0.282,0.4309,29.8,7.3,84,5,0.2191,1,0.16254937648773193,10,10,10,0.1
U0294,P00033,A0384,18-25,Male,Other,Computer Science,6.1,Masters,252,21,Data Science,Image,0.1597,0.1072,0.5625,73.2,1.1,459,4,0.1751,0,0.13679178059101105,11,11,11,0.09090909090909091
U0296,P03712,A0497,46-55,Female,Kolkata,Finance,4.8,Masters,255,16,Leadership,Article,0.5039,0.6401,0.7799,28.5,5.5,183,3,0.645,0,0.6787972450256348,4,4,1,1.0
U0296,P01108,A1860,46-55,Female,Kolkata,Finance,4.8,Masters,255,16,Data Science,Text,0.5082,0.655,0.7477,15.4,1.8,804,3,0.6641,0,0.6564990282058716,5,5,2,0.5
U0296,P00304,A1472,46-55,Female,Kolkata,Finance,4.8,Masters,255,16,Marketing,Text,0.3892,0.6412,0.703,16.6,5.7,113,4,0.5763,0,0.617933452129364,7,7,3,0.3333333333333333
U0296,P00563,A1782,46-55,Female,Kolkata,Finance,4.8,Masters,255,16,Design,Text,0.2528,0.7099,0.6914,15.5,3.0,314,3,0.602,0,0.6004981994628906,8,8,4,0.25
U0296,P02272,A1701,46-55,Female,Kolkata,Finance,4.8,Masters,255,16,AI,Job Opportunity,0.6688,0.8035,0.5783,0.1,7.8,227,1,0.7772,0,0.8124433159828186,1,1,5,0.2
U0296,P04730,A0964,46-55,Female,Kolkata,Finance,4.8,Masters,255,16,Leadership,Article,0.4259,0.8642,0.6282,37.6,4.4,393,2,0.6811,1,0.7226834893226624,2,2,6,0.16666666666666666
U0296,P02613,A1143,46-55,Female,Kolkata,Finance,4.8,Masters,255,16,Machine Learning,Text,0.69,0.5523,0.9098,56.5,11.8,171,1,0.7074,1,0.6908016800880432,3,3,7,0.14285714285714285
U0296,P04891,A0604,46-55,Female,Kolkata,Finance,4.8,Masters,255,16,Finance,Text,0.6285,0.5665,0.6871,33.9,8.0,185,2,0.6262,1,0.6216000914573669,6,6,8,0.125
U0296,P00612,A1973,46-55,Female,Kolkata,Finance,4.8,Masters,255,16,AI,Article,0.2643,0.6997,0.6416,14.9,8.7,342,4,0.5489,1,0.559614896774292,9,9,9,0.1111111111111111
U0296,P02158,A1385,46-55,Female,Kolkata,Finance,4.8,Masters,255,16,Marketing,Text,0.6359,0.3988,0.6334,21.3,9.9,707,3,0.517,1,0.55887371301651,10,10,10,0.1
U0296,P04466,A0430,46-55,Female,Kolkata,Finance,4.8,Masters,255,16,Career,Image,0.2681,0.3056,0.9091,0.5,0.4,186,2,0.5603,0,0.5532283782958984,11,11,11,0.09090909090909091
U0296,P04739,A1555,46-55,Female,Kolkata,Finance,4.8,Masters,255,16,Machine Learning,Text,0.338,0.6529,0.6195,34.4,2.4,890,3,0.53,0,0.54200679063797,12,12,12,0.08333333333333333
U0296,P02402,A1088,46-55,Female,Kolkata,Finance,4.8,Masters,255,16,Software,Job Opportunity,0.3666,0.4757,0.3016,7.3,4.2,246,1,0.4338,0,0.5217354893684387,13,13,13,0.07692307692307693
U0296,P01111,A0013,46-55,Female,Kolkata,Finance,4.8,Masters,255,16,AI,Image,0.2722,0.7041,0.7645,96.6,1.5,604,3,0.4748,1,0.5164498686790466,14,14,14,0.07142857142857142
U0296,P00746,A1759,46-55,Female,Kolkata,Finance,4.8,Masters,255,16,Finance,Video,0.5366,0.6109,0.7173,38.6,6.1,179,5,0.5318,0,0.48206251859664917,15,15,15,0.06666666666666667
U0296,P00029,A0394,46-55,Female,Kolkata,Finance,4.8,Masters,255,16,Data Science,Job Opportunity,0.0481,0.4363,0.6144,1.7,2.6,187,3,0.4064,0,0.47995030879974365,16,16,16,0.0625
U0296,P03567,A0465,46-55,Female,Kolkata,Finance,4.8,Masters,255,16,Software,Image,0.5036,0.2345,0.6808,22.6,10.5,345,3,0.4168,0,0.4385349452495575,17,17,17,0.058823529411764705
U0296,P01724,A0810,46-55,Female,Kolkata,Finance,4.8,Masters,255,16,Leadership,Text,0.3879,0.391,0.7149,64.4,2.8,309,2,0.4264,0,0.39301949739456177,18,18,18,0.05555555555555555
U0296,P01215,A1197,46-55,Female,Kolkata,Finance,4.8,Masters,255,16,Machine Learning,Image,0.4803,0.6006,0.7722,99.7,3.5,542,5,0.4132,0,0.35873842239379883,19,19,19,0.05263157894736842
U0296,P03306,A0558,46-55,Female,Kolkata,Finance,4.8,Masters,255,16,Marketing,Video,0.3755,0.2869,0.4249,3.0,6.8,1793,4,0.3143,1,0.3226100206375122,20,20,20,0.05
U0296,P03947,A0241,46-55,Female,Kolkata,Finance,4.8,Masters,255,16,Software,Article,0.2904,0.3185,0.3542,34.8,6.0,403,1,0.3111,0,0.3047814667224884,21,21,21,0.047619047619047616
U0298,P01177,A0147,36-45,Male,Hyderabad,Business,10.0,Bachelors,532,12,Data Science,Job Opportunity,0.2079,0.7385,0.8014,4.9,3.0,147,3,0.677,1,0.705646812915802,2,2,1,1.0
U0298,P01176,A1240,36-45,Male,Hyderabad,Business,10.0,Bachelors,532,12,AI,Article,0.7023,0.5054,0.4855,12.3,4.2,813,4,0.5228,0,0.5411731600761414,5,5,2,0.5
U0298,P04104,A1735,36-45,Male,Hyderabad,Business,10.0,Bachelors,532,12,Marketing,Article,0.4331,0.6719,0.548,12.4,6.9,189,5,0.5259,0,0.5379002094268799,6,6,3,0.3333333333333333
U0298,P01992,A1144,36-45,Male,Hyderabad,Business,10.0,Bachelors,532,12,Data Science,Video,0.5566,0.1701,0.7921,11.1,4.1,303,3,0.4803,1,0.4147617518901825,9,9,4,0.25
U0298,P04898,A1801,36-45,Male,Hyderabad,Business,10.0,Bachelors,532,12,Design,Text,0.5766,0.8642,0.8413,39.3,6.1,1128,1,0.8099,0,0.7726887464523315,1,1,5,0.2
U0298,P00274,A1596,36-45,Male,Hyderabad,Business,10.0,Bachelors,532,12,Machine Learning,Image,0.592,0.5482,0.4866,22.1,6.7,326,2,0.5595,0,0.5890719890594482,3,3,6,0.16666666666666666
U0298,P02609,A0992,36-45,Male,Hyderabad,Business,10.0,Bachelors,532,12,Data Science,Text,0.3037,0.591,0.7457,30.5,9.7,412,2,0.594,1,0.5487953424453735,4,4,7,0.14285714285714285
U0298,P01517,A1641,36-45,Male,Hyderabad,Business,10.0,Bachelors,532,12,Machine Learning,Image,0.2451,0.6119,0.5611,17.4,4.5,390,2,0.5372,0,0.5335657596588135,7,7,8,0.125
U0298,P00735,A1369,36-45,Male,Hyderabad,Business,10.0,Bachelors,532,12,Design,Job Opportunity,0.3623,0.3616,0.6693,33.4,8.2,737,2,0.4584,0,0.4359647035598755,8,8,9,0.1111111111111111
U0309,P01737,A0380,18-25,Female,Bengaluru,Finance,1.4,Diploma,586,13,Marketing,Image,0.5849,0.8569,0.8395,16.5,3.5,269,3,0.7809,0,0.7609225511550903,1,1,1,1.0
U0309,P00782,A0631,18-25,Female,Bengaluru,Finance,1.4,Diploma,586,13,Marketing,Image,0.6438,0.5591,0.6364,2.0,1.2,600,2,0.6549,1,0.7146391272544861,2,2,2,0.5
U0309,P03579,A1161,18-25,Female,Bengaluru,Finance,1.4,Diploma,586,13,Machine Learning,Image,0.2263,0.8848,0.5896,55.3,11.4,685,3,0.5491,1,0.5587198138237,4,4,3,0.3333333333333333
U0309,P04027,A1516,18-25,Female,Bengaluru,Finance,1.4,Diploma,586,13,Design,Video,0.2086,0.5648,0.8309,14.2,2.2,84,2,0.6003,0,0.5476183295249939,5,5,4,0.25
U0309,P04607,A0962,18-25,Female,Bengaluru,Finance,1.4,Diploma,586,13,Leadership,Video,0.2742,0.6711,0.6574,10.0,10.0,233,2,0.6059,0,0.5699676275253296,3,3,5,0.2
U0309,P02357,A0969,18-25,Female,Bengaluru,Finance,1.4,Diploma,586,13,Leadership,Job Opportunity,0.4401,0.4944,0.7858,34.1,0.9,886,2,0.5707,0,0.5389896035194397,6,6,6,0.16666666666666666
U0309,P04487,A1434,18-25,Female,Bengaluru,Finance,1.4,Diploma,586,13,Machine Learning,Text,0.3007,0.8802,0.4332,92.3,5.5,95,1,0.4919,0,0.5010380744934082,7,7,7,0.14285714285714285
U0309,P00944,A0893,18-25,Female,Bengaluru,Finance,1.4,Diploma,586,13,Career,Text,0.2217,0.5335,0.5632,40.9,6.5,591,1,0.455,0,0.49551621079444885,8,8,8,0.125
U0309,P03981,A0658,18-25,Female,Bengaluru,Finance,1.4,Diploma,586,13,Career,Article,0.3036,0.7311,0.2871,3.5,1.8,454,5,0.4049,0,0.4287896752357483,9,9,9,0.1111111111111111
U0309,P01588,A0782,18-25,Female,Bengaluru,Finance,1.4,Diploma,586,13,Career,Article,0.2012,0.5199,0.7756,47.4,9.1,226,5,0.3915,0,0.38066160678863525,10,10,10,0.1
U0309,P04901,A1351,18-25,Female,Bengaluru,Finance,1.4,Diploma,586,13,Leadership,Text,0.223,0.4304,0.5778,42.9,10.1,610,2,0.3761,1,0.36135390400886536,11,11,11,0.09090909090909091
U0309,P02967,A1916,18-25,Female,Bengaluru,Finance,1.4,Diploma,586,13,Career,Article,0.3049,0.4629,0.6502,36.5,5.9,716,4,0.3925,1,0.3581562936306,12,12,12,0.08333333333333333
U0309,P04203,A1690,18-25,Female,Bengaluru,Finance,1.4,Diploma,586,13,Design,Image,0.3809,0.4154,0.2686,49.9,2.4,115,1,0.307,0,0.3551774322986603,13,13,13,0.07692307692307693
U0309,P02036,A1384,18-25,Female,Bengaluru,Finance,1.4,Diploma,586,13,Software,Image,0.4848,0.2741,0.2961,4.5,1.6,64,2,0.3312,0,0.2923600375652313,14,14,14,0.07142857142857142
U0309,P04485,A1853,18-25,Female,Bengaluru,Finance,1.4,Diploma,586,13,Software,Text,0.2268,0.3591,0.6035,1.9,9.8,73,3,0.4006,0,0.24842120707035065,15,15,15,0.06666666666666667
U0309,P04310,A1041,18-25,Female,Bengaluru,Finance,1.4,Diploma,586,13,Data Science,Image,0.1493,0.3473,0.3383,32.9,5.0,70,1,0.2787,0,0.24136503040790558,16,16,16,0.0625
U0311,P03663,A1984,26-35,Female,Mumbai,Data Science,8.5,Masters,204,12,Career,Job Opportunity,0.1853,0.8267,0.6838,16.5,1.9,100,1,0.6956,0,0.7004693746566772,1,1,1,1.0
U0311,P01082,A1772,26-35,Female,Mumbai,Data Science,8.5,Masters,204,12,Finance,Job Opportunity,0.6231,0.6585,0.3852,22.0,6.3,192,3,0.5399,1,0.6292404532432556,3,3,2,0.5
U0311,P04876,A0403,26-35,Female,Mumbai,Data Science,8.5,Masters,204,12,Software,Image,0.3851,0.5813,0.9154,6.8,1.8,297,2,0.7103,0,0.6122605204582214,4,4,3,0.3333333333333333
U0311,P00964,A0764,26-35,Female,Mumbai,Data Science,8.5,Masters,204,12,Design,Image,0.497,0.7438,0.4121,26.1,8.0,430,2,0.5829,0,0.5943825244903564,5,5,4,0.25
U0311,P03873,A0351,26-35,Female,Mumbai,Data Science,8.5,Masters,204,12,Leadership,Image,0.2643,0.4709,0.8366,16.1,4.6,770,1,0.6141,0,0.6296377182006836,2,2,5,0.2
U0311,P00001,A0422,26-35,Female,Mumbai,Data Science,8.5,Masters,204,12,Career,Article,0.1221,0.5711,0.6722,6.8,8.3,272,1,0.5753,1,0.530211865901947,6,6,6,0.16666666666666666
U0311,P02433,A1665,26-35,Female,Mumbai,Data Science,8.5,Masters,204,12,Machine Learning,Video,0.2677,0.5114,0.8952,18.9,6.5,389,3,0.5906,1,0.5205672383308411,7,7,7,0.14285714285714285
U0311,P04924,A1807,26-35,Female,Mumbai,Data Science,8.5,Masters,204,12,AI,Video,0.5842,0.3291,0.8379,79.7,6.7,1795,2,0.4741,1,0.4205472767353058,8,8,8,0.125
U0311,P03515,A1098,26-35,Female,Mumbai,Data Science,8.5,Masters,204,12,Machine Learning,Video,0.1721,0.3952,0.5957,14.0,11.2,453,4,0.361,0,0.3573252260684967,9,9,9,0.1111111111111111
U0311,P01502,A1249,26-35,Female,Mumbai,Data Science,8.5,Masters,204,12,Software,Job Opportunity,0.4962,0.3134,0.4014,13.2,3.3,267,3,0.3608,1,0.3518241047859192,10,10,10,0.1
U0311,P03060,A1600,26-35,Female,Mumbai,Data Science,8.5,Masters,204,12,Marketing,Article,0.2961,0.2603,0.3662,23.9,11.6,361,4,0.2362,0,0.21964329481124878,11,11,11,0.09090909090909091
U0312,P03356,A0020,26-35,Female,Ahmedabad,Design,6.5,Bachelors,328,18,Finance,Text,0.8948,0.551,0.6069,9.4,11.3,86,5,0.626,0,0.7069985866546631,2,2,1,1.0
U0312,P00825,A1780,26-35,Female,Ahmedabad,Design,6.5,Bachelors,328,18,Leadership,Job Opportunity,0.3091,0.5369,0.6288,24.2,1.4,1129,1,0.5699,0,0.6694304943084717,3,3,2,0.5
U0312,P03425,A0355,26-35,Female,Ahmedabad,Design,6.5,Bachelors,328,18,Data Science,Article,0.4452,0.5494,0.763,12.9,7.2,745,5,0.5633,1,0.6069711446762085,4,4,3,0.3333333333333333
U0312,P03528,A1186,26-35,Female,Ahmedabad,Design,6.5,Bachelors,328,18,Leadership,Image,0.5563,0.4177,0.9765,62.7,1.2,465,4,0.5518,1,0.5439913868904114,6,6,4,0.25
U0312,P04127,A0893,26-35,Female,Ahmedabad,Design,6.5,Bachelors,328,18,Finance,Job Opportunity,0.5454,0.8155,0.8546,49.6,5.5,345,2,0.7594,0,0.7721562385559082,1,1,5,0.2
U0312,P00110,A1391,26-35,Female,Ahmedabad,Design,6.5,Bachelors,328,18,Finance,Image,0.5671,0.3563,0.742,6.0,4.1,817,1,0.6323,0,0.5887245535850525,5,5,6,0.16666666666666666
U0312,P01893,A1407,26-35,Female,Ahmedabad,Design,6.5,Bachelors,328,18,Leadership,Article,0.4081,0.4061,0.8508,90.8,1.8,290,2,0.4609,1,0.47261229157447815,7,7,7,0.14285714285714285
U0312,P01820,A0909,26-35,Female,Ahmedabad,Design,6.5,Bachelors,328,18,Data Science,Article,0.1607,0.6018,0.6298,42.8,13.5,183,2,0.4927,1,0.36587488651275635,8,8,8,0.125
U0312,P03852,A0937,26-35,Female,Ahmedabad,Design,6.5,Bachelors,328,18,Data Science,Article,0.2763,0.8124,0.2256,88.0,2.1,444,3,0.3409,0,0.3260253071784973,9,9,9,0.1111111111111111
U0312,P03572,A1680,26-35,Female,Ahmedabad,Design,6.5,Bachelors,328,18,Leadership,Article,0.1346,0.4755,0.3235,15.0,6.6,697,3,0.3233,0,0.32555854320526123,10,10,10,0.1
U0320,P02426,A0520,56+,Male,Hyderabad,Computer Science,7.2,Masters,239,15,Marketing,Article,0.6342,0.8668,0.4173,1.7,7.3,565,5,0.6462,1,0.671794056892395,2,2,1,1.0
U0320,P04168,A0465,56+,Male,Hyderabad,Computer Science,7.2,Masters,239,15,AI,Article,0.414,0.8643,0.405,23.7,3.8,171,2,0.6337,0,0.5940414667129517,3,3,2,0.5
U0320,P03066,A1609,56+,Male,Hyderabad,Computer Science,7.2,Masters,239,15,AI,Text,0.3485,0.4871,0.6891,31.8,3.8,321,2,0.5349,1,0.5676787495613098,5,5,3,0.3333333333333333
U0320,P01488,A1541,56+,Male,Hyderabad,Computer Science,7.2,Masters,239,15,Leadership,Text,0.4323,0.53,0.4486,44.6,5.3,427,3,0.4198,0,0.47385597229003906,7,7,4,0.25
U0320,P03877,A1606,56+,Male,Hyderabad,Computer Science,7.2,Masters,239,15,Career,Video,0.3295,0.8895,0.6709,10.5,6.2,350,2,0.7433,1,0.7789282202720642,1,1,5,0.2
U0320,P00263,A0133,56+,Male,Hyderabad,Computer Science,7.2,Masters,239,15,AI,Article,0.5463,0.3808,0.6576,28.6,6.9,193,1,0.5614,1,0.5894123911857605,4,4,6,0.16666666666666666
U0320,P01677,A0589,56+,Male,Hyderabad,Computer Science,7.2,Masters,239,15,Career,Text,0.4423,0.423,0.6506,59.7,7.1,543,1,0.489,0,0.5666174292564392,6,6,7,0.14285714285714285
U0320,P01804,A1200,56+,Male,Hyderabad,Computer Science,7.2,Masters,239,15,Design,Text,0.2697,0.3204,0.6152,2.6,7.6,209,2,0.457,0,0.44578105211257935,8,8,8,0.125
U0331,P01455,A1807,36-45,Female,Bengaluru,Engineering,7.0,Masters,216,18,Career,Video,0.4412,0.4257,0.8241,0.7,2.4,243,2,0.6634,0,0.7755550146102905,1,1,1,1.0
U0331,P00137,A0387,36-45,Female,Bengaluru,Engineering,7.0,Masters,216,18,Design,Text,0.4416,0.6849,0.9187,51.6,9.3,471,3,0.6945,1,0.7297001481056213,2,2,2,0.5
U0331,P04570,A0414,36-45,Female,Bengaluru,Engineering,7.0,Masters,216,18,Machine Learning,Text,0.5093,0.5915,0.7008,20.7,13.5,460,3,0.6423,1,0.6761764287948608,3,3,3,0.3333333333333333
U0331,P01528,A1230,36-45,Female,Bengaluru,Engineering,7.0,Masters,216,18,Finance,Article,0.5763,0.5004,0.7024,43.7,4.5,802,3,0.5734,0,0.6150189638137817,5,5,4,0.25
U0331,P01694,A1298,36-45,Female,Bengaluru,Engineering,7.0,Masters,216,18,Leadership,Text,0.4921,0.6406,0.4726,4.6,18.4,862,2,0.6308,1,0.6557924747467041,4,4,5,0.2
U0331,P00349,A1126,36-45,Female,Bengaluru,Engineering,7.0,Masters,216,18,Data Science,Article,0.419,0.6844,0.4353,4.2,7.7,606,2,0.6184,1,0.6139660477638245,6,6,6,0.16666666666666666
U0331,P02886,A1166,36-45,Female,Bengaluru,Engineering,7.0,Masters,216,18,Finance,Video,0.5851,0.4602,0.2903,25.1,3.3,165,1,0.4833,1,0.5444931983947754,7,7,7,0.14285714285714285
U0331,P04653,A1537,36-45,Female,Bengaluru,Engineering,7.0,Masters,216,18,Design,Article,0.359,0.6087,0.6046,64.5,0.5,230,1,0.55,0,0.5125715732574463,8,8,8,0.125
U0331,P03079,A1477,36-45,Female,Bengaluru,Engineering,7.0,Masters,216,18,Career,Video,0.2153,0.4257,0.9391,88.3,4.5,263,3,0.4489,0,0.5100099444389343,9,9,9,0.1111111111111111
U0331,P03375,A1212,36-45,Female,Bengaluru,Engineering,7.0,Masters,216,18,Marketing,Article,0.3385,0.5173,0.3868,8.8,21.9,151,3,0.4528,1,0.49440330266952515,10,10,10,0.1
U0331,P03354,A1295,36-45,Female,Bengaluru,Engineering,7.0,Masters,216,18,Software,Article,0.2782,0.1839,0.6001,7.3,7.9,238,2,0.397,0,0.4833785891532898,11,11,11,0.09090909090909091
U0331,P03299,A0863,36-45,Female,Bengaluru,Engineering,7.0,Masters,216,18,Machine Learning,Text,0.1684,0.2604,0.6862,32.2,4.1,350,2,0.3921,1,0.4238710105419159,12,12,12,0.08333333333333333
U0331,P04740,A0568,36-45,Female,Bengaluru,Engineering,7.0,Masters,216,18,Data Science,Video,0.1009,0.3725,0.8993,110.0,5.2,283,2,0.3662,1,0.3283070921897888,13,13,13,0.07692307692307693
U0335,P00967,A1439,18-25,Male,Chennai,Engineering,3.9,Bachelors,371,22,Finance,Text,0.4719,0.8595,0.6173,3.1,3.3,89,2,0.7768,1,0.8047623038291931,1,1,1,1.0
U0335,P04347,A1768,18-25,Male,Chennai,Engineering,3.9,Bachelors,371,22,Design,Article,0.5179,0.4156,0.7426,1.9,2.3,183,3,0.6231,1,0.6599760055541992,3,3,2,0.5
U0335,P01040,A1402,18-25,Male,Chennai,Engineering,3.9,Bachelors,371,22,Machine Learning,Job Opportunity,0.3649,0.6421,0.7444,43.0,2.1,316,3,0.6134,0,0.6429944038391113,4,4,3,0.3333333333333333
U0335,P03519,A1395,18-25,Male,Chennai,Engineering,3.9,Bachelors,371,22,Leadership,Job Opportunity,0.1656,0.6534,0.7602,20.5,3.5,402,4,0.5847,1,0.6413347125053406,5,5,4,0.25
U0335,P02943,A1058,18-25,Male,Chennai,Engineering,3.9,Bachelors,371,22,Career,Article,0.5891,0.6394,0.7232,7.2,5.7,550,2,0.7471,1,0.6997078061103821,2,2,5,0.2
U0335,P02007,A0602,18-25,Male,Chennai,Engineering,3.9,Bachelors,371,22,Career,Text,0.0574,0.6408,0.896,89.0,4.2,985,5,0.438,0,0.5531871318817139,6,6,6,0.16666666666666666
U0335,P00447,A0401,18-25,Male,Chennai,Engineering,3.9,Bachelors,371,22,AI,Job Opportunity,0.544,0.3181,0.7759,23.4,2.7,194,2,0.5869,1,0.5454807877540588,7,7,7,0.14285714285714285
U0335,P04340,A0968,18-25,Male,Chennai,Engineering,3.9,Bachelors,371,22,AI,Article,0.2162,0.7702,0.4929,3.4,3.4,209,5,0.5458,1,0.5024027824401855,8,8,8,0.125
U0335,P01119,A1732,18-25,Male,Chennai,Engineering,3.9,Bachelors,371,22,Software,Image,0.433,0.3337,0.7097,10.6,3.2,161,4,0.4975,1,0.4437962472438812,9,9,9,0.1111111111111111
U0335,P03066,A0811,18-25,Male,Chennai,Engineering,3.9,Bachelors,371,22,AI,Text,0.3485,0.5176,0.3698,31.8,3.8,321,3,0.4128,0,0.39808592200279236,10,10,10,0.1
U0335,P04989,A1567,18-25,Male,Chennai,Engineering,3.9,Bachelors,371,22,Design,Article,0.1792,0.3555,0.7917,60.6,3.6,252,5,0.3461,1,0.2974144220352173,11,11,11,0.09090909090909091
U0339,P04320,A1332,18-25,Male,Mumbai,Design,7.4,Bachelors,220,21,Leadership,Job Opportunity,0.1161,0.8742,0.5152,6.7,2.1,781,1,0.706,1,0.7261621952056885,2,2,1,1.0
U0339,P03154,A0736,18-25,Male,Mumbai,Design,7.4,Bachelors,220,21,Software,Video,0.557,0.5508,0.6191,28.6,3.5,521,4,0.5807,1,0.5815871357917786,3,3,2,0.5
U0339,P02539,A1067,18-25,Male,Mumbai,Design,7.4,Bachelors,220,21,Design,Text,0.5864,0.4827,0.4929,20.1,1.4,149,2,0.583,1,0.5622525811195374,4,4,3,0.3333333333333333
U0339,P03698,A1626,18-25,Male,Mumbai,Design,7.4,Bachelors,220,21,Leadership,Image,0.2948,0.4295,0.6955,1.2,3.0,327,4,0.5358,0,0.5578056573867798,5,5,4,0.25
U0339,P03223,A0411,18-25,Male,Mumbai,Design,7.4,Bachelors,220,21,Design,Article,0.1447,0.9384,0.7411,12.8,5.0,617,2,0.7757,0,0.8244842886924744,1,1,5,0.2
U0339,P02771,A1599,18-25,Male,Mumbai,Design,7.4,Bachelors,220,21,AI,Text,0.5509,0.5988,0.3749,27.0,2.3,739,3,0.5356,1,0.482461541891098,6,6,6,0.16666666666666666
U0339,P03092,A0049,18-25,Male,Mumbai,Design,7.4,Bachelors,220,21,Software,Image,0.247,0.6143,0.2022,14.0,3.0,469,3,0.4133,1,0.38080212473869324,7,7,7,0.14285714285714285
U0339,P01579,A1973,18-25,Male,Mumbai,Design,7.4,Bachelors,220,21,Data Science,Text,0.8547,0.2622,0.5066,61.7,1.9,197,1,0.5024,1,0.300936222076416,8,8,8,0.125
U0339,P00139,A0382,18-25,Male,Mumbai,Design,7.4,Bachelors,220,21,Design,Text,0.581,0.6052,0.1194,13.9,7.1,507,4,0.4326,1,0.28395265340805054,9,9,9,0.1111111111111111
U0343,P01165,A0955,36-45,Male,Other,HR,4.1,Bachelors,229,14,Software,Job Opportunity,0.4839,0.8705,0.7816,18.3,25.0,425,5,0.6919,1,0.7424658536911011,2,2,1,1.0
U0343,P03694,A1508,36-45,Male,Other,HR,4.1,Bachelors,229,14,Machine Learning,Job Opportunity,0.3901,0.7318,0.4134,7.2,6.0,493,2,0.5699,0,0.6225942969322205,3,3,2,0.5
U0343,P00882,A1917,36-45,Male,Other,HR,4.1,Bachelors,229,14,Leadership,Article,0.1759,0.3837,0.8143,2.1,3.6,350,3,0.4854,0,0.5791261792182922,4,4,3,0.3333333333333333
U0343,P02149,A0039,36-45,Male,Other,HR,4.1,Bachelors,229,14,Machine Learning,Job Opportunity,0.3049,0.6308,0.3479,49.5,4.2,265,1,0.4172,0,0.5782705545425415,5,5,4,0.25
U0343,P04430,A0055,36-45,Male,Other,HR,4.1,Bachelors,229,14,Career,Text,0.3486,0.7074,0.7869,15.2,8.1,91,2,0.6809,0,0.7699818015098572,1,1,5,0.2
U0343,P03835,A1144,36-45,Male,Other,HR,4.1,Bachelors,229,14,Design,Article,0.187,0.7932,0.6342,15.3,3.6,601,4,0.5575,1,0.5645448565483093,6,6,6,0.16666666666666666
U0343,P02370,A0637,36-45,Male,Other,HR,4.1,Bachelors,229,14,AI,Article,0.6765,0.3999,0.4221,19.8,14.3,58,2,0.4617,1,0.540450930595398,7,7,7,0.14285714285714285
U0343,P01171,A1190,36-45,Male,Other,HR,4.1,Bachelors,229,14,Data Science,Text,0.2295,0.7457,0.1501,20.1,3.1,474,1,0.4284,0,0.39973756670951843,8,8,8,0.125
U0343,P02873,A1247,36-45,Male,Other,HR,4.1,Bachelors,229,14,Software,Text,0.3585,0.3385,0.2287,13.3,2.6,235,3,0.2625,0,0.24442125856876373,9,9,9,0.1111111111111111
U0345,P02712,A0829,36-45,Male,Delhi,Engineering,4.5,Bachelors,300,16,Machine Learning,Article,0.2899,0.8272,0.6338,50.9,9.9,225,3,0.5927,0,0.6598258018493652,1,1,1,1.0
U0345,P04301,A0330,36-45,Male,Delhi,Engineering,4.5,Bachelors,300,16,Design,Job Opportunity,0.341,0.4364,0.822,1.3,3.2,181,3,0.5906,0,0.6516817808151245,2,2,2,0.5
U0345,P04613,A0433,36-45,Male,Delhi,Engineering,4.5,Bachelors,300,16,Finance,Text,0.2379,0.5575,0.813,8.6,9.1,161,3,0.6038,0,0.5912308692932129,3,3,3,0.3333333333333333
U0345,P00447,A0628,36-45,Male,Delhi,Engineering,4.5,Bachelors,300,16,AI,Job Opportunity,0.544,0.6883,0.5835,23.4,2.7,194,4,0.5942,0,0.5911877155303955,4,4,4,0.25
U0345,P03141,A0728,36-45,Male,Delhi,Engineering,4.5,Bachelors,300,16,Finance,Image,0.3376,0.9023,0.3517,25.5,5.2,359,2,0.6062,0,0.5433619022369385,5,5,5,0.2
U0345,P04856,A0848,36-45,Male,Delhi,Engineering,4.5,Bachelors,300,16,Machine Learning,Video,0.414,0.3585,0.6567,2.0,1.3,992,1,0.5657,0,0.5257969498634338,6,6,6,0.16666666666666666
U0345,P00785,A1293,36-45,Male,Delhi,Engineering,4.5,Bachelors,300,16,Design,Job Opportunity,0.1396,0.2787,0.8774,22.8,5.4,207,2,0.4704,0,0.46379348635673523,7,7,7,0.14285714285714285
U0345,P01385,A0161,36-45,Male,Delhi,Engineering,4.5,Bachelors,300,16,Software,Text,0.5055,0.3726,0.5787,53.7,6.3,138,1,0.4618,0,0.43190622329711914,8,8,8,0.125
U0345,P02643,A1431,36-45,Male,Delhi,Engineering,4.5,Bachelors,300,16,Design,Text,0.1214,0.3103,0.8048,3.4,10.1,257,3,0.4568,0,0.40653273463249207,9,9,9,0.1111111111111111
U0345,P01949,A0224,36-45,Male,Delhi,Engineering,4.5,Bachelors,300,16,Leadership,Text,0.5175,0.2253,0.7584,33.3,5.9,146,4,0.412,1,0.39982035756111145,10,10,10,0.1
U0345,P02351,A0942,36-45,Male,Delhi,Engineering,4.5,Bachelors,300,16,Marketing,Text,0.4569,0.2087,0.4135,83.6,2.9,780,2,0.2343,0,0.192659392952919,11,11,11,0.09090909090909091
U0350,P04142,A1650,18-25,Male,Chennai,Computer Science,2.8,Bachelors,177,12,Software,Job Opportunity,0.2492,0.4511,0.8458,2.4,5.9,643,3,0.5442,1,0.589483380317688,4,4,1,1.0
U0350,P03899,A1036,18-25,Male,Chennai,Computer Science,2.8,Bachelors,177,12,Marketing,Video,0.5706,0.6503,0.5356,46.5,3.9,381,5,0.4475,1,0.4810863137245178,5,5,2,0.5
U0350,P01180,A0436,18-25,Male,Chennai,Computer Science,2.8,Bachelors,177,12,AI,Article,0.1962,0.5188,0.687,20.1,6.5,138,5,0.3972,0,0.29589712619781494,7,7,3,0.3333333333333333
U0350,P01971,A1949,18-25,Male,Chennai,Computer Science,2.8,Bachelors,177,12,Software,Job Opportunity,0.6305,0.6886,0.7549,38.5,4.3,262,2,0.681,1,0.7199036478996277,1,1,4,0.25
U0350,P02100,A0203,18-25,Male,Chennai,Computer Science,2.8,Bachelors,177,12,Data Science,Text,0.7908,0.6772,0.6983,57.0,6.3,143,2,0.661,0,0.705325722694397,2,2,5,0.2
U0350,P02519,A0990,18-25,Male,Chennai,Computer Science,2.8,Bachelors,177,12,Software,Text,0.3414,0.7755,0.6098,19.0,6.0,357,2,0.628,1,0.6668771505355835,3,3,6,0.16666666666666666
U0350,P00075,A0153,18-25,Male,Chennai,Computer Science,2.8,Bachelors,177,12,Machine Learning,Video,0.1591,0.2833,0.7069,23.0,5.0,195,2,0.3709,0,0.3121755123138428,6,6,7,0.14285714285714285
U0363,P02632,A1021,18-25,Female,Pune,Engineering,5.3,Masters,331,15,Machine Learning,Video,0.2828,0.679,0.7332,13.8,1.7,499,3,0.6188,1,0.6690071225166321,1,1,1,1.0
U0363,P03834,A1054,18-25,Female,Pune,Engineering,5.3,Masters,331,15,Design,Video,0.1435,0.5284,0.9465,4.5,7.5,1333,3,0.6147,1,0.6370726227760315,3,3,2,0.5
U0363,P03755,A1389,18-25,Female,Pune,Engineering,5.3,Masters,331,15,Data Science,Text,0.6069,0.7188,0.3655,14.3,10.1,294,4,0.5403,1,0.6063979864120483,4,4,3,0.3333333333333333
U0363,P01880,A1425,18-25,Female,Pune,Engineering,5.3,Masters,331,15,Leadership,Video,0.4138,0.5514,0.5702,19.9,3.7,605,2,0.5443,1,0.5424268245697021,5,5,4,0.25
U0363,P01014,A0908,18-25,Female,Pune,Engineering,5.3,Masters,331,15,Design,Text,0.459,0.5923,0.733,0.9,10.4,198,2,0.6765,1,0.6557155251502991,2,2,5,0.2
U0363,P00724,A1362,18-25,Female,Pune,Engineering,5.3,Masters,331,15,Data Science,Video,0.3472,0.4134,0.7659,14.0,2.7,749,3,0.5195,0,0.5396175384521484,6,6,6,0.16666666666666666
U0363,P04059,A0517,18-25,Female,Pune,Engineering,5.3,Masters,331,15,AI,Video,0.316,0.7799,0.4365,21.9,5.6,178,4,0.5059,0,0.5106953978538513,7,7,7,0.14285714285714285
U0363,P04565,A0007,18-25,Female,Pune,Engineering,5.3,Masters,331,15,AI,Text,0.4522,0.2464,0.5046,8.7,13.0,515,1,0.4299,0,0.36777088046073914,8,8,8,0.125
U0364,P04891,A1889,18-25,Female,Mumbai,Marketing,1.6,Bachelors,277,12,Finance,Text,0.6285,0.8344,0.9464,33.9,8.0,185,5,0.734,1,0.7648675441741943,1,1,1,1.0
U0364,P01879,A1499,18-25,Female,Mumbai,Marketing,1.6,Bachelors,277,12,AI,Article,0.1362,0.6862,0.7463,2.9,3.9,2087,4,0.5536,1,0.5907903909683228,2,2,2,0.5
U0364,P04655,A1478,18-25,Female,Mumbai,Marketing,1.6,Bachelors,277,12,Leadership,Text,0.1956,0.8201,0.7993,7.5,9.3,121,5,0.6157,1,0.5813829898834229,3,3,3,0.3333333333333333
U0364,P01068,A0520,18-25,Female,Mumbai,Marketing,1.6,Bachelors,277,12,Software,Job Opportunity,0.4075,0.676,0.3839,32.1,6.8,1384,1,0.5083,1,0.5753239989280701,4,4,4,0.25
U0364,P01883,A0426,18-25,Female,Mumbai,Marketing,1.6,Bachelors,277,12,Software,Video,0.4057,0.31,0.8049,3.3,4.2,463,3,0.4964,0,0.5654249787330627,5,5,5,0.2
U0364,P00490,A1181,18-25,Female,Mumbai,Marketing,1.6,Bachelors,277,12,Career,Text,0.5185,0.1177,0.9061,50.8,3.5,354,3,0.3816,1,0.45729556679725647,6,6,6,0.16666666666666666
U0364,P04801,A0310,18-25,Female,Mumbai,Marketing,1.6,Bachelors,277,12,Leadership,Text,0.5352,0.5249,0.2512,19.0,12.8,1946,2,0.4063,0,0.4126737713813782,7,7,7,0.14285714285714285
U0364,P02271,A1009,18-25,Female,Mumbai,Marketing,1.6,Bachelors,277,12,Finance,Text,0.1025,0.505,0.6799,24.9,2.3,497,3,0.415,1,0.3989832401275635,8,8,8,0.125
U0364,P01294,A1434,18-25,Female,Mumbai,Marketing,1.6,Bachelors,277,12,Machine Learning,Job Opportunity,0.4521,0.4937,0.4555,100.4,7.5,249,2,0.3022,1,0.36178097128868103,9,9,9,0.1111111111111111
U0364,P01513,A0667,18-25,Female,Mumbai,Marketing,1.6,Bachelors,277,12,AI,Job Opportunity,0.4582,0.2216,0.6699,48.6,2.3,934,4,0.2983,1,0.29992586374282837,10,10,10,0.1
U0364,P03109,A0644,18-25,Female,Mumbai,Marketing,1.6,Bachelors,277,12,Data Science,Image,0.3474,0.207,0.8345,59.4,20.6,152,4,0.3072,0,0.25676822662353516,11,11,11,0.09090909090909091
U0370,P03200,A0904,46-55,Male,Chennai,HR,2.5,PhD,311,19,Design,Text,0.3289,0.6978,0.6679,6.4,1.4,278,2,0.6745,1,0.6552838087081909,1,1,1,1.0
U0370,P03446,A0374,46-55,Male,Chennai,HR,2.5,PhD,311,19,Leadership,Job Opportunity,0.4647,0.5452,0.8054,2.0,6.3,183,4,0.6414,0,0.6450397372245789,3,3,2,0.5
U0370,P03896,A1005,46-55,Male,Chennai,HR,2.5,PhD,311,19,Software,Image,0.2368,0.7777,0.6429,66.4,5.1,461,4,0.5011,1,0.5005843043327332,4,4,3,0.3333333333333333
U0370,P00643,A0937,46-55,Male,Chennai,HR,2.5,PhD,311,19,Machine Learning,Video,0.2427,0.7808,0.8388,61.9,12.3,368,2,0.6561,0,0.6492812037467957,2,2,4,0.25
U0370,P01236,A0719,46-55,Male,Chennai,HR,2.5,PhD,311,19,Leadership,Job Opportunity,0.1359,0.2263,0.8468,22.9,2.7,209,1,0.4689,1,0.48103010654449463,5,5,5,0.2
U0370,P03448,A0106,46-55,Male,Chennai,HR,2.5,PhD,311,19,Leadership,Video,0.5001,0.323,0.5849,69.7,3.1,257,3,0.352,0,0.3130689859390259,6,6,6,0.16666666666666666
U0395,P03795,A1053,18-25,Female,Hyderabad,Engineering,13.2,Bachelors,409,13,Software,Article,0.5591,0.2241,0.8988,0.6,3.4,1390,1,0.6449,1,0.7826480269432068,1,1,1,1.0
U0395,P00139,A1289,18-25,Female,Hyderabad,Engineering,13.2,Bachelors,409,13,Design,Text,0.581,0.5492,0.5195,13.9,7.1,507,3,0.5646,1,0.6648074388504028,3,3,2,0.5
U0395,P02059,A0021,18-25,Female,Hyderabad,Engineering,13.2,Bachelors,409,13,Leadership,Text,0.6217,0.427,0.4052,9.5,8.1,757,4,0.443,0,0.49944403767585754,5,5,3,0.3333333333333333
U0395,P03598,A1038,18-25,Female,Hyderabad,Engineering,13.2,Bachelors,409,13,Leadership,Text,0.1825,0.7275,0.7414,14.7,9.5,360,1,0.6919,1,0.7041404247283936,2,2,4,0.25
U0395,P02752,A1475,18-25,Female,Hyderabad,Engineering,13.2,Bachelors,409,13,Career,Article,0.2836,0.395,0.7262,2.5,4.5,4058,2,0.549,1,0.5757637023925781,4,4,5,0.2
U0395,P03499,A1730,18-25,Female,Hyderabad,Engineering,13.2,Bachelors,409,13,Data Science,Job Opportunity,0.1072,0.4349,0.8178,46.9,13.7,418,3,0.4386,0,0.4927463233470917,6,6,6,0.16666666666666666
U0395,P01312,A1947,18-25,Female,Hyderabad,Engineering,13.2,Bachelors,409,13,Career,Job Opportunity,0.2869,0.5254,0.6323,43.0,5.9,269,5,0.3983,0,0.4896230697631836,7,7,7,0.14285714285714285
U0397,P02105,A1280,46-55,Male,Kolkata,Design,4.1,Masters,112,12,AI,Text,0.5024,0.7949,0.9876,12.2,1.5,262,2,0.8075,1,0.791092574596405,2,2,1,1.0
U0397,P02500,A0969,46-55,Male,Kolkata,Design,4.1,Masters,112,12,Machine Learning,Article,0.3507,0.6641,0.6496,37.4,2.9,370,2,0.557,1,0.6247217059135437,4,4,2,0.5
U0397,P02305,A1330,46-55,Male,Kolkata,Design,4.1,Masters,112,12,Machine Learning,Image,0.605,0.5435,0.7285,15.9,2.4,356,4,0.5778,0,0.5840597748756409,5,5,3,0.3333333333333333
U0397,P01968,A0300,46-55,Male,Kolkata,Design,4.1,Masters,112,12,Marketing,Article,0.2696,0.3692,0.8527,35.6,4.7,191,3,0.4451,0,0.4588913917541504,7,7,4,0.25
U0397,P02839,A1724,46-55,Male,Kolkata,Design,4.1,Masters,112,12,Finance,Text,0.3002,0.7967,0.7668,1.6,7.9,57,1,0.7416,0,0.855893611907959,1,1,5,0.2
U0397,P01126,A0717,46-55,Male,Kolkata,Design,4.1,Masters,112,12,Machine Learning,Article,0.6801,0.5247,0.7755,17.0,6.0,89,2,0.6659,1,0.6810564994812012,3,3,6,0.16666666666666666
U0397,P00927,A1843,46-55,Male,Kolkata,Design,4.1,Masters,112,12,Data Science,Text,0.2732,0.6178,0.5682,35.1,11.4,1716,2,0.4828,1,0.5296724438667297,6,6,7,0.14285714285714285
U0397,P00523,A1419,46-55,Male,Kolkata,Design,4.1,Masters,112,12,Software,Article,0.3001,0.4173,0.6806,50.5,7.2,291,3,0.377,0,0.4198148548603058,8,8,8,0.125
U0397,P01142,A0903,46-55,Male,Kolkata,Design,4.1,Masters,112,12,Marketing,Video,0.5936,0.2198,0.5961,23.7,1.2,1452,1,0.4393,0,0.3666943907737732,9,9,9,0.1111111111111111
U0398,P03457,A0166,26-35,Male,Mumbai,Business,4.0,Bachelors,308,26,Design,Video,0.1653,0.6336,0.8925,2.6,4.6,674,3,0.719,0,0.7224992513656616,2,2,1,1.0
U0398,P00888,A0205,26-35,Male,Mumbai,Business,4.0,Bachelors,308,26,Finance,Article,0.1145,0.5061,0.626,19.9,7.1,97,3,0.5093,0,0.4546714425086975,3,3,2,0.5
U0398,P02899,A1102,26-35,Male,Mumbai,Business,4.0,Bachelors,308,26,Machine Learning,Text,0.4455,0.6734,0.4969,93.7,1.5,609,3,0.4816,0,0.4533665180206299,4,4,3,0.3333333333333333
U0398,P04917,A0500,26-35,Male,Mumbai,Business,4.0,Bachelors,308,26,Data Science,Job Opportunity,0.3701,0.2317,0.5095,11.6,7.3,2033,3,0.4105,0,0.43168577551841736,5,5,4,0.25
U0398,P02386,A0565,26-35,Male,Mumbai,Business,4.0,Bachelors,308,26,Design,Video,0.3962,0.62,0.7178,0.2,12.4,87,1,0.7593,1,0.7438519597053528,1,1,5,0.2
U0398,P03253,A0826,26-35,Male,Mumbai,Business,4.0,Bachelors,308,26,Software,Article,0.3031,0.7711,0.7058,129.1,1.8,161,5,0.4445,0,0.4136809706687927,6,6,6,0.16666666666666666
U0398,P00109,A1445,26-35,Male,Mumbai,Business,4.0,Bachelors,308,26,Finance,Video,0.3112,0.5359,0.2264,49.3,4.5,811,3,0.3541,1,0.3783359229564667,7,7,7,0.14285714285714285
U0398,P04820,A0193,26-35,Male,Mumbai,Business,4.0,Bachelors,308,26,Software,Video,0.5252,0.2591,0.6871,17.9,1.9,106,3,0.5287,0,0.3452916145324707,8,8,8,0.125
U0398,P03824,A0597,26-35,Male,Mumbai,Business,4.0,Bachelors,308,26,Marketing,Image,0.4339,0.221,0.3897,17.0,8.9,1418,3,0.3636,0,0.34177830815315247,9,9,9,0.1111111111111111
U0398,P03378,A1048,26-35,Male,Mumbai,Business,4.0,Bachelors,308,26,Software,Article,0.2651,0.3662,0.2054,41.6,6.3,224,1,0.3306,0,0.28186482191085815,10,10,10,0.1
U0424,P04768,A1422,18-25,Male,Kolkata,Data Science,3.9,Diploma,190,16,Design,Job Opportunity,0.4134,0.8221,0.9729,58.0,2.9,1214,3,0.7247,0,0.6380218267440796,2,2,1,1.0
U0424,P00198,A0569,18-25,Male,Kolkata,Data Science,3.9,Diploma,190,16,Marketing,Job Opportunity,0.2862,0.6086,0.4742,18.5,13.0,456,3,0.4674,0,0.4158920645713806,4,4,2,0.5
U0424,P02016,A0056,18-25,Male,Kolkata,Data Science,3.9,Diploma,190,16,Machine Learning,Video,0.0787,0.7618,0.3921,2.1,12.9,401,2,0.5173,1,0.4152858555316925,5,5,3,0.3333333333333333
U0424,P00418,A0242,18-25,Male,Kolkata,Data Science,3.9,Diploma,190,16,Finance,Job Opportunity,0.2877,0.8902,0.6954,3.9,5.8,83,1,0.7662,1,0.7397019267082214,1,1,4,0.25
U0424,P03085,A0835,18-25,Male,Kolkata,Data Science,3.9,Diploma,190,16,Finance,Image,0.42,0.2632,0.7725,27.1,8.6,261,1,0.506,1,0.45304957032203674,3,3,5,0.2
U0424,P04649,A0375,18-25,Male,Kolkata,Data Science,3.9,Diploma,190,16,Machine Learning,Text,0.4696,0.4566,0.273,71.5,3.5,420,3,0.2691,0,0.2771332263946533,6,6,6,0.16666666666666666
U0424,P03066,A0622,18-25,Male,Kolkata,Data Science,3.9,Diploma,190,16,AI,Text,0.3485,0.2522,0.7311,31.8,3.8,321,3,0.3907,1,0.265450656414032,7,7,7,0.14285714285714285
U0425,P04121,A1941,26-35,Male,Mumbai,Design,6.3,Diploma,214,14,Machine Learning,Video,0.4306,0.806,0.7861,37.9,7.7,145,3,0.6995,1,0.7667414546012878,2,2,1,1.0
U0425,P03872,A0774,26-35,Male,Mumbai,Design,6.3,Diploma,214,14,Design,Text,0.4456,0.9178,0.3612,0.5,6.5,204,2,0.6882,1,0.7418821454048157,3,3,2,0.5
U0425,P04684,A1660,26-35,Male,Mumbai,Design,6.3,Diploma,214,14,Design,Job Opportunity,0.608,0.6685,0.6732,32.1,2.1,328,3,0.6501,0,0.6930502653121948,4,4,3,0.3333333333333333
U0425,P01824,A1747,26-35,Male,Mumbai,Design,6.3,Diploma,214,14,Career,Job Opportunity,0.4643,0.4977,0.5778,37.3,3.8,511,1,0.5439,1,0.6231689453125,5,5,4,0.25
U0425,P03567,A1212,26-35,Male,Mumbai,Design,6.3,Diploma,214,14,Software,Image,0.5036,0.687,0.7361,22.6,10.5,345,2,0.7015,0,0.7957384586334229,1,1,5,0.2
U0425,P02776,A0365,26-35,Male,Mumbai,Design,6.3,Diploma,214,14,Leadership,Text,0.3928,0.0913,0.9277,20.0,5.5,178,1,0.5044,1,0.5562607049942017,6,6,6,0.16666666666666666
U0425,P03784,A0911,26-35,Male,Mumbai,Design,6.3,Diploma,214,14,Career,Image,0.1816,0.4117,0.6452,13.7,10.8,268,2,0.4666,0,0.4445364773273468,7,7,7,0.14285714285714285
U0425,P03544,A0823,26-35,Male,Mumbai,Design,6.3,Diploma,214,14,Design,Text,0.0885,0.249,0.858,7.3,6.9,407,2,0.4629,0,0.3467950224876404,8,8,8,0.125
U0435,P04398,A1720,18-25,Male,Hyderabad,HR,1.9,Masters,372,17,Design,Article,0.4985,0.682,0.7415,44.5,3.4,188,4,0.5979,0,0.6438990831375122,2,2,1,1.0
U0435,P03168,A1445,18-25,Male,Hyderabad,HR,1.9,Masters,372,17,Career,Video,0.4232,0.6474,0.787,22.0,1.4,244,5,0.5919,0,0.6406181454658508,3,3,2,0.5
U0435,P04674,A0208,18-25,Male,Hyderabad,HR,1.9,Masters,372,17,AI,Text,0.5314,0.6724,0.321,29.8,4.4,233,3,0.4866,1,0.47454044222831726,6,6,3,0.3333333333333333
U0435,P04666,A0869,18-25,Male,Hyderabad,HR,1.9,Masters,372,17,Marketing,Text,0.2129,0.7508,0.4349,162.8,14.6,549,3,0.2465,0,0.4538808763027191,7,7,4,0.25
U0435,P04668,A0366,18-25,Male,Hyderabad,HR,1.9,Masters,372,17,Finance,Video,0.457,0.5185,0.7228,7.3,10.0,89,2,0.6341,1,0.6760278344154358,1,1,5,0.2
U0435,P01653,A0045,18-25,Male,Hyderabad,HR,1.9,Masters,372,17,Leadership,Article,0.5376,0.5643,0.6666,11.4,5.0,300,2,0.646,1,0.6176709532737732,4,4,6,0.16666666666666666
U0435,P02324,A1494,18-25,Male,Hyderabad,HR,1.9,Masters,372,17,AI,Article,0.2973,0.472,0.786,35.0,11.0,451,1,0.5737,0,0.6134371757507324,5,5,7,0.14285714285714285
U0435,P02621,A0654,18-25,Male,Hyderabad,HR,1.9,Masters,372,17,Machine Learning,Image,0.4362,0.3259,0.5739,17.6,8.0,428,2,0.4517,0,0.4448634088039398,8,8,8,0.125
U0435,P02907,A1710,18-25,Male,Hyderabad,HR,1.9,Masters,372,17,Leadership,Text,0.2934,0.5521,0.5554,79.8,4.4,522,4,0.3346,1,0.3626668155193329,9,9,9,0.1111111111111111
U0438,P02750,A1568,26-35,Male,Bengaluru,Engineering,2.5,Bachelors,87,18,Marketing,Video,0.4168,0.5715,0.8768,0.1,6.4,847,3,0.704,0,0.6934311389923096,3,3,1,1.0
U0438,P03474,A1756,26-35,Male,Bengaluru,Engineering,2.5,Bachelors,87,18,Marketing,Text,0.1296,0.8603,0.6128,16.7,1.3,445,2,0.6629,0,0.6699873805046082,4,4,2,0.5
U0438,P03800,A0106,26-35,Male,Bengaluru,Engineering,2.5,Bachelors,87,18,Data Science,Job Opportunity,0.1237,0.6829,0.7587,36.5,2.0,904,1,0.6306,1,0.6477683782577515,5,5,3,0.3333333333333333
U0438,P00182,A1503,26-35,Male,Bengaluru,Engineering,2.5,Bachelors,87,18,Finance,Image,0.2286,0.2178,0.8399,20.6,1.1,238,5,0.3694,0,0.4841442108154297,7,7,4,0.25
U0438,P04300,A1375,26-35,Male,Bengaluru,Engineering,2.5,Bachelors,87,18,Career,Video,0.4075,0.9019,0.6671,20.2,6.6,191,2,0.7558,1,0.8074268698692322,1,1,5,0.2
U0438,P01263,A0281,26-35,Male,Bengaluru,Engineering,2.5,Bachelors,87,18,Finance,Image,0.7498,0.6732,0.5994,20.1,6.1,329,2,0.718,1,0.7075521945953369,2,2,6,0.16666666666666666
U0438,P00520,A0583,26-35,Male,Bengaluru,Engineering,2.5,Bachelors,87,18,Software,Article,0.4317,0.51,0.9145,7.6,6.2,201,2,0.7097,0,0.6273288130760193,6,6,7,0.14285714285714285
U0438,P01917,A0452,26-35,Male,Bengaluru,Engineering,2.5,Bachelors,87,18,Leadership,Article,0.3971,0.6718,0.3275,52.0,1.4,178,4,0.3932,0,0.47631558775901794,8,8,8,0.125
U0438,P03921,A1570,26-35,Male,Bengaluru,Engineering,2.5,Bachelors,87,18,AI,Video,0.306,0.6015,0.705,48.9,8.5,397,3,0.5305,1,0.46236076951026917,9,9,9,0.1111111111111111
U0438,P04836,A0622,26-35,Male,Bengaluru,Engineering,2.5,Bachelors,87,18,AI,Article,0.5409,0.3415,0.6356,39.4,9.9,311,2,0.4871,1,0.4034750163555145,10,10,10,0.1
U0438,P01823,A1056,26-35,Male,Bengaluru,Engineering,2.5,Bachelors,87,18,AI,Article,0.6317,0.3166,0.7639,52.9,5.6,544,3,0.4947,1,0.3999221622943878,11,11,11,0.09090909090909091
U0438,P04911,A0163,26-35,Male,Bengaluru,Engineering,2.5,Bachelors,87,18,Software,Text,0.1851,0.6288,0.4798,54.0,13.1,551,2,0.4378,0,0.3631903827190399,12,12,12,0.08333333333333333
U0446,P03421,A0948,36-45,Male,Mumbai,Data Science,4.4,Bachelors,133,18,Software,Text,0.7753,0.7961,0.6355,44.3,16.6,550,3,0.7243,1,0.7746580839157104,1,1,1,1.0
U0446,P03856,A1645,36-45,Male,Mumbai,Data Science,4.4,Bachelors,133,18,Career,Article,0.5514,0.8501,0.826,32.2,6.4,356,4,0.7537,1,0.7664493322372437,2,2,2,0.5
U0446,P02492,A1325,36-45,Male,Mumbai,Data Science,4.4,Bachelors,133,18,Career,Job Opportunity,0.5985,0.7723,0.6945,30.4,3.3,128,3,0.7182,0,0.7505329251289368,3,3,3,0.3333333333333333
U0446,P00037,A1021,36-45,Male,Mumbai,Data Science,4.4,Bachelors,133,18,Career,Job Opportunity,0.2421,0.8456,0.8501,36.8,0.5,240,1,0.7619,1,0.7385807633399963,4,4,4,0.25
U0446,P02005,A0691,36-45,Male,Mumbai,Data Science,4.4,Bachelors,133,18,Marketing,Video,0.5505,0.9275,0.2742,5.9,6.9,191,2,0.6909,1,0.7370572090148926,5,5,5,0.2
U0446,P01627,A0146,36-45,Male,Mumbai,Data Science,4.4,Bachelors,133,18,Machine Learning,Video,0.2097,0.763,0.7398,13.1,9.2,332,3,0.6692,1,0.6874498128890991,6,6,6,0.16666666666666666
U0446,P01552,A0954,36-45,Male,Mumbai,Data Science,4.4,Bachelors,133,18,AI,Text,0.3039,0.7861,0.7959,9.1,5.3,447,4,0.7009,0,0.6694368124008179,7,7,7,0.14285714285714285
U0446,P03767,A0720,36-45,Male,Mumbai,Data Science,4.4,Bachelors,133,18,Design,Video,0.231,0.4338,0.6953,35.8,7.5,366,1,0.5181,0,0.5824342370033264,8,8,8,0.125
U0446,P03199,A1653,36-45,Male,Mumbai,Data Science,4.4,Bachelors,133,18,Leadership,Job Opportunity,0.4768,0.5145,0.6699,9.2,3.0,282,4,0.5705,1,0.5209929347038269,9,9,9,0.1111111111111111
U0446,P02882,A1425,36-45,Male,Mumbai,Data Science,4.4,Bachelors,133,18,Design,Article,0.1628,0.3799,0.6888,10.4,5.4,258,1,0.5204,1,0.498395711183548,10,10,10,0.1
U0446,P03129,A0340,36-45,Male,Mumbai,Data Science,4.4,Bachelors,133,18,Machine Learning,Article,0.1492,0.4462,0.6697,12.0,5.8,553,2,0.506,1,0.47574684023857117,11,11,11,0.09090909090909091
U0446,P01765,A1410,36-45,Male,Mumbai,Data Science,4.4,Bachelors,133,18,Machine Learning,Text,0.4639,0.6315,0.4126,120.4,3.2,1150,4,0.305,0,0.23956631124019623,12,12,12,0.08333333333333333
U0449,P00352,A1278,18-25,Male,Chennai,Data Science,3.6,Bachelors,203,25,Machine Learning,Text,0.4695,0.6721,0.7161,22.5,3.5,646,2,0.7207,0,0.7203351855278015,1,1,1,1.0
U0449,P02386,A0789,18-25,Male,Chennai,Data Science,3.6,Bachelors,203,25,Design,Video,0.3962,0.359,0.499,0.2,12.4,87,5,0.416,1,0.5453965067863464,4,4,2,0.5
U0449,P01340,A1209,18-25,Male,Chennai,Data Science,3.6,Bachelors,203,25,Design,Text,0.9444,0.2087,0.6689,8.2,2.4,588,1,0.6699,1,0.5302332639694214,5,5,3,0.3333333333333333
U0449,P00884,A1155,18-25,Male,Chennai,Data Science,3.6,Bachelors,203,25,Career,Video,0.1186,0.7711,0.8273,42.7,7.0,670,1,0.7145,1,0.6545178890228271,2,2,4,0.25
U0449,P04259,A0798,18-25,Male,Chennai,Data Science,3.6,Bachelors,203,25,AI,Article,0.4676,0.6607,0.5439,18.6,5.6,223,1,0.6882,0,0.6401670575141907,3,3,5,0.2
U0449,P04223,A1886,18-25,Male,Chennai,Data Science,3.6,Bachelors,203,25,Leadership,Text,0.4322,0.6071,0.5699,25.8,1.8,808,3,0.592,0,0.526856541633606,6,6,6,0.16666666666666666
U0449,P00854,A1642,18-25,Male,Chennai,Data Science,3.6,Bachelors,203,25,Marketing,Video,0.2161,0.1279,0.5166,101.7,2.1,1137,3,0.1792,0,0.15190023183822632,7,7,7,0.14285714285714285
U0454,P03726,A1205,18-25,Male,Delhi,Engineering,2.7,Masters,756,19,Marketing,Article,0.4285,0.7471,0.7159,9.7,3.7,420,3,0.7106,1,0.7307697534561157,1,1,1,1.0
U0454,P03823,A0322,18-25,Male,Delhi,Engineering,2.7,Masters,756,19,Design,Text,0.461,0.7123,0.6174,20.1,3.2,1033,2,0.6778,1,0.6648048162460327,2,2,2,0.5
U0454,P03496,A1770,18-25,Male,Delhi,Engineering,2.7,Masters,756,19,Data Science,Text,0.4227,0.8269,0.8928,58.9,3.1,150,2,0.7481,1,0.6474410891532898,3,3,3,0.3333333333333333
U0454,P01397,A0230,18-25,Male,Delhi,Engineering,2.7,Masters,756,19,Career,Article,0.4882,0.9164,0.6673,62.2,2.0,166,2,0.717,0,0.6253335475921631,4,4,4,0.25
U0454,P00200,A0273,18-25,Male,Delhi,Engineering,2.7,Masters,756,19,Leadership,Video,0.1988,0.6759,0.4956,30.3,3.5,174,1,0.5557,0,0.5560050010681152,5,5,5,0.2
U0454,P04645,A1814,18-25,Male,Delhi,Engineering,2.7,Masters,756,19,Data Science,Article,0.5933,0.7097,0.3308,50.0,3.5,387,2,0.5393,1,0.5319116115570068,6,6,6,0.16666666666666666
U0454,P02203,A1154,18-25,Male,Delhi,Engineering,2.7,Masters,756,19,Machine Learning,Text,0.3841,0.5821,0.8104,12.8,0.7,317,3,0.6582,1,0.5309346914291382,7,7,7,0.14285714285714285
U0454,P01024,A1609,18-25,Male,Delhi,Engineering,2.7,Masters,756,19,Career,Video,0.513,0.3479,0.5109,63.7,12.0,182,3,0.3571,0,0.3518136441707611,8,8,8,0.125
U0454,P02891,A0036,18-25,Male,Delhi,Engineering,2.7,Masters,756,19,Leadership,Text,0.6287,0.7733,0.1379,3.8,4.9,313,2,0.5903,1,0.32400187849998474,9,9,9,0.1111111111111111
U0454,P03058,A0369,18-25,Male,Delhi,Engineering,2.7,Masters,756,19,Data Science,Text,0.0909,0.4027,0.6889,81.5,2.7,499,3,0.3138,0,0.27372488379478455,10,10,10,0.1
U0454,P04842,A0807,18-25,Male,Delhi,Engineering,2.7,Masters,756,19,AI,Video,0.2841,0.3124,0.8493,61.7,4.8,265,2,0.4528,1,0.2658732533454895,11,11,11,0.09090909090909091
U0454,P03461,A1478,18-25,Male,Delhi,Engineering,2.7,Masters,756,19,Career,Text,0.1266,0.2862,0.361,5.7,5.1,129,5,0.2338,0,0.22577279806137085,12,12,12,0.08333333333333333
U0454,P00129,A0755,18-25,Male,Delhi,Engineering,2.7,Masters,756,19,Marketing,Text,0.3863,0.5674,0.2257,101.5,6.5,276,1,0.3067,1,0.218535915017128,13,13,13,0.07692307692307693
U0462,P01808,A0857,18-25,Female,Chennai,Computer Science,3.7,Bachelors,428,21,AI,Article,0.1908,0.5729,0.9517,1.0,3.1,81,2,0.7097,0,0.7330347299575806,2,2,1,1.0
U0462,P03294,A1250,18-25,Female,Chennai,Computer Science,3.7,Bachelors,428,21,Design,Job Opportunity,0.4366,0.7216,0.4581,45.0,1.0,1013,1,0.5988,1,0.6626574993133545,3,3,2,0.5
U0462,P02032,A0623,18-25,Female,Chennai,Computer Science,3.7,Bachelors,428,21,Marketing,Job Opportunity,0.3425,0.4839,0.7131,34.8,2.6,216,2,0.5515,1,0.6131075024604797,4,4,3,0.3333333333333333
U0462,P02425,A0236,18-25,Female,Chennai,Computer Science,3.7,Bachelors,428,21,AI,Article,0.4288,0.4674,0.5961,12.5,3.5,361,5,0.4646,1,0.5474802851676941,5,5,4,0.25
U0462,P01711,A1777,18-25,Female,Chennai,Computer Science,3.7,Bachelors,428,21,Leadership,Job Opportunity,0.5644,0.9435,0.5143,3.7,7.8,129,2,0.7826,1,0.8010663390159607,1,1,5,0.2
U0462,P00679,A0805,18-25,Female,Chennai,Computer Science,3.7,Bachelors,428,21,Data Science,Video,0.3295,0.4868,0.9063,111.0,4.0,393,2,0.4793,0,0.5154696702957153,6,6,6,0.16666666666666666
U0462,P04073,A0063,18-25,Female,Chennai,Computer Science,3.7,Bachelors,428,21,Finance,Image,0.6124,0.1889,0.6354,11.6,3.7,114,2,0.4918,0,0.476002961397171,7,7,7,0.14285714285714285
U0462,P00871,A0187,18-25,Female,Chennai,Computer Science,3.7,Bachelors,428,21,Machine Learning,Article,0.4008,0.1812,0.7402,39.1,7.3,135,2,0.42,1,0.47084227204322815,8,8,8,0.125
U0462,P03833,A0212,18-25,Female,Chennai,Computer Science,3.7,Bachelors,428,21,Software,Article,0.5231,0.1731,0.4595,10.6,9.4,707,3,0.3581,0,0.44178470969200134,9,9,9,0.1111111111111111
U0462,P02560,A0793,18-25,Female,Chennai,Computer Science,3.7,Bachelors,428,21,Software,Text,0.5077,0.3234,0.5906,7.9,7.6,156,4,0.4537,1,0.42834022641181946,10,10,10,0.1
U0462,P01090,A0204,18-25,Female,Chennai,Computer Science,3.7,Bachelors,428,21,Data Science,Text,0.2683,0.4214,0.3137,62.5,5.2,618,1,0.3164,0,0.36090534925460815,11,11,11,0.09090909090909091
U0465,P02637,A0186,26-35,Female,Pune,Other,1.8,Bachelors,240,19,Machine Learning,Job Opportunity,0.1273,0.6874,0.8577,18.3,1.2,395,3,0.6343,1,0.7271940112113953,1,1,1,1.0
U0465,P01586,A0711,26-35,Female,Pune,Other,1.8,Bachelors,240,19,Career,Video,0.3265,0.7131,0.3276,1.4,2.6,127,1,0.5782,0,0.6086198687553406,3,3,2,0.5
U0465,P00741,A0791,26-35,Female,Pune,Other,1.8,Bachelors,240,19,Career,Text,0.3446,0.6646,0.5067,8.9,4.3,548,5,0.4907,1,0.5124155879020691,5,5,3,0.3333333333333333
U0465,P03975,A0030,26-35,Female,Pune,Other,1.8,Bachelors,240,19,Marketing,Job Opportunity,0.4295,0.6495,0.3331,42.6,3.0,237,4,0.3992,0,0.4878948926925659,6,6,4,0.25
U0465,P03886,A0578,26-35,Female,Pune,Other,1.8,Bachelors,240,19,Leadership,Text,0.642,0.3318,0.901,23.5,5.1,209,2,0.6382,1,0.6801242828369141,2,2,5,0.2
U0465,P00906,A0373,26-35,Female,Pune,Other,1.8,Bachelors,240,19,Design,Text,0.2994,0.4574,0.5559,19.4,16.5,62,2,0.4721,1,0.5324961543083191,4,4,6,0.16666666666666666
U0465,P01343,A0732,26-35,Female,Pune,Other,1.8,Bachelors,240,19,Marketing,Text,0.6229,0.2531,0.6514,24.8,11.4,517,4,0.4242,1,0.4630689024925232,7,7,7,0.14285714285714285
U0465,P00983,A1346,26-35,Female,Pune,Other,1.8,Bachelors,240,19,AI,Article,0.115,0.683,0.3563,11.9,5.2,768,1,0.4968,0,0.44928449392318726,8,8,8,0.125
U0465,P01244,A1343,26-35,Female,Pune,Other,1.8,Bachelors,240,19,Finance,Text,0.2282,0.4122,0.6819,52.2,6.7,248,3,0.3873,0,0.4181508719921112,9,9,9,0.1111111111111111
U0465,P03240,A0554,26-35,Female,Pune,Other,1.8,Bachelors,240,19,AI,Image,0.1006,0.4927,0.868,71.1,6.9,750,4,0.4006,0,0.4027530550956726,10,10,10,0.1
U0465,P00534,A0713,26-35,Female,Pune,Other,1.8,Bachelors,240,19,Leadership,Job Opportunity,0.5131,0.3496,0.5423,30.5,1.3,237,4,0.386,1,0.39634108543395996,11,11,11,0.09090909090909091
U0465,P00299,A1814,26-35,Female,Pune,Other,1.8,Bachelors,240,19,Machine Learning,Image,0.1118,0.3186,0.6629,35.5,9.4,508,2,0.3676,0,0.35092437267303467,12,12,12,0.08333333333333333
U0465,P01397,A1511,26-35,Female,Pune,Other,1.8,Bachelors,240,19,Career,Article,0.4882,0.3299,0.444,62.2,2.0,166,3,0.3054,0,0.3243609070777893,13,13,13,0.07692307692307693
U0465,P04581,A1828,26-35,Female,Pune,Other,1.8,Bachelors,240,19,AI,Text,0.4582,0.7224,0.2147,126.9,1.1,144,3,0.2734,0,0.1581825166940689,14,14,14,0.07142857142857142
U0468,P00526,A0230,56+,Male,Chennai,Engineering,2.1,PhD,640,20,Leadership,Article,0.2047,0.736,0.8145,54.0,6.0,414,3,0.6072,1,0.649084210395813,2,2,1,1.0
U0468,P01098,A1426,56+,Male,Chennai,Engineering,2.1,PhD,640,20,Software,Video,0.2632,0.5358,0.8091,6.5,2.4,376,3,0.6155,1,0.6215644478797913,3,3,2,0.5
U0468,P00885,A0384,56+,Male,Chennai,Engineering,2.1,PhD,640,20,Finance,Video,0.1425,0.334,0.831,24.2,3.7,1127,3,0.4575,1,0.5903053283691406,4,4,3,0.3333333333333333
U0468,P01108,A1635,56+,Male,Chennai,Engineering,2.1,PhD,640,20,Data Science,Text,0.5082,0.6316,0.632,15.4,1.8,804,3,0.6362,1,0.5688220858573914,5,5,4,0.25
U0468,P01062,A1937,56+,Male,Chennai,Engineering,2.1,PhD,640,20,AI,Article,0.7067,0.8212,0.529,5.6,9.4,340,2,0.7667,0,0.7091116905212402,1,1,5,0.2
U0468,P03101,A1153,56+,Male,Chennai,Engineering,2.1,PhD,640,20,Finance,Article,0.4238,0.5479,0.3276,3.1,7.9,880,4,0.4378,0,0.481118768453598,6,6,6,0.16666666666666666
U0468,P00078,A1564,56+,Male,Chennai,Engineering,2.1,PhD,640,20,Machine Learning,Job Opportunity,0.6033,0.5292,0.3018,15.5,2.4,362,3,0.4742,0,0.4728790819644928,7,7,7,0.14285714285714285
U0468,P03960,A1173,56+,Male,Chennai,Engineering,2.1,PhD,640,20,Design,Video,0.7107,0.1554,0.7481,10.9,4.8,373,4,0.4832,1,0.4088065028190613,8,8,8,0.125
U0468,P02342,A1469,56+,Male,Chennai,Engineering,2.1,PhD,640,20,Machine Learning,Image,0.5246,0.2879,0.4326,26.7,5.0,1486,4,0.3386,1,0.4085366129875183,9,9,9,0.1111111111111111
U0468,P03127,A1332,56+,Male,Chennai,Engineering,2.1,PhD,640,20,Software,Job Opportunity,0.1673,0.2974,0.3571,1.5,7.0,171,3,0.3015,1,0.3805702328681946,10,10,10,0.1
U0468,P03029,A0808,56+,Male,Chennai,Engineering,2.1,PhD,640,20,Career,Video,0.0627,0.4996,0.6606,27.4,3.6,141,4,0.408,0,0.37036052346229553,11,11,11,0.09090909090909091
U0468,P04430,A1439,56+,Male,Chennai,Engineering,2.1,PhD,640,20,Career,Text,0.3486,0.3313,0.4451,15.2,8.1,91,1,0.4321,1,0.3547585606575012,12,12,12,0.08333333333333333
U0471,P03369,A1204,26-35,Male,Bengaluru,Engineering,12.1,Masters,340,8,Marketing,Article,0.5612,0.3857,0.6694,30.1,1.7,266,2,0.5231,0,0.5407286286354065,3,3,1,1.0
U0471,P04189,A1775,26-35,Male,Bengaluru,Engineering,12.1,Masters,340,8,Machine Learning,Job Opportunity,0.4176,0.7522,0.5248,69.0,8.3,447,4,0.4627,1,0.4669231176376343,4,4,2,0.5
U0471,P02942,A0487,26-35,Male,Bengaluru,Engineering,12.1,Masters,340,8,Marketing,Image,0.3596,0.4923,0.3933,2.5,2.0,785,2,0.459,0,0.4173520803451538,5,5,3,0.3333333333333333
U0471,P03482,A1387,26-35,Male,Bengaluru,Engineering,12.1,Masters,340,8,Data Science,Text,0.4474,0.4358,0.788,72.3,8.0,717,2,0.4829,0,0.6518821716308594,1,1,4,0.25
U0471,P01303,A1296,26-35,Male,Bengaluru,Engineering,12.1,Masters,340,8,Data Science,Article,0.4199,0.311,0.7181,11.8,9.2,965,2,0.5042,0,0.545323371887207,2,2,5,0.2
U0471,P03730,A1044,26-35,Male,Bengaluru,Engineering,12.1,Masters,340,8,Design,Text,0.3084,0.2506,0.4236,75.5,8.2,133,3,0.2031,1,0.20558814704418182,6,6,6,0.16666666666666666
U0478,P00718,A0586,26-35,Female,Bengaluru,Engineering,4.1,Masters,453,18,AI,Article,0.3908,0.747,0.6258,9.2,3.4,292,3,0.6669,1,0.7051862478256226,2,2,1,1.0
U0478,P04075,A0764,26-35,Female,Bengaluru,Engineering,4.1,Masters,453,18,Marketing,Text,0.4032,0.4646,0.988,3.4,2.8,1197,4,0.6627,1,0.6637662649154663,3,3,2,0.5
U0478,P02161,A0555,26-35,Female,Bengaluru,Engineering,4.1,Masters,453,18,Career,Job Opportunity,0.5112,0.5176,0.6343,15.7,2.2,131,2,0.6131,1,0.5961774587631226,4,4,3,0.3333333333333333
U0478,P01870,A0468,26-35,Female,Bengaluru,Engineering,4.1,Masters,453,18,Machine Learning,Image,0.1271,0.5709,0.7537,3.2,12.7,215,3,0.5787,0,0.5610561370849609,5,5,4,0.25
U0478,P00531,A0004,26-35,Female,Bengaluru,Engineering,4.1,Masters,453,18,Career,Image,0.3169,0.8296,0.6371,4.0,13.0,230,2,0.7249,1,0.753538966178894,1,1,5,0.2
U0478,P03037,A0553,26-35,Female,Bengaluru,Engineering,4.1,Masters,453,18,Career,Job Opportunity,0.2318,0.3905,0.698,25.8,1.1,647,2,0.4816,1,0.5459774136543274,6,6,6,0.16666666666666666
U0478,P03523,A1369,26-35,Female,Bengaluru,Engineering,4.1,Masters,453,18,Finance,Article,0.3591,0.4175,0.702,20.3,0.9,743,3,0.5103,1,0.5249491930007935,7,7,7,0.14285714285714285
U0478,P01944,A1444,26-35,Female,Bengaluru,Engineering,4.1,Masters,453,18,Machine Learning,Article,0.4236,0.3963,0.4857,19.3,15.1,87,3,0.428,0,0.5061542987823486,8,8,8,0.125
U0478,P01377,A0293,26-35,Female,Bengaluru,Engineering,4.1,Masters,453,18,AI,Text,0.3591,0.3844,0.8506,27.0,1.4,257,4,0.511,0,0.5040349364280701,9,9,9,0.1111111111111111
U0478,P01896,A1062,26-35,Female,Bengaluru,Engineering,4.1,Masters,453,18,Marketing,Job Opportunity,0.3757,0.436,0.2441,35.1,1.7,46,3,0.3099,1,0.37321630120277405,10,10,10,0.1
U0478,P03659,A0565,26-35,Female,Bengaluru,Engineering,4.1,Masters,453,18,Finance,Video,0.1569,0.4745,0.6079,50.8,1.3,209,2,0.4155,1,0.3453007936477661,11,11,11,0.09090909090909091
U0478,P04352,A1522,26-35,Female,Bengaluru,Engineering,4.1,Masters,453,18,Finance,Article,0.1839,0.1334,0.4802,15.7,4.8,404,2,0.2829,0,0.34410983324050903,12,12,12,0.08333333333333333
U0478,P04339,A0273,26-35,Female,Bengaluru,Engineering,4.1,Masters,453,18,Design,Text,0.7199,0.246,0.2606,59.4,4.5,925,4,0.2501,1,0.3164508640766144,13,13,13,0.07692307692307693
U0479,P01983,A0779,36-45,Female,Delhi,Data Science,9.1,Masters,51,13,Software,Article,0.3262,0.7357,0.8068,11.0,6.5,140,3,0.6904,1,0.672381579875946,1,1,1,1.0
U0479,P00943,A1486,36-45,Female,Delhi,Data Science,9.1,Masters,51,13,Finance,Video,0.1315,0.4639,0.3982,42.7,6.4,183,1,0.3443,0,0.3325822651386261,6,6,2,0.5
U0479,P02498,A1741,36-45,Female,Delhi,Data Science,9.1,Masters,51,13,Career,Job Opportunity,0.2311,0.2243,0.9675,7.4,4.7,622,2,0.5266,0,0.5349878668785095,2,2,3,0.3333333333333333
U0479,P01780,A1021,36-45,Female,Delhi,Data Science,9.1,Masters,51,13,Software,Video,0.4664,0.4097,0.6034,17.2,6.4,343,1,0.5421,0,0.5249549746513367,3,3,4,0.25
U0479,P02477,A1566,36-45,Female,Delhi,Data Science,9.1,Masters,51,13,AI,Article,0.3371,0.6638,0.6399,53.1,7.1,101,1,0.5768,1,0.5098459720611572,4,4,5,0.2
U0479,P02311,A1454,36-45,Female,Delhi,Data Science,9.1,Masters,51,13,AI,Text,0.587,0.2707,0.5346,0.5,5.1,649,1,0.51,1,0.471777081489563,5,5,6,0.16666666666666666
U0489,P01251,A1292,26-35,Male,Mumbai,Other,2.6,Masters,101,24,Finance,Video,0.333,0.825,0.6131,32.4,2.5,89,2,0.6998,1,0.6940159797668457,2,2,1,1.0
U0489,P03469,A0372,26-35,Male,Mumbai,Other,2.6,Masters,101,24,Software,Video,0.2012,0.8401,0.6119,20.0,3.3,350,1,0.7229,1,0.6769546270370483,3,3,2,0.5
U0489,P04998,A0786,26-35,Male,Mumbai,Other,2.6,Masters,101,24,Career,Text,0.2731,0.7227,0.545,38.4,8.3,247,3,0.5701,0,0.5566335320472717,5,5,3,0.3333333333333333
U0489,P01961,A0729,26-35,Male,Mumbai,Other,2.6,Masters,101,24,Design,Text,0.5091,0.4464,0.6797,8.6,1.5,176,4,0.5809,0,0.5483642220497131,6,6,4,0.25
U0489,P03246,A1492,26-35,Male,Mumbai,Other,2.6,Masters,101,24,Design,Job Opportunity,0.4173,0.7123,0.9157,2.0,10.3,310,2,0.8133,1,0.8171200752258301,1,1,5,0.2
U0489,P00323,A0594,26-35,Male,Mumbai,Other,2.6,Masters,101,24,Leadership,Video,0.0723,0.6665,0.6047,4.4,9.5,829,2,0.6112,0,0.6216392517089844,4,4,6,0.16666666666666666
U0489,P03680,A0746,26-35,Male,Mumbai,Other,2.6,Masters,101,24,Design,Text,0.3043,0.7522,0.3009,33.0,6.5,212,3,0.5009,0,0.5478464365005493,7,7,7,0.14285714285714285
U0489,P03410,A0522,26-35,Male,Mumbai,Other,2.6,Masters,101,24,Software,Job Opportunity,0.2035,0.4657,0.7787,14.9,7.5,139,4,0.5367,0,0.5391412973403931,8,8,8,0.125
U0489,P03070,A1657,26-35,Male,Mumbai,Other,2.6,Masters,101,24,Data Science,Article,0.2954,0.2702,0.8398,53.6,9.1,212,2,0.4778,1,0.42781105637550354,9,9,9,0.1111111111111111
U0489,P00647,A0347,26-35,Male,Mumbai,Other,2.6,Masters,101,24,Software,Article,0.494,0.7998,0.5066,137.0,8.7,944,2,0.4888,1,0.31823185086250305,10,10,10,0.1
U0489,P04254,A0977,26-35,Male,Mumbai,Other,2.6,Masters,101,24,Leadership,Job Opportunity,0.3812,0.0867,0.4296,35.5,8.3,323,4,0.2361,1,0.2796718180179596,11,11,11,0.09090909090909091
U0489,P04979,A0484,26-35,Male,Mumbai,Other,2.6,Masters,101,24,Data Science,Text,0.1456,0.2914,0.3357,3.5,2.7,194,3,0.3106,1,0.26093924045562744,12,12,12,0.08333333333333333
U0492,P04637,A0341,36-45,Male,Hyderabad,Other,4.4,Masters,122,17,AI,Text,0.4683,0.4364,0.8455,1.1,2.6,278,1,0.6934,1,0.7834751605987549,1,1,1,1.0
U0492,P02817,A0752,36-45,Male,Hyderabad,Other,4.4,Masters,122,17,Career,Text,0.5197,0.7729,0.2287,29.4,7.5,626,2,0.5351,1,0.661967396736145,2,2,2,0.5
U0492,P02032,A1207,36-45,Male,Hyderabad,Other,4.4,Masters,122,17,Marketing,Job Opportunity,0.3425,0.4163,0.8854,34.8,2.6,216,2,0.5759,1,0.5674632787704468,3,3,3,0.3333333333333333
U0492,P00683,A0271,36-45,Male,Hyderabad,Other,4.4,Masters,122,17,Marketing,Job Opportunity,0.3852,0.9018,0.3851,20.7,1.8,301,5,0.5489,1,0.5381019711494446,4,4,4,0.25
U0492,P00512,A1666,36-45,Male,Hyderabad,Other,4.4,Masters,122,17,Design,Article,0.4463,0.5781,0.4669,7.3,9.9,671,2,0.5627,1,0.5303447842597961,5,5,5,0.2
U0492,P02817,A0430,36-45,Male,Hyderabad,Other,4.4,Masters,122,17,Career,Text,0.5197,0.7803,0.0929,29.4,7.5,626,2,0.4812,1,0.5285779237747192,6,6,6,0.16666666666666666
U0492,P02197,A1764,36-45,Male,Hyderabad,Other,4.4,Masters,122,17,Leadership,Article,0.5561,0.2344,0.8973,50.4,1.6,591,3,0.4856,0,0.4461892545223236,7,7,7,0.14285714285714285
U0492,P01281,A1971,36-45,Male,Hyderabad,Other,4.4,Masters,122,17,Leadership,Article,0.2219,0.1963,0.6223,3.7,6.7,698,3,0.3554,1,0.4449494481086731,8,8,8,0.125
U0492,P04336,A0138,36-45,Male,Hyderabad,Other,4.4,Masters,122,17,Data Science,Job Opportunity,0.3076,0.3616,0.6222,40.5,6.7,141,5,0.3263,0,0.32326820492744446,9,9,9,0.1111111111111111
U0492,P00666,A0901,36-45,Male,Hyderabad,Other,4.4,Masters,122,17,Data Science,Text,0.522,0.5935,0.5633,139.3,9.3,1381,3,0.3417,0,0.2605268955230713,10,10,10,0.1
U0493,P01863,A1057,36-45,Female,Ahmedabad,Business,2.4,Bachelors,194,17,Finance,Image,0.3837,0.6303,0.5232,13.6,2.4,272,3,0.5263,0,0.5684362649917603,3,3,1,1.0
U0493,P03521,A1508,36-45,Female,Ahmedabad,Business,2.4,Bachelors,194,17,Data Science,Article,0.5321,0.4642,0.5198,13.3,7.4,715,3,0.4832,0,0.5297084450721741,4,4,2,0.5
U0493,P03648,A0388,36-45,Female,Ahmedabad,Business,2.4,Bachelors,194,17,Career,Article,0.2736,0.5916,0.7016,1.8,16.4,222,2,0.6069,1,0.6554031372070312,1,1,3,0.3333333333333333
U0493,P02035,A1477,36-45,Female,Ahmedabad,Business,2.4,Bachelors,194,17,Software,Image,0.6686,0.7154,0.8618,104.9,7.6,187,2,0.6374,1,0.6280646920204163,2,2,4,0.25
U0493,P01547,A1208,36-45,Female,Ahmedabad,Business,2.4,Bachelors,194,17,Software,Job Opportunity,0.325,0.1289,0.8114,76.1,1.6,74,1,0.3291,1,0.3550787568092346,5,5,5,0.2
U0500,P04647,A0112,26-35,Female,Hyderabad,Data Science,8.9,Diploma,421,10,Software,Job Opportunity,0.3107,0.8549,0.6749,6.0,2.7,126,1,0.7354,1,0.7413591742515564,1,1,1,1.0
U0500,P04491,A0144,26-35,Female,Hyderabad,Data Science,8.9,Diploma,421,10,Software,Text,0.5495,0.5138,0.8012,37.3,1.4,142,2,0.6075,1,0.6123408079147339,4,4,2,0.5
U0500,P04612,A0640,26-35,Female,Hyderabad,Data Science,8.9,Diploma,421,10,Marketing,Video,0.2277,0.6668,0.6526,10.1,1.3,406,2,0.5875,1,0.5569735765457153,5,5,3,0.3333333333333333
U0500,P03689,A1207,26-35,Female,Hyderabad,Data Science,8.9,Diploma,421,10,Marketing,Article,0.1557,0.5234,0.835,6.8,2.8,649,5,0.4836,0,0.5198647379875183,6,6,4,0.25
U0500,P04662,A0547,26-35,Female,Hyderabad,Data Science,8.9,Diploma,421,10,Software,Text,0.4926,0.6928,0.8095,4.4,12.7,312,2,0.7329,0,0.6659541130065918,2,2,5,0.2
U0500,P01868,A1590,26-35,Female,Hyderabad,Data Science,8.9,Diploma,421,10,Data Science,Image,0.7032,0.6885,0.9029,58.8,5.6,345,1,0.7477,1,0.6266322135925293,3,3,6,0.16666666666666666
U0500,P02444,A1112,26-35,Female,Hyderabad,Data Science,8.9,Diploma,421,10,AI,Article,0.5175,0.5267,0.5733,56.8,5.5,161,2,0.471,1,0.4824359118938446,7,7,7,0.14285714285714285
U0500,P00371,A0493,26-35,Female,Hyderabad,Data Science,8.9,Diploma,421,10,Machine Learning,Text,0.078,0.4708,0.6986,12.6,6.1,588,1,0.4963,0,0.40472641587257385,8,8,8,0.125
U0500,P03064,A1726,26-35,Female,Hyderabad,Data Science,8.9,Diploma,421,10,Data Science,Article,0.2634,0.6975,0.1787,16.2,4.6,505,3,0.3705,1,0.2800513803958893,9,9,9,0.1111111111111111
U0500,P04472,A1368,26-35,Female,Hyderabad,Data Science,8.9,Diploma,421,10,Software,Text,0.1133,0.2828,0.2,42.1,4.2,961,2,0.1729,1,0.22218827903270721,10,10,10,0.1
U0552,P03694,A0117,18-25,Female,Delhi,Computer Science,0.8,Bachelors,175,15,Machine Learning,Job Opportunity,0.3901,0.7792,0.7106,7.2,6.0,493,3,0.6803,1,0.7544512152671814,1,1,1,1.0
U0552,P02996,A1066,18-25,Female,Delhi,Computer Science,0.8,Bachelors,175,15,Career,Article,0.2741,0.6892,0.8061,4.6,3.8,302,2,0.6815,1,0.7322707176208496,2,2,2,0.5
U0552,P03118,A1812,18-25,Female,Delhi,Computer Science,0.8,Bachelors,175,15,Machine Learning,Video,0.4353,0.7101,0.7791,60.1,3.8,123,2,0.6201,0,0.6719962954521179,3,3,3,0.3333333333333333
U0552,P00949,A1924,18-25,Female,Delhi,Computer Science,0.8,Bachelors,175,15,Machine Learning,Article,0.1621,0.7588,0.4432,26.6,18.7,288,4,0.4314,1,0.44386720657348633,4,4,4,0.25
U0552,P01260,A1756,18-25,Female,Delhi,Computer Science,0.8,Bachelors,175,15,Leadership,Image,0.1139,0.6696,0.7921,57.3,8.1,241,5,0.428,0,0.41765543818473816,5,5,5,0.2
U0552,P00048,A1595,18-25,Female,Delhi,Computer Science,0.8,Bachelors,175,15,AI,Text,0.234,0.5269,0.6312,45.5,4.5,381,3,0.4104,0,0.4106985330581665,6,6,6,0.16666666666666666
U0552,P01923,A0459,18-25,Female,Delhi,Computer Science,0.8,Bachelors,175,15,Finance,Article,0.1872,0.6902,0.453,37.7,7.2,111,3,0.4187,1,0.36932554841041565,7,7,7,0.14285714285714285
U0553,P01200,A0404,18-25,Male,Ahmedabad,Engineering,12.7,Masters,287,22,AI,Image,0.1686,0.9109,0.9327,5.4,3.7,680,1,0.8537,0,0.8408886790275574,1,1,1,1.0
U0553,P00248,A1604,18-25,Male,Ahmedabad,Engineering,12.7,Masters,287,22,Design,Text,0.4494,0.5099,0.6343,2.0,6.8,200,3,0.6296,1,0.6929019093513489,4,4,2,0.5
U0553,P01654,A0161,18-25,Male,Ahmedabad,Engineering,12.7,Masters,287,22,Finance,Article,0.113,0.7021,0.5836,58.4,4.6,640,3,0.5019,0,0.6629350781440735,5,5,3,0.3333333333333333
U0553,P00218,A0554,18-25,Male,Ahmedabad,Engineering,12.7,Masters,287,22,Finance,Text,0.5273,0.6198,0.1687,35.1,2.8,188,1,0.5099,1,0.5947878956794739,6,6,4,0.25
U0553,P00578,A0033,18-25,Male,Ahmedabad,Engineering,12.7,Masters,287,22,Design,Article,0.5215,0.7439,0.644,35.0,7.5,148,1,0.7484,1,0.7756326198577881,2,2,5,0.2
U0553,P04713,A1641,18-25,Male,Ahmedabad,Engineering,12.7,Masters,287,22,Data Science,Image,0.4308,0.3939,0.8521,4.1,7.9,276,1,0.7092,1,0.7556414008140564,3,3,6,0.16666666666666666
U0553,P01114,A0027,18-25,Male,Ahmedabad,Engineering,12.7,Masters,287,22,Data Science,Image,0.2265,0.6451,0.5821,56.1,4.0,497,2,0.541,0,0.5791893005371094,7,7,7,0.14285714285714285
U0553,P03066,A0289,18-25,Male,Ahmedabad,Engineering,12.7,Masters,287,22,AI,Text,0.3485,0.5372,0.6883,31.8,3.8,321,5,0.5169,0,0.48659998178482056,8,8,8,0.125
U0553,P00020,A1992,18-25,Male,Ahmedabad,Engineering,12.7,Masters,287,22,Finance,Article,0.1589,0.505,0.3671,15.4,18.3,230,3,0.4109,0,0.40802091360092163,9,9,9,0.1111111111111111
U0553,P03428,A0056,18-25,Male,Ahmedabad,Engineering,12.7,Masters,287,22,Marketing,Article,0.0577,0.5544,0.4778,120.0,13.6,184,2,0.2908,0,0.28055283427238464,10,10,10,0.1
U0553,P00473,A1263,18-25,Male,Ahmedabad,Engineering,12.7,Masters,287,22,Machine Learning,Article,0.0836,0.3859,0.2462,64.0,1.9,234,1,0.2659,0,0.2486027330160141,11,11,11,0.09090909090909091
U0553,P04768,A0717,18-25,Male,Ahmedabad,Engineering,12.7,Masters,287,22,Design,Job Opportunity,0.4134,0.1772,0.5316,58.0,2.9,1214,4,0.2835,0,0.17243507504463196,12,12,12,0.08333333333333333
U0553,P04324,A0663,18-25,Male,Ahmedabad,Engineering,12.7,Masters,287,22,Career,Article,0.6431,0.1373,0.4248,51.0,3.6,297,4,0.2932,0,0.12341894209384918,13,13,13,0.07692307692307693
U0561,P02735,A0180,18-25,Female,Bengaluru,Engineering,8.9,Diploma,291,20,Design,Video,0.6328,0.6419,0.7914,0.3,3.3,178,1,0.8146,1,0.8230293393135071,1,1,1,1.0
U0561,P04987,A0265,18-25,Female,Bengaluru,Engineering,8.9,Diploma,291,20,Finance,Job Opportunity,0.0616,0.5691,0.6565,26.7,1.1,676,2,0.5339,1,0.5692334771156311,2,2,2,0.5
U0561,P03819,A1626,18-25,Female,Bengaluru,Engineering,8.9,Diploma,291,20,AI,Article,0.2255,0.5393,0.692,26.8,4.1,263,3,0.5463,1,0.5187239646911621,3,3,3,0.3333333333333333
U0561,P00046,A0940,18-25,Female,Bengaluru,Engineering,8.9,Diploma,291,20,Design,Article,0.4626,0.4953,0.6729,85.3,3.9,287,2,0.4971,0,0.5130676031112671,4,4,4,0.25
U0561,P02984,A0754,18-25,Female,Bengaluru,Engineering,8.9,Diploma,291,20,Career,Job Opportunity,0.607,0.4281,0.6982,91.4,1.5,709,2,0.5017,1,0.5110375285148621,5,5,5,0.2
U0561,P04656,A1167,18-25,Female,Bengaluru,Engineering,8.9,Diploma,291,20,Design,Text,0.1685,0.2411,0.7455,30.5,3.2,67,1,0.4621,0,0.491968035697937,6,6,6,0.16666666666666666
U0561,P04543,A1539,18-25,Female,Bengaluru,Engineering,8.9,Diploma,291,20,Leadership,Article,0.4696,0.4457,0.7795,101.8,7.6,409,3,0.4541,1,0.4900321662425995,7,7,7,0.14285714285714285
U0561,P04147,A1998,18-25,Female,Bengaluru,Engineering,8.9,Diploma,291,20,Career,Article,0.4156,0.7225,0.2422,18.0,2.7,90,3,0.5168,1,0.4611823856830597,8,8,8,0.125
U0561,P01857,A0705,18-25,Female,Bengaluru,Engineering,8.9,Diploma,291,20,Data Science,Video,0.2963,0.5238,0.5642,31.7,4.2,483,5,0.4295,1,0.4221004247665405,9,9,9,0.1111111111111111
U0561,P01281,A1904,18-25,Female,Bengaluru,Engineering,8.9,Diploma,291,20,Leadership,Article,0.2219,0.5784,0.4108,3.7,6.7,698,3,0.4917,0,0.4125562310218811,10,10,10,0.1
U0561,P03830,A1760,18-25,Female,Bengaluru,Engineering,8.9,Diploma,291,20,Machine Learning,Text,0.0606,0.5046,0.5663,42.2,1.9,1021,1,0.4646,1,0.40518659353256226,11,11,11,0.09090909090909091
U0561,P00923,A1127,18-25,Female,Bengaluru,Engineering,8.9,Diploma,291,20,Software,Article,0.09,0.5481,0.6973,46.9,4.2,102,3,0.4757,1,0.3873617649078369,12,12,12,0.08333333333333333
U0561,P00646,A0426,18-25,Female,Bengaluru,Engineering,8.9,Diploma,291,20,Machine Learning,Job Opportunity,0.6714,0.3519,0.2715,55.3,3.9,177,1,0.4058,0,0.27364224195480347,13,13,13,0.07692307692307693
U0561,P01807,A1438,18-25,Female,Bengaluru,Engineering,8.9,Diploma,291,20,Machine Learning,Image,0.3949,0.4275,0.4218,49.1,3.3,140,2,0.4112,1,0.25431644916534424,14,14,14,0.07142857142857142
U0562,P00254,A1111,18-25,Male,Bengaluru,Computer Science,5.3,Bachelors,129,16,Leadership,Text,0.38,0.875,0.6231,1.0,9.9,214,3,0.7286,1,0.7864778637886047,1,1,1,1.0
U0562,P02916,A1870,18-25,Male,Bengaluru,Computer Science,5.3,Bachelors,129,16,Leadership,Article,0.3761,0.4577,0.4739,8.4,1.6,112,1,0.524,0,0.6359695792198181,2,2,2,0.5
U0562,P00972,A0545,18-25,Male,Bengaluru,Computer Science,5.3,Bachelors,129,16,Marketing,Article,0.1486,0.4863,0.8889,9.6,8.7,412,5,0.5197,1,0.5090442895889282,4,4,3,0.3333333333333333
U0562,P04960,A0908,18-25,Male,Bengaluru,Computer Science,5.3,Bachelors,129,16,Design,Image,0.4516,0.5456,0.509,11.3,7.7,922,1,0.5966,0,0.6145460605621338,3,3,4,0.25
U0562,P01069,A1423,18-25,Male,Bengaluru,Computer Science,5.3,Bachelors,129,16,Software,Article,0.3243,0.6035,0.3818,24.4,6.9,98,1,0.5115,1,0.48636412620544434,5,5,5,0.2
U0562,P00123,A0663,18-25,Male,Bengaluru,Computer Science,5.3,Bachelors,129,16,Marketing,Video,0.23,0.4064,0.6263,12.7,4.8,95,3,0.4495,0,0.4219931364059448,6,6,6,0.16666666666666666
U0564,P01360,A1470,36-45,Male,Other,Engineering,3.8,Bachelors,760,23,Design,Article,0.1895,0.7492,0.7645,7.0,5.4,117,3,0.69,1,0.7183492183685303,2,2,1,1.0
U0564,P02732,A0142,36-45,Male,Other,Engineering,3.8,Bachelors,760,23,Data Science,Job Opportunity,0.3471,0.4164,0.7437,37.9,1.7,503,2,0.5388,1,0.5810247659683228,5,5,2,0.5
U0564,P02197,A1029,36-45,Male,Other,Engineering,3.8,Bachelors,760,23,Leadership,Article,0.5561,0.7415,0.3446,50.4,1.6,591,2,0.5639,1,0.5676484704017639,6,6,3,0.3333333333333333
U0564,P02377,A0455,36-45,Male,Other,Engineering,3.8,Bachelors,760,23,Software,Image,0.3282,0.8243,0.4545,103.2,8.5,483,4,0.4198,1,0.5376533269882202,7,7,4,0.25
U0564,P03902,A1597,36-45,Male,Other,Engineering,3.8,Bachelors,760,23,AI,Text,0.1838,0.7783,0.9022,1.5,4.4,467,1,0.8006,1,0.7797886729240417,1,1,5,0.2
U0564,P02582,A0664,36-45,Male,Other,Engineering,3.8,Bachelors,760,23,Data Science,Video,0.6151,0.232,0.9086,14.8,6.3,180,2,0.6334,0,0.6415212750434875,3,3,6,0.16666666666666666
U0564,P03629,A1012,36-45,Male,Other,Engineering,3.8,Bachelors,760,23,Career,Article,0.4017,0.7012,0.4624,31.2,5.0,528,2,0.5892,0,0.6243479251861572,4,4,7,0.14285714285714285
U0564,P03223,A1465,36-45,Male,Other,Engineering,3.8,Bachelors,760,23,Design,Article,0.1447,0.3603,0.6383,12.8,5.0,617,3,0.4286,1,0.4575924575328827,8,8,8,0.125
U0564,P04321,A1624,36-45,Male,Other,Engineering,3.8,Bachelors,760,23,Design,Article,0.4566,0.3254,0.7289,16.0,4.8,483,2,0.5607,1,0.4199139177799225,9,9,9,0.1111111111111111
U0564,P02027,A1819,36-45,Male,Other,Engineering,3.8,Bachelors,760,23,Marketing,Image,0.1472,0.7166,0.3038,5.4,1.0,167,2,0.512,1,0.3711634576320648,10,10,10,0.1
U0587,P02734,A0926,18-25,Male,Mumbai,Data Science,6.3,Bachelors,262,18,Leadership,Video,0.3322,0.7193,0.8277,3.5,2.1,56,2,0.7578,1,0.780005931854248,1,1,1,1.0
U0587,P00733,A1317,18-25,Male,Mumbai,Data Science,6.3,Bachelors,262,18,Career,Text,0.5956,0.6553,0.9474,20.1,8.0,396,5,0.7277,1,0.7458782196044922,2,2,2,0.5
U0587,P03684,A0347,18-25,Male,Mumbai,Data Science,6.3,Bachelors,262,18,Career,Article,0.2002,0.7118,0.7528,22.9,6.7,249,3,0.6382,1,0.6831092238426208,4,4,3,0.3333333333333333
U0587,P03867,A0421,18-25,Male,Mumbai,Data Science,6.3,Bachelors,262,18,Software,Text,0.2182,0.3997,0.811,45.5,2.8,233,2,0.5029,0,0.5000095367431641,5,5,4,0.25
U0587,P03033,A0127,18-25,Male,Mumbai,Data Science,6.3,Bachelors,262,18,Data Science,Video,0.5685,0.5594,0.8478,17.1,7.0,720,2,0.7322,0,0.7146074175834656,3,3,5,0.2
U0587,P03617,A0023,18-25,Male,Mumbai,Data Science,6.3,Bachelors,262,18,AI,Text,0.466,0.3345,0.5479,26.5,2.7,279,3,0.4325,0,0.3501843810081482,6,6,6,0.16666666666666666
U0587,P01384,A0319,18-25,Male,Mumbai,Data Science,6.3,Bachelors,262,18,AI,Article,0.3769,0.2888,0.7982,45.0,5.1,156,3,0.4543,0,0.32153040170669556,7,7,7,0.14285714285714285
U0587,P00036,A0724,18-25,Male,Mumbai,Data Science,6.3,Bachelors,262,18,AI,Article,0.2584,0.4445,0.2864,40.4,7.4,210,1,0.3599,1,0.31366419792175293,8,8,8,0.125
U0587,P03553,A1063,18-25,Male,Mumbai,Data Science,6.3,Bachelors,262,18,Design,Video,0.6748,0.3492,0.6676,59.7,11.9,321,4,0.449,1,0.30062276124954224,9,9,9,0.1111111111111111
U0587,P03281,A0112,18-25,Male,Mumbai,Data Science,6.3,Bachelors,262,18,Career,Video,0.4588,0.5711,0.5019,110.5,4.3,333,3,0.3644,1,0.2888416349887848,10,10,10,0.1
U0591,P03209,A0343,46-55,Female,Delhi,Engineering,12.2,Bachelors,380,26,Machine Learning,Job Opportunity,0.3349,0.7388,0.9674,13.1,15.5,232,3,0.8108,1,0.8377992510795593,1,1,1,1.0
U0591,P00535,A1253,46-55,Female,Delhi,Engineering,12.2,Bachelors,380,26,AI,Video,0.1915,0.8951,0.7949,12.3,6.6,714,4,0.7673,0,0.7668593525886536,2,2,2,0.5
U0591,P04116,A0732,46-55,Female,Delhi,Engineering,12.2,Bachelors,380,26,Leadership,Article,0.6068,0.508,0.6976,20.1,1.7,2720,2,0.7126,1,0.7512004375457764,3,3,3,0.3333333333333333
U0591,P03314,A0071,46-55,Female,Delhi,Engineering,12.2,Bachelors,380,26,Leadership,Text,0.1747,0.3554,0.7883,0.8,1.9,715,3,0.5759,1,0.6620681285858154,5,5,4,0.25
U0591,P04530,A1753,46-55,Female,Delhi,Engineering,12.2,Bachelors,380,26,Machine Learning,Text,0.3419,0.5643,0.782,0.8,6.9,1069,1,0.7608,1,0.736253559589386,4,4,5,0.2
U0591,P01624,A1728,46-55,Female,Delhi,Engineering,12.2,Bachelors,380,26,Data Science,Article,0.2712,0.8347,0.8967,44.0,2.1,236,5,0.721,1,0.61825031042099,6,6,6,0.16666666666666666
U0591,P00337,A0629,46-55,Female,Delhi,Engineering,12.2,Bachelors,380,26,Machine Learning,Video,0.1572,0.622,0.648,7.0,0.8,136,3,0.6299,1,0.5521613955497742,7,7,7,0.14285714285714285
U0591,P01370,A0953,46-55,Female,Delhi,Engineering,12.2,Bachelors,380,26,Career,Image,0.3149,0.3442,0.4399,8.6,4.3,420,1,0.5108,0,0.45314815640449524,8,8,8,0.125
U0591,P02257,A0542,46-55,Female,Delhi,Engineering,12.2,Bachelors,380,26,Data Science,Text,0.0349,0.5392,0.6737,45.6,16.7,157,2,0.5242,0,0.41429734230041504,9,9,9,0.1111111111111111
U0591,P04317,A1454,46-55,Female,Delhi,Engineering,12.2,Bachelors,380,26,AI,Job Opportunity,0.3149,0.3505,0.6743,19.3,1.1,209,2,0.5594,0,0.4047855734825134,10,10,10,0.1
U0591,P03797,A1955,46-55,Female,Delhi,Engineering,12.2,Bachelors,380,26,Marketing,Video,0.2742,0.4334,0.4637,65.5,2.4,1086,4,0.348,0,0.37456902861595154,11,11,11,0.09090909090909091
U0595,P04964,A1592,18-25,Male,Other,Marketing,7.5,Bachelors,172,15,Data Science,Job Opportunity,0.9136,0.3464,0.4968,2.2,3.9,477,2,0.5848,0,0.6608505249023438,2,2,1,1.0
U0595,P03846,A0397,18-25,Male,Other,Marketing,7.5,Bachelors,172,15,Design,Text,0.2863,0.6544,0.4607,12.0,2.3,58,1,0.5643,1,0.6449260711669922,3,3,2,0.5
U0595,P00699,A0328,18-25,Male,Other,Marketing,7.5,Bachelors,172,15,Marketing,Article,0.739,0.587,0.4716,32.1,8.9,256,3,0.5547,0,0.5891309976577759,4,4,3,0.3333333333333333
U0595,P00269,A0296,18-25,Male,Other,Marketing,7.5,Bachelors,172,15,Design,Article,0.6947,0.4859,0.5492,18.1,3.9,434,4,0.5206,0,0.5592357516288757,5,5,4,0.25
U0595,P00043,A1104,18-25,Male,Other,Marketing,7.5,Bachelors,172,15,Career,Article,0.4213,0.6323,0.7544,29.0,13.5,607,1,0.674,1,0.8041188716888428,1,1,5,0.2
U0595,P03072,A1976,18-25,Male,Other,Marketing,7.5,Bachelors,172,15,Design,Article,0.2935,0.3946,0.7497,4.5,13.7,532,4,0.4771,0,0.5451291799545288,6,6,6,0.16666666666666666
U0595,P00565,A1187,18-25,Male,Other,Marketing,7.5,Bachelors,172,15,AI,Text,0.1857,0.5175,0.6283,4.3,7.8,178,4,0.4578,1,0.44461196660995483,7,7,7,0.14285714285714285
U0595,P01643,A1190,18-25,Male,Other,Marketing,7.5,Bachelors,172,15,Marketing,Image,0.5072,0.469,0.3279,9.9,2.2,245,5,0.3548,0,0.2635113298892975,8,8,8,0.125
U0595,P02469,A0046,18-25,Male,Other,Marketing,7.5,Bachelors,172,15,Software,Article,0.5488,0.5153,0.3774,120.6,2.0,211,3,0.2687,0,0.24190178513526917,9,9,9,0.1111111111111111
U0604,P00656,A1845,36-45,Male,Mumbai,Finance,1.6,Diploma,137,24,Marketing,Article,0.1674,0.4922,0.7622,1.0,4.3,363,3,0.5889,0,0.6472261548042297,1,1,1,1.0
U0604,P04801,A1260,36-45,Male,Mumbai,Finance,1.6,Diploma,137,24,Leadership,Text,0.5352,0.4539,0.5664,19.0,12.8,1946,4,0.5201,0,0.42746442556381226,4,4,2,0.5
U0604,P01870,A0652,36-45,Male,Mumbai,Finance,1.6,Diploma,137,24,Machine Learning,Image,0.1271,0.798,0.4357,3.2,12.7,215,3,0.5876,0,0.38415640592575073,5,5,3,0.3333333333333333
U0604,P04528,A1600,36-45,Male,Mumbai,Finance,1.6,Diploma,137,24,Software,Text,0.1522,0.668,0.6606,28.3,8.9,294,1,0.6372,1,0.6283482909202576,2,2,4,0.25
U0604,P01603,A1967,36-45,Male,Mumbai,Finance,1.6,Diploma,137,24,Leadership,Image,0.5186,0.6055,0.5318,4.6,5.0,97,2,0.6641,0,0.5485139489173889,3,3,5,0.2
U0604,P03490,A0687,36-45,Male,Mumbai,Finance,1.6,Diploma,137,24,Software,Text,0.1092,0.5671,0.3596,62.3,4.1,154,2,0.3544,0,0.3061327338218689,6,6,6,0.16666666666666666
U0605,P01454,A0265,56+,Female,Chennai,Computer Science,4.6,PhD,319,15,Software,Video,0.136,0.8899,0.8896,34.5,2.0,324,4,0.6669,1,0.6653556823730469,2,2,1,1.0
U0605,P01327,A0681,56+,Female,Chennai,Computer Science,4.6,PhD,319,15,Data Science,Image,0.6586,0.5695,0.4696,15.7,2.1,190,1,0.6118,1,0.6234990954399109,3,3,2,0.5
U0605,P02080,A0413,56+,Female,Chennai,Computer Science,4.6,PhD,319,15,Career,Video,0.4068,0.4949,0.4476,3.1,1.7,86,1,0.523,0,0.5757721662521362,4,4,3,0.3333333333333333
U0605,P03153,A1961,56+,Female,Chennai,Computer Science,4.6,PhD,319,15,Design,Video,0.4577,0.5235,0.9124,67.3,13.5,132,4,0.5229,1,0.5266212821006775,5,5,4,0.25
U0605,P03860,A0674,56+,Female,Chennai,Computer Science,4.6,PhD,319,15,Machine Learning,Video,0.6661,0.5906,0.8991,0.8,12.3,699,1,0.7949,1,0.8100420236587524,1,1,5,0.2
U0605,P02725,A0863,56+,Female,Chennai,Computer Science,4.6,PhD,319,15,Finance,Job Opportunity,0.613,0.4058,0.8365,36.5,11.9,420,3,0.5682,1,0.5241639018058777,6,6,6,0.16666666666666666
U0605,P03690,A0448,56+,Female,Chennai,Computer Science,4.6,PhD,319,15,AI,Job Opportunity,0.3517,0.8551,0.3212,70.0,5.3,254,3,0.4358,0,0.47142744064331055,7,7,7,0.14285714285714285
U0605,P02931,A1127,56+,Female,Chennai,Computer Science,4.6,PhD,319,15,Finance,Text,0.4661,0.3016,0.8123,38.0,2.0,851,2,0.4953,1,0.4503594636917114,8,8,8,0.125
U0605,P03890,A0981,56+,Female,Chennai,Computer Science,4.6,PhD,319,15,Data Science,Video,0.6116,0.3896,0.5172,14.3,1.7,364,2,0.5013,1,0.40696805715560913,9,9,9,0.1111111111111111
U0605,P02764,A0812,56+,Female,Chennai,Computer Science,4.6,PhD,319,15,Marketing,Image,0.2333,0.6702,0.5177,67.6,1.7,410,2,0.4317,0,0.40667396783828735,10,10,10,0.1
U0605,P02708,A0036,56+,Female,Chennai,Computer Science,4.6,PhD,319,15,Marketing,Text,0.0231,0.4179,0.8411,35.7,8.1,478,3,0.4168,1,0.3874889016151428,11,11,11,0.09090909090909091
U0605,P01405,A0986,56+,Female,Chennai,Computer Science,4.6,PhD,319,15,Finance,Text,0.2138,0.3596,0.6464,0.1,7.6,551,3,0.4283,0,0.3701303005218506,12,12,12,0.08333333333333333
U0605,P00174,A1550,56+,Female,Chennai,Computer Science,4.6,PhD,319,15,Software,Job Opportunity,0.7235,0.2114,0.5178,23.8,5.9,737,3,0.3934,0,0.3284522294998169,13,13,13,0.07692307692307693
U0605,P02560,A0092,56+,Female,Chennai,Computer Science,4.6,PhD,319,15,Software,Text,0.5077,0.2681,0.5887,7.9,7.6,156,4,0.3919,0,0.2949012517929077,14,14,14,0.07142857142857142
U0605,P04103,A1659,56+,Female,Chennai,Computer Science,4.6,PhD,319,15,Design,Article,0.0885,0.4526,0.4301,86.7,5.2,489,2,0.2366,0,0.19165447354316711,15,15,15,0.06666666666666667
U0613,P01608,A0464,56+,Female,Pune,Engineering,1.3,Bachelors,1099,24,AI,Job Opportunity,0.2278,0.5034,0.9636,3.9,2.4,394,4,0.6461,0,0.7537227869033813,1,1,1,1.0
U0613,P00530,A1282,56+,Female,Pune,Engineering,1.3,Bachelors,1099,24,Machine Learning,Image,0.1204,0.6658,0.7205,23.0,1.7,224,3,0.592,0,0.7263407707214355,3,3,2,0.5
U0613,P00543,A0642,56+,Female,Pune,Engineering,1.3,Bachelors,1099,24,Finance,Video,0.3554,0.7721,0.6256,43.6,11.5,233,3,0.6265,1,0.6827009916305542,4,4,3,0.3333333333333333
U0613,P02008,A1076,56+,Female,Pune,Engineering,1.3,Bachelors,1099,24,Leadership,Video,0.512,0.6523,0.3536,43.3,7.4,342,2,0.53,1,0.6132792830467224,5,5,4,0.25
U0613,P01238,A0319,56+,Female,Pune,Engineering,1.3,Bachelors,1099,24,Finance,Video,0.369,0.6678,0.7346,2.1,10.5,179,2,0.7253,0,0.7291379570960999,2,2,5,0.2
U0613,P04738,A1336,56+,Female,Pune,Engineering,1.3,Bachelors,1099,24,Data Science,Video,0.2828,0.9438,0.3466,12.2,7.3,209,4,0.6053,0,0.5937309265136719,6,6,6,0.16666666666666666
U0613,P04727,A0299,56+,Female,Pune,Engineering,1.3,Bachelors,1099,24,Marketing,Article,0.2549,0.4347,0.6859,28.5,4.8,341,4,0.4564,0,0.5143267512321472,7,7,7,0.14285714285714285
U0613,P03316,A0339,56+,Female,Pune,Engineering,1.3,Bachelors,1099,24,Data Science,Video,0.3933,0.7748,0.4185,0.9,8.5,1876,5,0.573,0,0.48346126079559326,8,8,8,0.125
U0613,P04360,A0532,56+,Female,Pune,Engineering,1.3,Bachelors,1099,24,Design,Text,0.4439,0.3997,0.4331,5.8,5.6,386,4,0.4292,0,0.46484801173210144,9,9,9,0.1111111111111111
U0620,P03332,A0628,18-25,Female,Delhi,Engineering,5.8,Bachelors,307,21,Finance,Image,0.448,0.8774,0.7814,22.9,4.5,327,3,0.7754,1,0.8384469151496887,2,2,1,1.0
U0620,P02923,A1395,18-25,Female,Delhi,Engineering,5.8,Bachelors,307,21,Career,Text,0.4871,0.9007,0.795,1.6,1.3,725,4,0.8009,1,0.8229245543479919,3,3,2,0.5
U0620,P02706,A1481,18-25,Female,Delhi,Engineering,5.8,Bachelors,307,21,Software,Video,0.1466,0.7268,0.7626,35.7,3.2,214,2,0.6461,1,0.6910594701766968,7,7,3,0.3333333333333333
U0620,P02511,A0027,18-25,Female,Delhi,Engineering,5.8,Bachelors,307,21,Career,Article,0.1772,0.7233,0.6029,28.3,3.9,226,1,0.6333,0,0.6542907357215881,9,9,4,0.25
U0620,P04940,A0862,18-25,Female,Delhi,Engineering,5.8,Bachelors,307,21,AI,Text,0.3775,0.8902,0.907,17.5,4.8,287,1,0.846,1,0.8385651111602783,1,1,5,0.2
U0620,P04855,A1855,18-25,Female,Delhi,Engineering,5.8,Bachelors,307,21,Leadership,Job Opportunity,0.4778,0.7287,0.6343,2.4,8.4,924,1,0.7592,1,0.7933312654495239,4,4,6,0.16666666666666666
U0620,P04238,A0271,18-25,Female,Delhi,Engineering,5.8,Bachelors,307,21,Leadership,Job Opportunity,0.3231,0.8842,0.6488,4.8,5.9,486,2,0.7622,1,0.7717437148094177,5,5,7,0.14285714285714285
U0620,P01048,A1245,18-25,Female,Delhi,Engineering,5.8,Bachelors,307,21,Design,Job Opportunity,0.066,0.7313,0.8976,89.0,11.2,497,2,0.5806,1,0.7168610095977783,6,6,8,0.125
U0620,P00336,A0197,18-25,Female,Delhi,Engineering,5.8,Bachelors,307,21,Marketing,Text,0.3408,0.2568,0.9078,2.2,9.3,441,1,0.6272,0,0.6820400953292847,8,8,9,0.1111111111111111
U0620,P03808,A0668,18-25,Female,Delhi,Engineering,5.8,Bachelors,307,21,AI,Article,0.423,0.5401,0.8534,34.9,5.7,206,2,0.6667,1,0.6537354588508606,10,10,10,0.1
U0620,P03137,A1593,18-25,Female,Delhi,Engineering,5.8,Bachelors,307,21,Machine Learning,Text,0.425,0.6275,0.6518,20.9,10.7,667,3,0.6247,1,0.6420233845710754,11,11,11,0.09090909090909091
U0620,P04020,A1853,18-25,Female,Delhi,Engineering,5.8,Bachelors,307,21,Data Science,Article,0.1968,0.6692,0.7655,46.1,2.9,111,2,0.6139,1,0.6355202198028564,12,12,12,0.08333333333333333
U0620,P00157,A0702,18-25,Female,Delhi,Engineering,5.8,Bachelors,307,21,Marketing,Article,0.5508,0.5984,0.8164,5.7,9.4,206,5,0.6751,1,0.6201142072677612,13,13,13,0.07692307692307693
U0620,P04240,A0332,18-25,Female,Delhi,Engineering,5.8,Bachelors,307,21,Data Science,Article,0.4283,0.5538,0.5604,22.0,1.7,343,2,0.5822,1,0.5788585543632507,14,14,14,0.07142857142857142
U0620,P02114,A0535,18-25,Female,Delhi,Engineering,5.8,Bachelors,307,21,Career,Text,0.2334,0.6421,0.4477,10.9,10.3,775,3,0.5153,0,0.5298067331314087,15,15,15,0.06666666666666667
U0620,P00188,A1211,18-25,Female,Delhi,Engineering,5.8,Bachelors,307,21,Machine Learning,Image,0.6022,0.4718,0.3508,36.6,1.9,259,1,0.5039,0,0.5254469513893127,16,16,16,0.0625
U0620,P00625,A1464,18-25,Female,Delhi,Engineering,5.8,Bachelors,307,21,Machine Learning,Job Opportunity,0.1619,0.5521,0.7486,63.6,10.8,139,1,0.538,0,0.5159869194030762,17,17,17,0.058823529411764705
U0620,P00034,A0140,18-25,Female,Delhi,Engineering,5.8,Bachelors,307,21,Leadership,Text,0.7329,0.3092,0.5006,10.7,6.7,293,3,0.5091,0,0.5078510046005249,18,18,18,0.05555555555555555
U0620,P00780,A0374,18-25,Female,Delhi,Engineering,5.8,Bachelors,307,21,Leadership,Article,0.3607,0.7379,0.7607,111.7,4.0,126,4,0.4971,0,0.4676091969013214,19,19,19,0.05263157894736842
U0620,P04071,A1758,18-25,Female,Delhi,Engineering,5.8,Bachelors,307,21,Machine Learning,Text,0.5993,0.3387,0.5272,32.7,8.8,269,2,0.4869,0,0.4013778567314148,20,20,20,0.05
U0620,P04416,A1162,18-25,Female,Delhi,Engineering,5.8,Bachelors,307,21,Leadership,Image,0.0782,0.6636,0.1829,40.8,1.2,171,4,0.2919,0,0.37515291571617126,21,21,21,0.047619047619047616
U0620,P04456,A1902,18-25,Female,Delhi,Engineering,5.8,Bachelors,307,21,Machine Learning,Video,0.2192,0.6444,0.1707,12.1,4.5,398,3,0.394,0,0.3495716452598572,22,22,22,0.045454545454545456
U0620,P04599,A0645,18-25,Female,Delhi,Engineering,5.8,Bachelors,307,21,Machine Learning,Job Opportunity,0.3276,0.1151,0.559,14.6,3.7,443,2,0.3544,1,0.3240044116973877,23,23,23,0.043478260869565216
U0620,P03909,A0603,18-25,Female,Delhi,Engineering,5.8,Bachelors,307,21,AI,Article,0.2342,0.6153,0.1863,49.6,7.9,1367,2,0.3508,0,0.29101377725601196,24,24,24,0.041666666666666664
U0621,P04458,A0798,36-45,Female,Kolkata,Computer Science,5.5,Masters,262,15,AI,Video,0.3796,0.505,0.5658,22.8,0.7,710,1,0.5293,0,0.5652402639389038,2,2,1,1.0
U0621,P03616,A1811,36-45,Female,Kolkata,Computer Science,5.5,Masters,262,15,Data Science,Job Opportunity,0.4704,0.4178,0.3875,6.8,3.9,252,4,0.3723,1,0.34670206904411316,4,4,2,0.5
U0621,P00117,A0584,36-45,Female,Kolkata,Computer Science,5.5,Masters,262,15,Data Science,Article,0.1108,0.7704,0.2667,18.3,3.9,389,5,0.3453,0,0.3299124240875244,5,5,3,0.3333333333333333
U0621,P03282,A1225,36-45,Female,Kolkata,Computer Science,5.5,Masters,262,15,Machine Learning,Video,0.0179,0.8877,0.5255,2.1,5.3,166,2,0.6111,1,0.5966084003448486,1,1,4,0.25
U0621,P04072,A0308,36-45,Female,Kolkata,Computer Science,5.5,Masters,262,15,Software,Job Opportunity,0.3305,0.5787,0.5372,9.7,9.5,208,2,0.5342,1,0.49222809076309204,3,3,5,0.2
U0621,P00395,A0288,36-45,Female,Kolkata,Computer Science,5.5,Masters,262,15,Career,Text,0.157,0.5304,0.1749,14.8,4.4,166,1,0.3369,1,0.32019558548927307,6,6,6,0.16666666666666666
U0637,P02939,A0557,36-45,Female,Mumbai,Design,4.1,Masters,179,22,AI,Article,0.7388,0.8725,0.9272,6.9,7.5,307,4,0.8594,1,0.8798096179962158,1,1,1,1.0
U0637,P00846,A0974,36-45,Female,Mumbai,Design,4.1,Masters,179,22,Career,Image,0.3512,0.7869,0.8412,7.3,4.8,337,3,0.7674,1,0.7696664929389954,2,2,2,0.5
U0637,P04300,A1996,36-45,Female,Mumbai,Design,4.1,Masters,179,22,Career,Video,0.4075,0.7576,0.6388,20.2,6.6,191,3,0.6791,1,0.7341967821121216,3,3,3,0.3333333333333333
U0637,P01832,A0328,36-45,Female,Mumbai,Design,4.1,Masters,179,22,Finance,Article,0.3389,0.7706,0.6812,8.2,8.5,184,3,0.7044,1,0.7256834506988525,4,4,4,0.25
U0637,P03081,A1892,36-45,Female,Mumbai,Design,4.1,Masters,179,22,Design,Video,0.2597,0.8719,0.539,4.9,3.7,542,2,0.7106,1,0.7222108840942383,5,5,5,0.2
U0637,P04370,A1759,36-45,Female,Mumbai,Design,4.1,Masters,179,22,Career,Article,0.5821,0.552,0.7131,1.5,9.1,507,4,0.6629,1,0.6608619093894958,6,6,6,0.16666666666666666
U0637,P02970,A1163,36-45,Female,Mumbai,Design,4.1,Masters,179,22,AI,Video,0.2444,0.3846,0.8349,0.3,2.4,252,2,0.6099,1,0.6548790335655212,7,7,7,0.14285714285714285
U0637,P03336,A1098,36-45,Female,Mumbai,Design,4.1,Masters,179,22,Leadership,Text,0.1351,0.6891,0.6257,23.5,6.9,125,3,0.5657,0,0.6267659664154053,8,8,8,0.125
U0637,P01941,A1506,36-45,Female,Mumbai,Design,4.1,Masters,179,22,Marketing,Text,0.1539,0.8251,0.3809,1.2,4.8,352,3,0.5792,1,0.5834662318229675,9,9,9,0.1111111111111111
U0637,P01390,A0485,36-45,Female,Mumbai,Design,4.1,Masters,179,22,Machine Learning,Video,0.4835,0.6366,0.5081,33.2,0.5,127,1,0.6283,0,0.5683602690696716,10,10,10,0.1
U0637,P02869,A1352,36-45,Female,Mumbai,Design,4.1,Masters,179,22,Marketing,Article,0.4825,0.3533,0.3794,1.8,3.9,552,3,0.4329,0,0.5072941184043884,11,11,11,0.09090909090909091
U0637,P04192,A0599,36-45,Female,Mumbai,Design,4.1,Masters,179,22,Leadership,Text,0.5711,0.2498,0.5887,1.9,4.8,939,5,0.4293,1,0.38821327686309814,12,12,12,0.08333333333333333
U0638,P02938,A1765,36-45,Male,Chennai,HR,7.9,PhD,185,30,Marketing,Article,0.4284,0.8393,0.6966,6.0,8.8,1239,3,0.8014,0,0.8275007605552673,1,1,1,1.0
U0638,P00002,A0616,36-45,Male,Chennai,HR,7.9,PhD,185,30,Career,Video,0.4864,0.8955,0.6361,12.2,9.8,333,4,0.784,1,0.8274664282798767,2,2,2,0.5
U0638,P03155,A0964,36-45,Male,Chennai,HR,7.9,PhD,185,30,Finance,Text,0.4688,0.6099,0.8141,15.1,6.2,926,3,0.7517,0,0.7882506847381592,3,3,3,0.3333333333333333
U0638,P01236,A1892,36-45,Male,Chennai,HR,7.9,PhD,185,30,Leadership,Job Opportunity,0.1359,0.7557,0.5748,22.9,2.7,209,1,0.6951,1,0.7342439293861389,4,4,4,0.25
U0638,P03561,A0449,36-45,Male,Chennai,HR,7.9,PhD,185,30,Marketing,Text,0.4822,0.3815,0.8674,49.9,1.9,204,2,0.6475,1,0.7109928131103516,5,5,5,0.2
U0638,P01209,A1266,36-45,Male,Chennai,HR,7.9,PhD,185,30,Leadership,Text,0.47,0.3635,0.529,28.2,8.8,330,2,0.5391,1,0.6209656596183777,6,6,6,0.16666666666666666
U0638,P02774,A0417,36-45,Male,Chennai,HR,7.9,PhD,185,30,Career,Job Opportunity,0.207,0.5799,0.6334,0.0,2.3,312,5,0.5777,0,0.4893282949924469,7,7,7,0.14285714285714285
U0638,P01912,A1076,36-45,Male,Chennai,HR,7.9,PhD,185,30,Data Science,Job Opportunity,0.1941,0.6099,0.7205,58.7,13.8,216,3,0.5739,1,0.48853805661201477,8,8,8,0.125
U0638,P02551,A1138,36-45,Male,Chennai,HR,7.9,PhD,185,30,Machine Learning,Article,0.5195,0.2125,0.6514,4.6,6.2,140,2,0.5759,0,0.41744062304496765,9,9,9,0.1111111111111111
U0638,P04933,A0768,36-45,Male,Chennai,HR,7.9,PhD,185,30,Software,Text,0.0865,0.3054,0.2997,33.3,2.6,212,1,0.3358,0,0.23842258751392365,10,10,10,0.1
U0642,P00904,A0871,36-45,Male,Kolkata,Computer Science,7.6,Masters,479,18,Machine Learning,Job Opportunity,0.7539,0.8,0.8054,2.6,3.1,835,2,0.8457,1,0.7810274362564087,1,1,1,1.0
U0642,P03793,A0306,36-45,Male,Kolkata,Computer Science,7.6,Masters,479,18,Career,Job Opportunity,0.3993,0.7652,0.8217,12.8,5.5,157,3,0.7422,1,0.7630735635757446,2,2,2,0.5
U0642,P03231,A1639,36-45,Male,Kolkata,Computer Science,7.6,Masters,479,18,Data Science,Job Opportunity,0.132,0.782,0.7213,20.9,12.7,121,3,0.6368,0,0.6571218967437744,3,3,3,0.3333333333333333
U0642,P02069,A0598,36-45,Male,Kolkata,Computer Science,7.6,Masters,479,18,Leadership,Article,0.1969,0.5703,0.7744,41.9,4.0,861,1,0.5967,1,0.6477177143096924,5,5,4,0.25
U0642,P04754,A0176,36-45,Male,Kolkata,Computer Science,7.6,Masters,479,18,Finance,Video,0.169,0.5959,0.7004,30.7,7.5,391,2,0.5612,1,0.653956949710846,4,4,5,0.2
U0642,P04709,A0260,36-45,Male,Kolkata,Computer Science,7.6,Masters,479,18,Marketing,Text,0.3373,0.3932,0.9118,16.9,3.2,450,3,0.5904,0,0.6169918179512024,6,6,6,0.16666666666666666
U0642,P00325,A0980,36-45,Male,Kolkata,Computer Science,7.6,Masters,479,18,Finance,Video,0.3847,0.3882,0.7909,31.1,4.4,210,2,0.5545,0,0.609935462474823,7,7,7,0.14285714285714285
U0642,P02873,A0545,36-45,Male,Kolkata,Computer Science,7.6,Masters,479,18,Software,Text,0.3585,0.3681,0.8405,13.3,2.6,235,3,0.5613,0,0.6039327383041382,8,8,8,0.125
U0642,P04922,A0189,36-45,Male,Kolkata,Computer Science,7.6,Masters,479,18,Design,Video,0.3424,0.4358,0.6515,14.8,3.4,358,2,0.5401,0,0.5998404026031494,9,9,9,0.1111111111111111
U0642,P01544,A0441,36-45,Male,Kolkata,Computer Science,7.6,Masters,479,18,Finance,Video,0.2459,0.4747,0.491,55.0,6.5,1174,1,0.4177,0,0.5589666962623596,10,10,10,0.1
U0642,P03218,A0304,36-45,Male,Kolkata,Computer Science,7.6,Masters,479,18,Machine Learning,Video,0.3958,0.596,0.4791,38.5,1.5,1023,3,0.4818,1,0.4717649221420288,11,11,11,0.09090909090909091
U0642,P02184,A0627,36-45,Male,Kolkata,Computer Science,7.6,Masters,479,18,Finance,Job Opportunity,0.3694,0.1876,0.6845,7.3,6.2,117,1,0.485,1,0.4696795344352722,12,12,12,0.08333333333333333
U0642,P04966,A1699,36-45,Male,Kolkata,Computer Science,7.6,Masters,479,18,Data Science,Video,0.6948,0.1371,0.5572,13.1,8.7,112,4,0.388,0,0.37977564334869385,13,13,13,0.07692307692307693
U0642,P01455,A1634,36-45,Male,Kolkata,Computer Science,7.6,Masters,479,18,Career,Video,0.4412,0.4364,0.2435,0.7,2.4,243,4,0.3612,0,0.3721628785133362,14,14,14,0.07142857142857142
U0642,P01083,A0687,36-45,Male,Kolkata,Computer Science,7.6,Masters,479,18,Machine Learning,Job Opportunity,0.3104,0.4802,0.3158,24.2,1.9,214,2,0.3938,0,0.3657406270503998,15,15,15,0.06666666666666667
U0646,P04597,A0741,46-55,Female,Mumbai,Marketing,4.9,PhD,1155,20,Marketing,Article,0.417,0.6571,0.8647,20.5,2.0,486,4,0.6904,1,0.6661911010742188,3,3,1,1.0
U0646,P04219,A1017,46-55,Female,Mumbai,Marketing,4.9,PhD,1155,20,Data Science,Text,0.6392,0.3536,0.9777,4.8,2.9,139,3,0.7083,1,0.6323884129524231,5,5,2,0.5
U0646,P00950,A0728,46-55,Female,Mumbai,Marketing,4.9,PhD,1155,20,Career,Article,0.2976,0.4579,0.8347,23.6,0.9,290,2,0.6122,0,0.572603702545166,6,6,3,0.3333333333333333
U0646,P02926,A0215,46-55,Female,Mumbai,Marketing,4.9,PhD,1155,20,Software,Article,0.1302,0.5125,0.42,1.3,5.8,469,1,0.4962,0,0.5260946154594421,7,7,4,0.25
U0646,P04140,A0444,46-55,Female,Mumbai,Marketing,4.9,PhD,1155,20,Leadership,Article,0.5188,0.7179,0.9446,9.1,11.9,202,2,0.8209,0,0.7633446455001831,1,1,5,0.2
U0646,P02575,A0869,46-55,Female,Mumbai,Marketing,4.9,PhD,1155,20,AI,Video,0.5152,0.6628,0.7223,22.9,18.1,252,2,0.7151,1,0.6793311238288879,2,2,6,0.16666666666666666
U0646,P04705,A1136,46-55,Female,Mumbai,Marketing,4.9,PhD,1155,20,Software,Article,0.2607,0.6262,0.7184,20.6,6.1,249,1,0.6701,1,0.6436874866485596,4,4,7,0.14285714285714285
U0646,P01635,A1807,46-55,Female,Mumbai,Marketing,4.9,PhD,1155,20,AI,Job Opportunity,0.3905,0.6141,0.4083,10.1,3.2,89,4,0.4986,0,0.37733787298202515,8,8,8,0.125
U0646,P03242,A0316,46-55,Female,Mumbai,Marketing,4.9,PhD,1155,20,Data Science,Video,0.2675,0.3119,0.718,35.9,1.7,193,5,0.3646,0,0.3102087080478668,9,9,9,0.1111111111111111
U0658,P02303,A1004,26-35,Male,Other,Computer Science,3.9,Bachelors,277,20,Data Science,Job Opportunity,0.4395,0.5977,0.5628,24.6,1.5,870,1,0.6132,1,0.655613362789154,3,3,1,1.0
U0658,P02431,A1479,26-35,Male,Other,Computer Science,3.9,Bachelors,277,20,AI,Image,0.1212,0.6831,0.6365,1.4,12.7,816,3,0.5823,0,0.631034791469574,4,4,2,0.5
U0658,P01945,A0771,26-35,Male,Other,Computer Science,3.9,Bachelors,277,20,Design,Image,0.2709,0.553,0.8154,9.9,2.5,940,3,0.616,0,0.6110103130340576,6,6,3,0.3333333333333333
U0658,P01303,A0298,26-35,Male,Other,Computer Science,3.9,Bachelors,277,20,Data Science,Article,0.4199,0.5238,0.7063,11.8,9.2,965,4,0.5616,1,0.6015726923942566,7,7,4,0.25
U0658,P02049,A0741,26-35,Male,Other,Computer Science,3.9,Bachelors,277,20,Marketing,Video,0.4572,0.8029,0.6238,29.3,4.5,1124,2,0.6956,1,0.76414954662323,1,1,5,0.2
U0658,P04425,A1064,26-35,Male,Other,Computer Science,3.9,Bachelors,277,20,Software,Article,0.4533,0.6105,0.9225,3.9,8.0,1021,1,0.7822,1,0.7583516240119934,2,2,6,0.16666666666666666
U0658,P00711,A1973,26-35,Male,Other,Computer Science,3.9,Bachelors,277,20,Leadership,Image,0.2573,0.5761,0.7521,32.0,8.6,1296,2,0.5865,1,0.6285375356674194,5,5,7,0.14285714285714285
U0658,P00082,A1404,26-35,Male,Other,Computer Science,3.9,Bachelors,277,20,Design,Text,0.0402,0.8455,0.738,74.4,1.8,285,2,0.5711,1,0.5966490507125854,8,8,8,0.125
U0658,P02592,A1570,26-35,Male,Other,Computer Science,3.9,Bachelors,277,20,Machine Learning,Text,0.3347,0.2825,0.9137,24.5,9.6,457,1,0.5774,1,0.5471414923667908,9,9,9,0.1111111111111111
U0658,P01172,A1841,26-35,Male,Other,Computer Science,3.9,Bachelors,277,20,Leadership,Job Opportunity,0.5567,0.232,0.4817,19.3,9.9,91,3,0.3782,0,0.39421722292900085,10,10,10,0.1
U0658,P00769,A1712,26-35,Male,Other,Computer Science,3.9,Bachelors,277,20,Marketing,Text,0.1484,0.4123,0.4601,85.8,8.6,520,1,0.2902,0,0.2584186792373657,11,11,11,0.09090909090909091
U0660,P02497,A0604,26-35,Male,Bengaluru,Finance,2.5,Bachelors,566,15,Data Science,Article,0.5848,0.5473,0.7972,1.3,2.4,73,1,0.7422,1,0.7539373636245728,1,1,1,1.0
U0660,P01956,A1032,26-35,Male,Bengaluru,Finance,2.5,Bachelors,566,15,Data Science,Job Opportunity,0.2425,0.7854,0.838,10.4,8.0,820,3,0.7096,1,0.7524516582489014,2,2,2,0.5
U0660,P02161,A0957,26-35,Male,Bengaluru,Finance,2.5,Bachelors,566,15,Career,Job Opportunity,0.5112,0.7429,0.519,15.7,2.2,131,1,0.6855,1,0.6700822114944458,3,3,3,0.3333333333333333
U0660,P04768,A0757,26-35,Male,Bengaluru,Finance,2.5,Bachelors,566,15,Design,Job Opportunity,0.4134,0.2514,0.8391,58.0,2.9,1214,2,0.4414,1,0.5739859938621521,4,4,4,0.25
U0660,P02562,A1251,26-35,Male,Bengaluru,Finance,2.5,Bachelors,566,15,Marketing,Job Opportunity,0.0948,0.3469,0.8246,19.9,2.7,53,2,0.4713,0,0.551169753074646,5,5,5,0.2
U0660,P02619,A1611,26-35,Male,Bengaluru,Finance,2.5,Bachelors,566,15,Marketing,Video,0.079,0.696,0.4656,19.8,4.7,216,2,0.4891,1,0.4824371635913849,6,6,6,0.16666666666666666
U0660,P03779,A0423,26-35,Male,Bengaluru,Finance,2.5,Bachelors,566,15,Marketing,Article,0.4904,0.3497,0.5554,8.5,7.6,108,2,0.4899,0,0.4547821581363678,7,7,7,0.14285714285714285
U0664,P03199,A1525,18-25,Female,Ahmedabad,HR,1.0,Diploma,288,20,Leadership,Job Opportunity,0.4768,0.6612,0.7549,9.2,3.0,282,2,0.7079,1,0.7681408524513245,1,1,1,1.0
U0664,P01744,A1456,18-25,Female,Ahmedabad,HR,1.0,Diploma,288,20,Design,Image,0.1967,0.8518,0.7762,4.3,3.9,213,3,0.7117,0,0.7094441652297974,2,2,2,0.5
U0664,P02500,A1378,18-25,Female,Ahmedabad,HR,1.0,Diploma,288,20,Machine Learning,Article,0.3507,0.6664,0.745,37.4,2.9,370,1,0.6558,1,0.6523292064666748,3,3,3,0.3333333333333333
U0664,P00360,A1629,18-25,Female,Ahmedabad,HR,1.0,Diploma,288,20,Software,Image,0.1268,0.804,0.5418,5.2,1.0,477,2,0.612,1,0.5382062792778015,6,6,4,0.25
U0664,P03241,A0808,18-25,Female,Ahmedabad,HR,1.0,Diploma,288,20,Leadership,Video,0.265,0.4555,0.7218,7.0,7.9,1903,2,0.5504,1,0.5799821019172668,4,4,5,0.2
U0664,P02551,A1216,18-25,Female,Ahmedabad,HR,1.0,Diploma,288,20,Machine Learning,Article,0.5195,0.6272,0.4684,4.6,6.2,140,2,0.602,1,0.554184079170227,5,5,6,0.16666666666666666
U0664,P02769,A1224,18-25,Female,Ahmedabad,HR,1.0,Diploma,288,20,Finance,Article,0.3768,0.6006,0.7216,14.8,3.2,1032,5,0.5406,0,0.45485377311706543,7,7,7,0.14285714285714285
U0664,P02923,A0882,18-25,Female,Ahmedabad,HR,1.0,Diploma,288,20,Career,Text,0.4871,0.2692,0.5877,1.6,1.3,725,1,0.5048,0,0.42991000413894653,8,8,8,0.125
U0664,P01109,A1319,18-25,Female,Ahmedabad,HR,1.0,Diploma,288,20,Data Science,Article,0.6279,0.323,0.7463,46.1,4.3,150,4,0.4515,0,0.3875110447406769,9,9,9,0.1111111111111111
U0664,P02114,A1218,18-25,Female,Ahmedabad,HR,1.0,Diploma,288,20,Career,Text,0.2334,0.5161,0.2938,10.9,10.3,775,5,0.2973,0,0.2549290657043457,10,10,10,0.1
U0669,P02351,A1207,26-35,Male,Delhi,Business,2.4,Masters,335,15,Marketing,Text,0.4569,0.9622,0.8923,83.6,2.9,780,3,0.7213,1,0.6858267188072205,3,3,1,1.0
U0669,P01679,A1964,26-35,Male,Delhi,Business,2.4,Masters,335,15,Finance,Text,0.1382,0.8668,0.6372,35.6,3.5,269,1,0.6502,1,0.6192449927330017,5,5,2,0.5
U0669,P03804,A1658,26-35,Male,Delhi,Business,2.4,Masters,335,15,Career,Text,0.5036,0.3417,0.2616,4.2,8.9,249,4,0.3089,0,0.36138683557510376,6,6,3,0.3333333333333333
U0669,P04849,A1266,26-35,Male,Delhi,Business,2.4,Masters,335,15,AI,Video,0.3347,0.6665,0.398,77.4,3.2,126,2,0.3928,0,0.3343571722507477,7,7,4,0.25
U0669,P00805,A1550,26-35,Male,Delhi,Business,2.4,Masters,335,15,Machine Learning,Video,0.4249,0.8217,0.5967,42.6,8.0,170,1,0.6727,1,0.7906843423843384,1,1,5,0.2
U0669,P03267,A0433,26-35,Male,Delhi,Business,2.4,Masters,335,15,Finance,Article,0.4085,0.53,0.9831,0.6,5.0,90,2,0.7275,1,0.731613039970398,2,2,6,0.16666666666666666
U0669,P02288,A0949,26-35,Male,Delhi,Business,2.4,Masters,335,15,AI,Text,0.4828,0.6762,0.6385,55.3,5.0,277,1,0.6136,1,0.6419181823730469,4,4,7,0.14285714285714285
U0669,P00114,A0582,26-35,Male,Delhi,Business,2.4,Masters,335,15,Data Science,Text,0.1786,0.3437,0.4171,36.0,12.8,133,5,0.2177,0,0.2176496684551239,8,8,8,0.125
U0682,P01181,A0798,18-25,Male,Other,Computer Science,1.2,Bachelors,385,16,Software,Article,0.2224,0.9351,0.4198,40.8,2.9,45,2,0.5638,1,0.6694347858428955,1,1,1,1.0
U0682,P03093,A0483,18-25,Male,Other,Computer Science,1.2,Bachelors,385,16,Finance,Text,0.1913,0.6273,0.8092,54.2,5.0,466,3,0.5079,1,0.5776269435882568,2,2,2,0.5
U0682,P01565,A0444,18-25,Male,Other,Computer Science,1.2,Bachelors,385,16,Data Science,Video,0.2988,0.5791,0.551,5.4,5.2,156,3,0.5012,1,0.5062865018844604,3,3,3,0.3333333333333333
U0682,P01853,A0733,18-25,Male,Other,Computer Science,1.2,Bachelors,385,16,Career,Video,0.6075,0.5724,0.4377,23.9,6.4,514,4,0.4652,0,0.48440176248550415,4,4,4,0.25
U0682,P02164,A0771,18-25,Male,Other,Computer Science,1.2,Bachelors,385,16,Leadership,Text,0.3012,0.4661,0.7645,7.7,9.7,244,5,0.4666,0,0.4397891163825989,5,5,5,0.2
U0682,P02538,A0868,18-25,Male,Other,Computer Science,1.2,Bachelors,385,16,Leadership,Text,0.2032,0.3589,0.8651,12.1,7.3,259,4,0.4526,1,0.42628294229507446,6,6,6,0.16666666666666666
U0682,P01621,A1901,18-25,Male,Other,Computer Science,1.2,Bachelors,385,16,Career,Image,0.4835,0.3343,0.5789,45.0,4.3,410,5,0.3077,1,0.37864282727241516,7,7,7,0.14285714285714285
U0682,P04493,A1488,18-25,Male,Other,Computer Science,1.2,Bachelors,385,16,Finance,Image,0.1586,0.6048,0.3714,34.1,5.5,265,4,0.318,0,0.36766955256462097,8,8,8,0.125
U0682,P00923,A1451,18-25,Male,Other,Computer Science,1.2,Bachelors,385,16,Software,Article,0.09,0.5282,0.7299,46.9,4.2,102,3,0.4123,0,0.34216195344924927,9,9,9,0.1111111111111111
U0682,P02429,A0849,18-25,Male,Other,Computer Science,1.2,Bachelors,385,16,Data Science,Video,0.1407,0.1855,0.8179,61.9,3.5,121,4,0.2527,1,0.2735266089439392,10,10,10,0.1
U0701,P02362,A0841,18-25,Female,Delhi,Computer Science,8.0,Masters,328,11,Leadership,Job Opportunity,0.5666,0.7629,0.735,4.2,4.2,634,3,0.73,1,0.7561837434768677,1,1,1,1.0
U0701,P03369,A0409,18-25,Female,Delhi,Computer Science,8.0,Masters,328,11,Marketing,Article,0.5612,0.6034,0.6366,30.1,1.7,266,2,0.6048,0,0.5559310913085938,4,4,2,0.5
U0701,P03797,A1174,18-25,Female,Delhi,Computer Science,8.0,Masters,328,11,Marketing,Video,0.2742,0.6773,0.6179,65.5,2.4,1086,2,0.4856,0,0.5252191424369812,5,5,3,0.3333333333333333
U0701,P01360,A1497,18-25,Female,Delhi,Computer Science,8.0,Masters,328,11,Design,Article,0.1895,0.7778,0.8601,7.0,5.4,117,2,0.7171,1,0.7007250189781189,2,2,4,0.25
U0701,P00015,A0548,18-25,Female,Delhi,Computer Science,8.0,Masters,328,11,Leadership,Video,0.5363,0.376,0.5383,5.9,9.1,179,1,0.5249,0,0.620556652545929,3,3,5,0.2
U0701,P03867,A0977,18-25,Female,Delhi,Computer Science,8.0,Masters,328,11,Software,Text,0.2182,0.4823,0.8223,45.5,2.8,233,4,0.435,1,0.40961745381355286,6,6,6,0.16666666666666666
U0713,P03745,A0976,36-45,Female,Bengaluru,Business,1.9,PhD,55,15,Machine Learning,Text,0.5937,0.9315,0.5854,4.6,12.1,895,3,0.7567,1,0.7244369983673096,1,1,1,1.0
U0713,P04008,A1564,36-45,Female,Bengaluru,Business,1.9,PhD,55,15,Design,Job Opportunity,0.7143,0.9309,0.3761,69.5,6.8,268,2,0.6274,0,0.6155811548233032,2,2,2,0.5
U0713,P03316,A0829,36-45,Female,Bengaluru,Business,1.9,PhD,55,15,Data Science,Video,0.3933,0.4238,0.6771,0.9,8.5,1876,4,0.4886,0,0.4103657603263855,5,5,3,0.3333333333333333
U0713,P00473,A1443,36-45,Female,Bengaluru,Business,1.9,PhD,55,15,Machine Learning,Article,0.0836,0.6095,0.4574,64.0,1.9,234,1,0.3768,0,0.3419352173805237,6,6,4,0.25
U0713,P01240,A1239,36-45,Female,Bengaluru,Business,1.9,PhD,55,15,Finance,Article,0.0567,0.4645,0.8949,6.7,4.4,539,2,0.562,0,0.4943816065788269,3,3,5,0.2
U0713,P03882,A0818,36-45,Female,Bengaluru,Business,1.9,PhD,55,15,Leadership,Text,0.2386,0.6801,0.5361,68.2,6.5,1661,1,0.4772,0,0.4110829532146454,4,4,6,0.16666666666666666
U0713,P00181,A0835,36-45,Female,Bengaluru,Business,1.9,PhD,55,15,Software,Video,0.0472,0.1469,0.5716,26.0,5.9,109,2,0.2497,0,0.2889396846294403,7,7,7,0.14285714285714285
U0713,P04372,A1284,36-45,Female,Bengaluru,Business,1.9,PhD,55,15,Marketing,Video,0.1284,0.3323,0.7219,77.9,3.0,158,3,0.2829,0,0.25098326802253723,8,8,8,0.125
U0763,P00723,A0992,18-25,Male,Other,Engineering,4.3,Bachelors,54,18,Leadership,Article,0.6307,0.8798,0.7334,3.2,6.9,193,3,0.7999,1,0.7778885960578918,1,1,1,1.0
U0763,P00987,A0966,18-25,Male,Other,Engineering,4.3,Bachelors,54,18,Leadership,Text,0.4325,0.5416,0.7651,35.2,3.9,2859,3,0.5718,0,0.5941846370697021,3,3,2,0.5
U0763,P04317,A0382,18-25,Male,Other,Engineering,4.3,Bachelors,54,18,AI,Job Opportunity,0.3149,0.5513,0.7571,19.3,1.1,209,4,0.5406,0,0.48316919803619385,6,6,3,0.3333333333333333
U0763,P01762,A1032,18-25,Male,Other,Engineering,4.3,Bachelors,54,18,Career,Text,0.3307,0.7556,0.6996,66.8,2.7,1015,4,0.5277,1,0.4200565814971924,8,8,4,0.25
U0763,P02361,A1591,18-25,Male,Other,Engineering,4.3,Bachelors,54,18,Finance,Text,0.4832,0.6212,0.7298,8.6,4.4,610,2,0.6872,1,0.6495082378387451,2,2,5,0.2
U0763,P04342,A1081,18-25,Male,Other,Engineering,4.3,Bachelors,54,18,Software,Article,0.443,0.598,0.8101,49.8,8.2,300,2,0.6232,1,0.5671178698539734,4,4,6,0.16666666666666666
U0763,P04432,A1045,18-25,Male,Other,Engineering,4.3,Bachelors,54,18,Machine Learning,Job Opportunity,0.1496,0.5678,0.6039,13.4,4.9,446,2,0.5152,0,0.5062989592552185,5,5,7,0.14285714285714285
U0763,P03360,A0562,18-25,Male,Other,Engineering,4.3,Bachelors,54,18,Leadership,Text,0.7947,0.1955,0.565,14.0,5.5,410,2,0.4887,1,0.4456603527069092,7,7,8,0.125
U0763,P04642,A1330,18-25,Male,Other,Engineering,4.3,Bachelors,54,18,Marketing,Article,0.2489,0.2907,0.3679,28.7,3.1,323,3,0.2616,1,0.2742198407649994,9,9,9,0.1111111111111111
U0763,P04487,A1031,18-25,Male,Other,Engineering,4.3,Bachelors,54,18,Machine Learning,Text,0.3007,0.3549,0.3761,92.3,5.5,95,3,0.2063,0,0.20725595951080322,10,10,10,0.1
U0787,P04135,A1402,36-45,Female,Bengaluru,Data Science,14.3,Bachelors,334,14,Marketing,Text,0.4319,0.5676,0.8303,23.1,4.0,279,1,0.7164,0,0.7428050637245178,3,3,1,1.0
U0787,P00264,A0488,36-45,Female,Bengaluru,Data Science,14.3,Bachelors,334,14,Leadership,Article,0.4744,0.5433,0.8623,34.6,7.6,695,4,0.6218,1,0.6092463135719299,6,6,2,0.5
U0787,P02367,A0209,36-45,Female,Bengaluru,Data Science,14.3,Bachelors,334,14,Data Science,Video,0.53,0.6482,0.3846,12.0,1.6,855,1,0.6287,1,0.5474187731742859,8,8,3,0.3333333333333333
U0787,P04361,A0194,36-45,Female,Bengaluru,Data Science,14.3,Bachelors,334,14,Software,Article,0.5025,0.6186,0.0933,31.4,6.9,229,1,0.4469,0,0.35811129212379456,9,9,4,0.25
U0787,P02371,A1481,36-45,Female,Bengaluru,Data Science,14.3,Bachelors,334,14,Finance,Article,0.348,0.7281,0.7266,19.9,17.4,264,2,0.7057,0,0.7697542905807495,1,1,5,0.2
U0787,P04395,A0905,36-45,Female,Bengaluru,Data Science,14.3,Bachelors,334,14,AI,Article,0.5872,0.44,0.8293,1.3,6.1,290,2,0.7078,1,0.7499791383743286,2,2,6,0.16666666666666666
U0787,P01241,A1561,36-45,Female,Bengaluru,Data Science,14.3,Bachelors,334,14,AI,Article,0.5805,0.8768,0.63,43.9,8.2,783,2,0.7449,0,0.6861398816108704,4,4,7,0.14285714285714285
U0787,P04998,A0558,36-45,Female,Bengaluru,Data Science,14.3,Bachelors,334,14,Career,Text,0.2731,0.6528,0.6123,38.4,8.3,247,2,0.5743,0,0.6092647314071655,5,5,8,0.125
U0787,P00620,A1065,36-45,Female,Bengaluru,Data Science,14.3,Bachelors,334,14,Career,Text,0.163,0.658,0.5659,7.9,8.6,374,2,0.5875,0,0.5729708075523376,7,7,9,0.1111111111111111
U0787,P01422,A1816,36-45,Female,Bengaluru,Data Science,14.3,Bachelors,334,14,Design,Text,0.1969,0.3886,0.3823,45.3,4.9,291,2,0.3188,0,0.27541834115982056,10,10,10,0.1
U0787,P02641,A0301,36-45,Female,Bengaluru,Data Science,14.3,Bachelors,334,14,Finance,Article,0.1517,0.2133,0.5701,44.3,5.5,571,3,0.2764,0,0.22567827999591827,11,11,11,0.09090909090909091
U0790,P03862,A0880,26-35,Female,Ahmedabad,Business,23.3,Masters,135,17,Marketing,Image,0.4748,0.7382,0.7713,8.4,3.8,338,2,0.7902,1,0.7645939588546753,2,2,1,1.0
U0790,P04803,A1451,26-35,Female,Ahmedabad,Business,23.3,Masters,135,17,Machine Learning,Video,0.4906,0.7089,0.7706,7.6,3.8,252,1,0.8054,1,0.7569922804832458,3,3,2,0.5
U0790,P02581,A1247,26-35,Female,Ahmedabad,Business,23.3,Masters,135,17,Software,Video,0.2017,0.5368,0.3281,0.5,2.4,224,2,0.4832,1,0.5069432854652405,5,5,3,0.3333333333333333
U0790,P03613,A0286,26-35,Female,Ahmedabad,Business,23.3,Masters,135,17,Design,Job Opportunity,0.5564,0.4316,0.8836,9.8,12.3,108,1,0.7526,1,0.8549007177352905,1,1,4,0.25
U0790,P04371,A1300,26-35,Female,Ahmedabad,Business,23.3,Masters,135,17,Software,Text,0.6776,0.2626,0.8025,13.3,15.7,3367,2,0.6484,1,0.6762304902076721,4,4,5,0.2
U0790,P02626,A0261,26-35,Female,Ahmedabad,Business,23.3,Masters,135,17,Software,Video,0.5245,0.7332,0.2935,83.6,4.3,62,1,0.5217,1,0.44827577471733093,6,6,6,0.16666666666666666
U0791,P04728,A0309,18-25,Male,Bengaluru,Data Science,15.9,Bachelors,407,18,Machine Learning,Image,0.913,0.6929,0.5269,12.2,4.0,546,3,0.7639,1,0.7539772391319275,2,2,1,1.0
U0791,P04935,A1802,18-25,Male,Bengaluru,Data Science,15.9,Bachelors,407,18,Design,Article,0.5723,0.6914,0.6302,47.2,10.8,452,3,0.6664,1,0.7258053421974182,3,3,2,0.5
U0791,P01092,A0220,18-25,Male,Bengaluru,Data Science,15.9,Bachelors,407,18,Finance,Article,0.1899,0.5196,0.8939,23.6,6.1,486,4,0.607,0,0.6427838206291199,4,4,3,0.3333333333333333
U0791,P02940,A0176,18-25,Male,Bengaluru,Data Science,15.9,Bachelors,407,18,AI,Image,0.5008,0.5897,0.6822,19.5,2.4,487,5,0.613,1,0.6209821105003357,5,5,4,0.25
U0791,P00708,A1912,18-25,Male,Bengaluru,Data Science,15.9,Bachelors,407,18,Design,Text,0.6413,0.6357,0.9293,19.7,8.2,1772,1,0.8382,0,0.7877435088157654,1,1,5,0.2
U0791,P00940,A1063,18-25,Male,Bengaluru,Data Science,15.9,Bachelors,407,18,Career,Article,0.4898,0.5161,0.4095,10.7,2.4,496,2,0.5738,1,0.5756241083145142,6,6,6,0.16666666666666666
U0791,P04910,A0567,18-25,Male,Bengaluru,Data Science,15.9,Bachelors,407,18,AI,Article,0.544,0.3716,0.0766,28.3,1.9,139,2,0.3455,0,0.2330133467912674,7,7,7,0.14285714285714285
U0791,P02822,A1921,18-25,Male,Bengaluru,Data Science,15.9,Bachelors,407,18,Design,Article,0.0109,0.4816,0.5713,120.5,4.8,220,4,0.2383,0,0.18574661016464233,8,8,8,0.125
U0793,P02875,A0810,26-35,Male,Chennai,Computer Science,7.8,PhD,232,17,Career,Job Opportunity,0.4098,0.5969,0.5407,12.9,9.1,321,4,0.5286,1,0.4810096323490143,3,3,1,1.0
U0793,P04382,A0610,26-35,Male,Chennai,Computer Science,7.8,PhD,232,17,Data Science,Text,0.5546,0.5957,0.5072,47.0,5.0,183,4,0.4854,0,0.4182266592979431,4,4,2,0.5
U0793,P03103,A1423,26-35,Male,Chennai,Computer Science,7.8,PhD,232,17,Career,Article,0.4147,0.3333,0.6335,22.5,7.1,382,4,0.4191,0,0.3815498650074005,5,5,3,0.3333333333333333
U0793,P00554,A0926,26-35,Male,Chennai,Computer Science,7.8,PhD,232,17,Software,Article,0.2947,0.6729,0.674,10.0,5.8,635,1,0.6856,1,0.7096237540245056,1,1,4,0.25
U0793,P03101,A1039,26-35,Male,Chennai,Computer Science,7.8,PhD,232,17,Finance,Article,0.4238,0.6131,0.8933,3.1,7.9,880,2,0.7503,1,0.6886447668075562,2,2,5,0.2
U0793,P04091,A1810,26-35,Male,Chennai,Computer Science,7.8,PhD,232,17,Finance,Image,0.3639,0.2534,0.2265,60.7,4.1,90,2,0.2176,0,0.160838320851326,6,6,6,0.16666666666666666
U0797,P00140,A0922,18-25,Female,Kolkata,Computer Science,5.3,Masters,402,12,AI,Image,0.4696,0.8295,0.871,4.2,3.3,203,3,0.7684,1,0.7870389223098755,1,1,1,1.0
U0797,P01737,A1778,18-25,Female,Kolkata,Computer Science,5.3,Masters,402,12,Marketing,Image,0.5849,0.6998,0.5933,16.5,3.5,269,2,0.6516,0,0.6562920212745667,3,3,2,0.5
U0797,P02746,A1655,18-25,Female,Kolkata,Computer Science,5.3,Masters,402,12,Finance,Job Opportunity,0.5643,0.7549,0.3452,8.3,0.6,1005,1,0.6195,1,0.6255010366439819,4,4,3,0.3333333333333333
U0797,P04649,A0152,18-25,Female,Kolkata,Computer Science,5.3,Masters,402,12,Machine Learning,Text,0.4696,0.6078,0.6985,71.5,3.5,420,1,0.5459,1,0.5759791731834412,5,5,4,0.25
U0797,P01907,A0621,18-25,Female,Kolkata,Computer Science,5.3,Masters,402,12,Design,Job Opportunity,0.5604,0.5313,0.6365,3.5,14.9,1225,2,0.6082,1,0.6900428533554077,2,2,5,0.2
U0797,P01284,A1036,18-25,Female,Kolkata,Computer Science,5.3,Masters,402,12,Machine Learning,Text,0.384,0.3905,0.9462,20.7,7.8,299,4,0.5232,0,0.5037860870361328,6,6,6,0.16666666666666666
U0797,P02118,A1950,18-25,Female,Kolkata,Computer Science,5.3,Masters,402,12,Machine Learning,Text,0.1825,0.5617,0.6196,5.4,5.2,442,1,0.5426,1,0.48377031087875366,7,7,7,0.14285714285714285
U0797,P04823,A0976,18-25,Female,Kolkata,Computer Science,5.3,Masters,402,12,Software,Video,0.4995,0.1682,0.6937,3.2,6.9,185,2,0.4369,0,0.46781912446022034,8,8,8,0.125
U0797,P01328,A0674,18-25,Female,Kolkata,Computer Science,5.3,Masters,402,12,Career,Article,0.3632,0.7908,0.1767,42.1,3.2,1014,4,0.3523,0,0.4662565588951111,9,9,9,0.1111111111111111
U0797,P03932,A1260,18-25,Female,Kolkata,Computer Science,5.3,Masters,402,12,Finance,Text,0.0148,0.634,0.7901,44.1,7.9,397,3,0.4629,1,0.4319317042827606,10,10,10,0.1
U0797,P04225,A0407,18-25,Female,Kolkata,Computer Science,5.3,Masters,402,12,Career,Image,0.3608,0.7568,0.7137,53.3,3.4,720,4,0.5359,1,0.42175722122192383,11,11,11,0.09090909090909091
U0797,P01011,A0938,18-25,Female,Kolkata,Computer Science,5.3,Masters,402,12,AI,Image,0.3081,0.4144,0.5972,5.5,9.6,1069,2,0.4615,1,0.3983616530895233,12,12,12,0.08333333333333333
U0797,P01041,A1877,18-25,Female,Kolkata,Computer Science,5.3,Masters,402,12,Software,Text,0.4289,0.2032,0.6306,2.8,8.1,157,4,0.3485,1,0.3677506148815155,13,13,13,0.07692307692307693
U0797,P01439,A0260,18-25,Female,Kolkata,Computer Science,5.3,Masters,402,12,AI,Video,0.1215,0.4195,0.8681,74.8,2.6,639,4,0.3311,0,0.3400084674358368,14,14,14,0.07142857142857142
U0797,P01752,A0383,18-25,Female,Kolkata,Computer Science,5.3,Masters,402,12,Machine Learning,Article,0.4553,0.4824,0.2093,46.9,6.5,951,4,0.2484,0,0.3048906922340393,15,15,15,0.06666666666666667
U0797,P02670,A1565,18-25,Female,Kolkata,Computer Science,5.3,Masters,402,12,AI,Video,0.0554,0.4062,0.3291,27.8,0.9,199,5,0.1865,0,0.16957977414131165,16,16,16,0.0625
U0802,P04637,A0948,26-35,Male,Hyderabad,Design,4.3,Bachelors,786,15,AI,Text,0.4683,0.5079,0.7798,1.1,2.6,278,1,0.6934,1,0.7196831107139587,1,1,1,1.0
U0802,P04771,A1379,26-35,Male,Hyderabad,Design,4.3,Bachelors,786,15,Finance,Text,0.708,0.5446,0.9477,8.5,6.7,68,4,0.7289,1,0.7005891799926758,2,2,2,0.5
U0802,P04068,A1016,26-35,Male,Hyderabad,Design,4.3,Bachelors,786,15,Machine Learning,Video,0.3653,0.6684,0.799,27.6,3.6,134,1,0.6994,1,0.6898372173309326,3,3,3,0.3333333333333333
U0802,P00316,A0936,26-35,Male,Hyderabad,Design,4.3,Bachelors,786,15,Machine Learning,Article,0.2218,0.7027,0.6942,10.0,3.7,102,1,0.6721,0,0.6807754039764404,4,4,4,0.25
U0802,P00720,A0047,26-35,Male,Hyderabad,Design,4.3,Bachelors,786,15,Marketing,Image,0.4493,0.8658,0.409,18.0,2.8,45,3,0.619,1,0.6034601926803589,5,5,5,0.2
U0802,P03735,A0969,26-35,Male,Hyderabad,Design,4.3,Bachelors,786,15,Machine Learning,Image,0.2827,0.7032,0.4831,9.0,13.6,813,3,0.5436,1,0.5859593749046326,6,6,6,0.16666666666666666
U0802,P04363,A0382,26-35,Male,Hyderabad,Design,4.3,Bachelors,786,15,Finance,Text,0.3441,0.5986,0.8456,40.6,1.3,627,2,0.6287,0,0.5676819086074829,7,7,7,0.14285714285714285
U0802,P01834,A0444,26-35,Male,Hyderabad,Design,4.3,Bachelors,786,15,Data Science,Article,0.0589,0.6422,0.7887,11.6,6.0,86,2,0.6071,1,0.5512446165084839,8,8,8,0.125
U0802,P04301,A1607,26-35,Male,Hyderabad,Design,4.3,Bachelors,786,15,Design,Job Opportunity,0.341,0.6093,0.496,1.3,3.2,181,3,0.5336,0,0.5138863325119019,9,9,9,0.1111111111111111
U0802,P01678,A1533,26-35,Male,Hyderabad,Design,4.3,Bachelors,786,15,Software,Text,0.2092,0.7245,0.5373,10.5,4.3,343,4,0.5216,1,0.4448438882827759,10,10,10,0.1
U0802,P00109,A0980,26-35,Male,Hyderabad,Design,4.3,Bachelors,786,15,Finance,Video,0.3112,0.5949,0.515,49.3,4.5,811,4,0.3992,0,0.43105262517929077,11,11,11,0.09090909090909091
U0802,P04488,A0491,26-35,Male,Hyderabad,Design,4.3,Bachelors,786,15,AI,Text,0.0617,0.547,0.5522,41.5,3.2,97,3,0.3721,0,0.3272702395915985,12,12,12,0.08333333333333333
U0802,P01801,A0481,26-35,Male,Hyderabad,Design,4.3,Bachelors,786,15,Software,Article,0.16,0.4378,0.4262,26.7,9.5,512,2,0.3545,0,0.31501084566116333,13,13,13,0.07692307692307693
U0805,P00907,A1304,18-25,Male,Other,Data Science,5.0,Bachelors,158,7,Marketing,Article,0.6772,0.6636,0.7532,35.1,3.8,153,1,0.686,1,0.6172431111335754,2,2,1,1.0
U0805,P04923,A1264,18-25,Male,Other,Data Science,5.0,Bachelors,158,7,Finance,Job Opportunity,0.143,0.7466,0.5946,9.8,4.7,237,3,0.5082,0,0.4977952241897583,3,3,2,0.5
U0805,P01870,A1683,18-25,Male,Other,Data Science,5.0,Bachelors,158,7,Machine Learning,Image,0.1271,0.6418,0.7342,3.2,12.7,215,3,0.5239,1,0.3968127965927124,4,4,3,0.3333333333333333
U0805,P03583,A0698,18-25,Male,Other,Data Science,5.0,Bachelors,158,7,Finance,Article,0.2604,0.8127,0.2031,77.2,5.0,332,2,0.3142,1,0.3865336775779724,5,5,4,0.25
U0805,P00801,A1345,18-25,Male,Other,Data Science,5.0,Bachelors,158,7,Leadership,Article,0.2845,0.871,0.7564,6.8,4.7,821,2,0.7039,0,0.6932916045188904,1,1,5,0.2
U0805,P04150,A0714,18-25,Male,Other,Data Science,5.0,Bachelors,158,7,Data Science,Image,0.6692,0.4788,0.6744,27.9,3.5,53,4,0.4842,0,0.38070598244667053,6,6,6,0.16666666666666666
U0805,P04754,A0826,18-25,Male,Other,Data Science,5.0,Bachelors,158,7,Finance,Video,0.169,0.6128,0.5753,30.7,7.5,391,5,0.3393,1,0.27698951959609985,7,7,7,0.14285714285714285
U0805,P00793,A0174,18-25,Male,Other,Data Science,5.0,Bachelors,158,7,AI,Image,0.2035,0.5164,0.6781,44.2,2.7,575,4,0.3488,0,0.20212598145008087,8,8,8,0.125
U0805,P01202,A1488,18-25,Male,Other,Data Science,5.0,Bachelors,158,7,Design,Video,0.1754,0.4134,0.2503,25.7,3.2,287,2,0.2349,0,0.187375009059906,9,9,9,0.1111111111111111
U0805,P03820,A1432,18-25,Male,Other,Data Science,5.0,Bachelors,158,7,Design,Video,0.1913,0.2942,0.1063,11.5,0.9,294,5,0.1276,0,0.10693821310997009,10,10,10,0.1
U0837,P03895,A0126,36-45,Female,Mumbai,Computer Science,4.8,Bachelors,115,20,Data Science,Video,0.4179,0.7053,0.3591,2.1,14.9,283,3,0.5706,0,0.6933066844940186,1,1,1,1.0
U0837,P00206,A1402,36-45,Female,Mumbai,Computer Science,4.8,Bachelors,115,20,Career,Job Opportunity,0.2058,0.7224,0.7374,33.1,2.9,1307,3,0.6178,1,0.68144291639328,2,2,2,0.5
U0837,P01287,A0693,36-45,Female,Mumbai,Computer Science,4.8,Bachelors,115,20,Machine Learning,Job Opportunity,0.1622,0.5296,0.8053,10.6,3.5,301,2,0.6159,0,0.6020247936248779,3,3,3,0.3333333333333333
U0837,P01431,A0352,36-45,Female,Mumbai,Computer Science,4.8,Bachelors,115,20,Machine Learning,Article,0.2569,0.7566,0.2988,10.5,4.1,501,2,0.5424,1,0.5113312602043152,6,6,4,0.25
U0837,P02081,A0906,36-45,Female,Mumbai,Computer Science,4.8,Bachelors,115,20,Career,Video,0.2514,0.5817,0.5521,21.0,10.2,112,1,0.5722,0,0.5878068208694458,4,4,5,0.2
U0837,P04439,A1252,36-45,Female,Mumbai,Computer Science,4.8,Bachelors,115,20,Software,Job Opportunity,0.2719,0.5369,0.6738,30.1,9.7,341,1,0.5886,1,0.583501398563385,5,5,6,0.16666666666666666
U0837,P01578,A1483,36-45,Female,Mumbai,Computer Science,4.8,Bachelors,115,20,Machine Learning,Article,0.3931,0.3747,0.5911,11.5,0.4,333,2,0.5113,1,0.4778445065021515,7,7,7,0.14285714285714285
U0837,P01639,A1316,36-45,Female,Mumbai,Computer Science,4.8,Bachelors,115,20,Data Science,Text,0.4833,0.5164,0.044,5.0,12.1,1692,3,0.3589,0,0.4555704891681671,8,8,8,0.125
U0837,P01966,A0798,36-45,Female,Mumbai,Computer Science,4.8,Bachelors,115,20,Software,Image,0.2794,0.5179,0.3225,17.9,1.2,666,3,0.3938,1,0.3577563464641571,9,9,9,0.1111111111111111
U0837,P04413,A1181,36-45,Female,Mumbai,Computer Science,4.8,Bachelors,115,20,Data Science,Job Opportunity,0.3766,0.1784,0.8028,79.4,12.6,252,2,0.3661,0,0.30895134806632996,10,10,10,0.1
U0837,P03392,A1763,36-45,Female,Mumbai,Computer Science,4.8,Bachelors,115,20,AI,Video,0.6536,0.2126,0.5458,30.3,5.6,624,3,0.4134,1,0.2758028507232666,11,11,11,0.09090909090909091
U0842,P04982,A0166,36-45,Female,Other,Data Science,3.9,Bachelors,767,18,Machine Learning,Video,0.7001,0.6885,0.5992,8.4,1.9,1279,1,0.7417,1,0.7276734709739685,1,1,1,1.0
U0842,P04111,A0171,36-45,Female,Other,Data Science,3.9,Bachelors,767,18,AI,Job Opportunity,0.2411,0.2657,0.7117,0.3,7.8,636,3,0.4257,0,0.4398963153362274,4,4,2,0.5
U0842,P02891,A0855,36-45,Female,Other,Data Science,3.9,Bachelors,767,18,Leadership,Text,0.6287,0.6649,0.6941,3.8,4.9,313,2,0.7306,0,0.6751094460487366,2,2,3,0.3333333333333333
U0842,P04433,A1978,36-45,Female,Other,Data Science,3.9,Bachelors,767,18,Data Science,Text,0.3575,0.8299,0.564,20.4,9.3,1554,1,0.6911,1,0.6541708111763,3,3,4,0.25
U0842,P02321,A0583,36-45,Female,Other,Data Science,3.9,Bachelors,767,18,Machine Learning,Video,0.0945,0.4539,0.3555,21.7,1.9,561,3,0.2971,0,0.28797104954719543,5,5,5,0.2
U0843,P02437,A0183,26-35,Female,Chennai,Computer Science,2.8,Bachelors,274,19,AI,Article,0.1179,0.8022,0.4424,56.9,4.1,20,2,0.4728,1,0.6558919548988342,1,1,1,1.0
U0843,P03170,A0081,26-35,Female,Chennai,Computer Science,2.8,Bachelors,274,19,Data Science,Text,0.1823,0.4965,0.8886,21.7,1.4,300,2,0.5965,1,0.6434350609779358,2,2,2,0.5
U0843,P04039,A1395,26-35,Female,Chennai,Computer Science,2.8,Bachelors,274,19,Software,Image,0.3803,0.3587,0.8365,5.1,2.0,398,1,0.6241,0,0.6310588717460632,3,3,3,0.3333333333333333
U0843,P02378,A1566,26-35,Female,Chennai,Computer Science,2.8,Bachelors,274,19,Data Science,Video,0.3633,0.5407,0.8312,28.5,3.0,374,4,0.5662,0,0.6236081719398499,4,4,4,0.25
U0843,P00751,A0360,26-35,Female,Chennai,Computer Science,2.8,Bachelors,274,19,Machine Learning,Image,0.4381,0.3654,0.576,0.8,11.8,329,3,0.4789,0,0.59193354845047,5,5,5,0.2
U0843,P02660,A0043,26-35,Female,Chennai,Computer Science,2.8,Bachelors,274,19,Software,Job Opportunity,0.2792,0.596,0.6119,72.9,1.9,343,1,0.4866,0,0.5427001714706421,6,6,6,0.16666666666666666
U0843,P03638,A0613,26-35,Female,Chennai,Computer Science,2.8,Bachelors,274,19,Machine Learning,Text,0.4149,0.5699,0.3984,16.7,6.4,422,1,0.5325,1,0.5171023607254028,7,7,7,0.14285714285714285
U0843,P02565,A0182,26-35,Female,Chennai,Computer Science,2.8,Bachelors,274,19,Software,Article,0.3918,0.337,0.6043,69.6,8.0,684,1,0.3931,1,0.4347580075263977,8,8,8,0.125
U0843,P04422,A0131,26-35,Female,Chennai,Computer Science,2.8,Bachelors,274,19,Marketing,Image,0.3856,0.4613,0.3722,31.7,6.3,1832,5,0.3092,1,0.3314110040664673,9,9,9,0.1111111111111111
U0848,P04408,A1070,36-45,Female,Bengaluru,Finance,18.5,Masters,171,19,AI,Image,0.0965,0.8171,0.6104,3.6,6.1,458,3,0.6818,1,0.7632308006286621,1,1,1,1.0
U0848,P04314,A1795,36-45,Female,Bengaluru,Finance,18.5,Masters,171,19,Leadership,Article,0.5225,0.3756,0.6581,4.8,2.8,618,1,0.6635,1,0.6450456380844116,3,3,2,0.5
U0848,P02394,A0495,36-45,Female,Bengaluru,Finance,18.5,Masters,171,19,Career,Text,0.3108,0.649,0.3359,21.0,5.0,147,3,0.5139,1,0.5976464748382568,5,5,3,0.3333333333333333
U0848,P01522,A1758,36-45,Female,Bengaluru,Finance,18.5,Masters,171,19,Finance,Article,0.4442,0.6188,0.4867,45.9,4.6,209,4,0.5173,1,0.5329597592353821,6,6,4,0.25
U0848,P00541,A0341,36-45,Female,Bengaluru,Finance,18.5,Masters,171,19,Marketing,Video,0.3537,0.7139,0.5597,70.8,9.0,497,2,0.5853,1,0.6494530439376831,2,2,5,0.2
U0848,P04183,A0819,36-45,Female,Bengaluru,Finance,18.5,Masters,171,19,Data Science,Video,0.1648,0.8916,0.4874,84.6,15.2,346,1,0.596,0,0.6245551109313965,4,4,6,0.16666666666666666
U0848,P03156,A1969,36-45,Female,Bengaluru,Finance,18.5,Masters,171,19,Design,Text,0.3012,0.5944,0.4426,9.7,6.0,198,4,0.5194,1,0.5170954465866089,7,7,7,0.14285714285714285
U0848,P01865,A1758,36-45,Female,Bengaluru,Finance,18.5,Masters,171,19,Software,Article,0.3193,0.3511,0.4369,4.4,5.5,241,2,0.4759,1,0.5112747550010681,8,8,8,0.125
U0848,P03298,A1127,36-45,Female,Bengaluru,Finance,18.5,Masters,171,19,Software,Text,0.614,0.2662,0.4089,4.9,4.6,108,3,0.4691,1,0.38162076473236084,9,9,9,0.1111111111111111
U0848,P04303,A0355,36-45,Female,Bengaluru,Finance,18.5,Masters,171,19,Career,Article,0.0358,0.5051,0.5343,54.6,8.1,210,3,0.3855,1,0.3794237971305847,10,10,10,0.1
U0848,P01056,A1350,36-45,Female,Bengaluru,Finance,18.5,Masters,171,19,Data Science,Image,0.3441,0.6827,0.3894,69.9,2.0,670,4,0.4327,0,0.34538036584854126,11,11,11,0.09090909090909091
U0848,P01439,A1895,36-45,Female,Bengaluru,Finance,18.5,Masters,171,19,AI,Video,0.1215,0.5447,0.5041,74.8,2.6,639,4,0.3462,1,0.2861214578151703,12,12,12,0.08333333333333333
U0849,P00218,A0763,18-25,Male,Delhi,Finance,4.7,PhD,226,20,Finance,Text,0.5273,0.5461,0.7377,35.1,2.8,188,2,0.6474,1,0.6513659954071045,2,2,1,1.0
U0849,P02400,A0253,18-25,Male,Delhi,Finance,4.7,PhD,226,20,Design,Article,0.409,0.7085,0.7717,6.3,5.0,552,5,0.6683,0,0.6375428438186646,3,3,2,0.5
U0849,P03160,A0929,18-25,Male,Delhi,Finance,4.7,PhD,226,20,Career,Text,0.2875,0.6919,0.7411,3.6,7.2,985,4,0.6533,0,0.6305521726608276,4,4,3,0.3333333333333333
U0849,P04416,A1439,18-25,Male,Delhi,Finance,4.7,PhD,226,20,Leadership,Image,0.0782,0.5372,0.7387,40.8,1.2,171,2,0.513,1,0.48896607756614685,6,6,4,0.25
U0849,P03137,A0788,18-25,Male,Delhi,Finance,4.7,PhD,226,20,Machine Learning,Text,0.425,0.8566,0.6287,20.9,10.7,667,2,0.7397,1,0.7713314294815063,1,1,5,0.2
U0849,P04302,A0965,18-25,Male,Delhi,Finance,4.7,PhD,226,20,Software,Image,0.6125,0.6394,0.5937,48.3,9.2,131,2,0.6313,0,0.6129586696624756,5,5,6,0.16666666666666666
U0849,P03099,A1457,18-25,Male,Delhi,Finance,4.7,PhD,226,20,Machine Learning,Text,0.4563,0.509,0.4107,3.1,5.3,194,3,0.5064,0,0.4595704674720764,7,7,7,0.14285714285714285
U0849,P02643,A1224,18-25,Male,Delhi,Finance,4.7,PhD,226,20,Design,Text,0.1214,0.3847,0.8331,3.4,10.1,257,3,0.531,1,0.4494112432003021,8,8,8,0.125
U0849,P01209,A1395,18-25,Male,Delhi,Finance,4.7,PhD,226,20,Leadership,Text,0.47,0.197,0.5658,28.2,8.8,330,2,0.4036,0,0.4080612361431122,9,9,9,0.1111111111111111
U0849,P03884,A1474,18-25,Male,Delhi,Finance,4.7,PhD,226,20,Career,Job Opportunity,0.5923,0.3597,0.7692,77.1,3.3,111,4,0.4413,1,0.3654753863811493,10,10,10,0.1
U0849,P03605,A1035,18-25,Male,Delhi,Finance,4.7,PhD,226,20,Leadership,Text,0.6745,0.1882,0.3958,5.9,7.8,238,4,0.365,1,0.26009324193000793,11,11,11,0.09090909090909091
U0861,P03084,A1824,36-45,Male,Delhi,Computer Science,5.6,PhD,456,16,Machine Learning,Text,0.7475,0.9189,0.4154,24.3,5.2,572,2,0.7416,1,0.7180445194244385,1,1,1,1.0
U0861,P01297,A0936,36-45,Male,Delhi,Computer Science,5.6,PhD,456,16,Data Science,Job Opportunity,0.6146,0.7552,0.5344,1.5,5.2,89,4,0.6694,1,0.7107594609260559,2,2,2,0.5
U0861,P02046,A0328,36-45,Male,Delhi,Computer Science,5.6,PhD,456,16,Design,Text,0.4695,0.8915,0.5427,33.8,3.3,214,3,0.6691,0,0.6997826099395752,3,3,3,0.3333333333333333
U0861,P03252,A0301,36-45,Male,Delhi,Computer Science,5.6,PhD,456,16,AI,Job Opportunity,0.6978,0.6383,0.5627,21.7,2.9,79,4,0.6106,0,0.6468703746795654,4,4,4,0.25
U0861,P04840,A1091,36-45,Male,Delhi,Computer Science,5.6,PhD,456,16,Machine Learning,Article,0.2358,0.6938,0.5964,8.0,1.2,217,2,0.6176,0,0.6321279406547546,5,5,5,0.2
U0861,P00935,A0435,36-45,Male,Delhi,Computer Science,5.6,PhD,456,16,Data Science,Image,0.3472,0.8236,0.2451,35.8,3.2,1002,2,0.5105,0,0.5258451104164124,6,6,6,0.16666666666666666
U0861,P04797,A1483,36-45,Male,Delhi,Computer Science,5.6,PhD,456,16,Career,Image,0.5128,0.4995,0.5857,80.4,5.0,294,3,0.4178,1,0.42595815658569336,7,7,7,0.14285714285714285
U0861,P04849,A1405,36-45,Male,Delhi,Computer Science,5.6,PhD,456,16,AI,Video,0.3347,0.4435,0.6281,77.4,3.2,126,4,0.3377,0,0.3054436445236206,8,8,8,0.125
U0861,P03316,A0361,36-45,Male,Delhi,Computer Science,5.6,PhD,456,16,Data Science,Video,0.3933,0.5363,0.1406,0.9,8.5,1876,2,0.4061,0,0.22534435987472534,9,9,9,0.1111111111111111
U0877,P00300,A1494,26-35,Male,Mumbai,HR,4.1,Masters,1037,16,Machine Learning,Article,0.0791,0.741,0.471,45.2,1.0,57,5,0.3812,1,0.6055323481559753,3,3,1,1.0
U0877,P04476,A1804,26-35,Male,Mumbai,HR,4.1,Masters,1037,16,Design,Article,0.7126,0.5516,0.5051,46.6,6.4,1300,3,0.5351,0,0.5978190898895264,4,4,2,0.5
U0877,P00725,A1832,26-35,Male,Mumbai,HR,4.1,Masters,1037,16,Marketing,Text,0.6302,0.4683,0.6701,47.1,2.6,290,3,0.5399,0,0.5493924617767334,5,5,3,0.3333333333333333
U0877,P03803,A1336,26-35,Male,Mumbai,HR,4.1,Masters,1037,16,Data Science,Article,0.1777,0.7123,0.3154,1.5,3.6,500,4,0.4457,0,0.3882516324520111,6,6,4,0.25
U0877,P02936,A1918,26-35,Male,Mumbai,HR,4.1,Masters,1037,16,Data Science,Article,0.5636,0.789,0.9337,21.9,7.0,295,2,0.8187,1,0.7686143517494202,1,1,5,0.2
U0877,P03956,A0786,26-35,Male,Mumbai,HR,4.1,Masters,1037,16,Design,Text,0.0275,0.838,0.6179,31.2,9.2,159,1,0.6306,1,0.6685689091682434,2,2,6,0.16666666666666666
U0877,P02332,A0738,26-35,Male,Mumbai,HR,4.1,Masters,1037,16,Leadership,Image,0.6677,0.1215,0.5895,27.5,3.5,265,5,0.3246,0,0.3125789165496826,7,7,7,0.14285714285714285
U0877,P01070,A0899,26-35,Male,Mumbai,HR,4.1,Masters,1037,16,Data Science,Video,0.3685,0.2536,0.4083,47.3,6.0,95,1,0.3221,0,0.29204148054122925,8,8,8,0.125
U0879,P01843,A1527,26-35,Male,Chennai,Computer Science,10.6,Diploma,681,25,Software,Text,0.5572,0.7402,0.4574,13.3,3.4,730,1,0.7434,0,0.6634889841079712,3,3,1,1.0
U0879,P00178,A1215,26-35,Male,Chennai,Computer Science,10.6,Diploma,681,25,Software,Text,0.6211,0.5694,0.664,0.4,2.0,288,5,0.6742,1,0.6478007435798645,4,4,2,0.5
U0879,P01790,A1995,26-35,Male,Chennai,Computer Science,10.6,Diploma,681,25,Finance,Article,0.2398,0.3673,0.763,18.1,1.3,1532,3,0.5474,1,0.6374984979629517,5,5,3,0.3333333333333333
U0879,P01667,A0019,26-35,Male,Chennai,Computer Science,10.6,Diploma,681,25,Finance,Article,0.603,0.4419,0.5551,11.7,4.9,414,3,0.6074,0,0.6163936853408813,6,6,4,0.25
U0879,P03410,A1539,26-35,Male,Chennai,Computer Science,10.6,Diploma,681,25,Software,Job Opportunity,0.2035,0.835,0.9028,14.9,7.5,139,2,0.8144,1,0.8430804014205933,1,1,5,0.2
U0879,P04423,A1425,26-35,Male,Chennai,Computer Science,10.6,Diploma,681,25,Design,Text,0.4184,0.6256,0.775,54.0,15.6,173,2,0.6827,1,0.6839367151260376,2,2,6,0.16666666666666666
U0879,P01237,A0768,26-35,Male,Chennai,Computer Science,10.6,Diploma,681,25,Marketing,Text,0.46,0.4766,0.5796,23.9,22.0,376,3,0.5727,1,0.5815972089767456,7,7,7,0.14285714285714285
U0879,P02799,A0004,26-35,Male,Chennai,Computer Science,10.6,Diploma,681,25,Leadership,Article,0.5156,0.6301,0.369,51.5,3.0,370,2,0.5528,1,0.5205908417701721,8,8,8,0.125
U0879,P03392,A0040,26-35,Male,Chennai,Computer Science,10.6,Diploma,681,25,AI,Video,0.6536,0.4851,0.683,30.3,5.6,624,4,0.6265,1,0.48777341842651367,9,9,9,0.1111111111111111
U0879,P03851,A1725,26-35,Male,Chennai,Computer Science,10.6,Diploma,681,25,Finance,Article,0.2507,0.2776,0.7747,48.1,2.3,608,3,0.4508,0,0.44583648443222046,10,10,10,0.1
U0879,P04111,A0934,26-35,Male,Chennai,Computer Science,10.6,Diploma,681,25,AI,Job Opportunity,0.2411,0.3049,0.3797,0.3,7.8,636,2,0.4225,1,0.44582730531692505,11,11,11,0.09090909090909091
U0879,P04015,A0820,26-35,Male,Chennai,Computer Science,10.6,Diploma,681,25,Leadership,Article,0.3651,0.4982,0.358,19.2,2.5,870,2,0.5056,0,0.42502641677856445,12,12,12,0.08333333333333333
U0879,P01919,A0027,26-35,Male,Chennai,Computer Science,10.6,Diploma,681,25,Data Science,Article,0.3845,0.2064,0.3253,83.4,5.3,507,3,0.2246,0,0.26816025376319885,13,13,13,0.07692307692307693
U0893,P02222,A0188,18-25,Male,Mumbai,Computer Science,3.2,Masters,117,21,Leadership,Article,0.375,0.9651,0.9353,6.5,5.1,364,4,0.8323,0,0.8353427648544312,1,1,1,1.0
U0893,P01069,A0703,18-25,Male,Mumbai,Computer Science,3.2,Masters,117,21,Software,Article,0.3243,0.8094,0.8333,24.4,6.9,98,4,0.7147,1,0.7397937178611755,2,2,2,0.5
U0893,P00232,A1368,18-25,Male,Mumbai,Computer Science,3.2,Masters,117,21,AI,Text,0.2681,0.6433,0.9111,19.3,2.1,453,3,0.6958,1,0.6225427389144897,3,3,3,0.3333333333333333
U0893,P02243,A1269,18-25,Male,Mumbai,Computer Science,3.2,Masters,117,21,Finance,Text,0.6137,0.5961,0.3188,16.7,4.2,99,2,0.5639,1,0.47613525390625,5,5,4,0.25
U0893,P03338,A1664,18-25,Male,Mumbai,Computer Science,3.2,Masters,117,21,Data Science,Text,0.0772,0.6164,0.7878,47.9,8.0,371,2,0.5635,0,0.5082715749740601,4,4,5,0.2
U0893,P03202,A1873,18-25,Male,Mumbai,Computer Science,3.2,Masters,117,21,Machine Learning,Article,0.2492,0.5517,0.6868,14.6,7.9,385,4,0.5374,1,0.4725662171840668,6,6,6,0.16666666666666666
U0893,P02953,A1181,18-25,Male,Mumbai,Computer Science,3.2,Masters,117,21,Career,Image,0.418,0.1898,0.5826,13.2,16.5,539,2,0.427,0,0.40152978897094727,7,7,7,0.14285714285714285
U0893,P04861,A0312,18-25,Male,Mumbai,Computer Science,3.2,Masters,117,21,Data Science,Video,0.0974,0.276,0.6812,11.0,7.4,530,2,0.4282,0,0.3315059244632721,8,8,8,0.125
U0898,P01583,A1628,18-25,Male,Mumbai,HR,4.6,Masters,357,15,Career,Text,0.5808,0.45,0.6381,20.5,9.3,424,3,0.5472,1,0.5220327973365784,2,2,1,1.0
U0898,P03616,A0886,18-25,Male,Mumbai,HR,4.6,Masters,357,15,Data Science,Job Opportunity,0.4704,0.3906,0.6896,6.8,3.9,252,2,0.5686,0,0.4908932149410248,4,4,2,0.5
U0898,P01624,A1290,18-25,Male,Mumbai,HR,4.6,Masters,357,15,Data Science,Article,0.2712,0.5796,0.1475,44.0,2.1,236,2,0.3135,1,0.3759036958217621,5,5,3,0.3333333333333333
U0898,P01604,A1838,18-25,Male,Mumbai,HR,4.6,Masters,357,15,Software,Video,0.2593,0.4099,0.3571,41.3,1.7,325,1,0.3478,0,0.3279018700122833,6,6,4,0.25
U0898,P02246,A0665,18-25,Male,Mumbai,HR,4.6,Masters,357,15,Design,Text,0.1486,0.7173,0.8829,29.5,5.5,747,1,0.7011,0,0.7205324172973633,1,1,5,0.2
U0898,P01689,A0594,18-25,Male,Mumbai,HR,4.6,Masters,357,15,Design,Article,0.4327,0.2861,0.638,14.2,6.6,267,1,0.5022,1,0.5013917684555054,3,3,6,0.16666666666666666
U0898,P00448,A0001,18-25,Male,Mumbai,HR,4.6,Masters,357,15,Marketing,Text,0.3894,0.4636,0.4173,40.4,4.2,129,5,0.3125,0,0.3119151294231415,7,7,7,0.14285714285714285
U0898,P01575,A0317,18-25,Male,Mumbai,HR,4.6,Masters,357,15,Finance,Job Opportunity,0.0739,0.4012,0.3331,38.0,5.8,270,3,0.2452,0,0.24741002917289734,8,8,8,0.125
U0898,P04181,A1400,18-25,Male,Mumbai,HR,4.6,Masters,357,15,Design,Article,0.2209,0.7367,0.2943,130.4,0.8,31,5,0.2048,0,0.16416899859905243,9,9,9,0.1111111111111111
U0905,P04900,A0335,56+,Male,Pune,Design,7.8,Bachelors,425,21,Leadership,Text,0.1432,0.8205,0.9722,53.4,4.7,600,3,0.7158,1,0.764049232006073,1,1,1,1.0
U0905,P01275,A0732,56+,Male,Pune,Design,7.8,Bachelors,425,21,Machine Learning,Video,0.4102,0.6327,0.5282,8.3,2.2,876,2,0.6406,1,0.644088864326477,4,4,2,0.5
U0905,P01381,A0010,56+,Male,Pune,Design,7.8,Bachelors,425,21,Software,Video,0.654,0.5346,0.5912,44.6,2.9,240,1,0.6449,1,0.6365416049957275,5,5,3,0.3333333333333333
U0905,P00804,A1725,56+,Male,Pune,Design,7.8,Bachelors,425,21,AI,Text,0.2145,0.3362,0.8068,18.0,4.8,289,1,0.5734,0,0.6508995890617371,2,2,4,0.25
U0905,P01045,A1673,56+,Male,Pune,Design,7.8,Bachelors,425,21,Software,Article,0.4679,0.5704,0.654,24.3,6.4,476,1,0.6754,1,0.6455581784248352,3,3,5,0.2
U0905,P02699,A0688,56+,Male,Pune,Design,7.8,Bachelors,425,21,Data Science,Article,0.1588,0.5505,0.8982,59.9,20.3,223,3,0.5556,0,0.535506546497345,6,6,6,0.16666666666666666
U0905,P03512,A0665,56+,Male,Pune,Design,7.8,Bachelors,425,21,AI,Image,0.3719,0.6793,0.3299,102.3,4.9,397,3,0.3566,0,0.29965388774871826,7,7,7,0.14285714285714285
U0935,P02853,A0064,36-45,Male,Hyderabad,Business,3.5,Bachelors,181,24,AI,Video,0.4153,0.8267,0.8221,39.7,3.1,1024,1,0.7946,1,0.7119797468185425,1,1,1,1.0
U0935,P04656,A0413,36-45,Male,Hyderabad,Business,3.5,Bachelors,181,24,Design,Text,0.1685,0.8326,0.5062,30.5,3.2,67,3,0.5915,1,0.5822681784629822,2,2,2,0.5
U0935,P02042,A1408,36-45,Male,Hyderabad,Business,3.5,Bachelors,181,24,Career,Video,0.3291,0.6007,0.2224,1.1,14.2,154,3,0.459,0,0.5463745594024658,3,3,3,0.3333333333333333
U0935,P02234,A1649,36-45,Male,Hyderabad,Business,3.5,Bachelors,181,24,Career,Image,0.2185,0.5857,0.6698,48.8,2.7,294,2,0.5481,1,0.46317824721336365,4,4,4,0.25
U0935,P02699,A1207,36-45,Male,Hyderabad,Business,3.5,Bachelors,181,24,Data Science,Article,0.1588,0.3335,0.5586,59.9,20.3,223,1,0.3717,1,0.3254185914993286,5,5,5,0.2
U0949,P04620,A0545,46-55,Female,Chennai,Engineering,8.2,Masters,143,22,Leadership,Text,0.4835,0.7163,0.8287,51.2,3.9,192,1,0.7514,0,0.7677139639854431,1,1,1,1.0
U0949,P02770,A0487,46-55,Female,Chennai,Engineering,8.2,Masters,143,22,Design,Text,0.4443,0.5465,0.923,23.5,1.7,602,4,0.6715,0,0.7076473832130432,2,2,2,0.5
U0949,P03158,A1754,46-55,Female,Chennai,Engineering,8.2,Masters,143,22,Finance,Article,0.5338,0.8364,0.851,70.6,13.9,230,3,0.7358,1,0.7053995132446289,3,3,3,0.3333333333333333
U0949,P04381,A0165,46-55,Female,Chennai,Engineering,8.2,Masters,143,22,Leadership,Text,0.5262,0.4435,0.8357,44.3,1.7,920,1,0.6625,1,0.6914638876914978,4,4,4,0.25
U0949,P04491,A0631,46-55,Female,Chennai,Engineering,8.2,Masters,143,22,Software,Text,0.5495,0.4429,0.7959,37.3,1.4,142,2,0.6358,0,0.6676202416419983,5,5,5,0.2
U0949,P02214,A1445,46-55,Female,Chennai,Engineering,8.2,Masters,143,22,Data Science,Text,0.6229,0.6358,0.6224,10.6,4.9,131,3,0.6926,1,0.6645537614822388,6,6,6,0.16666666666666666
U0949,P04238,A1789,46-55,Female,Chennai,Engineering,8.2,Masters,143,22,Leadership,Job Opportunity,0.3231,0.701,0.4318,4.8,5.9,486,2,0.6143,0,0.6347268223762512,7,7,7,0.14285714285714285
U0949,P00167,A0490,46-55,Female,Chennai,Engineering,8.2,Masters,143,22,Software,Text,0.1091,0.513,0.8198,35.1,2.7,191,1,0.599,1,0.6017522215843201,8,8,8,0.125
U0949,P04322,A1558,46-55,Female,Chennai,Engineering,8.2,Masters,143,22,Design,Job Opportunity,0.3645,0.5533,0.4889,47.1,8.8,535,1,0.526,1,0.5976721048355103,9,9,9,0.1111111111111111
U0949,P03847,A1730,46-55,Female,Chennai,Engineering,8.2,Masters,143,22,AI,Article,0.2656,0.4826,0.8422,47.6,2.7,173,3,0.5475,1,0.5609595775604248,10,10,10,0.1
U0949,P04716,A0920,46-55,Female,Chennai,Engineering,8.2,Masters,143,22,Machine Learning,Text,0.2188,0.4669,0.8469,77.1,6.2,64,4,0.4377,1,0.5293932557106018,11,11,11,0.09090909090909091
U0949,P02920,A0968,46-55,Female,Chennai,Engineering,8.2,Masters,143,22,AI,Video,0.4414,0.5614,0.4226,107.3,7.6,321,2,0.373,1,0.3104713559150696,12,12,12,0.08333333333333333
U0949,P00370,A1503,46-55,Female,Chennai,Engineering,8.2,Masters,143,22,Career,Article,0.4587,0.2726,0.7535,67.2,4.7,91,5,0.3579,0,0.30846455693244934,13,13,13,0.07692307692307693
U0949,P02508,A1272,46-55,Female,Chennai,Engineering,8.2,Masters,143,22,Leadership,Video,0.2807,0.3794,0.4165,8.2,9.4,461,4,0.3687,0,0.30639782547950745,14,14,14,0.07142857142857142
U0950,P01699,A0034,26-35,Male,Other,Design,1.0,Bachelors,251,16,Finance,Video,0.2424,0.7037,0.8055,37.9,2.6,1631,2,0.6196,0,0.7429105639457703,1,1,1,1.0
U0950,P04469,A1327,26-35,Male,Other,Design,1.0,Bachelors,251,16,Career,Job Opportunity,0.7774,0.8216,0.2639,14.3,8.9,515,2,0.6411,0,0.669012725353241,3,3,2,0.5
U0950,P04112,A0886,26-35,Male,Other,Design,1.0,Bachelors,251,16,Leadership,Text,0.1262,0.8241,0.5373,9.2,7.3,598,3,0.5608,1,0.5768617391586304,4,4,3,0.3333333333333333
U0950,P04338,A0813,26-35,Male,Other,Design,1.0,Bachelors,251,16,Marketing,Image,0.2187,0.5654,0.7212,18.6,17.8,253,4,0.484,0,0.5226199626922607,5,5,4,0.25
U0950,P03367,A0714,26-35,Male,Other,Design,1.0,Bachelors,251,16,Marketing,Image,0.5741,0.6838,0.7123,43.4,6.6,646,2,0.648,0,0.7168918251991272,2,2,5,0.2
U0950,P00901,A1070,26-35,Male,Other,Design,1.0,Bachelors,251,16,Software,Image,0.3678,0.4758,0.6888,27.0,12.4,707,4,0.4498,0,0.48292431235313416,6,6,6,0.16666666666666666
U0950,P02066,A1160,26-35,Male,Other,Design,1.0,Bachelors,251,16,Leadership,Article,0.116,0.5796,0.5934,28.2,3.7,245,4,0.3911,0,0.47288259863853455,7,7,7,0.14285714285714285
U0950,P02529,A0016,26-35,Male,Other,Design,1.0,Bachelors,251,16,Data Science,Video,0.4035,0.5568,0.5339,102.3,2.2,470,4,0.2961,1,0.2604033350944519,8,8,8,0.125
U0965,P00568,A1095,56+,Male,Mumbai,Computer Science,4.2,Bachelors,278,16,Machine Learning,Article,0.4169,0.7906,0.7163,63.0,3.3,77,3,0.6224,0,0.654314398765564,3,3,1,1.0
U0965,P01432,A1075,56+,Male,Mumbai,Computer Science,4.2,Bachelors,278,16,Data Science,Article,0.4345,0.6954,0.9039,56.0,8.0,279,4,0.6396,1,0.5561564564704895,4,4,2,0.5
U0965,P04745,A1103,56+,Male,Mumbai,Computer Science,4.2,Bachelors,278,16,Leadership,Article,0.1582,0.7745,0.534,0.9,5.8,457,4,0.5597,1,0.48777908086776733,5,5,3,0.3333333333333333
U0965,P03264,A1922,56+,Male,Mumbai,Computer Science,4.2,Bachelors,278,16,Career,Text,0.319,0.6709,0.4752,73.9,1.2,330,4,0.3836,0,0.4172493517398834,6,6,4,0.25
U0965,P02653,A0352,56+,Male,Mumbai,Computer Science,4.2,Bachelors,278,16,AI,Job Opportunity,0.3975,0.6729,0.594,5.6,4.9,461,1,0.6801,0,0.6912583708763123,1,1,5,0.2
U0965,P01575,A0681,56+,Male,Mumbai,Computer Science,4.2,Bachelors,278,16,Finance,Job Opportunity,0.0739,0.7176,0.6062,38.0,5.8,270,1,0.562,1,0.6799724102020264,2,2,6,0.16666666666666666
U0965,P04830,A0293,56+,Male,Mumbai,Computer Science,4.2,Bachelors,278,16,Machine Learning,Text,0.1036,0.5417,0.3796,17.8,7.5,115,3,0.3651,0,0.3045826554298401,7,7,7,0.14285714285714285
U0965,P00497,A1632,56+,Male,Mumbai,Computer Science,4.2,Bachelors,278,16,Machine Learning,Article,0.2644,0.2549,0.3468,10.7,5.3,541,2,0.306,0,0.28347527980804443,8,8,8,0.125
U0965,P00923,A1776,56+,Male,Mumbai,Computer Science,4.2,Bachelors,278,16,Software,Article,0.09,0.2472,0.6362,46.9,4.2,102,4,0.2528,1,0.1912667155265808,9,9,9,0.1111111111111111
U0973,P00499,A0577,18-25,Male,Delhi,Other,16.2,Masters,852,21,Career,Video,0.4861,0.7314,0.7779,30.2,2.4,209,5,0.7041,1,0.7170987129211426,2,2,1,1.0
U0973,P03069,A0101,18-25,Male,Delhi,Other,16.2,Masters,852,21,Data Science,Text,0.2436,0.6538,0.5953,14.5,6.9,595,3,0.6272,1,0.6741752028465271,3,3,2,0.5
U0973,P00787,A1327,18-25,Male,Delhi,Other,16.2,Masters,852,21,Marketing,Article,0.4318,0.1765,0.9555,2.3,3.5,82,2,0.6485,1,0.6607609987258911,4,4,3,0.3333333333333333
U0973,P02077,A1664,18-25,Male,Delhi,Other,16.2,Masters,852,21,Marketing,Text,0.1451,0.4082,0.8865,36.5,3.8,414,2,0.5914,0,0.6349092721939087,5,5,4,0.25
U0973,P01711,A1385,18-25,Male,Delhi,Other,16.2,Masters,852,21,Leadership,Job Opportunity,0.5644,0.5325,0.6869,3.7,7.8,129,1,0.7563,1,0.7216271162033081,1,1,5,0.2
U0973,P03536,A0731,18-25,Male,Delhi,Other,16.2,Masters,852,21,Career,Video,0.2382,0.6929,0.3667,3.9,4.4,371,2,0.6031,0,0.6181858777999878,6,6,6,0.16666666666666666
U0973,P00489,A0743,18-25,Male,Delhi,Other,16.2,Masters,852,21,Marketing,Video,0.4238,0.3153,0.8251,30.6,3.0,1509,1,0.6372,0,0.5823020339012146,7,7,7,0.14285714285714285
U0973,P04681,A0175,18-25,Male,Delhi,Other,16.2,Masters,852,21,AI,Article,0.2476,0.5446,0.5771,13.1,1.4,644,3,0.5711,1,0.5813050270080566,8,8,8,0.125
U0973,P03382,A0829,18-25,Male,Delhi,Other,16.2,Masters,852,21,Marketing,Video,0.6856,0.2992,0.7631,35.5,4.9,1006,4,0.5706,0,0.5483272671699524,9,9,9,0.1111111111111111
U0973,P01387,A0011,18-25,Male,Delhi,Other,16.2,Masters,852,21,Leadership,Job Opportunity,0.1387,0.3827,0.6588,27.3,1.1,182,1,0.532,1,0.44687333703041077,10,10,10,0.1
U0973,P00741,A0720,18-25,Male,Delhi,Other,16.2,Masters,852,21,Career,Text,0.3446,0.1833,0.3075,8.9,4.3,548,3,0.3199,1,0.3043847680091858,11,11,11,0.09090909090909091
U0981,P01525,A1112,56+,Male,Other,Data Science,4.5,Bachelors,115,22,Marketing,Text,0.4169,0.6904,0.8051,4.9,1.4,883,1,0.7764,1,0.7465884685516357,1,1,1,1.0
U0981,P03749,A1118,56+,Male,Other,Data Science,4.5,Bachelors,115,22,Software,Video,0.1619,0.8702,0.6166,12.9,9.7,176,3,0.6636,0,0.7247318029403687,2,2,2,0.5
U0981,P02839,A0842,56+,Male,Other,Data Science,4.5,Bachelors,115,22,Finance,Text,0.3002,0.7519,0.4856,1.6,7.9,57,3,0.6137,1,0.6949626803398132,3,3,3,0.3333333333333333
U0981,P01415,A1592,56+,Male,Other,Data Science,4.5,Bachelors,115,22,Marketing,Text,0.6167,0.7676,0.2766,2.5,13.5,805,2,0.6479,0,0.6886431574821472,4,4,4,0.25
U0981,P02774,A1814,56+,Male,Other,Data Science,4.5,Bachelors,115,22,Career,Job Opportunity,0.207,0.5456,0.82,0.0,2.3,312,1,0.6876,0,0.6766408085823059,5,5,5,0.2
U0981,P03805,A0243,56+,Male,Other,Data Science,4.5,Bachelors,115,22,Software,Text,0.3796,0.7352,0.5077,8.6,2.4,534,2,0.6521,1,0.6716076731681824,6,6,6,0.16666666666666666
U0981,P02028,A1608,56+,Male,Other,Data Science,4.5,Bachelors,115,22,Data Science,Job Opportunity,0.4927,0.6575,0.4716,23.6,9.8,125,2,0.6025,0,0.5803592205047607,7,7,7,0.14285714285714285
U0981,P00359,A0777,56+,Male,Other,Data Science,4.5,Bachelors,115,22,Leadership,Video,0.6378,0.5177,0.8134,70.4,1.8,390,3,0.5921,0,0.5619295835494995,8,8,8,0.125
U0981,P01480,A0876,56+,Male,Other,Data Science,4.5,Bachelors,115,22,Machine Learning,Text,0.2949,0.4818,0.7788,44.4,6.8,234,3,0.5182,0,0.4927629828453064,9,9,9,0.1111111111111111
U0981,P02978,A0802,56+,Male,Other,Data Science,4.5,Bachelors,115,22,Machine Learning,Article,0.4095,0.5448,0.3603,67.5,14.1,170,3,0.3609,0,0.4124417304992676,10,10,10,0.1
U0981,P01560,A1827,56+,Male,Other,Data Science,4.5,Bachelors,115,22,Data Science,Article,0.3842,0.2029,0.2517,0.3,8.9,696,3,0.2829,0,0.4112511873245239,11,11,11,0.09090909090909091
U0981,P03774,A1633,56+,Male,Other,Data Science,4.5,Bachelors,115,22,AI,Text,0.2176,0.708,0.4335,119.0,2.0,1056,4,0.2945,1,0.22168461978435516,12,12,12,0.08333333333333333
U0990,P04894,A0181,36-45,Female,Mumbai,Data Science,9.3,PhD,664,24,Leadership,Job Opportunity,0.524,0.7049,0.7374,17.8,6.7,681,3,0.7506,1,0.7406002283096313,2,2,1,1.0
U0990,P00519,A0633,36-45,Female,Mumbai,Data Science,9.3,PhD,664,24,Marketing,Job Opportunity,0.388,0.7099,0.672,8.7,8.2,547,3,0.7158,1,0.6915428042411804,5,5,2,0.5
U0990,P02645,A1121,36-45,Female,Mumbai,Data Science,9.3,PhD,664,24,Career,Video,0.3761,0.7116,0.5194,6.5,11.2,131,3,0.662,1,0.61958247423172,6,6,3,0.3333333333333333
U0990,P01278,A0790,36-45,Female,Mumbai,Data Science,9.3,PhD,664,24,Career,Job Opportunity,0.1725,0.3104,0.7274,3.1,4.2,948,3,0.5067,1,0.5883867144584656,7,7,4,0.25
U0990,P04429,A1728,36-45,Female,Mumbai,Data Science,9.3,PhD,664,24,AI,Text,0.5704,0.6884,0.7396,32.5,6.2,164,1,0.7801,0,0.7955521941184998,1,1,5,0.2
U0990,P02200,A1109,36-45,Female,Mumbai,Data Science,9.3,PhD,664,24,Machine Learning,Image,0.5522,0.7032,0.5383,9.2,5.6,242,2,0.729,1,0.7146244645118713,3,3,6,0.16666666666666666
U0990,P02114,A1526,36-45,Female,Mumbai,Data Science,9.3,PhD,664,24,Career,Text,0.2334,0.7113,0.6531,10.9,10.3,775,2,0.6978,0,0.6949241757392883,4,4,7,0.14285714285714285
U0990,P02696,A1837,36-45,Female,Mumbai,Data Science,9.3,PhD,664,24,Data Science,Text,0.2164,0.5201,0.6386,3.9,4.6,34,5,0.5193,0,0.5631294846534729,8,8,8,0.125
U0990,P00202,A1630,36-45,Female,Mumbai,Data Science,9.3,PhD,664,24,Leadership,Video,0.4733,0.5364,0.5444,16.9,2.3,436,2,0.6267,0,0.5292631387710571,9,9,9,0.1111111111111111
U0990,P01401,A0976,36-45,Female,Mumbai,Data Science,9.3,PhD,664,24,Finance,Text,0.6326,0.3978,0.4447,27.0,8.8,276,3,0.509,1,0.5203675031661987,10,10,10,0.1
U0990,P02698,A0240,36-45,Female,Mumbai,Data Science,9.3,PhD,664,24,AI,Video,0.2904,0.7466,0.3072,39.4,12.0,253,4,0.4735,0,0.511538565158844,11,11,11,0.09090909090909091
U0999,P00140,A0840,56+,Male,Ahmedabad,Finance,14.2,Bachelors,246,17,AI,Image,0.4696,0.5852,0.749,4.2,3.3,203,3,0.685,0,0.7207793593406677,2,2,1,1.0
U0999,P02275,A1921,56+,Male,Ahmedabad,Finance,14.2,Bachelors,246,17,Finance,Text,0.2372,0.7376,0.5383,4.2,1.7,695,2,0.6452,1,0.6872931718826294,3,3,2,0.5
U0999,P04273,A0513,56+,Male,Ahmedabad,Finance,14.2,Bachelors,246,17,AI,Text,0.2324,0.6844,0.9254,33.8,8.3,497,5,0.6266,1,0.6179133057594299,5,5,3,0.3333333333333333
U0999,P02233,A1548,56+,Male,Ahmedabad,Finance,14.2,Bachelors,246,17,Software,Video,0.2105,0.3535,0.5647,0.1,6.8,514,3,0.4374,0,0.5971544981002808,6,6,4,0.25
U0999,P01666,A1685,56+,Male,Ahmedabad,Finance,14.2,Bachelors,246,17,Software,Text,0.2484,0.524,0.857,23.1,5.0,781,1,0.669,1,0.7433364987373352,1,1,5,0.2
U0999,P00937,A1130,56+,Male,Ahmedabad,Finance,14.2,Bachelors,246,17,Marketing,Article,0.4256,0.6272,0.5176,14.8,9.5,471,2,0.6141,0,0.6287448406219482,4,4,6,0.16666666666666666
U0999,P01946,A0514,56+,Male,Ahmedabad,Finance,14.2,Bachelors,246,17,Leadership,Article,0.2296,0.6342,0.6009,55.5,3.1,290,1,0.552,1,0.5835477113723755,7,7,7,0.14285714285714285
U0999,P00764,A0337,56+,Male,Ahmedabad,Finance,14.2,Bachelors,246,17,Leadership,Image,0.8859,0.2191,0.6717,3.7,2.2,671,3,0.5928,1,0.564958393573761,8,8,8,0.125
U0999,P03246,A0173,56+,Male,Ahmedabad,Finance,14.2,Bachelors,246,17,Design,Job Opportunity,0.4173,0.114,0.7697,2.0,10.3,310,3,0.4576,1,0.5609603524208069,9,9,9,0.1111111111111111
U0999,P04569,A0254,56+,Male,Ahmedabad,Finance,14.2,Bachelors,246,17,Data Science,Text,0.7285,0.3512,0.8836,92.0,3.6,665,5,0.4651,0,0.5465288758277893,10,10,10,0.1
U0999,P00927,A1166,56+,Male,Ahmedabad,Finance,14.2,Bachelors,246,17,Data Science,Text,0.2732,0.3614,0.6003,35.1,11.4,1716,1,0.4684,0,0.5276459455490112,11,11,11,0.09090909090909091
U0999,P03496,A0262,56+,Male,Ahmedabad,Finance,14.2,Bachelors,246,17,Data Science,Text,0.4227,0.7246,0.764,58.9,3.1,150,5,0.5823,1,0.5233038067817688,12,12,12,0.08333333333333333
U0999,P01805,A0130,56+,Male,Ahmedabad,Finance,14.2,Bachelors,246,17,Finance,Job Opportunity,0.3375,0.331,0.6966,3.8,18.3,161,5,0.4446,0,0.5064669847488403,13,13,13,0.07692307692307693
U0999,P00982,A1623,56+,Male,Ahmedabad,Finance,14.2,Bachelors,246,17,Machine Learning,Job Opportunity,0.1915,0.3351,0.5294,4.4,4.8,129,3,0.4004,0,0.3706952631473541,14,14,14,0.07142857142857142
U0999,P02662,A1572,56+,Male,Ahmedabad,Finance,14.2,Bachelors,246,17,Finance,Article,0.3363,0.2499,0.4037,130.9,4.7,426,3,0.1624,0,0.2103021889925003,15,15,15,0.06666666666666667
U1003,P02891,A1688,18-25,Female,Hyderabad,Data Science,1.6,Masters,133,28,Leadership,Text,0.6287,0.3313,0.9079,3.8,4.9,313,3,0.6921,1,0.7791825532913208,2,2,1,1.0
U1003,P01831,A1891,18-25,Female,Hyderabad,Data Science,1.6,Masters,133,28,Leadership,Text,0.4178,0.8903,0.0432,166.2,2.3,1088,3,0.2548,0,0.643051266670227,5,5,2,0.5
U1003,P04647,A0163,18-25,Female,Hyderabad,Data Science,1.6,Masters,133,28,Software,Job Opportunity,0.3107,0.3774,0.7834,6.0,2.7,126,3,0.5801,1,0.6196001768112183,6,6,3,0.3333333333333333
U1003,P00667,A1510,18-25,Female,Hyderabad,Data Science,1.6,Masters,133,28,Data Science,Image,0.1356,0.5083,0.7144,15.6,5.5,547,5,0.4846,1,0.46057483553886414,8,8,4,0.25
U1003,P03720,A0167,18-25,Female,Hyderabad,Data Science,1.6,Masters,133,28,Machine Learning,Text,0.3397,0.79,0.6282,14.5,9.0,673,1,0.7519,1,0.8117926120758057,1,1,5,0.2
U1003,P02181,A0947,18-25,Female,Hyderabad,Data Science,1.6,Masters,133,28,Career,Video,0.4421,0.4512,0.7506,112.3,6.2,279,1,0.4923,0,0.7754116654396057,3,3,6,0.16666666666666666
U1003,P04476,A1443,18-25,Female,Hyderabad,Data Science,1.6,Masters,133,28,Design,Article,0.7126,0.5992,0.5086,46.6,6.4,1300,1,0.6631,1,0.7620586156845093,4,4,7,0.14285714285714285
U1003,P02263,A0638,18-25,Female,Hyderabad,Data Science,1.6,Masters,133,28,Data Science,Job Opportunity,0.2601,0.552,0.5037,16.8,4.7,181,2,0.5461,0,0.5472801923751831,7,7,8,0.125
U1003,P02499,A1571,18-25,Female,Hyderabad,Data Science,1.6,Masters,133,28,Finance,Video,0.2188,0.2972,0.4515,1.9,8.0,55,2,0.4159,0,0.39831656217575073,9,9,9,0.1111111111111111
U1003,P02907,A1306,18-25,Female,Hyderabad,Data Science,1.6,Masters,133,28,Leadership,Text,0.2934,0.4813,0.472,79.8,4.4,522,5,0.2957,0,0.3004976511001587,10,10,10,0.1
U1027,P01770,A1372,56+,Female,Hyderabad,Business,3.9,Bachelors,162,26,Software,Text,0.3984,0.757,0.7813,20.4,3.1,166,4,0.7141,0,0.7674806714057922,1,1,1,1.0
U1027,P02143,A1097,56+,Female,Hyderabad,Business,3.9,Bachelors,162,26,Marketing,Article,0.4521,0.6576,0.8061,8.5,3.2,97,2,0.7637,1,0.7171570658683777,3,3,2,0.5
U1027,P00579,A0481,56+,Female,Hyderabad,Business,3.9,Bachelors,162,26,Software,Text,0.5607,0.8034,0.5718,81.2,6.4,591,4,0.5853,0,0.7133626341819763,4,4,3,0.3333333333333333
U1027,P03586,A1822,56+,Female,Hyderabad,Business,3.9,Bachelors,162,26,AI,Video,0.2428,0.832,0.802,11.2,6.7,316,4,0.7317,1,0.7081973552703857,5,5,4,0.25
U1027,P00292,A0424,56+,Female,Hyderabad,Business,3.9,Bachelors,162,26,Finance,Text,0.1319,0.9395,0.6267,32.2,6.2,532,2,0.7089,1,0.7534751296043396,2,2,5,0.2
U1027,P04442,A1653,56+,Female,Hyderabad,Business,3.9,Bachelors,162,26,Finance,Job Opportunity,0.1189,0.7421,0.699,14.8,8.8,168,2,0.6777,0,0.6920668482780457,6,6,6,0.16666666666666666
U1027,P04636,A1844,56+,Female,Hyderabad,Business,3.9,Bachelors,162,26,Design,Video,0.221,0.3321,0.7659,14.8,11.8,708,3,0.5048,0,0.5437790155410767,7,7,7,0.14285714285714285
U1027,P03426,A1065,56+,Female,Hyderabad,Business,3.9,Bachelors,162,26,Design,Article,0.1617,0.7907,0.4737,44.8,1.0,973,3,0.5336,1,0.5088979601860046,8,8,8,0.125
U1027,P04298,A1587,56+,Female,Hyderabad,Business,3.9,Bachelors,162,26,Software,Text,0.0439,0.5156,0.5576,19.5,6.3,48,3,0.4501,1,0.4460698664188385,9,9,9,0.1111111111111111
U1027,P04895,A0973,56+,Female,Hyderabad,Business,3.9,Bachelors,162,26,Career,Job Opportunity,0.1599,0.2606,0.7453,58.2,6.3,431,1,0.4223,0,0.39125725626945496,10,10,10,0.1
U1027,P03552,A0156,56+,Female,Hyderabad,Business,3.9,Bachelors,162,26,Leadership,Job Opportunity,0.3325,0.3412,0.7724,41.9,5.0,226,4,0.4562,0,0.37022289633750916,11,11,11,0.09090909090909091
U1027,P00647,A1851,56+,Female,Hyderabad,Business,3.9,Bachelors,162,26,Software,Article,0.494,0.2045,0.2119,137.0,8.7,944,4,0.1208,0,0.14692442119121552,12,12,12,0.08333333333333333
U1033,P01641,A1058,26-35,Female,Delhi,Engineering,6.8,Masters,194,20,Machine Learning,Article,0.1578,0.6173,0.866,37.7,15.1,201,3,0.6015,1,0.6921418309211731,1,1,1,1.0
U1033,P02817,A1832,26-35,Female,Delhi,Engineering,6.8,Masters,194,20,Career,Text,0.5197,0.4207,0.7885,29.4,7.5,626,4,0.5551,1,0.6340707540512085,3,3,2,0.5
U1033,P00450,A0288,26-35,Female,Delhi,Engineering,6.8,Masters,194,20,Machine Learning,Video,0.2661,0.9039,0.5217,27.6,1.6,192,2,0.6747,1,0.613436222076416,6,6,3,0.3333333333333333
U1033,P04419,A0821,26-35,Female,Delhi,Engineering,6.8,Masters,194,20,Career,Article,0.2401,0.7769,0.8697,68.5,3.7,1019,3,0.6413,1,0.5922084450721741,7,7,4,0.25
U1033,P03886,A1209,26-35,Female,Delhi,Engineering,6.8,Masters,194,20,Leadership,Text,0.642,0.6184,0.5384,23.5,5.1,209,1,0.682,0,0.6360936164855957,2,2,5,0.2
U1033,P00548,A0603,26-35,Female,Delhi,Engineering,6.8,Masters,194,20,Machine Learning,Video,0.2317,0.6467,0.6525,14.2,5.3,904,2,0.624,0,0.6312251091003418,4,4,6,0.16666666666666666
U1033,P02324,A1248,26-35,Female,Delhi,Engineering,6.8,Masters,194,20,AI,Article,0.2973,0.5309,0.8773,35.0,11.0,451,2,0.6372,1,0.6191906929016113,5,5,7,0.14285714285714285
U1033,P01306,A0664,26-35,Female,Delhi,Engineering,6.8,Masters,194,20,Software,Job Opportunity,0.1934,0.7472,0.6955,66.6,1.0,113,2,0.5792,1,0.5855545997619629,8,8,8,0.125
U1033,P00871,A0198,26-35,Female,Delhi,Engineering,6.8,Masters,194,20,Machine Learning,Article,0.4008,0.6517,0.3506,39.1,7.3,135,3,0.4651,0,0.4945330023765564,9,9,9,0.1111111111111111
U1033,P01278,A1725,26-35,Female,Delhi,Engineering,6.8,Masters,194,20,Career,Job Opportunity,0.1725,0.7099,0.3947,3.1,4.2,948,4,0.4896,0,0.48614707589149475,10,10,10,0.1
U1033,P02975,A0290,26-35,Female,Delhi,Engineering,6.8,Masters,194,20,Data Science,Video,0.3443,0.6522,0.2815,40.9,3.2,243,4,0.3863,0,0.44247502088546753,11,11,11,0.09090909090909091
U1033,P01081,A1922,26-35,Female,Delhi,Engineering,6.8,Masters,194,20,Marketing,Text,0.533,0.3974,0.5049,53.4,3.3,239,4,0.3811,0,0.3662329316139221,12,12,12,0.08333333333333333
U1033,P04678,A1595,26-35,Female,Delhi,Engineering,6.8,Masters,194,20,Finance,Article,0.3467,0.4461,0.3692,39.7,3.2,295,3,0.3581,1,0.3259294033050537,13,13,13,0.07692307692307693
U1033,P02271,A1828,26-35,Female,Delhi,Engineering,6.8,Masters,194,20,Finance,Text,0.1025,0.5181,0.3412,24.9,2.3,497,5,0.2896,1,0.24759991466999054,14,14,14,0.07142857142857142
U1038,P03136,A0059,26-35,Female,Chennai,Engineering,7.5,Bachelors,118,15,AI,Image,0.3727,0.9057,0.6166,6.5,0.3,305,2,0.7395,1,0.7559416890144348,1,1,1,1.0
U1038,P02503,A1930,26-35,Female,Chennai,Engineering,7.5,Bachelors,118,15,Career,Article,0.741,0.6291,0.8001,21.8,7.5,456,3,0.7221,1,0.7196087837219238,2,2,2,0.5
U1038,P02470,A1290,26-35,Female,Chennai,Engineering,7.5,Bachelors,118,15,Machine Learning,Text,0.1356,0.6118,0.7225,37.9,2.3,230,1,0.5631,1,0.6272150874137878,4,4,3,0.3333333333333333
U1038,P01372,A0306,26-35,Female,Chennai,Engineering,7.5,Bachelors,118,15,Career,Article,0.37,0.5704,0.8123,1.9,9.7,684,4,0.6176,0,0.5966097116470337,5,5,4,0.25
U1038,P00705,A1875,26-35,Female,Chennai,Engineering,7.5,Bachelors,118,15,Career,Video,0.3289,0.6757,0.603,4.4,11.5,108,2,0.6293,1,0.7110980153083801,3,3,5,0.2
U1038,P02762,A0151,26-35,Female,Chennai,Engineering,7.5,Bachelors,118,15,Marketing,Video,0.4991,0.4121,0.6298,1.5,9.6,241,3,0.5319,0,0.5919983983039856,6,6,6,0.16666666666666666
U1038,P02260,A0371,26-35,Female,Chennai,Engineering,7.5,Bachelors,118,15,Data Science,Article,0.4517,0.5077,0.5363,18.0,9.3,393,3,0.494,0,0.5560977458953857,7,7,7,0.14285714285714285
U1038,P02557,A1669,26-35,Female,Chennai,Engineering,7.5,Bachelors,118,15,Data Science,Text,0.2986,0.6024,0.6039,40.4,9.7,611,4,0.4508,1,0.510394811630249,8,8,8,0.125
U1038,P01274,A1442,26-35,Female,Chennai,Engineering,7.5,Bachelors,118,15,Leadership,Article,0.4554,0.2165,0.4431,2.5,9.3,278,2,0.376,0,0.5060800909996033,9,9,9,0.1111111111111111
U1038,P04265,A1267,26-35,Female,Chennai,Engineering,7.5,Bachelors,118,15,Leadership,Article,0.3577,0.5346,0.8059,34.4,1.1,216,4,0.5308,0,0.499532014131546,10,10,10,0.1
U1038,P03514,A1426,26-35,Female,Chennai,Engineering,7.5,Bachelors,118,15,Data Science,Image,0.4237,0.0879,0.8522,46.3,3.0,71,1,0.4198,0,0.42393890023231506,11,11,11,0.09090909090909091
U1038,P02374,A0063,26-35,Female,Chennai,Engineering,7.5,Bachelors,118,15,Marketing,Article,0.521,0.7014,0.0627,14.7,6.9,142,2,0.4479,0,0.4169081747531891,12,12,12,0.08333333333333333
U1038,P03553,A0473,26-35,Female,Chennai,Engineering,7.5,Bachelors,118,15,Design,Video,0.6748,0.0755,0.7769,59.7,11.9,321,4,0.3324,0,0.36842188239097595,13,13,13,0.07692307692307693
U1041,P02161,A1425,18-25,Male,Hyderabad,Computer Science,3.3,Masters,267,22,Career,Job Opportunity,0.5112,0.4855,0.8666,15.7,2.2,131,3,0.6756,0,0.6363568902015686,1,1,1,1.0
U1041,P04022,A0348,18-25,Male,Hyderabad,Computer Science,3.3,Masters,267,22,Marketing,Article,0.4764,0.2809,0.7894,3.7,5.7,78,3,0.5624,0,0.596829354763031,2,2,2,0.5
U1041,P02251,A1819,18-25,Male,Hyderabad,Computer Science,3.3,Masters,267,22,Career,Article,0.4167,0.5549,0.8012,13.8,4.0,667,5,0.6016,1,0.5893768668174744,3,3,3,0.3333333333333333
U1041,P03849,A0533,18-25,Male,Hyderabad,Computer Science,3.3,Masters,267,22,Career,Text,0.0524,0.1477,0.4522,20.4,20.5,105,2,0.2575,0,0.40849199891090393,4,4,4,0.25
U1041,P03132,A1373,18-25,Male,Hyderabad,Computer Science,3.3,Masters,267,22,Software,Article,0.1811,0.7537,0.345,55.7,2.4,93,1,0.49,0,0.38008272647857666,5,5,5,0.2
U1041,P00779,A1197,18-25,Male,Hyderabad,Computer Science,3.3,Masters,267,22,AI,Job Opportunity,0.4018,0.3334,0.2702,19.1,1.4,162,5,0.2705,0,0.2438434213399887,6,6,6,0.16666666666666666
U1041,P02859,A1046,18-25,Male,Hyderabad,Computer Science,3.3,Masters,267,22,Marketing,Image,0.3283,0.3929,0.313,91.8,3.3,108,3,0.231,0,0.2160145789384842,7,7,7,0.14285714285714285
U1048,P00787,A1288,36-45,Male,Bengaluru,Finance,0.4,Masters,149,21,Marketing,Article,0.4318,0.6828,0.8117,2.3,3.5,82,2,0.76,1,0.7889479398727417,1,1,1,1.0
U1048,P03336,A0622,36-45,Male,Bengaluru,Finance,0.4,Masters,149,21,Leadership,Text,0.1351,0.7474,0.6704,23.5,6.9,125,4,0.5709,0,0.5103420615196228,2,2,2,0.5
U1048,P03422,A1331,36-45,Male,Bengaluru,Finance,0.4,Masters,149,21,Finance,Text,0.4917,0.5756,0.3872,31.0,2.6,256,3,0.4807,0,0.5032619833946228,3,3,3,0.3333333333333333
U1048,P01697,A0562,36-45,Male,Bengaluru,Finance,0.4,Masters,149,21,Design,Job Opportunity,0.2187,0.3791,0.4985,0.4,5.6,189,4,0.3854,0,0.46414121985435486,4,4,4,0.25
U1048,P04756,A0477,36-45,Male,Bengaluru,Finance,0.4,Masters,149,21,Data Science,Article,0.1181,0.491,0.7729,10.6,9.0,1069,3,0.5403,0,0.4294959008693695,5,5,5,0.2
U1048,P04484,A0256,36-45,Male,Bengaluru,Finance,0.4,Masters,149,21,Software,Video,0.3019,0.1842,0.8441,48.4,13.1,263,2,0.4252,0,0.4215377867221832,6,6,6,0.16666666666666666
U1048,P00200,A0463,36-45,Male,Bengaluru,Finance,0.4,Masters,149,21,Leadership,Video,0.1988,0.4748,0.6212,30.3,3.5,174,2,0.4831,1,0.4112847149372101,7,7,7,0.14285714285714285
U1048,P01153,A0004,36-45,Male,Bengaluru,Finance,0.4,Masters,149,21,Finance,Video,0.3475,0.3594,0.5243,19.3,2.8,112,3,0.4154,1,0.4009771943092346,8,8,8,0.125
U1048,P00893,A1461,36-45,Male,Bengaluru,Finance,0.4,Masters,149,21,AI,Video,0.2108,0.2162,0.4173,19.6,6.4,125,1,0.3312,1,0.3868432939052582,9,9,9,0.1111111111111111
U1048,P00832,A1889,36-45,Male,Bengaluru,Finance,0.4,Masters,149,21,Software,Article,0.38,0.249,0.628,39.6,8.3,801,3,0.3746,1,0.3380346894264221,10,10,10,0.1
U1048,P02666,A1631,36-45,Male,Bengaluru,Finance,0.4,Masters,149,21,Design,Job Opportunity,0.3292,0.4422,0.762,101.2,7.5,83,5,0.3302,0,0.32256460189819336,11,11,11,0.09090909090909091
U1048,P02753,A1214,36-45,Male,Bengaluru,Finance,0.4,Masters,149,21,AI,Image,0.4022,0.4026,0.323,18.9,1.1,550,1,0.4319,0,0.3121698200702667,12,12,12,0.08333333333333333
U1048,P04712,A0358,36-45,Male,Bengaluru,Finance,0.4,Masters,149,21,Finance,Job Opportunity,0.4237,0.4169,0.2479,20.2,9.2,81,3,0.3498,1,0.2722277343273163,13,13,13,0.07692307692307693
U1049,P00324,A0243,46-55,Male,Pune,Other,2.4,PhD,146,23,Software,Text,0.5018,0.9625,0.6749,33.3,3.4,226,3,0.7718,1,0.8024352788925171,2,2,1,1.0
U1049,P04892,A1273,46-55,Male,Pune,Other,2.4,PhD,146,23,Machine Learning,Text,0.2813,0.8838,0.6418,60.1,3.1,356,3,0.6336,1,0.6727626919746399,4,4,2,0.5
U1049,P01668,A0745,46-55,Male,Pune,Other,2.4,PhD,146,23,Marketing,Text,0.2824,0.438,0.5452,24.0,7.3,560,3,0.4457,1,0.4887813925743103,5,5,3,0.3333333333333333
U1049,P03969,A1730,46-55,Male,Pune,Other,2.4,PhD,146,23,Career,Text,0.544,0.7474,0.3974,10.8,11.3,2295,5,0.5702,0,0.48529210686683655,6,6,4,0.25
U1049,P03643,A1881,46-55,Male,Pune,Other,2.4,PhD,146,23,Leadership,Article,0.3597,0.8527,0.7997,9.8,4.7,1256,2,0.7978,1,0.8177319765090942,1,1,5,0.2
U1049,P02282,A1941,46-55,Male,Pune,Other,2.4,PhD,146,23,AI,Image,0.0262,0.9549,0.8359,0.1,11.3,894,2,0.794,1,0.7791123390197754,3,3,6,0.16666666666666666
U1049,P04699,A0831,46-55,Male,Pune,Other,2.4,PhD,146,23,Software,Article,0.3166,0.5746,0.3372,46.1,5.9,156,2,0.4237,1,0.44001099467277527,7,7,7,0.14285714285714285
U1049,P03051,A0097,46-55,Male,Pune,Other,2.4,PhD,146,23,AI,Text,0.4032,0.4525,0.4901,35.4,1.8,280,5,0.3773,0,0.3721131384372711,8,8,8,0.125
U1053,P03837,A0713,18-25,Male,Bengaluru,Engineering,16.0,Bachelors,82,23,AI,Job Opportunity,0.4452,0.4745,0.4676,34.3,2.9,391,1,0.5797,1,0.6750750541687012,1,1,1,1.0
U1053,P01811,A0390,18-25,Male,Bengaluru,Engineering,16.0,Bachelors,82,23,Software,Job Opportunity,0.1018,0.5775,0.7729,40.5,0.3,267,2,0.62,0,0.6449849009513855,2,2,2,0.5
U1053,P03750,A0930,18-25,Male,Bengaluru,Engineering,16.0,Bachelors,82,23,Career,Text,0.0657,0.4519,0.4407,73.5,2.5,627,2,0.3474,1,0.3564879894256592,3,3,3,0.3333333333333333
U1053,P02162,A1555,18-25,Male,Bengaluru,Engineering,16.0,Bachelors,82,23,Machine Learning,Text,0.6637,0.3467,0.1371,172.0,8.2,529,4,0.1484,0,0.17928174138069153,4,4,4,0.25
U1055,P02942,A0483,26-35,Female,Mumbai,HR,3.8,Masters,640,12,Marketing,Image,0.3596,0.7183,0.9298,2.5,2.0,785,3,0.7338,1,0.7663942575454712,1,1,1,1.0
U1055,P01241,A0516,26-35,Female,Mumbai,HR,3.8,Masters,640,12,AI,Article,0.5805,0.7442,0.5593,43.9,8.2,783,4,0.5542,1,0.6167462468147278,3,3,2,0.5
U1055,P01527,A0005,26-35,Female,Mumbai,HR,3.8,Masters,640,12,Software,Job Opportunity,0.4564,0.6445,0.6511,7.9,3.2,182,3,0.612,0,0.5692781209945679,4,4,3,0.3333333333333333
U1055,P00054,A1709,26-35,Female,Mumbai,HR,3.8,Masters,640,12,Data Science,Video,0.4731,0.6839,0.5422,50.6,2.5,72,4,0.4741,1,0.4941851496696472,5,5,4,0.25
U1055,P01962,A0840,26-35,Female,Mumbai,HR,3.8,Masters,640,12,AI,Article,0.2474,0.5813,0.6766,6.6,11.6,1529,1,0.6019,1,0.6205376386642456,2,2,5,0.2
U1055,P02759,A0297,26-35,Female,Mumbai,HR,3.8,Masters,640,12,Marketing,Article,0.5342,0.4972,0.2453,77.8,5.1,495,1,0.3225,0,0.48603424429893494,6,6,6,0.16666666666666666
U1055,P03355,A0816,26-35,Female,Mumbai,HR,3.8,Masters,640,12,Finance,Video,0.1466,0.2867,0.4559,28.6,3.9,1477,3,0.2501,0,0.44745275378227234,7,7,7,0.14285714285714285
U1055,P01091,A1212,26-35,Female,Mumbai,HR,3.8,Masters,640,12,Software,Text,0.3984,0.458,0.4645,22.4,3.6,143,4,0.3672,0,0.3472195565700531,8,8,8,0.125
U1055,P02459,A0181,26-35,Female,Mumbai,HR,3.8,Masters,640,12,Leadership,Job Opportunity,0.231,0.3753,0.4858,12.0,1.9,548,5,0.2882,1,0.30961596965789795,9,9,9,0.1111111111111111
U1055,P00436,A0630,26-35,Female,Mumbai,HR,3.8,Masters,640,12,AI,Text,0.29,0.2347,0.2542,11.9,4.5,689,2,0.2454,0,0.23484228551387787,10,10,10,0.1
U1055,P02530,A1901,26-35,Female,Mumbai,HR,3.8,Masters,640,12,Career,Article,0.2323,0.3883,0.4207,152.2,0.8,1605,5,0.1082,0,0.1737605631351471,11,11,11,0.09090909090909091
U1063,P04098,A1263,18-25,Male,Delhi,HR,6.2,Masters,367,18,Design,Image,0.8102,0.7931,0.6895,46.3,6.0,113,5,0.696,1,0.7785688042640686,1,1,1,1.0
U1063,P02307,A1753,18-25,Male,Delhi,HR,6.2,Masters,367,18,Data Science,Image,0.4449,0.8148,0.6925,14.5,3.0,198,2,0.7538,0,0.754155695438385,2,2,2,0.5
U1063,P00782,A1362,18-25,Male,Delhi,HR,6.2,Masters,367,18,Marketing,Image,0.6438,0.568,0.616,2.0,1.2,600,3,0.6647,1,0.623543381690979,3,3,3,0.3333333333333333
U1063,P02473,A1986,18-25,Male,Delhi,HR,6.2,Masters,367,18,Design,Job Opportunity,0.4425,0.436,0.9798,7.2,3.2,586,3,0.6848,1,0.6143184304237366,4,4,4,0.25
U1063,P02416,A1153,18-25,Male,Delhi,HR,6.2,Masters,367,18,Machine Learning,Video,0.1316,0.854,0.7664,51.1,6.0,481,2,0.665,1,0.5912754535675049,5,5,5,0.2
U1063,P00630,A0993,18-25,Male,Delhi,HR,6.2,Masters,367,18,Marketing,Job Opportunity,0.6708,0.4551,0.868,72.9,12.2,204,1,0.6478,1,0.5659583210945129,6,6,6,0.16666666666666666
U1063,P03249,A0437,18-25,Male,Delhi,HR,6.2,Masters,367,18,Leadership,Image,0.5616,0.6912,0.4257,54.4,5.1,178,1,0.5885,1,0.5655508041381836,7,7,7,0.14285714285714285
U1063,P04342,A1199,18-25,Male,Delhi,HR,6.2,Masters,367,18,Software,Article,0.443,0.524,0.6328,49.8,8.2,300,3,0.5054,0,0.5408602356910706,8,8,8,0.125
U1063,P01612,A0367,18-25,Male,Delhi,HR,6.2,Masters,367,18,Leadership,Article,0.1982,0.6661,0.6908,62.2,6.1,347,2,0.5414,1,0.5399633049964905,9,9,9,0.1111111111111111
U1063,P03671,A0470,18-25,Male,Delhi,HR,6.2,Masters,367,18,Career,Job Opportunity,0.4573,0.6294,0.5308,13.7,4.9,318,3,0.5899,1,0.5320149064064026,10,10,10,0.1
U1063,P03331,A1901,18-25,Male,Delhi,HR,6.2,Masters,367,18,Machine Learning,Text,0.0906,0.4429,0.7477,10.3,1.4,722,2,0.5283,1,0.5273482203483582,11,11,11,0.09090909090909091
U1063,P01037,A0029,18-25,Male,Delhi,HR,6.2,Masters,367,18,Machine Learning,Text,0.5038,0.5533,0.523,47.9,1.7,262,2,0.5264,0,0.5126993656158447,12,12,12,0.08333333333333333
U1063,P00264,A1682,18-25,Male,Delhi,HR,6.2,Masters,367,18,Leadership,Article,0.4744,0.5954,0.4218,34.6,7.6,695,3,0.4905,1,0.4987186789512634,13,13,13,0.07692307692307693
U1063,P00664,A0302,18-25,Male,Delhi,HR,6.2,Masters,367,18,Leadership,Article,0.3338,0.3558,0.6453,12.3,6.8,578,1,0.5365,0,0.4766499400138855,14,14,14,0.07142857142857142
U1063,P04866,A1766,18-25,Male,Delhi,HR,6.2,Masters,367,18,Design,Text,0.1024,0.6297,0.9164,4.0,19.6,531,4,0.6404,1,0.43807193636894226,15,15,15,0.06666666666666667
U1063,P00228,A0288,18-25,Male,Delhi,HR,6.2,Masters,367,18,Machine Learning,Text,0.4507,0.1827,0.7716,41.3,6.7,53,2,0.4456,1,0.42025578022003174,16,16,16,0.0625
U1063,P02430,A1366,18-25,Male,Delhi,HR,6.2,Masters,367,18,Finance,Article,0.0768,0.4466,0.5155,2.6,4.3,125,2,0.4433,1,0.3683152198791504,17,17,17,0.058823529411764705
U1063,P01013,A1262,18-25,Male,Delhi,HR,6.2,Masters,367,18,Software,Text,0.2291,0.3906,0.3463,84.1,3.0,244,1,0.2725,0,0.2639796733856201,18,18,18,0.05555555555555555
U1070,P04922,A0080,26-35,Male,Chennai,Computer Science,5.7,Bachelors,317,19,Design,Video,0.3424,0.8163,0.8119,14.8,3.4,358,2,0.7696,1,0.8141022324562073,1,1,1,1.0
U1070,P00098,A0592,26-35,Male,Chennai,Computer Science,5.7,Bachelors,317,19,Leadership,Image,0.6289,0.798,0.5682,8.7,3.6,81,3,0.7289,0,0.7944452166557312,2,2,2,0.5
U1070,P03057,A0868,26-35,Male,Chennai,Computer Science,5.7,Bachelors,317,19,Machine Learning,Video,0.5164,0.6337,0.7685,31.6,1.9,151,2,0.6951,1,0.734558641910553,3,3,3,0.3333333333333333
U1070,P03681,A0548,26-35,Male,Chennai,Computer Science,5.7,Bachelors,317,19,Marketing,Video,0.4015,0.7541,0.465,14.1,12.4,526,4,0.5751,1,0.6469192504882812,5,5,4,0.25
U1070,P03614,A1761,26-35,Male,Chennai,Computer Science,5.7,Bachelors,317,19,AI,Image,0.3041,0.6545,0.5756,1.1,4.6,84,1,0.6633,0,0.680989682674408,4,4,5,0.2
U1070,P00617,A1603,26-35,Male,Chennai,Computer Science,5.7,Bachelors,317,19,AI,Article,0.6469,0.5957,0.4246,12.8,4.2,283,1,0.6428,1,0.6005120277404785,6,6,6,0.16666666666666666
U1070,P03909,A0807,26-35,Male,Chennai,Computer Science,5.7,Bachelors,317,19,AI,Article,0.2342,0.5445,0.5205,49.6,7.9,1367,3,0.4109,0,0.44521671533584595,7,7,7,0.14285714285714285
U1070,P02986,A0945,26-35,Male,Chennai,Computer Science,5.7,Bachelors,317,19,Career,Text,0.5284,0.209,0.9283,79.3,6.9,421,2,0.4695,1,0.39200615882873535,8,8,8,0.125
U1071,P01982,A1060,46-55,Male,Hyderabad,Marketing,3.4,Bachelors,98,17,Leadership,Text,0.6254,0.8342,0.7262,18.7,8.4,2632,3,0.7623,1,0.7080447673797607,1,1,1,1.0
U1071,P02936,A0513,46-55,Male,Hyderabad,Marketing,3.4,Bachelors,98,17,Data Science,Article,0.5636,0.6493,0.7244,21.9,7.0,295,4,0.6385,0,0.6070602536201477,2,2,2,0.5
U1071,P03576,A0006,46-55,Male,Hyderabad,Marketing,3.4,Bachelors,98,17,AI,Article,0.2822,0.2412,0.9363,9.8,6.2,453,3,0.5075,1,0.5239421129226685,3,3,3,0.3333333333333333
U1071,P02818,A0273,46-55,Male,Hyderabad,Marketing,3.4,Bachelors,98,17,Leadership,Video,0.165,0.5418,0.4972,2.5,21.2,627,5,0.3904,1,0.5205570459365845,4,4,4,0.25
U1071,P01791,A0862,46-55,Male,Hyderabad,Marketing,3.4,Bachelors,98,17,Machine Learning,Video,0.5267,0.5996,0.3766,5.6,10.9,42,3,0.5245,1,0.4174468517303467,5,5,5,0.2
U1072,P02571,A1638,26-35,Female,Delhi,Business,2.7,Bachelors,270,13,Machine Learning,Article,0.7926,0.755,0.5358,34.8,1.2,214,3,0.6486,0,0.6920090317726135,1,1,1,1.0
U1072,P01159,A1024,26-35,Female,Delhi,Business,2.7,Bachelors,270,13,Design,Article,0.2168,0.5103,0.7777,23.7,2.3,881,2,0.53,1,0.5811980962753296,3,3,2,0.5
U1072,P04681,A1073,26-35,Female,Delhi,Business,2.7,Bachelors,270,13,AI,Article,0.2476,0.4541,0.849,13.1,1.4,644,3,0.5294,1,0.5804270505905151,4,4,3,0.3333333333333333
U1072,P00729,A0769,26-35,Female,Delhi,Business,2.7,Bachelors,270,13,Data Science,Video,0.3048,0.4787,0.8034,18.3,7.9,157,3,0.5276,0,0.5436133146286011,5,5,4,0.25
U1072,P02595,A0226,26-35,Female,Delhi,Business,2.7,Bachelors,270,13,Leadership,Text,0.1567,0.4971,0.6031,22.6,11.4,1348,1,0.4675,0,0.6119639873504639,2,2,5,0.2
U1072,P03843,A1576,26-35,Female,Delhi,Business,2.7,Bachelors,270,13,Finance,Article,0.393,0.6759,0.3593,12.4,3.3,486,1,0.5385,1,0.515841543674469,6,6,6,0.16666666666666666
U1072,P04417,A1633,26-35,Female,Delhi,Business,2.7,Bachelors,270,13,Finance,Video,0.1556,0.6283,0.6555,15.3,9.3,169,3,0.5046,0,0.508521318435669,7,7,7,0.14285714285714285
U1072,P04710,A0499,26-35,Female,Delhi,Business,2.7,Bachelors,270,13,Career,Image,0.4652,0.5816,0.9668,32.1,6.6,467,5,0.5988,1,0.504827082157135,8,8,8,0.125
U1072,P03662,A0926,26-35,Female,Delhi,Business,2.7,Bachelors,270,13,Leadership,Image,0.5079,0.1661,0.7367,39.0,8.4,344,2,0.3917,1,0.4171030521392822,9,9,9,0.1111111111111111
U1072,P04309,A1529,26-35,Female,Delhi,Business,2.7,Bachelors,270,13,AI,Text,0.1749,0.7728,0.3055,42.9,10.3,177,2,0.4116,0,0.36244240403175354,10,10,10,0.1
U1072,P02388,A0806,26-35,Female,Delhi,Business,2.7,Bachelors,270,13,AI,Job Opportunity,0.1022,0.2619,0.7743,40.4,6.1,314,3,0.316,0,0.29925569891929626,11,11,11,0.09090909090909091
U1072,P04033,A0684,26-35,Female,Delhi,Business,2.7,Bachelors,270,13,Marketing,Text,0.3302,0.0948,0.5313,9.6,2.2,178,3,0.2646,1,0.2449338734149933,12,12,12,0.08333333333333333
U1079,P00006,A0997,36-45,Male,Mumbai,Engineering,6.0,Bachelors,672,17,Machine Learning,Text,0.7258,0.6942,0.6421,3.6,4.0,244,1,0.7891,0,0.7952929139137268,1,1,1,1.0
U1079,P00269,A1644,36-45,Male,Mumbai,Engineering,6.0,Bachelors,672,17,Design,Article,0.6947,0.8064,0.6165,18.1,3.9,434,1,0.7942,0,0.7767389416694641,2,2,2,0.5
U1079,P04320,A1278,36-45,Male,Mumbai,Engineering,6.0,Bachelors,672,17,Leadership,Job Opportunity,0.1161,0.6721,0.9384,6.7,2.1,781,3,0.695,1,0.7740691304206848,3,3,3,0.3333333333333333
U1079,P04095,A1808,36-45,Male,Mumbai,Engineering,6.0,Bachelors,672,17,Career,Job Opportunity,0.3443,0.6478,0.821,18.4,3.0,354,3,0.6755,0,0.6634870171546936,4,4,4,0.25
U1079,P04366,A0339,36-45,Male,Mumbai,Engineering,6.0,Bachelors,672,17,Data Science,Image,0.5078,0.7835,0.3987,16.1,1.5,244,4,0.5878,1,0.5890422463417053,5,5,5,0.2
U1079,P02680,A0298,36-45,Male,Mumbai,Engineering,6.0,Bachelors,672,17,Leadership,Article,0.2244,0.3677,0.7169,1.3,5.7,297,2,0.5326,0,0.5722094774246216,6,6,6,0.16666666666666666
U1079,P03779,A0697,36-45,Male,Mumbai,Engineering,6.0,Bachelors,672,17,Marketing,Article,0.4904,0.1627,0.7953,8.5,7.6,108,2,0.5222,0,0.5285147428512573,7,7,7,0.14285714285714285
U1079,P03703,A1970,36-45,Male,Mumbai,Engineering,6.0,Bachelors,672,17,Leadership,Image,0.3573,0.4112,0.6289,42.4,6.6,281,3,0.4392,0,0.4746890366077423,8,8,8,0.125
U1079,P04038,A0681,36-45,Male,Mumbai,Engineering,6.0,Bachelors,672,17,Machine Learning,Text,0.4471,0.316,0.8222,35.0,1.6,298,3,0.5129,0,0.46458983421325684,9,9,9,0.1111111111111111
U1079,P04467,A1128,36-45,Male,Mumbai,Engineering,6.0,Bachelors,672,17,AI,Image,0.4396,0.4783,0.238,53.9,14.9,244,2,0.3438,0,0.368598073720932,10,10,10,0.1
U1079,P04083,A1295,36-45,Male,Mumbai,Engineering,6.0,Bachelors,672,17,Machine Learning,Article,0.3795,0.5112,0.4202,70.2,6.8,451,2,0.3853,0,0.3376224637031555,11,11,11,0.09090909090909091
U1099,P01286,A1103,46-55,Female,Delhi,Computer Science,5.8,Bachelors,182,12,Data Science,Image,0.5213,0.7093,0.3886,6.9,4.6,1115,1,0.6165,0,0.6473372578620911,1,1,1,1.0
U1099,P02658,A1999,46-55,Female,Delhi,Computer Science,5.8,Bachelors,182,12,Machine Learning,Article,0.2874,0.8683,0.427,30.8,5.1,582,3,0.5374,1,0.6030600666999817,2,2,2,0.5
U1099,P00940,A0228,46-55,Female,Delhi,Computer Science,5.8,Bachelors,182,12,Career,Article,0.4898,0.7501,0.4351,10.7,2.4,496,4,0.545,0,0.5450562238693237,3,3,3,0.3333333333333333
U1099,P01838,A1323,46-55,Female,Delhi,Computer Science,5.8,Bachelors,182,12,Career,Image,0.4165,0.641,0.4833,55.5,9.1,1022,3,0.4342,1,0.44321587681770325,6,6,4,0.25
U1099,P01533,A1085,46-55,Female,Delhi,Computer Science,5.8,Bachelors,182,12,Finance,Text,0.3228,0.4634,0.7863,56.3,6.4,94,2,0.4789,0,0.49824899435043335,4,4,5,0.2
U1099,P02644,A1129,46-55,Female,Delhi,Computer Science,5.8,Bachelors,182,12,Machine Learning,Article,0.3221,0.5036,0.7278,16.9,6.4,2273,1,0.5844,1,0.48052844405174255,5,5,6,0.16666666666666666
U1099,P00868,A1267,46-55,Female,Delhi,Computer Science,5.8,Bachelors,182,12,Design,Article,0.2353,0.8488,0.4289,6.9,2.3,164,4,0.5294,0,0.43792635202407837,7,7,7,0.14285714285714285
U1099,P00309,A1730,46-55,Female,Delhi,Computer Science,5.8,Bachelors,182,12,Data Science,Image,0.5807,0.4682,0.2141,9.4,5.8,691,3,0.3732,0,0.4287736415863037,8,8,8,0.125
U1099,P00142,A0612,46-55,Female,Delhi,Computer Science,5.8,Bachelors,182,12,Design,Job Opportunity,0.5271,0.7372,0.3511,85.5,9.3,759,3,0.3976,0,0.41999199986457825,9,9,9,0.1111111111111111
U1099,P04934,A1767,46-55,Female,Delhi,Computer Science,5.8,Bachelors,182,12,Data Science,Video,0.4669,0.7656,0.4223,60.8,2.0,2028,2,0.5059,0,0.4186776876449585,10,10,10,0.1
U1099,P01397,A0189,46-55,Female,Delhi,Computer Science,5.8,Bachelors,182,12,Career,Article,0.4882,0.4368,0.4726,62.2,2.0,166,2,0.3691,1,0.4084806740283966,11,11,11,0.09090909090909091
U1099,P02472,A1935,46-55,Female,Delhi,Computer Science,5.8,Bachelors,182,12,Marketing,Text,0.2602,0.6836,0.3034,24.1,15.0,539,4,0.3691,0,0.351879745721817,12,12,12,0.08333333333333333
U1099,P03302,A0001,46-55,Female,Delhi,Computer Science,5.8,Bachelors,182,12,Software,Video,0.7445,0.2528,0.6694,40.8,5.3,504,1,0.5034,1,0.2707204818725586,13,13,13,0.07692307692307693
U1099,P04372,A1482,46-55,Female,Delhi,Computer Science,5.8,Bachelors,182,12,Marketing,Video,0.1284,0.6698,0.4698,77.9,3.0,158,4,0.2981,0,0.23783807456493378,14,14,14,0.07142857142857142
U1099,P04653,A1812,46-55,Female,Delhi,Computer Science,5.8,Bachelors,182,12,Design,Article,0.359,0.5257,0.4528,64.5,0.5,230,4,0.3074,0,0.2267276644706726,15,15,15,0.06666666666666667
U1099,P01475,A1409,46-55,Female,Delhi,Computer Science,5.8,Bachelors,182,12,Finance,Image,0.1593,0.1594,0.4698,131.4,8.9,399,4,0.0935,0,0.09688204526901245,16,16,16,0.0625
U1107,P04098,A0556,18-25,Female,Hyderabad,Data Science,7.8,PhD,464,12,Design,Image,0.8102,0.7906,0.6871,46.3,6.0,113,5,0.6584,1,0.7436814308166504,1,1,1,1.0
U1107,P03207,A0032,18-25,Female,Hyderabad,Data Science,7.8,PhD,464,12,Leadership,Image,0.403,0.4289,0.8626,1.0,2.3,136,2,0.6308,1,0.6528890132904053,3,3,2,0.5
U1107,P01019,A1237,18-25,Female,Hyderabad,Data Science,7.8,PhD,464,12,Finance,Text,0.4635,0.4837,0.785,43.4,1.6,185,3,0.5276,1,0.6344183683395386,4,4,3,0.3333333333333333
U1107,P03812,A1813,18-25,Female,Hyderabad,Data Science,7.8,PhD,464,12,Software,Text,0.6605,0.6118,0.746,32.2,3.2,1433,3,0.6472,1,0.6209362745285034,5,5,4,0.25
U1107,P04211,A1115,18-25,Female,Hyderabad,Data Science,7.8,PhD,464,12,Leadership,Job Opportunity,0.3314,0.6884,0.6647,6.1,4.6,635,1,0.6745,0,0.6812252402305603,2,2,5,0.2
U1107,P03468,A1916,18-25,Female,Hyderabad,Data Science,7.8,PhD,464,12,Career,Text,0.1159,0.3883,0.6057,13.7,7.7,863,4,0.3408,0,0.4489188492298126,6,6,6,0.16666666666666666
U1107,P03343,A1890,18-25,Female,Hyderabad,Data Science,7.8,PhD,464,12,Data Science,Article,0.6977,0.8976,0.1446,15.5,5.8,237,1,0.6435,0,0.43813371658325195,7,7,7,0.14285714285714285
U1107,P04814,A0292,18-25,Female,Hyderabad,Data Science,7.8,PhD,464,12,Career,Video,0.6054,0.4934,0.6596,25.2,1.8,91,3,0.5544,1,0.4249000549316406,8,8,8,0.125
U1107,P03760,A0949,18-25,Female,Hyderabad,Data Science,7.8,PhD,464,12,Design,Text,0.214,0.4215,0.784,2.9,6.8,425,4,0.476,0,0.3903954029083252,9,9,9,0.1111111111111111
U1107,P03649,A1832,18-25,Female,Hyderabad,Data Science,7.8,PhD,464,12,Career,Video,0.2279,0.339,0.5587,4.6,3.2,558,4,0.3447,1,0.2799104154109955,10,10,10,0.1
U1118,P02360,A1966,36-45,Female,Chennai,Design,6.7,PhD,42,19,Design,Text,0.6217,0.5876,0.614,33.7,2.2,424,3,0.6023,0,0.5289857387542725,3,3,1,1.0
U1118,P03477,A0820,36-45,Female,Chennai,Design,6.7,PhD,42,19,Marketing,Video,0.1477,0.2794,0.3945,34.5,6.4,298,1,0.301,0,0.30199310183525085,4,4,2,0.5
U1118,P01168,A1757,36-45,Female,Chennai,Design,6.7,PhD,42,19,Software,Text,0.1486,0.7434,0.8269,14.6,13.4,866,2,0.7008,0,0.7132539749145508,1,1,3,0.3333333333333333
U1118,P03707,A1534,36-45,Female,Chennai,Design,6.7,PhD,42,19,Data Science,Job Opportunity,0.3492,0.3102,0.76,27.2,18.9,91,2,0.4977,1,0.6250361800193787,2,2,4,0.25
U1118,P04003,A0146,36-45,Female,Chennai,Design,6.7,PhD,42,19,Marketing,Text,0.2268,0.4559,0.3582,155.2,0.5,418,4,0.1395,0,0.11449218541383743,5,5,5,0.2
U1121,P02153,A0972,36-45,Female,Bengaluru,Computer Science,3.0,Bachelors,227,16,Machine Learning,Job Opportunity,0.4144,0.4236,0.5939,15.7,3.7,352,1,0.5384,1,0.5922829508781433,2,2,1,1.0
U1121,P02503,A0603,36-45,Female,Bengaluru,Computer Science,3.0,Bachelors,227,16,Career,Article,0.741,0.4332,0.6263,21.8,7.5,456,3,0.5692,0,0.5234219431877136,3,3,2,0.5
U1121,P04567,A0409,36-45,Female,Bengaluru,Computer Science,3.0,Bachelors,227,16,Career,Video,0.0368,0.4465,0.6388,5.4,3.4,366,2,0.4534,1,0.5127435922622681,4,4,3,0.3333333333333333
U1121,P01297,A0583,36-45,Female,Bengaluru,Computer Science,3.0,Bachelors,227,16,Data Science,Job Opportunity,0.6146,0.2338,0.6378,1.5,5.2,89,3,0.4807,1,0.5065619349479675,5,5,4,0.25
U1121,P00579,A1657,36-45,Female,Bengaluru,Computer Science,3.0,Bachelors,227,16,Software,Text,0.5607,0.7012,0.7982,81.2,6.4,591,2,0.6372,0,0.6820150017738342,1,1,5,0.2
U1121,P03345,A1923,36-45,Female,Bengaluru,Computer Science,3.0,Bachelors,227,16,Data Science,Image,0.325,0.3631,0.6667,79.8,5.6,248,2,0.3579,0,0.2706700265407562,6,6,6,0.16666666666666666
U1121,P00419,A0855,36-45,Female,Bengaluru,Computer Science,3.0,Bachelors,227,16,Software,Text,0.2008,0.4573,0.2311,15.5,3.5,192,2,0.3189,1,0.2467372864484787,7,7,7,0.14285714285714285
U1121,P03685,A1728,36-45,Female,Bengaluru,Computer Science,3.0,Bachelors,227,16,Data Science,Text,0.4414,0.2147,0.2141,56.3,2.5,121,4,0.1687,0,0.1432124823331833,8,8,8,0.125
U1123,P02935,A0459,46-55,Female,Other,Computer Science,3.6,Bachelors,38,17,Finance,Text,0.2907,0.7881,0.7299,11.6,2.9,334,2,0.6941,1,0.7257061004638672,1,1,1,1.0
U1123,P04972,A0629,46-55,Female,Other,Computer Science,3.6,Bachelors,38,17,Data Science,Article,0.6645,0.8513,0.8512,2.2,4.0,84,3,0.8188,1,0.6792818903923035,2,2,2,0.5
U1123,P03417,A1177,46-55,Female,Other,Computer Science,3.6,Bachelors,38,17,Marketing,Job Opportunity,0.3114,0.5594,0.8732,6.4,12.3,135,3,0.6317,1,0.6165322661399841,3,3,3,0.3333333333333333
U1123,P02679,A0413,46-55,Female,Other,Computer Science,3.6,Bachelors,38,17,Leadership,Job Opportunity,0.3031,0.7391,0.5161,20.9,0.7,461,2,0.5737,0,0.60463947057724,5,5,4,0.25
U1123,P02329,A0677,46-55,Female,Other,Computer Science,3.6,Bachelors,38,17,Data Science,Article,0.2435,0.6533,0.891,32.2,6.0,146,1,0.6763,1,0.6154120564460754,4,4,5,0.2
U1123,P01926,A0705,46-55,Female,Other,Computer Science,3.6,Bachelors,38,17,Finance,Text,0.456,0.74,0.624,47.2,3.2,429,4,0.5449,1,0.5256550908088684,6,6,6,0.16666666666666666
U1123,P04764,A0042,46-55,Female,Other,Computer Science,3.6,Bachelors,38,17,Design,Job Opportunity,0.3874,0.4058,0.4708,1.8,3.4,176,5,0.3564,1,0.4285852015018463,7,7,7,0.14285714285714285
U1123,P02121,A1387,46-55,Female,Other,Computer Science,3.6,Bachelors,38,17,Marketing,Image,0.4906,0.7572,0.6047,141.3,1.9,544,2,0.4321,0,0.4127185642719269,8,8,8,0.125
U1123,P00688,A1078,46-55,Female,Other,Computer Science,3.6,Bachelors,38,17,Data Science,Article,0.4028,0.4949,0.3438,8.8,5.1,94,2,0.431,1,0.3907580077648163,9,9,9,0.1111111111111111
U1123,P03525,A0459,46-55,Female,Other,Computer Science,3.6,Bachelors,38,17,Software,Image,0.4054,0.4098,0.2408,15.3,10.5,689,3,0.3095,0,0.368659108877182,10,10,10,0.1
U1124,P02900,A0932,18-25,Male,Ahmedabad,Computer Science,0.7,Masters,242,13,Machine Learning,Article,0.4492,0.8563,0.6561,4.3,11.6,299,4,0.6694,0,0.6226203441619873,3,3,1,1.0
U1124,P01563,A0200,18-25,Male,Ahmedabad,Computer Science,0.7,Masters,242,13,AI,Article,0.4729,0.4738,0.1763,12.1,9.8,291,4,0.2867,0,0.4058687686920166,4,4,2,0.5
U1124,P03381,A1455,18-25,Male,Ahmedabad,Computer Science,0.7,Masters,242,13,Design,Video,0.3526,0.6459,0.2003,15.2,2.0,197,3,0.365,0,0.39218586683273315,5,5,3,0.3333333333333333
U1124,P00007,A1681,18-25,Male,Ahmedabad,Computer Science,0.7,Masters,242,13,Finance,Video,0.6584,0.9555,0.411,157.5,1.4,381,4,0.3756,1,0.3397164046764374,8,8,4,0.25
U1124,P02955,A0801,18-25,Male,Ahmedabad,Computer Science,0.7,Masters,242,13,Data Science,Image,0.3776,0.6773,0.6174,27.0,6.0,191,2,0.5699,0,0.6487237811088562,1,1,5,0.2
U1124,P00166,A1055,18-25,Male,Ahmedabad,Computer Science,0.7,Masters,242,13,Career,Article,0.3468,0.7139,0.5628,0.3,7.4,104,1,0.6391,0,0.6419448852539062,2,2,6,0.16666666666666666
U1124,P02673,A0511,18-25,Male,Ahmedabad,Computer Science,0.7,Masters,242,13,Leadership,Video,0.3813,0.3437,0.7398,4.7,7.3,93,2,0.5012,1,0.38515180349349976,6,6,7,0.14285714285714285
U1124,P02181,A0041,18-25,Male,Ahmedabad,Computer Science,0.7,Masters,242,13,Career,Video,0.4421,0.4495,0.61,112.3,6.2,279,1,0.3389,0,0.3694342076778412,7,7,8,0.125
U1124,P02410,A1936,18-25,Male,Ahmedabad,Computer Science,0.7,Masters,242,13,Marketing,Article,0.6223,0.7885,0.4863,102.6,0.8,937,3,0.4539,0,0.3396877348423004,9,9,9,0.1111111111111111
U1124,P02276,A1483,18-25,Male,Ahmedabad,Computer Science,0.7,Masters,242,13,Machine Learning,Article,0.3096,0.3351,0.7651,46.8,3.6,703,4,0.3441,1,0.25414758920669556,10,10,10,0.1
U1124,P03555,A0736,18-25,Male,Ahmedabad,Computer Science,0.7,Masters,242,13,Data Science,Text,0.1216,0.3406,0.4427,13.5,1.8,1017,4,0.2455,0,0.25292539596557617,11,11,11,0.09090909090909091
U1134,P01335,A1386,36-45,Male,Bengaluru,Business,6.6,Masters,94,15,Leadership,Text,0.6473,0.6102,0.7071,22.6,3.4,314,2,0.6996,1,0.6339841485023499,1,1,1,1.0
U1134,P04188,A1773,36-45,Male,Bengaluru,Business,6.6,Masters,94,15,Leadership,Job Opportunity,0.1849,0.5738,0.89,7.9,2.6,201,4,0.6065,0,0.6027568578720093,2,2,2,0.5
U1134,P04264,A1746,36-45,Male,Bengaluru,Business,6.6,Masters,94,15,Marketing,Article,0.1365,0.4391,0.7572,0.4,5.6,143,5,0.4537,0,0.5550814270973206,3,3,3,0.3333333333333333
U1134,P02814,A1995,36-45,Male,Bengaluru,Business,6.6,Masters,94,15,Data Science,Job Opportunity,0.593,0.534,0.6057,10.6,7.3,229,4,0.5737,1,0.5149828195571899,5,5,4,0.25
U1134,P00756,A0082,36-45,Male,Bengaluru,Business,6.6,Masters,94,15,Leadership,Text,0.1847,0.372,0.6459,5.5,15.8,1001,1,0.5058,1,0.5309258103370667,4,4,5,0.2
U1134,P04167,A0757,36-45,Male,Bengaluru,Business,6.6,Masters,94,15,Marketing,Image,0.4601,0.4122,0.5848,3.9,5.8,1124,4,0.4813,1,0.5107823610305786,6,6,6,0.16666666666666666
U1134,P02006,A0962,36-45,Male,Bengaluru,Business,6.6,Masters,94,15,Leadership,Video,0.504,0.1148,0.6409,0.2,6.3,475,4,0.3784,1,0.4392641484737396,7,7,7,0.14285714285714285
U1134,P04885,A0266,36-45,Male,Bengaluru,Business,6.6,Masters,94,15,Marketing,Job Opportunity,0.1084,0.3249,0.6795,30.6,3.7,247,2,0.3944,0,0.420041024684906,8,8,8,0.125
U1134,P02728,A0695,36-45,Male,Bengaluru,Business,6.6,Masters,94,15,Finance,Video,0.0827,0.6989,0.3731,1.9,1.6,422,3,0.4675,1,0.4110119044780731,9,9,9,0.1111111111111111
U1134,P02234,A1224,36-45,Male,Bengaluru,Business,6.6,Masters,94,15,Career,Image,0.2185,0.5265,0.7781,48.8,2.7,294,5,0.4323,0,0.340503454208374,10,10,10,0.1
U1134,P03603,A1308,36-45,Male,Bengaluru,Business,6.6,Masters,94,15,Data Science,Text,0.197,0.3336,0.5379,12.2,13.1,1915,3,0.3688,0,0.33390748500823975,11,11,11,0.09090909090909091
U1139,P01824,A1997,18-25,Female,Chennai,Finance,5.6,Bachelors,118,18,Career,Job Opportunity,0.4643,0.7734,0.8744,37.3,3.8,511,2,0.7536,1,0.7729905843734741,1,1,1,1.0
U1139,P02153,A0064,18-25,Female,Chennai,Finance,5.6,Bachelors,118,18,Machine Learning,Job Opportunity,0.4144,0.673,0.7417,15.7,3.7,352,3,0.6637,1,0.7328741550445557,2,2,2,0.5
U1139,P03859,A1231,18-25,Female,Chennai,Finance,5.6,Bachelors,118,18,Design,Video,0.2821,0.7189,0.7137,24.3,1.6,972,1,0.6834,0,0.7327579855918884,3,3,3,0.3333333333333333
U1139,P01155,A0064,18-25,Female,Chennai,Finance,5.6,Bachelors,118,18,Finance,Article,0.3368,0.6392,0.8938,4.3,3.5,184,2,0.7323,0,0.7109259366989136,4,4,4,0.25
U1139,P00690,A1857,18-25,Female,Chennai,Finance,5.6,Bachelors,118,18,Data Science,Job Opportunity,0.2643,0.8682,0.5201,30.6,4.3,150,1,0.6613,0,0.6835475564002991,5,5,5,0.2
U1139,P03941,A0863,18-25,Female,Chennai,Finance,5.6,Bachelors,118,18,Career,Article,0.4261,0.7346,0.5357,35.0,6.6,348,2,0.6085,0,0.6780481338500977,6,6,6,0.16666666666666666
U1139,P02782,A0138,18-25,Female,Chennai,Finance,5.6,Bachelors,118,18,Career,Article,0.5532,0.7141,0.3015,5.4,17.5,191,3,0.5618,1,0.592728316783905,7,7,7,0.14285714285714285
U1139,P02517,A1390,18-25,Female,Chennai,Finance,5.6,Bachelors,118,18,Machine Learning,Text,0.5774,0.4541,0.6347,20.9,10.2,846,3,0.5493,1,0.5671622157096863,8,8,8,0.125
U1139,P00239,A1294,18-25,Female,Chennai,Finance,5.6,Bachelors,118,18,Software,Video,0.3165,0.6759,0.497,19.9,0.8,458,3,0.532,0,0.5272681713104248,9,9,9,0.1111111111111111
U1139,P04808,A0277,18-25,Female,Chennai,Finance,5.6,Bachelors,118,18,Design,Text,0.2797,0.3342,0.6827,4.4,3.8,507,4,0.429,0,0.3389332592487335,10,10,10,0.1
U1139,P02120,A0765,18-25,Female,Chennai,Finance,5.6,Bachelors,118,18,Software,Text,0.648,0.3598,0.4329,50.1,3.9,257,4,0.3498,0,0.2682100832462311,11,11,11,0.09090909090909091
U1139,P03079,A0185,18-25,Female,Chennai,Finance,5.6,Bachelors,118,18,Career,Video,0.2153,0.6684,0.3916,88.3,4.5,263,5,0.272,0,0.21893548965454102,12,12,12,0.08333333333333333
U1146,P02995,A0550,26-35,Male,Chennai,Business,4.7,Masters,301,20,Marketing,Text,0.5251,0.3923,0.8525,35.1,3.7,1423,2,0.6166,1,0.6787616610527039,1,1,1,1.0
U1146,P00713,A1736,26-35,Male,Chennai,Business,4.7,Masters,301,20,Finance,Article,0.3202,0.7232,0.5296,31.2,7.6,158,4,0.5334,1,0.6185588836669922,2,2,2,0.5
U1146,P00956,A0682,26-35,Male,Chennai,Business,4.7,Masters,301,20,Finance,Job Opportunity,0.2786,0.8408,0.7367,7.0,0.4,575,4,0.7045,1,0.5712721943855286,4,4,3,0.3333333333333333
U1146,P02239,A1148,26-35,Male,Chennai,Business,4.7,Masters,301,20,Marketing,Text,0.3292,0.317,0.5081,4.9,7.0,456,3,0.4098,1,0.4498468339443207,5,5,4,0.25
U1146,P04268,A1380,26-35,Male,Chennai,Business,4.7,Masters,301,20,Finance,Job Opportunity,0.3054,0.388,0.89,25.5,5.1,424,2,0.5904,1,0.574639081954956,3,3,5,0.2
U1146,P01122,A0796,26-35,Male,Chennai,Business,4.7,Masters,301,20,AI,Text,0.1713,0.6013,0.5834,53.0,12.6,400,3,0.4436,0,0.39961889386177063,6,6,6,0.16666666666666666
U1146,P03891,A1044,26-35,Male,Chennai,Business,4.7,Masters,301,20,Career,Text,0.512,0.4207,0.5302,65.1,2.1,344,3,0.4012,1,0.3778257966041565,7,7,7,0.14285714285714285
U1146,P00553,A1711,26-35,Male,Chennai,Business,4.7,Masters,301,20,Data Science,Video,0.3732,0.6668,0.0663,6.8,2.8,277,2,0.4371,0,0.35749223828315735,8,8,8,0.125
U1157,P01649,A0589,18-25,Female,Ahmedabad,Marketing,1.3,Masters,231,19,Career,Text,0.3667,0.4808,0.6467,1.1,3.5,475,1,0.5968,0,0.6876676082611084,3,3,1,1.0
U1157,P00927,A1050,18-25,Female,Ahmedabad,Marketing,1.3,Masters,231,19,Data Science,Text,0.2732,0.8688,0.6855,35.1,11.4,1716,3,0.6455,1,0.6509397625923157,4,4,2,0.5
U1157,P01855,A1653,18-25,Female,Ahmedabad,Marketing,1.3,Masters,231,19,AI,Video,0.1047,0.6999,0.8596,13.0,3.0,505,4,0.6032,1,0.6491203308105469,5,5,3,0.3333333333333333
U1157,P01520,A0030,18-25,Female,Ahmedabad,Marketing,1.3,Masters,231,19,Data Science,Video,0.2608,0.6765,0.4491,2.0,2.7,247,2,0.5483,0,0.594144880771637,8,8,4,0.25
U1157,P02560,A1999,18-25,Female,Ahmedabad,Marketing,1.3,Masters,231,19,Software,Text,0.5077,0.6795,0.5031,7.9,7.6,156,1,0.6561,1,0.718511700630188,1,1,5,0.2
U1157,P04371,A1033,18-25,Female,Ahmedabad,Marketing,1.3,Masters,231,19,Software,Text,0.6776,0.3965,0.7099,13.3,15.7,3367,2,0.6095,1,0.6957881450653076,2,2,6,0.16666666666666666
U1157,P04423,A1701,18-25,Female,Ahmedabad,Marketing,1.3,Masters,231,19,Design,Text,0.4184,0.4807,0.4808,54.0,15.6,173,1,0.4362,0,0.6390204429626465,6,6,7,0.14285714285714285
U1157,P03390,A1199,18-25,Female,Ahmedabad,Marketing,1.3,Masters,231,19,Finance,Article,0.1007,0.7478,0.7915,73.6,7.7,166,2,0.5423,0,0.5963881015777588,7,7,8,0.125
U1157,P00335,A0719,18-25,Female,Ahmedabad,Marketing,1.3,Masters,231,19,Finance,Image,0.5086,0.3808,0.5677,32.0,4.7,1280,4,0.3957,0,0.4329909086227417,9,9,9,0.1111111111111111
U1157,P00486,A1528,18-25,Female,Ahmedabad,Marketing,1.3,Masters,231,19,Career,Video,0.2524,0.3558,0.5728,11.9,2.9,192,2,0.4193,1,0.41622084379196167,10,10,10,0.1
U1157,P04072,A1144,18-25,Female,Ahmedabad,Marketing,1.3,Masters,231,19,Software,Job Opportunity,0.3305,0.3163,0.6089,9.7,9.5,208,4,0.3776,0,0.37919071316719055,11,11,11,0.09090909090909091
U1157,P04204,A1576,18-25,Female,Ahmedabad,Marketing,1.3,Masters,231,19,Finance,Job Opportunity,0.2376,0.3301,0.5111,13.6,3.1,882,5,0.2887,0,0.3722424805164337,12,12,12,0.08333333333333333
U1157,P02250,A1890,18-25,Female,Ahmedabad,Marketing,1.3,Masters,231,19,AI,Article,0.2353,0.4056,0.4384,18.6,4.5,1030,4,0.3128,0,0.2864103615283966,13,13,13,0.07692307692307693
U1157,P03912,A1264,18-25,Female,Ahmedabad,Marketing,1.3,Masters,231,19,Design,Article,0.2362,0.4754,0.4323,61.0,1.0,214,4,0.2697,0,0.2698433995246887,14,14,14,0.07142857142857142
U1160,P04825,A0727,36-45,Male,Mumbai,Engineering,2.7,Masters,134,14,Leadership,Image,0.3349,0.7239,0.7958,4.7,7.1,145,3,0.6902,1,0.7788153886795044,1,1,1,1.0
U1160,P02873,A1117,36-45,Male,Mumbai,Engineering,2.7,Masters,134,14,Software,Text,0.3585,0.445,0.6647,13.3,2.6,235,1,0.5591,1,0.6503422856330872,3,3,2,0.5
U1160,P04608,A1435,36-45,Male,Mumbai,Engineering,2.7,Masters,134,14,Software,Article,0.636,0.6519,0.6818,56.8,1.5,179,4,0.5616,1,0.5528391003608704,4,4,3,0.3333333333333333
U1160,P00690,A1658,36-45,Male,Mumbai,Engineering,2.7,Masters,134,14,Data Science,Job Opportunity,0.2643,0.1416,0.8102,30.6,4.3,150,3,0.3489,1,0.543969452381134,5,5,4,0.25
U1160,P02698,A0511,36-45,Male,Mumbai,Engineering,2.7,Masters,134,14,AI,Video,0.2904,0.9371,0.5923,39.4,12.0,253,1,0.6931,1,0.748957633972168,2,2,5,0.2
U1160,P00309,A1836,36-45,Male,Mumbai,Engineering,2.7,Masters,134,14,Data Science,Image,0.5807,0.4063,0.6883,9.4,5.8,691,3,0.5537,0,0.514535129070282,6,6,6,0.16666666666666666
U1160,P00662,A1875,36-45,Male,Mumbai,Engineering,2.7,Masters,134,14,Finance,Text,0.3909,0.4558,0.3863,15.4,5.3,227,1,0.4513,1,0.46961674094200134,7,7,7,0.14285714285714285
U1160,P02642,A0869,36-45,Male,Mumbai,Engineering,2.7,Masters,134,14,Finance,Article,0.4862,0.2781,0.5055,81.4,2.6,442,5,0.2156,0,0.23947358131408691,8,8,8,0.125
U1163,P01432,A0159,46-55,Female,Hyderabad,Finance,4.8,Bachelors,425,22,Data Science,Article,0.4345,0.6685,0.672,56.0,8.0,279,3,0.5888,1,0.6359241008758545,2,2,1,1.0
U1163,P02704,A1875,46-55,Female,Hyderabad,Finance,4.8,Bachelors,425,22,Machine Learning,Article,0.1249,0.7391,0.6342,29.1,3.5,101,3,0.5771,1,0.6000697612762451,3,3,2,0.5
U1163,P03122,A1441,46-55,Female,Hyderabad,Finance,4.8,Bachelors,425,22,Career,Text,0.1239,0.7935,0.5446,37.2,9.5,121,4,0.5178,1,0.5583587288856506,5,5,3,0.3333333333333333
U1163,P01277,A1534,46-55,Female,Hyderabad,Finance,4.8,Bachelors,425,22,Leadership,Image,0.434,0.5009,0.5275,4.5,4.2,292,4,0.5149,1,0.5225787162780762,6,6,4,0.25
U1163,P04697,A1382,46-55,Female,Hyderabad,Finance,4.8,Bachelors,425,22,Software,Text,0.4439,0.659,0.6358,26.4,10.9,227,1,0.6869,1,0.7246950268745422,1,1,5,0.2
U1163,P04193,A1818,46-55,Female,Hyderabad,Finance,4.8,Bachelors,425,22,AI,Article,0.1846,0.765,0.4755,25.0,8.1,392,2,0.5796,0,0.5919218063354492,4,4,6,0.16666666666666666
U1163,P00623,A0064,46-55,Female,Hyderabad,Finance,4.8,Bachelors,425,22,Design,Text,0.3523,0.2465,0.6381,0.7,5.7,253,3,0.4525,0,0.5078699588775635,7,7,7,0.14285714285714285
U1163,P04631,A0696,46-55,Female,Hyderabad,Finance,4.8,Bachelors,425,22,Data Science,Video,0.0432,0.4002,0.2778,142.7,4.5,431,5,0.0969,0,0.11711438000202179,8,8,8,0.125
U1172,P02872,A1135,36-45,Female,Pune,Data Science,5.8,Bachelors,412,19,Software,Video,0.1705,0.7518,0.6601,4.0,3.2,120,3,0.6389,1,0.6358420848846436,1,1,1,1.0
U1172,P03479,A0491,36-45,Female,Pune,Data Science,5.8,Bachelors,412,19,Machine Learning,Text,0.2005,0.6021,0.6448,40.5,5.0,1139,3,0.4966,1,0.5400310754776001,2,2,2,0.5
U1172,P02805,A0416,36-45,Female,Pune,Data Science,5.8,Bachelors,412,19,Leadership,Article,0.0695,0.4436,0.7349,7.8,12.6,128,4,0.4526,0,0.4347859025001526,3,3,3,0.3333333333333333
U1172,P01073,A0062,36-45,Female,Pune,Data Science,5.8,Bachelors,412,19,Marketing,Job Opportunity,0.5669,0.5743,0.2006,45.3,5.6,258,4,0.3567,0,0.4255658686161041,4,4,4,0.25
U1172,P01956,A0174,36-45,Female,Pune,Data Science,5.8,Bachelors,412,19,Data Science,Job Opportunity,0.2425,0.2765,0.5431,10.4,8.0,820,2,0.3963,0,0.415606826543808,5,5,5,0.2
U1172,P04303,A0808,36-45,Female,Pune,Data Science,5.8,Bachelors,412,19,Career,Article,0.0358,0.55,0.6117,54.6,8.1,210,5,0.3256,0,0.3190934360027313,6,6,6,0.16666666666666666
U1172,P03405,A0590,36-45,Female,Pune,Data Science,5.8,Bachelors,412,19,AI,Article,0.2427,0.4019,0.3255,34.5,1.3,945,2,0.3246,1,0.3153049349784851,7,7,7,0.14285714285714285
U1179,P02349,A0839,18-25,Female,Other,Data Science,8.7,Bachelors,87,13,Marketing,Job Opportunity,0.3046,0.7762,0.3535,19.0,7.2,144,2,0.5224,1,0.6166706681251526,1,1,1,1.0
U1179,P04108,A1399,18-25,Female,Other,Data Science,8.7,Bachelors,87,13,AI,Text,0.2193,0.5192,0.7809,16.2,6.7,87,3,0.5251,0,0.5368399620056152,2,2,2,0.5
U1179,P03379,A1975,18-25,Female,Other,Data Science,8.7,Bachelors,87,13,Marketing,Article,0.7548,0.1967,0.8687,14.9,3.7,217,3,0.5509,0,0.5321040749549866,3,3,3,0.3333333333333333
U1179,P01801,A0270,18-25,Female,Other,Data Science,8.7,Bachelors,87,13,Software,Article,0.16,0.3568,0.8248,26.7,9.5,512,2,0.4579,0,0.5203181505203247,4,4,4,0.25
U1179,P02734,A1469,18-25,Female,Other,Data Science,8.7,Bachelors,87,13,Leadership,Video,0.3322,0.6036,0.3102,3.5,2.1,56,2,0.4564,1,0.5170762538909912,5,5,5,0.2
U1179,P00377,A0681,18-25,Female,Other,Data Science,8.7,Bachelors,87,13,Software,Image,0.2704,0.795,0.9571,78.6,22.9,558,5,0.5619,0,0.43534955382347107,6,6,6,0.16666666666666666
U1179,P01488,A1832,18-25,Female,Other,Data Science,8.7,Bachelors,87,13,Leadership,Text,0.4323,0.3887,0.6036,44.6,5.3,427,5,0.3286,1,0.36518216133117676,7,7,7,0.14285714285714285
U1182,P00009,A1103,18-25,Male,Bengaluru,Design,14.3,Bachelors,183,17,Leadership,Video,0.393,0.6281,0.7877,31.3,12.1,735,3,0.6698,1,0.7549685835838318,2,2,1,1.0
U1182,P02045,A0524,18-25,Male,Bengaluru,Design,14.3,Bachelors,183,17,Leadership,Article,0.3044,0.7421,0.8591,32.7,2.8,209,2,0.7461,1,0.7487547397613525,3,3,2,0.5
U1182,P02176,A1348,18-25,Male,Bengaluru,Design,14.3,Bachelors,183,17,Design,Text,0.6019,0.7783,0.5238,13.1,1.5,131,1,0.7675,1,0.7453464269638062,4,4,3,0.3333333333333333
U1182,P00577,A1573,18-25,Male,Bengaluru,Design,14.3,Bachelors,183,17,Career,Image,0.1893,0.7826,0.7185,19.3,2.5,401,3,0.6836,1,0.7266090512275696,5,5,4,0.25
U1182,P03416,A1800,18-25,Male,Bengaluru,Design,14.3,Bachelors,183,17,Finance,Text,0.4252,0.8992,0.4992,5.5,6.7,165,2,0.756,1,0.8171061873435974,1,1,5,0.2
U1182,P02809,A0650,18-25,Male,Bengaluru,Design,14.3,Bachelors,183,17,Data Science,Text,0.1872,0.7808,0.7006,24.1,8.7,102,3,0.6672,1,0.7005209922790527,6,6,6,0.16666666666666666
U1182,P00534,A0349,18-25,Male,Bengaluru,Design,14.3,Bachelors,183,17,Leadership,Job Opportunity,0.5131,0.5827,0.2973,30.5,1.3,237,2,0.5128,0,0.5275915265083313,7,7,7,0.14285714285714285
U1182,P01202,A0387,18-25,Male,Bengaluru,Design,14.3,Bachelors,183,17,Design,Video,0.1754,0.2507,0.7119,25.7,3.2,287,3,0.4083,0,0.425228089094162,8,8,8,0.125
U1182,P03394,A0138,18-25,Male,Bengaluru,Design,14.3,Bachelors,183,17,Career,Job Opportunity,0.0892,0.3987,0.7516,49.5,6.7,420,5,0.3652,1,0.4220651090145111,9,9,9,0.1111111111111111
U1182,P04604,A0457,18-25,Male,Bengaluru,Design,14.3,Bachelors,183,17,Finance,Job Opportunity,0.0444,0.3168,0.5766,54.6,9.5,146,1,0.358,1,0.38737669587135315,10,10,10,0.1
U1182,P03555,A1791,18-25,Male,Bengaluru,Design,14.3,Bachelors,183,17,Data Science,Text,0.1216,0.3301,0.352,13.5,1.8,1017,5,0.2601,0,0.21696609258651733,11,11,11,0.09090909090909091
U1185,P01012,A1234,18-25,Female,Mumbai,Computer Science,1.0,Masters,485,21,Machine Learning,Article,0.5464,0.4407,0.5635,9.8,4.2,345,4,0.5079,1,0.5425425171852112,2,2,1,1.0
U1185,P04504,A0602,18-25,Female,Mumbai,Computer Science,1.0,Masters,485,21,Data Science,Article,0.1902,0.5643,0.5747,9.1,8.6,155,3,0.5104,1,0.5366143584251404,3,3,2,0.5
U1185,P01360,A0447,18-25,Female,Mumbai,Computer Science,1.0,Masters,485,21,Design,Article,0.1895,0.4869,0.7768,7.0,5.4,117,2,0.593,0,0.612284779548645,1,1,3,0.3333333333333333
U1185,P03815,A0258,18-25,Female,Mumbai,Computer Science,1.0,Masters,485,21,Finance,Text,0.133,0.4448,0.8308,33.8,5.5,400,4,0.4619,1,0.5181387066841125,4,4,4,0.25
U1185,P02423,A1100,18-25,Female,Mumbai,Computer Science,1.0,Masters,485,21,Machine Learning,Text,0.2592,0.1463,0.8203,16.4,2.3,193,3,0.4111,0,0.41929882764816284,5,5,5,0.2
U1186,P02653,A1090,46-55,Female,Bengaluru,Computer Science,10.6,Masters,306,16,AI,Job Opportunity,0.3975,0.6706,0.6415,5.6,4.9,461,3,0.6564,0,0.6581770777702332,1,1,1,1.0
U1186,P01301,A0444,46-55,Female,Bengaluru,Computer Science,10.6,Masters,306,16,Marketing,Text,0.6651,0.6123,0.5019,28.9,9.6,867,3,0.599,0,0.5865376591682434,2,2,2,0.5
U1186,P02691,A0463,46-55,Female,Bengaluru,Computer Science,10.6,Masters,306,16,Software,Image,0.4145,0.7573,0.6157,100.7,3.4,532,1,0.5732,0,0.5561097264289856,3,3,3,0.3333333333333333
U1186,P04441,A0316,46-55,Female,Bengaluru,Computer Science,10.6,Masters,306,16,Software,Job Opportunity,0.0643,0.5058,0.6398,9.4,4.2,270,2,0.512,1,0.5423583388328552,4,4,4,0.25
U1186,P00163,A1114,46-55,Female,Bengaluru,Computer Science,10.6,Masters,306,16,Marketing,Article,0.3283,0.1535,0.6042,27.1,6.7,301,2,0.3616,1,0.37322333455085754,5,5,5,0.2
U1189,P01237,A1948,18-25,Male,Mumbai,Data Science,5.6,Masters,356,17,Marketing,Text,0.46,0.7008,0.6327,23.9,22.0,376,5,0.5809,0,0.772265613079071,1,1,1,1.0
U1189,P00925,A1098,18-25,Male,Mumbai,Data Science,5.6,Masters,356,17,AI,Job Opportunity,0.1805,0.7189,0.7909,6.2,3.8,207,2,0.7018,1,0.677071213722229,2,2,2,0.5
U1189,P02540,A0771,18-25,Male,Mumbai,Data Science,5.6,Masters,356,17,AI,Text,0.4357,0.683,0.6561,42.1,3.9,506,2,0.6338,1,0.643577516078949,4,4,3,0.3333333333333333
U1189,P00152,A0586,18-25,Male,Mumbai,Data Science,5.6,Masters,356,17,Leadership,Text,0.4907,0.6079,0.7722,78.0,13.3,198,3,0.5595,1,0.5554649829864502,6,6,4,0.25
U1189,P04923,A0180,18-25,Male,Mumbai,Data Science,5.6,Masters,356,17,Finance,Job Opportunity,0.143,0.4929,0.8991,9.8,4.7,237,1,0.6565,0,0.6718328595161438,3,3,5,0.2
U1189,P03106,A0927,18-25,Male,Mumbai,Data Science,5.6,Masters,356,17,Design,Article,0.254,0.5464,0.7736,19.0,15.2,192,1,0.6434,1,0.6305018663406372,5,5,6,0.16666666666666666
U1189,P03423,A1614,18-25,Male,Mumbai,Data Science,5.6,Masters,356,17,Machine Learning,Video,0.3507,0.4472,0.6698,2.8,6.2,93,3,0.5476,0,0.5192524194717407,7,7,7,0.14285714285714285
U1189,P04442,A0228,18-25,Male,Mumbai,Data Science,5.6,Masters,356,17,Finance,Job Opportunity,0.1189,0.1893,0.8893,14.8,8.8,168,2,0.457,0,0.44828829169273376,8,8,8,0.125
U1189,P00370,A1823,18-25,Male,Mumbai,Data Science,5.6,Masters,356,17,Career,Article,0.4587,0.5962,0.3304,67.2,4.7,91,4,0.3511,1,0.30512410402297974,9,9,9,0.1111111111111111
U1201,P02006,A1191,26-35,Male,Bengaluru,Engineering,6.8,PhD,112,17,Leadership,Video,0.504,0.635,0.8648,0.2,6.3,475,5,0.7002,1,0.6943376064300537,1,1,1,1.0
U1201,P00043,A0961,26-35,Male,Bengaluru,Engineering,6.8,PhD,112,17,Career,Article,0.4213,0.519,0.7767,29.0,13.5,607,3,0.5999,0,0.6533447504043579,2,2,2,0.5
U1201,P02475,A0045,26-35,Male,Bengaluru,Engineering,6.8,PhD,112,17,AI,Text,0.5388,0.8465,0.2842,33.5,7.1,477,1,0.6402,0,0.6363464593887329,3,3,3,0.3333333333333333
U1201,P03991,A0155,26-35,Male,Bengaluru,Engineering,6.8,PhD,112,17,Design,Article,0.5986,0.797,0.46,4.3,2.1,536,5,0.6354,1,0.5284474492073059,4,4,4,0.25
U1201,P02432,A1283,26-35,Male,Bengaluru,Engineering,6.8,PhD,112,17,Software,Text,0.1751,0.6297,0.7668,6.2,10.6,1122,4,0.5966,1,0.45281049609184265,5,5,5,0.2
U1201,P04876,A0707,26-35,Male,Bengaluru,Engineering,6.8,PhD,112,17,Software,Image,0.3851,0.2782,0.7368,6.8,1.8,297,3,0.4984,0,0.442089706659317,6,6,6,0.16666666666666666
U1201,P01225,A1834,26-35,Male,Bengaluru,Engineering,6.8,PhD,112,17,Finance,Text,0.216,0.4822,0.4421,12.7,2.7,356,2,0.4495,1,0.3895115256309509,7,7,7,0.14285714285714285
U1201,P03223,A1835,26-35,Male,Bengaluru,Engineering,6.8,PhD,112,17,Design,Article,0.1447,0.5485,0.5953,12.8,5.0,617,5,0.4307,1,0.3791251480579376,8,8,8,0.125
U1201,P03290,A0571,26-35,Male,Bengaluru,Engineering,6.8,PhD,112,17,Design,Text,0.3346,0.6203,0.2422,12.9,7.0,458,4,0.4019,0,0.3641217052936554,9,9,9,0.1111111111111111
U1201,P04259,A0040,26-35,Male,Bengaluru,Engineering,6.8,PhD,112,17,AI,Article,0.4676,0.2286,0.3487,18.6,5.6,223,1,0.3754,0,0.29408201575279236,10,10,10,0.1
U1214,P04288,A0548,26-35,Male,Hyderabad,Design,14.9,PhD,478,18,AI,Article,0.3575,0.4325,0.9651,23.7,7.9,912,3,0.6552,1,0.6496843695640564,2,2,1,1.0
U1214,P03728,A0738,26-35,Male,Hyderabad,Design,14.9,PhD,478,18,Leadership,Video,0.3203,0.5656,0.8695,16.1,5.6,235,3,0.6826,1,0.6171534657478333,4,4,2,0.5
U1214,P04776,A0891,26-35,Male,Hyderabad,Design,14.9,PhD,478,18,Design,Video,0.6173,0.7215,0.2181,42.1,5.3,134,5,0.4573,0,0.5918313264846802,5,5,3,0.3333333333333333
U1214,P01781,A1148,26-35,Male,Hyderabad,Design,14.9,PhD,478,18,AI,Article,0.3131,0.4724,0.8469,10.9,6.4,273,3,0.6398,0,0.590499758720398,6,6,4,0.25
U1214,P02793,A0188,26-35,Male,Hyderabad,Design,14.9,PhD,478,18,Data Science,Text,0.2905,0.5818,0.7888,3.8,11.5,153,1,0.7284,1,0.7967236042022705,1,1,5,0.2
U1214,P01806,A0486,26-35,Male,Hyderabad,Design,14.9,PhD,478,18,Career,Text,0.1042,0.8212,0.7325,70.1,4.8,234,1,0.6535,0,0.6467950344085693,3,3,6,0.16666666666666666
U1214,P04788,A1692,26-35,Male,Hyderabad,Design,14.9,PhD,478,18,Finance,Job Opportunity,0.327,0.4892,0.6537,74.2,13.2,1287,1,0.5122,1,0.5854228138923645,7,7,7,0.14285714285714285
U1214,P00925,A1988,26-35,Male,Hyderabad,Design,14.9,PhD,478,18,AI,Job Opportunity,0.1805,0.4068,0.5947,6.2,3.8,207,4,0.4443,0,0.42231541872024536,8,8,8,0.125
U1214,P00655,A1947,26-35,Male,Hyderabad,Design,14.9,PhD,478,18,Finance,Video,0.5879,0.6293,0.5386,90.7,1.9,1703,4,0.4746,1,0.3916032314300537,9,9,9,0.1111111111111111
U1214,P04074,A1233,26-35,Male,Hyderabad,Design,14.9,PhD,478,18,AI,Video,0.3217,0.4715,0.2513,10.1,6.4,580,2,0.4271,0,0.3884516954421997,10,10,10,0.1
U1214,P00746,A0332,26-35,Male,Hyderabad,Design,14.9,PhD,478,18,Finance,Video,0.5366,0.1115,0.5363,38.6,6.1,179,2,0.3726,0,0.3114660382270813,11,11,11,0.09090909090909091
U1245,P04241,A1498,26-35,Female,Bengaluru,Data Science,8.3,Diploma,78,25,Machine Learning,Article,0.2945,0.8675,0.6801,3.2,3.4,272,3,0.7679,1,0.7333558201789856,1,1,1,1.0
U1245,P00200,A0891,26-35,Female,Bengaluru,Data Science,8.3,Diploma,78,25,Leadership,Video,0.1988,0.7021,0.8305,30.3,3.5,174,2,0.7169,1,0.7290560603141785,2,2,2,0.5
U1245,P03911,A0954,26-35,Female,Bengaluru,Data Science,8.3,Diploma,78,25,Design,Image,0.3596,0.4576,0.6703,1.9,5.1,80,3,0.6087,1,0.651747465133667,4,4,3,0.3333333333333333
U1245,P03808,A0839,26-35,Female,Bengaluru,Data Science,8.3,Diploma,78,25,AI,Article,0.423,0.6624,0.7649,34.9,5.7,206,4,0.6655,0,0.6307166218757629,5,5,4,0.25
U1245,P03453,A1271,26-35,Female,Bengaluru,Data Science,8.3,Diploma,78,25,Design,Article,0.3789,0.5952,0.5612,6.1,21.5,797,2,0.6568,0,0.6612309813499451,3,3,5,0.2
U1245,P01289,A0071,26-35,Female,Bengaluru,Data Science,8.3,Diploma,78,25,AI,Video,0.4486,0.627,0.6441,26.9,18.7,370,1,0.7097,0,0.6257745623588562,6,6,6,0.16666666666666666
U1245,P01550,A1342,26-35,Female,Bengaluru,Data Science,8.3,Diploma,78,25,Marketing,Image,0.7258,0.4857,0.6884,20.8,1.6,230,2,0.7131,0,0.6003694534301758,7,7,7,0.14285714285714285
U1245,P04408,A0272,26-35,Female,Bengaluru,Data Science,8.3,Diploma,78,25,AI,Image,0.0965,0.4898,0.7111,3.6,6.1,458,1,0.6301,1,0.5690449476242065,8,8,8,0.125
U1245,P01686,A0064,26-35,Female,Bengaluru,Data Science,8.3,Diploma,78,25,Machine Learning,Text,0.3563,0.8674,0.232,68.7,2.4,139,4,0.4622,0,0.519277811050415,9,9,9,0.1111111111111111
U1245,P04606,A0494,26-35,Female,Bengaluru,Data Science,8.3,Diploma,78,25,AI,Text,0.5261,0.6557,0.4217,4.4,12.5,48,2,0.6701,0,0.44705671072006226,10,10,10,0.1
U1245,P01294,A0281,26-35,Female,Bengaluru,Data Science,8.3,Diploma,78,25,Machine Learning,Job Opportunity,0.4521,0.4077,0.5435,100.4,7.5,249,2,0.3942,0,0.41966861486434937,11,11,11,0.09090909090909091
U1245,P04386,A1806,26-35,Female,Bengaluru,Data Science,8.3,Diploma,78,25,Data Science,Article,0.4542,0.6082,0.2827,51.0,9.1,94,2,0.4814,0,0.3866416811943054,12,12,12,0.08333333333333333
U1245,P00523,A1498,26-35,Female,Bengaluru,Data Science,8.3,Diploma,78,25,Software,Article,0.3001,0.3491,0.5656,50.5,7.2,291,4,0.3688,1,0.3418017029762268,13,13,13,0.07692307692307693
U1245,P02801,A0152,26-35,Female,Bengaluru,Data Science,8.3,Diploma,78,25,Software,Job Opportunity,0.3341,0.5317,0.2293,12.3,2.0,499,3,0.4327,0,0.3392024338245392,14,14,14,0.07142857142857142
U1245,P03118,A1400,26-35,Female,Bengaluru,Data Science,8.3,Diploma,78,25,Machine Learning,Video,0.4353,0.4462,0.2241,60.1,3.8,123,3,0.327,0,0.2833024263381958,15,15,15,0.06666666666666667
U1252,P03742,A0538,18-25,Male,Pune,Other,6.8,Masters,222,15,Data Science,Image,0.383,0.5791,0.8474,10.4,4.7,493,3,0.6605,1,0.6654231548309326,3,3,1,1.0
U1252,P00416,A1714,18-25,Male,Pune,Other,6.8,Masters,222,15,Career,Article,0.4371,0.7378,0.4944,15.0,6.9,749,3,0.6,0,0.6313284039497375,4,4,2,0.5
U1252,P03146,A1595,18-25,Male,Pune,Other,6.8,Masters,222,15,Design,Text,0.6731,0.89,0.494,87.7,4.8,367,3,0.5956,1,0.6291806697845459,5,5,3,0.3333333333333333
U1252,P00607,A1003,18-25,Male,Pune,Other,6.8,Masters,222,15,Career,Video,0.3271,0.6461,0.6108,37.5,6.6,1291,3,0.5297,1,0.5813117027282715,6,6,4,0.25
U1252,P02551,A0982,18-25,Male,Pune,Other,6.8,Masters,222,15,Machine Learning,Article,0.5195,0.5611,0.7076,4.6,6.2,140,1,0.7002,1,0.7029433846473694,1,1,5,0.2
U1252,P02726,A0188,18-25,Male,Pune,Other,6.8,Masters,222,15,Software,Job Opportunity,0.5432,0.546,0.817,12.7,5.9,281,2,0.6975,0,0.6920045018196106,2,2,6,0.16666666666666666
U1252,P00278,A0142,18-25,Male,Pune,Other,6.8,Masters,222,15,Leadership,Text,0.2328,0.6367,0.6624,33.6,7.5,567,3,0.5288,0,0.5754557251930237,7,7,7,0.14285714285714285
U1252,P04320,A1719,18-25,Male,Pune,Other,6.8,Masters,222,15,Leadership,Job Opportunity,0.1161,0.3722,0.7133,6.7,2.1,781,4,0.4085,1,0.5363690257072449,8,8,8,0.125
U1252,P00118,A1719,18-25,Male,Pune,Other,6.8,Masters,222,15,AI,Article,0.6436,0.5906,0.2939,8.1,4.1,445,3,0.5132,1,0.49642714858055115,9,9,9,0.1111111111111111
U1252,P00676,A1313,18-25,Male,Pune,Other,6.8,Masters,222,15,Software,Article,0.4374,0.5286,0.4526,13.4,12.8,534,4,0.45,0,0.4649139642715454,10,10,10,0.1
U1252,P01204,A0095,18-25,Male,Pune,Other,6.8,Masters,222,15,AI,Image,0.2066,0.305,0.8033,13.4,7.2,509,3,0.4562,1,0.4413358271121979,11,11,11,0.09090909090909091
U1252,P01675,A0215,18-25,Male,Pune,Other,6.8,Masters,222,15,Leadership,Text,0.1693,0.8083,0.4832,77.8,8.2,1616,3,0.433,0,0.3983367085456848,12,12,12,0.08333333333333333
U1252,P00491,A0819,18-25,Male,Pune,Other,6.8,Masters,222,15,Career,Video,0.0846,0.6164,0.2862,3.5,7.3,471,3,0.3806,0,0.35824811458587646,13,13,13,0.07692307692307693
U1252,P01445,A1750,18-25,Male,Pune,Other,6.8,Masters,222,15,AI,Video,0.4326,0.3322,0.4131,25.0,14.9,345,5,0.2914,0,0.2845410108566284,14,14,14,0.07142857142857142
U1252,P00452,A1098,18-25,Male,Pune,Other,6.8,Masters,222,15,Leadership,Article,0.1897,0.3368,0.419,122.4,1.0,219,2,0.1786,0,0.09691434353590012,15,15,15,0.06666666666666667
U1269,P01396,A1476,26-35,Female,Other,HR,6.2,Bachelors,273,10,AI,Text,0.3944,0.6799,0.7743,0.2,7.1,482,3,0.6513,1,0.6660900115966797,1,1,1,1.0
U1269,P01024,A0271,26-35,Female,Other,HR,6.2,Bachelors,273,10,Career,Video,0.513,0.6728,0.6842,63.7,12.0,182,3,0.5199,1,0.5910267233848572,2,2,2,0.5
U1269,P00137,A1057,26-35,Female,Other,HR,6.2,Bachelors,273,10,Design,Text,0.4416,0.6378,0.4019,51.6,9.3,471,1,0.4521,0,0.5050163269042969,4,4,3,0.3333333333333333
U1269,P04516,A0457,26-35,Female,Other,HR,6.2,Bachelors,273,10,Marketing,Article,0.5199,0.4736,0.5505,13.2,1.0,350,2,0.4989,0,0.45520615577697754,5,5,4,0.25
U1269,P02431,A1519,26-35,Female,Other,HR,6.2,Bachelors,273,10,AI,Image,0.1212,0.9501,0.5645,1.4,12.7,816,2,0.6521,0,0.5573254823684692,3,3,5,0.2
U1269,P00834,A0924,26-35,Female,Other,HR,6.2,Bachelors,273,10,Marketing,Text,0.0849,0.5032,0.7974,38.8,5.4,323,1,0.4803,1,0.3734375238418579,6,6,6,0.16666666666666666
U1269,P01177,A1804,26-35,Female,Other,HR,6.2,Bachelors,273,10,Data Science,Job Opportunity,0.2079,0.7279,0.4515,4.9,3.0,147,2,0.5148,0,0.3732258677482605,7,7,7,0.14285714285714285
U1269,P04765,A1723,26-35,Female,Other,HR,6.2,Bachelors,273,10,Leadership,Job Opportunity,0.3607,0.7645,0.7189,59.0,4.5,554,5,0.483,0,0.3676374852657318,8,8,8,0.125
U1269,P04234,A0043,26-35,Female,Other,HR,6.2,Bachelors,273,10,Leadership,Article,0.1432,0.8766,0.4259,50.2,3.0,331,5,0.375,0,0.32667994499206543,9,9,9,0.1111111111111111
U1269,P04492,A0408,26-35,Female,Other,HR,6.2,Bachelors,273,10,Machine Learning,Job Opportunity,0.5216,0.2168,0.189,16.2,7.8,862,1,0.2641,0,0.22566816210746765,10,10,10,0.1
U1273,P02607,A0336,26-35,Female,Mumbai,Design,2.5,Diploma,277,17,Leadership,Text,0.3859,0.6771,0.506,24.2,3.0,870,2,0.5723,1,0.584779679775238,3,3,1,1.0
U1273,P00326,A1771,26-35,Female,Mumbai,Design,2.5,Diploma,277,17,Finance,Text,0.3694,0.6032,0.5965,18.6,3.1,731,2,0.5803,0,0.5751441717147827,4,4,2,0.5
U1273,P00418,A0047,26-35,Female,Mumbai,Design,2.5,Diploma,277,17,Finance,Job Opportunity,0.2877,0.6072,0.2766,3.9,5.8,83,2,0.4541,0,0.48151838779449463,6,6,3,0.3333333333333333
U1273,P02960,A0464,26-35,Female,Mumbai,Design,2.5,Diploma,277,17,Design,Video,0.2495,0.7351,0.2859,6.7,5.4,386,3,0.4732,1,0.4599408805370331,7,7,4,0.25
U1273,P02498,A1795,26-35,Female,Mumbai,Design,2.5,Diploma,277,17,Career,Job Opportunity,0.2311,0.4241,0.7763,7.4,4.7,622,2,0.552,1,0.6219401359558105,1,1,5,0.2
U1273,P02159,A1419,26-35,Female,Mumbai,Design,2.5,Diploma,277,17,Design,Article,0.1529,0.7898,0.7246,82.8,14.6,198,2,0.5407,1,0.6199535727500916,2,2,6,0.16666666666666666
U1273,P00183,A1467,26-35,Female,Mumbai,Design,2.5,Diploma,277,17,Leadership,Article,0.5556,0.5524,0.4589,1.6,4.6,325,2,0.5815,1,0.552808403968811,5,5,7,0.14285714285714285
U1273,P04798,A0822,26-35,Female,Mumbai,Design,2.5,Diploma,277,17,Data Science,Job Opportunity,0.1202,0.7256,0.3323,1.2,3.8,692,4,0.4316,0,0.45191606879234314,8,8,8,0.125
U1273,P01891,A0595,26-35,Female,Mumbai,Design,2.5,Diploma,277,17,AI,Image,0.289,0.6728,0.722,55.4,1.7,630,4,0.5084,1,0.41842716932296753,9,9,9,0.1111111111111111
U1273,P00267,A0767,26-35,Female,Mumbai,Design,2.5,Diploma,277,17,Finance,Article,0.1771,0.4852,0.5159,59.7,7.3,329,2,0.3567,1,0.3239358961582184,10,10,10,0.1
U1273,P04664,A0480,26-35,Female,Mumbai,Design,2.5,Diploma,277,17,AI,Image,0.0845,0.5437,0.2376,16.7,8.8,688,2,0.331,0,0.22070656716823578,11,11,11,0.09090909090909091
U1287,P00364,A1190,26-35,Female,Kolkata,Business,8.4,Masters,165,22,Design,Job Opportunity,0.3466,0.5196,0.9207,19.5,5.0,235,5,0.6072,1,0.6808644533157349,2,2,1,1.0
U1287,P04501,A1245,26-35,Female,Kolkata,Business,8.4,Masters,165,22,Software,Text,0.5205,0.2397,0.9321,11.4,3.6,431,4,0.5699,0,0.6586195230484009,3,3,2,0.5
U1287,P03413,A1739,26-35,Female,Kolkata,Business,8.4,Masters,165,22,Design,Image,0.2742,0.519,0.857,2.5,7.9,209,4,0.6254,0,0.6134656667709351,4,4,3,0.3333333333333333
U1287,P03587,A0783,26-35,Female,Kolkata,Business,8.4,Masters,165,22,Career,Article,0.7192,0.4938,0.637,34.8,1.2,450,2,0.6409,1,0.5986632108688354,5,5,4,0.25
U1287,P03468,A0626,26-35,Female,Kolkata,Business,8.4,Masters,165,22,Career,Text,0.1159,0.604,0.9175,13.7,7.7,863,2,0.686,0,0.7581824660301208,1,1,5,0.2
U1287,P00248,A0283,26-35,Female,Kolkata,Business,8.4,Masters,165,22,Design,Text,0.4494,0.0917,0.696,2.0,6.8,200,2,0.4603,1,0.48656293749809265,6,6,6,0.16666666666666666
U1287,P03664,A1114,26-35,Female,Kolkata,Business,8.4,Masters,165,22,Leadership,Text,0.1816,0.3869,0.5004,10.7,1.3,489,2,0.434,0,0.468735933303833,7,7,7,0.14285714285714285
U1287,P01812,A1853,26-35,Female,Kolkata,Business,8.4,Masters,165,22,Software,Video,0.0763,0.6695,0.2366,12.1,8.6,715,1,0.4636,0,0.35660046339035034,8,8,8,0.125
U1287,P02518,A0996,26-35,Female,Kolkata,Business,8.4,Masters,165,22,Software,Article,0.0905,0.7221,0.1005,28.1,5.3,324,1,0.4051,0,0.3450950086116791,9,9,9,0.1111111111111111
U1287,P01413,A0114,26-35,Female,Kolkata,Business,8.4,Masters,165,22,AI,Video,0.2048,0.4035,0.3975,23.5,6.8,201,3,0.3511,1,0.3224487006664276,10,10,10,0.1
U1298,P01799,A0989,18-25,Female,Mumbai,Finance,4.3,Diploma,238,15,Software,Text,0.5422,0.8531,0.5787,11.7,1.8,263,1,0.7585,0,0.7625301480293274,1,1,1,1.0
U1298,P00727,A1038,18-25,Female,Mumbai,Finance,4.3,Diploma,238,15,Machine Learning,Job Opportunity,0.6925,0.6065,0.8102,2.5,0.7,108,3,0.7357,1,0.6860584616661072,2,2,2,0.5
U1298,P00130,A1269,18-25,Female,Mumbai,Finance,4.3,Diploma,238,15,Finance,Article,0.7143,0.7347,0.7279,78.9,5.9,486,3,0.6348,1,0.6604424118995667,3,3,3,0.3333333333333333
U1298,P02679,A1075,18-25,Female,Mumbai,Finance,4.3,Diploma,238,15,Leadership,Job Opportunity,0.3031,0.8349,0.6503,20.9,0.7,461,3,0.6532,0,0.6299322247505188,4,4,4,0.25
U1298,P03334,A0294,18-25,Female,Mumbai,Finance,4.3,Diploma,238,15,Leadership,Article,0.6294,0.6089,0.867,9.0,5.2,186,4,0.7055,0,0.5896713733673096,5,5,5,0.2
U1298,P04474,A1311,18-25,Female,Mumbai,Finance,4.3,Diploma,238,15,Marketing,Article,0.6778,0.5998,0.5736,33.3,15.3,158,3,0.5855,1,0.5504512190818787,6,6,6,0.16666666666666666
U1298,P00268,A1406,18-25,Female,Mumbai,Finance,4.3,Diploma,238,15,Leadership,Article,0.436,0.4698,0.859,42.8,12.9,268,2,0.5887,1,0.5104825496673584,7,7,7,0.14285714285714285
U1298,P04084,A1216,18-25,Female,Mumbai,Finance,4.3,Diploma,238,15,Machine Learning,Text,0.545,0.5983,0.5446,18.3,1.7,398,3,0.5664,0,0.44287899136543274,8,8,8,0.125
U1298,P03176,A1842,18-25,Female,Mumbai,Finance,4.3,Diploma,238,15,Data Science,Job Opportunity,0.2329,0.5154,0.2306,23.2,11.5,919,1,0.3647,1,0.38012388348579407,9,9,9,0.1111111111111111
U1298,P00279,A1139,18-25,Female,Mumbai,Finance,4.3,Diploma,238,15,Design,Job Opportunity,0.0485,0.2558,0.8855,32.9,8.7,240,3,0.3772,0,0.3583083152770996,10,10,10,0.1
U1300,P04280,A0951,26-35,Female,Hyderabad,Other,7.5,Bachelors,113,14,Leadership,Job Opportunity,0.6189,0.7493,0.814,18.9,1.6,264,3,0.7489,1,0.7599877119064331,1,1,1,1.0
U1300,P00613,A0944,26-35,Female,Hyderabad,Other,7.5,Bachelors,113,14,Software,Video,0.1497,0.3574,0.838,22.1,2.1,259,1,0.517,1,0.6257944703102112,3,3,2,0.5
U1300,P02776,A1131,26-35,Female,Hyderabad,Other,7.5,Bachelors,113,14,Leadership,Text,0.3928,0.9172,0.498,20.0,5.5,178,5,0.5924,1,0.6230108737945557,4,4,3,0.3333333333333333
U1300,P04305,A0405,26-35,Female,Hyderabad,Other,7.5,Bachelors,113,14,Design,Article,0.6002,0.283,0.5105,5.5,3.9,355,3,0.4331,0,0.43681493401527405,6,6,4,0.25
U1300,P04400,A1136,26-35,Female,Hyderabad,Other,7.5,Bachelors,113,14,Marketing,Article,0.1312,0.7051,0.5748,14.6,6.5,296,2,0.5562,0,0.6390982270240784,2,2,5,0.2
U1300,P03013,A0788,26-35,Female,Hyderabad,Other,7.5,Bachelors,113,14,Finance,Article,0.5742,0.5418,0.6132,87.8,12.0,284,2,0.4666,1,0.5476958155632019,5,5,6,0.16666666666666666
U1300,P01089,A0174,26-35,Female,Hyderabad,Other,7.5,Bachelors,113,14,Marketing,Image,0.3559,0.6039,0.4828,88.1,7.1,94,1,0.4149,1,0.411134272813797,7,7,7,0.14285714285714285
U1300,P04789,A1210,26-35,Female,Hyderabad,Other,7.5,Bachelors,113,14,Data Science,Video,0.2747,0.5519,0.5188,16.5,2.4,220,4,0.4272,0,0.4081481099128723,8,8,8,0.125
U1300,P04815,A1212,26-35,Female,Hyderabad,Other,7.5,Bachelors,113,14,Finance,Image,0.1648,0.2161,0.7309,47.0,8.8,260,2,0.3298,1,0.38037818670272827,9,9,9,0.1111111111111111
U1300,P03109,A0402,26-35,Female,Hyderabad,Other,7.5,Bachelors,113,14,Data Science,Image,0.3474,0.1949,0.3964,59.4,20.6,152,3,0.2061,1,0.22266443073749542,10,10,10,0.1
U1302,P01327,A1922,26-35,Female,Hyderabad,Design,2.9,Masters,278,15,Data Science,Image,0.6586,0.8659,0.7616,15.7,2.1,190,2,0.8017,1,0.8188909292221069,1,1,1,1.0
U1302,P01088,A1008,26-35,Female,Hyderabad,Design,2.9,Masters,278,15,Software,Text,0.177,0.7391,0.7621,77.8,14.4,221,3,0.497,0,0.6354561448097229,4,4,2,0.5
U1302,P00891,A0419,26-35,Female,Hyderabad,Design,2.9,Masters,278,15,Software,Text,0.4816,0.4266,0.6994,25.3,6.1,634,3,0.5028,0,0.6255478858947754,5,5,3,0.3333333333333333
U1302,P03034,A0050,26-35,Female,Hyderabad,Design,2.9,Masters,278,15,Marketing,Text,0.6629,0.1744,0.7054,3.7,3.3,207,1,0.5373,1,0.618328332901001,6,6,4,0.25
U1302,P02787,A1439,26-35,Female,Hyderabad,Design,2.9,Masters,278,15,Leadership,Video,0.3921,0.5959,0.6753,2.3,8.8,526,1,0.658,0,0.7186431288719177,2,2,5,0.2
U1302,P01928,A0865,26-35,Female,Hyderabad,Design,2.9,Masters,278,15,Career,Text,0.4533,0.5692,0.7858,34.4,4.5,199,2,0.6153,1,0.6575143337249756,3,3,6,0.16666666666666666
U1302,P00580,A0660,26-35,Female,Hyderabad,Design,2.9,Masters,278,15,Marketing,Article,0.1625,0.6183,0.7429,43.3,3.3,453,1,0.5582,0,0.520496129989624,7,7,7,0.14285714285714285
U1302,P02636,A1757,26-35,Female,Hyderabad,Design,2.9,Masters,278,15,AI,Text,0.5906,0.5688,0.2985,1.8,3.5,405,2,0.513,1,0.5189635753631592,8,8,8,0.125
U1302,P02115,A1700,26-35,Female,Hyderabad,Design,2.9,Masters,278,15,Software,Video,0.073,0.5532,0.6543,3.1,4.2,100,4,0.4467,0,0.5166835784912109,9,9,9,0.1111111111111111
U1302,P03618,A0371,26-35,Female,Hyderabad,Design,2.9,Masters,278,15,Career,Job Opportunity,0.1908,0.877,0.3252,44.0,3.6,285,3,0.4518,1,0.5030341744422913,10,10,10,0.1
U1302,P01875,A0202,26-35,Female,Hyderabad,Design,2.9,Masters,278,15,Finance,Job Opportunity,0.1211,0.0749,0.6199,74.6,4.5,266,1,0.2045,0,0.2422409951686859,11,11,11,0.09090909090909091
U1319,P03394,A0337,36-45,Female,Bengaluru,Other,1.9,Diploma,1022,15,Career,Job Opportunity,0.0892,0.742,0.4238,49.5,6.7,420,4,0.3695,1,0.5355515480041504,2,2,1,1.0
U1319,P03410,A1313,36-45,Female,Bengaluru,Other,1.9,Diploma,1022,15,Software,Job Opportunity,0.2035,0.631,0.515,14.9,7.5,139,3,0.4828,1,0.4848455786705017,3,3,2,0.5
U1319,P00728,A1830,36-45,Female,Bengaluru,Other,1.9,Diploma,1022,15,Leadership,Image,0.0939,0.6464,0.6944,52.4,3.8,193,2,0.4941,0,0.45488110184669495,4,4,3,0.3333333333333333
U1319,P02623,A1223,36-45,Female,Bengaluru,Other,1.9,Diploma,1022,15,Career,Text,0.5143,0.5772,0.3381,20.8,4.5,254,3,0.4545,0,0.3745732009410858,6,6,4,0.25
U1319,P04331,A1618,36-45,Female,Bengaluru,Other,1.9,Diploma,1022,15,Design,Job Opportunity,0.3542,0.5979,0.4779,35.6,18.2,388,1,0.5155,0,0.5399690866470337,1,1,5,0.2
U1319,P01835,A1891,36-45,Female,Bengaluru,Other,1.9,Diploma,1022,15,Leadership,Image,0.8091,0.2458,0.8621,85.4,5.9,559,1,0.5283,0,0.43221524357795715,5,5,6,0.16666666666666666
U1319,P02691,A1711,36-45,Female,Bengaluru,Other,1.9,Diploma,1022,15,Software,Image,0.4145,0.4835,0.7847,100.7,3.4,532,2,0.4429,1,0.37292325496673584,7,7,7,0.14285714285714285
U1319,P01379,A0659,36-45,Female,Bengaluru,Other,1.9,Diploma,1022,15,Finance,Article,0.4675,0.1216,0.6236,15.8,1.9,595,3,0.3499,0,0.3262597620487213,8,8,8,0.125
U1334,P00827,A1881,56+,Male,Hyderabad,Computer Science,6.2,Diploma,165,16,Leadership,Article,0.5703,0.7688,0.7857,7.9,19.5,312,5,0.7151,0,0.5907403826713562,1,1,1,1.0
U1334,P01855,A1889,56+,Male,Hyderabad,Computer Science,6.2,Diploma,165,16,AI,Video,0.1047,0.6219,0.7762,13.0,3.0,505,3,0.5787,0,0.5544613599777222,2,2,2,0.5
U1334,P01391,A1771,56+,Male,Hyderabad,Computer Science,6.2,Diploma,165,16,Finance,Text,0.203,0.5586,0.7114,45.1,2.6,464,4,0.4507,0,0.39884549379348755,3,3,3,0.3333333333333333
U1334,P00591,A0655,56+,Male,Hyderabad,Computer Science,6.2,Diploma,165,16,Software,Image,0.3601,0.3637,0.586,26.0,2.5,804,3,0.4145,1,0.39325442910194397,4,4,4,0.25
U1334,P02142,A1119,56+,Male,Hyderabad,Computer Science,6.2,Diploma,165,16,Marketing,Article,0.2099,0.4078,0.4293,48.3,5.9,207,2,0.3236,0,0.2120962142944336,5,5,5,0.2
U1334,P03845,A0788,56+,Male,Hyderabad,Computer Science,6.2,Diploma,165,16,Finance,Job Opportunity,0.3356,0.3368,0.1338,9.1,7.4,497,3,0.2574,1,0.1716332733631134,6,6,6,0.16666666666666666
U1337,P03809,A1132,18-25,Male,Hyderabad,Design,4.5,Diploma,184,22,AI,Image,0.2876,0.9733,0.4794,13.4,5.6,308,4,0.6701,1,0.6519758105278015,1,1,1,1.0
U1337,P04076,A1017,18-25,Male,Hyderabad,Design,4.5,Diploma,184,22,Data Science,Text,0.5877,0.6612,0.7102,62.1,7.4,168,4,0.6029,1,0.6208800673484802,2,2,2,0.5
U1337,P04342,A1566,18-25,Male,Hyderabad,Design,4.5,Diploma,184,22,Software,Article,0.443,0.6281,0.6256,49.8,8.2,300,3,0.5687,1,0.6087331771850586,3,3,3,0.3333333333333333
U1337,P01788,A0423,18-25,Male,Hyderabad,Design,4.5,Diploma,184,22,Career,Job Opportunity,0.4001,0.5685,0.4551,8.0,2.2,292,1,0.6022,1,0.5916984677314758,4,4,4,0.25
U1337,P01585,A0201,18-25,Male,Hyderabad,Design,4.5,Diploma,184,22,Data Science,Article,0.2999,0.5592,0.8551,55.2,4.7,911,4,0.5494,1,0.47092682123184204,5,5,5,0.2
U1337,P03406,A0020,18-25,Male,Hyderabad,Design,4.5,Diploma,184,22,AI,Text,0.0476,0.4465,0.6077,26.2,1.1,402,2,0.442,0,0.4495968222618103,6,6,6,0.16666666666666666
U1337,P01332,A0663,18-25,Male,Hyderabad,Design,4.5,Diploma,184,22,Career,Video,0.2957,0.5758,0.3287,23.0,11.0,764,2,0.4625,1,0.4241023063659668,7,7,7,0.14285714285714285
U1337,P01027,A0440,18-25,Male,Hyderabad,Design,4.5,Diploma,184,22,Career,Video,0.4529,0.2859,0.4934,21.1,5.1,423,2,0.4349,1,0.3625214099884033,8,8,8,0.125
U1339,P02360,A0752,46-55,Male,Mumbai,Data Science,5.2,Bachelors,163,19,Design,Text,0.6217,0.772,0.6308,33.7,2.2,424,3,0.7034,1,0.7582517266273499,1,1,1,1.0
U1339,P02921,A0026,46-55,Male,Mumbai,Data Science,5.2,Bachelors,163,19,Data Science,Article,0.164,0.7491,0.8158,15.2,3.5,584,3,0.685,0,0.6525049805641174,2,2,2,0.5
U1339,P00864,A1473,46-55,Male,Mumbai,Data Science,5.2,Bachelors,163,19,AI,Text,0.2093,0.9083,0.397,5.6,2.3,249,3,0.6248,1,0.5615206360816956,3,3,3,0.3333333333333333
U1339,P00689,A1759,46-55,Male,Mumbai,Data Science,5.2,Bachelors,163,19,Career,Image,0.253,0.4444,0.6265,9.6,0.7,117,2,0.5295,0,0.4917159974575043,4,4,4,0.25
U1339,P02639,A0535,46-55,Male,Mumbai,Data Science,5.2,Bachelors,163,19,Career,Text,0.2561,0.3647,0.5829,1.1,6.7,129,1,0.5215,1,0.48298394680023193,5,5,5,0.2
U1339,P01337,A1453,46-55,Male,Mumbai,Data Science,5.2,Bachelors,163,19,Finance,Article,0.1685,0.1491,0.7848,20.7,6.1,1010,3,0.374,0,0.43497520685195923,6,6,6,0.16666666666666666
U1339,P04655,A0150,46-55,Male,Mumbai,Data Science,5.2,Bachelors,163,19,Leadership,Text,0.1956,0.589,0.3987,7.5,9.3,121,3,0.461,1,0.41721126437187195,7,7,7,0.14285714285714285
U1339,P00226,A0823,46-55,Male,Mumbai,Data Science,5.2,Bachelors,163,19,Design,Video,0.1708,0.2325,0.5378,40.2,5.0,994,2,0.3118,0,0.33631300926208496,8,8,8,0.125
U1339,P03221,A1249,46-55,Male,Mumbai,Data Science,5.2,Bachelors,163,19,Software,Video,0.3087,0.5837,0.609,141.6,0.2,191,3,0.3192,0,0.18791471421718597,9,9,9,0.1111111111111111
U1342,P04176,A1501,36-45,Male,Delhi,Other,2.2,Bachelors,153,16,Finance,Text,0.5647,0.6701,0.8343,2.6,3.7,171,2,0.7652,1,0.7994551658630371,1,1,1,1.0
U1342,P03776,A0497,36-45,Male,Delhi,Other,2.2,Bachelors,153,16,Finance,Text,0.8685,0.7827,0.4256,6.5,5.0,455,4,0.6802,1,0.7284001111984253,2,2,2,0.5
U1342,P04456,A1913,36-45,Male,Delhi,Other,2.2,Bachelors,153,16,Machine Learning,Video,0.2192,0.6808,0.7656,12.1,4.5,398,3,0.6225,1,0.6843715906143188,3,3,3,0.3333333333333333
U1342,P01077,A1727,36-45,Male,Delhi,Other,2.2,Bachelors,153,16,Data Science,Video,0.3216,0.4698,0.8071,19.1,3.4,940,2,0.583,0,0.6283469796180725,4,4,4,0.25
U1342,P04544,A0222,36-45,Male,Delhi,Other,2.2,Bachelors,153,16,Data Science,Article,0.3125,0.6414,0.3818,35.4,2.1,280,1,0.4863,1,0.5129252672195435,5,5,5,0.2
U1342,P03390,A0725,36-45,Male,Delhi,Other,2.2,Bachelors,153,16,Finance,Article,0.1007,0.5599,0.8818,73.6,7.7,166,4,0.4264,0,0.4247240722179413,6,6,6,0.16666666666666666
U1342,P02501,A1273,36-45,Male,Delhi,Other,2.2,Bachelors,153,16,Machine Learning,Article,0.4104,0.4049,0.2985,2.2,5.5,1504,1,0.4265,0,0.4111345410346985,7,7,7,0.14285714285714285
U1342,P03169,A1225,36-45,Male,Delhi,Other,2.2,Bachelors,153,16,Data Science,Job Opportunity,0.1685,0.6745,0.5529,61.3,4.4,144,2,0.4518,1,0.33985471725463867,8,8,8,0.125
U1342,P01460,A1972,36-45,Male,Delhi,Other,2.2,Bachelors,153,16,Marketing,Image,0.4531,0.497,0.2969,110.3,7.0,389,2,0.2568,0,0.21941988170146942,9,9,9,0.1111111111111111
U1356,P00387,A0929,18-25,Female,Bengaluru,Engineering,14.4,Bachelors,253,24,Software,Text,0.4954,0.8561,0.9156,41.3,9.0,195,4,0.8072,1,0.8390886187553406,1,1,1,1.0
U1356,P00961,A1506,18-25,Female,Bengaluru,Engineering,14.4,Bachelors,253,24,Marketing,Text,0.1509,0.8857,0.8956,23.0,8.7,359,4,0.7729,1,0.7641176581382751,3,3,2,0.5
U1356,P04762,A1174,18-25,Female,Bengaluru,Engineering,14.4,Bachelors,253,24,Software,Job Opportunity,0.2496,0.4565,0.8498,103.8,13.5,317,4,0.4379,1,0.6143576502799988,4,4,3,0.3333333333333333
U1356,P04582,A1991,18-25,Female,Bengaluru,Engineering,14.4,Bachelors,253,24,Finance,Text,0.1088,0.5679,0.7593,8.9,0.7,93,2,0.6646,0,0.6103948354721069,5,5,4,0.25
U1356,P00339,A0359,18-25,Female,Bengaluru,Engineering,14.4,Bachelors,253,24,AI,Video,0.0737,0.8066,0.7011,27.2,5.7,290,1,0.7325,1,0.7717714905738831,2,2,5,0.2
U1356,P00196,A1132,18-25,Female,Bengaluru,Engineering,14.4,Bachelors,253,24,Finance,Article,0.032,0.8228,0.3983,24.8,8.9,846,3,0.5592,0,0.6007794737815857,6,6,6,0.16666666666666666
U1356,P02717,A0720,18-25,Female,Bengaluru,Engineering,14.4,Bachelors,253,24,Leadership,Job Opportunity,0.5612,0.7066,0.7606,117.8,10.4,437,4,0.5817,0,0.5933803915977478,7,7,7,0.14285714285714285
U1356,P04839,A1712,18-25,Female,Bengaluru,Engineering,14.4,Bachelors,253,24,Design,Image,0.4206,0.2754,0.594,1.5,7.3,303,2,0.5547,1,0.5688422918319702,8,8,8,0.125
U1356,P00111,A0766,18-25,Female,Bengaluru,Engineering,14.4,Bachelors,253,24,Finance,Text,0.4149,0.5375,0.7994,62.2,10.3,659,4,0.5845,1,0.48527589440345764,9,9,9,0.1111111111111111
U1356,P00531,A0587,18-25,Female,Bengaluru,Engineering,14.4,Bachelors,253,24,Career,Image,0.3169,0.1594,0.8581,4.0,13.0,230,4,0.5107,0,0.4803268611431122,10,10,10,0.1
U1356,P01692,A1802,18-25,Female,Bengaluru,Engineering,14.4,Bachelors,253,24,Software,Text,0.3342,0.6129,0.4755,52.3,5.7,118,4,0.483,1,0.4447105824947357,11,11,11,0.09090909090909091
U1356,P02139,A0617,18-25,Female,Bengaluru,Engineering,14.4,Bachelors,253,24,Software,Article,0.2049,0.7356,0.3011,32.7,2.6,135,1,0.5709,0,0.39881137013435364,12,12,12,0.08333333333333333
U1356,P04762,A0576,18-25,Female,Bengaluru,Engineering,14.4,Bachelors,253,24,Software,Job Opportunity,0.2496,0.5102,0.2304,103.8,13.5,317,3,0.2563,0,0.1720929592847824,13,13,13,0.07692307692307693
U1357,P02164,A1138,26-35,Female,Chennai,Marketing,4.3,Masters,96,25,Leadership,Text,0.3012,0.7451,0.7807,7.7,9.7,244,3,0.728,0,0.701776385307312,1,1,1,1.0
U1357,P01238,A1707,26-35,Female,Chennai,Marketing,4.3,Masters,96,25,Finance,Video,0.369,0.6603,0.6717,2.1,10.5,179,3,0.679,1,0.6919295787811279,2,2,2,0.5
U1357,P01566,A0381,26-35,Female,Chennai,Marketing,4.3,Masters,96,25,Marketing,Article,0.481,0.7605,0.6503,34.1,3.1,365,2,0.713,1,0.684912383556366,3,3,3,0.3333333333333333
U1357,P01691,A0982,26-35,Female,Chennai,Marketing,4.3,Masters,96,25,Software,Text,0.3106,0.7619,0.5957,27.7,9.4,1269,3,0.635,1,0.6589826345443726,5,5,4,0.25
U1357,P01869,A1531,26-35,Female,Chennai,Marketing,4.3,Masters,96,25,Machine Learning,Article,0.318,0.8044,0.4696,9.5,5.3,1327,2,0.67,0,0.6695181727409363,4,4,5,0.2
U1357,P01317,A1695,26-35,Female,Chennai,Marketing,4.3,Masters,96,25,AI,Video,0.3908,0.4889,0.6004,24.8,7.1,118,1,0.5956,0,0.6481713652610779,6,6,6,0.16666666666666666
U1357,P00093,A0814,26-35,Female,Chennai,Marketing,4.3,Masters,96,25,Data Science,Article,0.1304,0.6547,0.7891,19.7,4.5,433,3,0.6304,1,0.6062739491462708,7,7,7,0.14285714285714285
U1357,P00788,A0870,26-35,Female,Chennai,Marketing,4.3,Masters,96,25,Machine Learning,Text,0.2745,0.5218,0.5131,1.9,12.7,319,4,0.4925,1,0.5534490942955017,8,8,8,0.125
U1357,P02018,A0260,26-35,Female,Chennai,Marketing,4.3,Masters,96,25,Career,Article,0.4762,0.5373,0.5428,36.8,6.5,338,4,0.4985,1,0.5145269632339478,9,9,9,0.1111111111111111
U1357,P02933,A0993,26-35,Female,Chennai,Marketing,4.3,Masters,96,25,Software,Text,0.1345,0.5896,0.6205,48.6,5.7,152,3,0.4727,0,0.45257407426834106,10,10,10,0.1
U1357,P01870,A0249,26-35,Female,Chennai,Marketing,4.3,Masters,96,25,Machine Learning,Image,0.1271,0.27,0.7849,3.2,12.7,215,1,0.5364,1,0.43807268142700195,11,11,11,0.09090909090909091
U1357,P04753,A1831,26-35,Female,Chennai,Marketing,4.3,Masters,96,25,AI,Video,0.4119,0.1758,0.5979,8.9,8.3,558,4,0.3816,0,0.36409950256347656,12,12,12,0.08333333333333333
U1357,P04155,A0260,26-35,Female,Chennai,Marketing,4.3,Masters,96,25,Marketing,Image,0.1005,0.1739,0.6434,93.6,12.2,540,5,0.1737,0,0.15768083930015564,13,13,13,0.07692307692307693
U1360,P03631,A1654,18-25,Female,Hyderabad,Engineering,13.8,Bachelors,579,17,Machine Learning,Article,0.3945,0.6447,0.8279,34.0,3.8,451,2,0.7012,0,0.7277935147285461,1,1,1,1.0
U1360,P01239,A1751,18-25,Female,Hyderabad,Engineering,13.8,Bachelors,579,17,Software,Article,0.072,0.7969,0.8281,13.5,3.5,45,1,0.7497,1,0.6989486813545227,3,3,2,0.5
U1360,P03660,A0631,18-25,Female,Hyderabad,Engineering,13.8,Bachelors,579,17,Machine Learning,Article,0.0285,0.8143,0.5751,9.3,1.8,415,2,0.6359,0,0.6592769026756287,4,4,3,0.3333333333333333
U1360,P01698,A1103,18-25,Female,Hyderabad,Engineering,13.8,Bachelors,579,17,Marketing,Video,0.3662,0.3794,0.8609,19.5,3.6,225,3,0.5826,0,0.6452758312225342,5,5,4,0.25
U1360,P01818,A1923,18-25,Female,Hyderabad,Engineering,13.8,Bachelors,579,17,Data Science,Text,0.585,0.5119,0.6282,3.0,4.5,513,2,0.6694,0,0.7176793217658997,2,2,5,0.2
U1360,P04480,A0455,18-25,Female,Hyderabad,Engineering,13.8,Bachelors,579,17,Data Science,Video,0.2527,0.6381,0.4759,24.4,8.0,491,2,0.5405,1,0.5811747908592224,6,6,6,0.16666666666666666
U1360,P02643,A1130,18-25,Female,Hyderabad,Engineering,13.8,Bachelors,579,17,Design,Text,0.1214,0.506,0.6114,3.4,10.1,257,2,0.5379,1,0.5738223791122437,7,7,7,0.14285714285714285
U1360,P03620,A1072,18-25,Female,Hyderabad,Engineering,13.8,Bachelors,579,17,Data Science,Image,0.3068,0.5545,0.3597,2.7,11.3,248,2,0.5077,1,0.5385023355484009,8,8,8,0.125
U1360,P02611,A0705,18-25,Female,Hyderabad,Engineering,13.8,Bachelors,579,17,Machine Learning,Article,0.5739,0.4493,0.4174,52.7,10.3,289,3,0.4212,1,0.5097983479499817,9,9,9,0.1111111111111111
U1360,P02041,A1159,18-25,Female,Hyderabad,Engineering,13.8,Bachelors,579,17,Design,Job Opportunity,0.2423,0.4113,0.535,35.0,5.7,190,2,0.4287,1,0.5065527558326721,10,10,10,0.1
U1360,P03839,A0381,18-25,Female,Hyderabad,Engineering,13.8,Bachelors,579,17,Design,Article,0.2372,0.3546,0.5506,12.9,14.2,414,3,0.4176,0,0.4397778809070587,11,11,11,0.09090909090909091
U1360,P00555,A0105,18-25,Female,Hyderabad,Engineering,13.8,Bachelors,579,17,Marketing,Video,0.5221,0.2996,0.6294,13.9,2.9,266,4,0.4667,1,0.4109007716178894,12,12,12,0.08333333333333333
U1360,P04881,A1369,18-25,Female,Hyderabad,Engineering,13.8,Bachelors,579,17,AI,Video,0.6859,0.3266,0.2707,40.7,8.5,359,2,0.3862,0,0.4030243158340454,13,13,13,0.07692307692307693
U1360,P04071,A0238,18-25,Female,Hyderabad,Engineering,13.8,Bachelors,579,17,Machine Learning,Text,0.5993,0.3729,0.3033,32.7,8.8,269,4,0.3528,1,0.37509334087371826,14,14,14,0.07142857142857142
U1360,P00603,A1770,18-25,Female,Hyderabad,Engineering,13.8,Bachelors,579,17,Software,Text,0.1329,0.2001,0.5425,38.3,5.5,280,5,0.2256,0,0.3083573877811432,15,15,15,0.06666666666666667
U1367,P04818,A0558,18-25,Male,Mumbai,HR,14.8,Bachelors,288,19,AI,Article,0.3233,0.6123,0.8926,13.2,8.6,401,4,0.699,0,0.6860598921775818,2,2,1,1.0
U1367,P02139,A0452,18-25,Male,Mumbai,HR,14.8,Bachelors,288,19,Software,Article,0.2049,0.5325,0.7399,32.7,2.6,135,2,0.598,1,0.6491988897323608,3,3,2,0.5
U1367,P03228,A0702,18-25,Male,Mumbai,HR,14.8,Bachelors,288,19,Leadership,Text,0.5827,0.5413,0.3735,3.1,12.6,354,4,0.546,1,0.4827175736427307,5,5,3,0.3333333333333333
U1367,P03695,A1360,18-25,Male,Mumbai,HR,14.8,Bachelors,288,19,Leadership,Image,0.4628,0.6761,0.7012,36.0,4.5,1221,2,0.706,1,0.799175500869751,1,1,4,0.25
U1367,P03512,A1228,18-25,Male,Mumbai,HR,14.8,Bachelors,288,19,AI,Image,0.3719,0.6502,0.4589,102.3,4.9,397,1,0.478,0,0.5503831505775452,4,4,5,0.2
U1367,P03114,A1204,18-25,Male,Mumbai,HR,14.8,Bachelors,288,19,Data Science,Text,0.2673,0.2074,0.7217,11.1,11.6,671,2,0.4894,1,0.3899884521961212,6,6,6,0.16666666666666666
U1370,P00428,A1894,26-35,Male,Other,Other,8.5,Bachelors,544,23,Design,Text,0.6501,0.6101,0.7766,7.8,0.3,351,1,0.7969,0,0.6975566148757935,2,2,1,1.0
U1370,P00179,A1831,26-35,Male,Other,Other,8.5,Bachelors,544,23,Machine Learning,Article,0.638,0.6755,0.562,4.2,15.9,643,4,0.681,0,0.6945185661315918,4,4,2,0.5
U1370,P03480,A1764,26-35,Male,Other,Other,8.5,Bachelors,544,23,AI,Article,0.4682,0.6863,0.6094,3.7,2.8,420,4,0.6633,1,0.6562904119491577,5,5,3,0.3333333333333333
U1370,P04578,A1047,26-35,Male,Other,Other,8.5,Bachelors,544,23,Data Science,Video,0.2126,0.4961,0.7551,37.4,1.6,206,3,0.531,1,0.6057589650154114,6,6,4,0.25
U1370,P00157,A1848,26-35,Male,Other,Other,8.5,Bachelors,544,23,Marketing,Article,0.5508,0.7036,0.7547,5.7,9.4,206,1,0.806,1,0.7983510494232178,1,1,5,0.2
U1370,P04901,A0587,26-35,Male,Other,Other,8.5,Bachelors,544,23,Leadership,Text,0.223,0.8272,0.5115,42.9,10.1,610,1,0.6456,0,0.6962782144546509,3,3,6,0.16666666666666666
U1370,P00810,A0375,26-35,Male,Other,Other,8.5,Bachelors,544,23,Data Science,Article,0.5852,0.4054,0.5558,35.7,3.1,748,1,0.5714,0,0.5562604665756226,7,7,7,0.14285714285714285
U1370,P04617,A0558,26-35,Male,Other,Other,8.5,Bachelors,544,23,Leadership,Job Opportunity,0.5276,0.5414,0.4619,12.8,8.3,447,4,0.5324,1,0.5212011337280273,8,8,8,0.125
U1370,P01173,A1201,26-35,Male,Other,Other,8.5,Bachelors,544,23,Data Science,Text,0.2227,0.3844,0.4254,36.8,4.9,909,2,0.3743,0,0.4171103537082672,9,9,9,0.1111111111111111
U1370,P03790,A1696,26-35,Male,Other,Other,8.5,Bachelors,544,23,Leadership,Job Opportunity,0.2547,0.4638,0.5874,37.1,14.7,123,3,0.456,0,0.4158558249473572,10,10,10,0.1
U1370,P03851,A1543,26-35,Male,Other,Other,8.5,Bachelors,544,23,Finance,Article,0.2507,0.2972,0.5805,48.1,2.3,608,2,0.3813,0,0.4073143005371094,11,11,11,0.09090909090909091
U1370,P02021,A1951,26-35,Male,Other,Other,8.5,Bachelors,544,23,Finance,Text,0.3648,0.2935,0.6212,18.1,6.1,77,4,0.4215,0,0.3863309919834137,12,12,12,0.08333333333333333
U1370,P03996,A0970,26-35,Male,Other,Other,8.5,Bachelors,544,23,AI,Image,0.0665,0.1619,0.3353,3.7,6.3,315,2,0.2653,0,0.34840190410614014,13,13,13,0.07692307692307693
U1373,P03066,A0831,26-35,Male,Pune,Computer Science,3.0,PhD,147,21,AI,Text,0.3485,0.5966,0.9379,31.8,3.8,321,3,0.6761,1,0.6736308932304382,1,1,1,1.0
U1373,P02912,A1044,26-35,Male,Pune,Computer Science,3.0,PhD,147,21,Finance,Text,0.4278,0.4528,0.8576,32.2,3.3,391,2,0.6285,1,0.6333356499671936,3,3,2,0.5
U1373,P04531,A1832,26-35,Male,Pune,Computer Science,3.0,PhD,147,21,Data Science,Article,0.3586,0.8465,0.3895,12.9,5.2,365,1,0.6739,0,0.6083241105079651,6,6,3,0.3333333333333333
U1373,P00340,A0472,26-35,Male,Pune,Computer Science,3.0,PhD,147,21,Design,Job Opportunity,0.7949,0.6377,0.3448,10.1,2.4,369,2,0.6467,0,0.5929349660873413,7,7,4,0.25
U1373,P04499,A0813,26-35,Male,Pune,Computer Science,3.0,PhD,147,21,Finance,Text,0.5152,0.6711,0.5738,50.0,7.0,230,2,0.6068,1,0.6614300608634949,2,2,5,0.2
U1373,P02779,A0339,26-35,Male,Pune,Computer Science,3.0,PhD,147,21,Data Science,Text,0.2132,0.7024,0.5719,10.0,5.1,382,2,0.618,0,0.6093997955322266,4,4,6,0.16666666666666666
U1373,P04783,A0499,26-35,Male,Pune,Computer Science,3.0,PhD,147,21,Finance,Text,0.7102,0.5628,0.686,20.3,5.9,359,2,0.7027,1,0.6089276671409607,5,5,7,0.14285714285714285
U1373,P00051,A1030,26-35,Male,Pune,Computer Science,3.0,PhD,147,21,Software,Article,0.3336,0.5641,0.7467,88.0,5.1,494,1,0.5349,0,0.5844261646270752,8,8,8,0.125
U1373,P01427,A0063,26-35,Male,Pune,Computer Science,3.0,PhD,147,21,AI,Article,0.2972,0.3526,0.7023,6.7,7.8,140,1,0.5626,1,0.47314098477363586,9,9,9,0.1111111111111111
U1373,P01188,A1389,26-35,Male,Pune,Computer Science,3.0,PhD,147,21,Leadership,Image,0.6728,0.3956,0.7008,34.0,11.6,500,5,0.5025,1,0.45257481932640076,10,10,10,0.1
U1373,P03602,A1764,26-35,Male,Pune,Computer Science,3.0,PhD,147,21,Data Science,Image,0.3838,0.2294,0.4634,3.8,9.7,453,3,0.3677,0,0.4374529719352722,11,11,11,0.09090909090909091
U1373,P03547,A1758,26-35,Male,Pune,Computer Science,3.0,PhD,147,21,Career,Article,0.1363,0.3245,0.7195,10.5,4.2,396,2,0.4719,1,0.41735854744911194,12,12,12,0.08333333333333333
U1373,P01122,A1851,26-35,Male,Pune,Computer Science,3.0,PhD,147,21,AI,Text,0.1713,0.6019,0.5221,53.0,12.6,400,2,0.4515,0,0.3148981034755707,13,13,13,0.07692307692307693
U1373,P01278,A1720,26-35,Male,Pune,Computer Science,3.0,PhD,147,21,Career,Job Opportunity,0.1725,0.112,0.2234,3.1,4.2,948,1,0.2401,0,0.16581998765468597,14,14,14,0.07142857142857142
U1392,P04960,A1300,46-55,Female,Mumbai,Business,4.2,Masters,307,20,Design,Image,0.4516,0.3077,0.7953,11.3,7.7,922,4,0.5152,1,0.5591545104980469,1,1,1,1.0
U1392,P03742,A0648,46-55,Female,Mumbai,Business,4.2,Masters,307,20,Data Science,Image,0.383,0.4247,0.5858,10.4,4.7,493,4,0.4677,1,0.4581949710845947,2,2,2,0.5
U1392,P00808,A1869,46-55,Female,Mumbai,Business,4.2,Masters,307,20,Machine Learning,Text,0.0885,0.6512,0.325,19.0,12.0,498,5,0.3447,0,0.4056515395641327,3,3,3,0.3333333333333333
U1392,P02397,A0844,46-55,Female,Mumbai,Business,4.2,Masters,307,20,Software,Text,0.2182,0.3374,0.6292,44.2,6.7,252,1,0.4275,0,0.35305964946746826,4,4,4,0.25
U1392,P02216,A1556,46-55,Female,Mumbai,Business,4.2,Masters,307,20,Leadership,Article,0.0931,0.2828,0.6563,13.0,7.9,1083,2,0.4078,0,0.34523531794548035,5,5,5,0.2
U1394,P03497,A0988,18-25,Female,Chennai,Design,5.0,Bachelors,223,13,AI,Article,0.4869,0.665,0.7444,4.9,1.3,696,2,0.6971,1,0.7575218081474304,1,1,1,1.0
U1394,P03865,A0601,18-25,Female,Chennai,Design,5.0,Bachelors,223,13,Machine Learning,Image,0.664,0.7698,0.396,0.9,12.6,102,4,0.6029,1,0.7423458695411682,2,2,2,0.5
U1394,P01293,A1390,18-25,Female,Chennai,Design,5.0,Bachelors,223,13,Marketing,Job Opportunity,0.2399,0.8039,0.793,21.5,4.9,334,3,0.6591,1,0.7088350653648376,4,4,3,0.3333333333333333
U1394,P02398,A1577,18-25,Female,Chennai,Design,5.0,Bachelors,223,13,Marketing,Video,0.4257,0.619,0.7812,14.9,6.0,124,4,0.5979,0,0.6100206971168518,6,6,4,0.25
U1394,P00472,A0013,18-25,Female,Chennai,Design,5.0,Bachelors,223,13,Design,Text,0.4543,0.4501,0.7651,3.5,5.5,591,2,0.6021,1,0.7259799242019653,3,3,5,0.2
U1394,P04242,A1702,18-25,Female,Chennai,Design,5.0,Bachelors,223,13,Design,Video,0.5417,0.7338,0.5035,43.0,4.1,114,2,0.5786,0,0.6111946702003479,5,5,6,0.16666666666666666
U1394,P00215,A0401,18-25,Female,Chennai,Design,5.0,Bachelors,223,13,Finance,Video,0.5149,0.1799,0.7789,18.5,13.1,938,1,0.4935,0,0.5604909062385559,7,7,7,0.14285714285714285
U1394,P02395,A1680,18-25,Female,Chennai,Design,5.0,Bachelors,223,13,Design,Image,0.1398,0.7616,0.9817,14.4,6.8,356,5,0.6416,0,0.5581974387168884,8,8,8,0.125
U1394,P03737,A0059,18-25,Female,Chennai,Design,5.0,Bachelors,223,13,Software,Job Opportunity,0.7358,0.4818,0.659,35.8,2.7,166,3,0.5544,1,0.546972393989563,9,9,9,0.1111111111111111
U1394,P03922,A0470,18-25,Female,Chennai,Design,5.0,Bachelors,223,13,Design,Text,0.414,0.5287,0.8521,20.7,2.8,315,5,0.5368,1,0.5383855104446411,10,10,10,0.1
U1394,P03442,A0839,18-25,Female,Chennai,Design,5.0,Bachelors,223,13,Leadership,Job Opportunity,0.1997,0.578,0.6046,6.4,4.9,230,3,0.491,0,0.4841212034225464,11,11,11,0.09090909090909091
U1394,P04706,A1864,18-25,Female,Chennai,Design,5.0,Bachelors,223,13,Leadership,Text,0.7712,0.3025,0.4055,17.6,4.6,149,3,0.4046,1,0.4170931875705719,12,12,12,0.08333333333333333
U1394,P04698,A0771,18-25,Female,Chennai,Design,5.0,Bachelors,223,13,Marketing,Job Opportunity,0.3661,0.5919,0.2424,2.2,4.1,183,4,0.3688,1,0.4088995158672333,13,13,13,0.07692307692307693
U1394,P00768,A1783,18-25,Female,Chennai,Design,5.0,Bachelors,223,13,Career,Article,0.2996,0.2504,0.7811,77.7,7.4,434,1,0.3562,0,0.3328920602798462,14,14,14,0.07142857142857142
U1394,P01508,A0930,18-25,Female,Chennai,Design,5.0,Bachelors,223,13,Data Science,Article,0.2731,0.2837,0.5249,64.3,2.8,339,2,0.2665,1,0.23425593972206116,15,15,15,0.06666666666666667
U1398,P01147,A1856,46-55,Female,Bengaluru,Finance,12.3,Bachelors,561,21,Data Science,Video,0.4425,0.6213,0.74,19.7,8.3,112,3,0.6923,1,0.7507737278938293,3,3,1,1.0
U1398,P00270,A1473,46-55,Female,Bengaluru,Finance,12.3,Bachelors,561,21,Career,Text,0.1384,0.8334,0.6362,68.5,5.9,110,3,0.5827,0,0.6796401739120483,4,4,2,0.5
U1398,P00285,A1941,46-55,Female,Bengaluru,Finance,12.3,Bachelors,561,21,Career,Video,0.1994,0.479,0.706,4.4,2.9,121,2,0.6115,1,0.5809329748153687,5,5,3,0.3333333333333333
U1398,P04729,A1472,46-55,Female,Bengaluru,Finance,12.3,Bachelors,561,21,Finance,Article,0.3149,0.6401,0.4857,52.1,8.7,242,3,0.5042,1,0.5791104435920715,6,6,4,0.25
U1398,P03467,A1782,46-55,Female,Bengaluru,Finance,12.3,Bachelors,561,21,Data Science,Text,0.5472,0.8228,0.898,36.1,8.4,292,1,0.849,1,0.8556580543518066,1,1,5,0.2
U1398,P01935,A1061,46-55,Female,Bengaluru,Finance,12.3,Bachelors,561,21,Design,Video,0.2782,0.6886,0.7405,12.7,6.8,96,2,0.7215,1,0.7575163245201111,2,2,6,0.16666666666666666
U1398,P00871,A1393,46-55,Female,Bengaluru,Finance,12.3,Bachelors,561,21,Machine Learning,Article,0.4008,0.357,0.6603,39.1,7.3,135,1,0.5513,0,0.5669147372245789,7,7,7,0.14285714285714285
U1398,P04373,A0143,46-55,Female,Bengaluru,Finance,12.3,Bachelors,561,21,Software,Video,0.1966,0.6697,0.5053,58.1,1.7,454,2,0.5153,1,0.5218048095703125,8,8,8,0.125
U1398,P01413,A0096,46-55,Female,Bengaluru,Finance,12.3,Bachelors,561,21,AI,Video,0.2048,0.3459,0.5094,23.5,6.8,201,3,0.3957,1,0.44454196095466614,9,9,9,0.1111111111111111
U1398,P03249,A0104,46-55,Female,Bengaluru,Finance,12.3,Bachelors,561,21,Leadership,Image,0.5616,0.1579,0.8044,54.4,5.1,178,3,0.4619,1,0.37360671162605286,10,10,10,0.1
U1403,P01549,A1331,56+,Male,Bengaluru,Marketing,6.9,Bachelors,107,18,Machine Learning,Text,0.1617,0.5807,0.7977,15.3,0.6,307,1,0.6625,1,0.6392438411712646,1,1,1,1.0
U1403,P00509,A1882,56+,Male,Bengaluru,Marketing,6.9,Bachelors,107,18,Design,Image,0.4621,0.4326,0.7447,60.6,3.7,196,4,0.4667,0,0.47985467314720154,2,2,2,0.5
U1403,P01336,A1108,56+,Male,Bengaluru,Marketing,6.9,Bachelors,107,18,Marketing,Text,0.5997,0.3567,0.3891,13.1,3.9,230,1,0.5079,1,0.4339412748813629,3,3,3,0.3333333333333333
U1403,P04746,A0573,56+,Male,Bengaluru,Marketing,6.9,Bachelors,107,18,Data Science,Article,0.0793,0.6477,0.3408,6.5,9.6,71,3,0.4382,0,0.4176590144634247,4,4,4,0.25
U1403,P04521,A1590,56+,Male,Bengaluru,Marketing,6.9,Bachelors,107,18,Machine Learning,Article,0.2345,0.4811,0.6551,50.4,3.1,265,3,0.4433,1,0.4176097810268402,5,5,5,0.2
U1403,P02492,A1489,56+,Male,Bengaluru,Marketing,6.9,Bachelors,107,18,Career,Job Opportunity,0.5985,0.3933,0.3739,30.4,3.3,128,2,0.4524,1,0.37726891040802,6,6,6,0.16666666666666666
U1403,P01828,A1571,56+,Male,Bengaluru,Marketing,6.9,Bachelors,107,18,Data Science,Job Opportunity,0.146,0.9183,0.3767,66.0,4.3,208,3,0.4878,1,0.3284112215042114,7,7,7,0.14285714285714285
U1406,P00965,A0632,26-35,Female,Mumbai,Data Science,7.9,Bachelors,295,10,AI,Video,0.3366,0.6719,0.9238,20.3,1.0,276,2,0.7057,1,0.7238602638244629,2,2,1,1.0
U1406,P02241,A0046,26-35,Female,Mumbai,Data Science,7.9,Bachelors,295,10,Design,Article,0.7566,0.305,0.3876,0.2,1.7,233,2,0.463,0,0.6002820730209351,4,4,2,0.5
U1406,P03161,A0513,26-35,Female,Mumbai,Data Science,7.9,Bachelors,295,10,Leadership,Article,0.2308,0.8964,0.7648,1.3,5.3,372,4,0.6961,1,0.5385203957557678,5,5,3,0.3333333333333333
U1406,P01590,A1726,26-35,Female,Mumbai,Data Science,7.9,Bachelors,295,10,Marketing,Article,0.5562,0.4323,0.4973,1.2,7.6,267,5,0.4194,0,0.37379494309425354,7,7,4,0.25
U1406,P02773,A0875,26-35,Female,Mumbai,Data Science,7.9,Bachelors,295,10,Machine Learning,Text,0.4924,0.8028,0.8306,25.1,9.4,221,2,0.7523,1,0.7858666777610779,1,1,5,0.2
U1406,P01043,A0729,26-35,Female,Mumbai,Data Science,7.9,Bachelors,295,10,Marketing,Article,0.366,0.6825,0.7617,33.1,4.9,652,2,0.6341,0,0.6732712388038635,3,3,6,0.16666666666666666
U1406,P00114,A1601,26-35,Female,Mumbai,Data Science,7.9,Bachelors,295,10,Data Science,Text,0.1786,0.7672,0.5963,36.0,12.8,133,2,0.552,0,0.4757477939128876,6,6,7,0.14285714285714285
U1406,P01540,A1131,26-35,Female,Mumbai,Data Science,7.9,Bachelors,295,10,Data Science,Article,0.3165,0.444,0.2869,17.2,5.1,1425,4,0.2847,0,0.2985486090183258,8,8,8,0.125
U1409,P03373,A1009,46-55,Female,Hyderabad,Engineering,5.1,Bachelors,512,15,Finance,Job Opportunity,0.3626,0.6412,0.7333,22.2,1.0,413,2,0.6369,0,0.6176667213439941,2,2,1,1.0
U1409,P00457,A1387,46-55,Female,Hyderabad,Engineering,5.1,Bachelors,512,15,Design,Video,0.5147,0.3725,0.7251,26.7,2.2,248,1,0.5676,0,0.5761222243309021,3,3,2,0.5
U1409,P04418,A0741,46-55,Female,Hyderabad,Engineering,5.1,Bachelors,512,15,Machine Learning,Image,0.312,0.3988,0.8794,25.1,11.1,135,3,0.5292,1,0.5368630886077881,4,4,3,0.3333333333333333
U1409,P01715,A1689,46-55,Female,Hyderabad,Engineering,5.1,Bachelors,512,15,Career,Text,0.1132,0.553,0.7305,13.7,1.5,670,2,0.5435,1,0.534378170967102,5,5,4,0.25
U1409,P00174,A1717,46-55,Female,Hyderabad,Engineering,5.1,Bachelors,512,15,Software,Job Opportunity,0.7235,0.6073,0.5876,23.8,5.9,737,1,0.6815,0,0.6305404305458069,1,1,5,0.2
U1409,P00092,A0502,46-55,Female,Hyderabad,Engineering,5.1,Bachelors,512,15,Marketing,Video,0.4774,0.5751,0.6196,40.4,6.6,591,4,0.4893,1,0.5170485377311707,6,6,6,0.16666666666666666
U1409,P00259,A1154,46-55,Female,Hyderabad,Engineering,5.1,Bachelors,512,15,Finance,Text,0.3475,0.4188,0.5988,11.6,4.6,466,3,0.4568,0,0.45833757519721985,7,7,7,0.14285714285714285
U1409,P01293,A1132,46-55,Female,Hyderabad,Engineering,5.1,Bachelors,512,15,Marketing,Job Opportunity,0.2399,0.4112,0.5062,21.5,4.9,334,4,0.3378,1,0.38385599851608276,8,8,8,0.125
U1409,P02122,A1951,46-55,Female,Hyderabad,Engineering,5.1,Bachelors,512,15,Data Science,Article,0.3447,0.2999,0.5767,3.6,4.3,53,3,0.4043,1,0.34828096628189087,9,9,9,0.1111111111111111
U1409,P02225,A1079,46-55,Female,Hyderabad,Engineering,5.1,Bachelors,512,15,Finance,Text,0.1198,0.571,0.615,59.8,7.0,101,2,0.414,1,0.33321812748908997,10,10,10,0.1
U1409,P04715,A1850,46-55,Female,Hyderabad,Engineering,5.1,Bachelors,512,15,Career,Text,0.3266,0.466,0.4818,58.3,3.8,53,2,0.3672,1,0.3288174569606781,11,11,11,0.09090909090909091
U1409,P02056,A0571,46-55,Female,Hyderabad,Engineering,5.1,Bachelors,512,15,Marketing,Video,0.265,0.3783,0.6709,52.8,4.3,1066,2,0.3961,1,0.2975728213787079,12,12,12,0.08333333333333333
U1409,P04677,A1464,46-55,Female,Hyderabad,Engineering,5.1,Bachelors,512,15,Marketing,Article,0.1562,0.4651,0.3165,0.5,4.4,370,3,0.3358,0,0.273427814245224,13,13,13,0.07692307692307693
U1424,P02583,A1697,26-35,Male,Pune,Data Science,5.7,Bachelors,191,19,Finance,Image,0.6085,0.4115,0.7962,19.8,4.0,1800,1,0.6811,1,0.6776895523071289,4,4,1,1.0
U1424,P03051,A0459,26-35,Male,Pune,Data Science,5.7,Bachelors,191,19,AI,Text,0.4032,0.4321,0.6713,35.4,1.8,280,3,0.4942,0,0.49730369448661804,6,6,2,0.5
U1424,P04799,A1955,26-35,Male,Pune,Data Science,5.7,Bachelors,191,19,Software,Video,0.1293,0.2095,0.8594,3.0,8.1,309,4,0.4205,0,0.47062698006629944,7,7,3,0.3333333333333333
U1424,P01109,A1905,26-35,Male,Pune,Data Science,5.7,Bachelors,191,19,Data Science,Article,0.6279,0.3155,0.8017,46.1,4.3,150,3,0.5317,0,0.4573124349117279,8,8,4,0.25
U1424,P03370,A0150,26-35,Male,Pune,Data Science,5.7,Bachelors,191,19,Software,Text,0.3596,0.8474,0.8594,10.9,4.2,321,1,0.8228,1,0.817004919052124,1,1,5,0.2
U1424,P04836,A1792,26-35,Male,Pune,Data Science,5.7,Bachelors,191,19,AI,Article,0.5409,0.8329,0.7728,39.4,9.9,311,1,0.7909,0,0.8016331195831299,2,2,6,0.16666666666666666
U1424,P04699,A0578,26-35,Male,Pune,Data Science,5.7,Bachelors,191,19,Software,Article,0.3166,0.7853,0.9104,46.1,5.9,156,2,0.7387,0,0.7248430848121643,3,3,7,0.14285714285714285
U1424,P02783,A1017,26-35,Male,Pune,Data Science,5.7,Bachelors,191,19,Data Science,Image,0.5862,0.5408,0.7533,48.0,4.7,48,1,0.6669,0,0.6691674590110779,5,5,8,0.125
U1424,P03366,A1227,26-35,Male,Pune,Data Science,5.7,Bachelors,191,19,Marketing,Text,0.2411,0.7684,0.5213,69.9,4.7,3690,2,0.5176,1,0.4048178493976593,9,9,9,0.1111111111111111
U1424,P02742,A0931,26-35,Male,Pune,Data Science,5.7,Bachelors,191,19,AI,Image,0.2073,0.1862,0.6679,6.7,3.6,667,2,0.407,0,0.376457542181015,10,10,10,0.1
U1424,P00827,A0438,26-35,Male,Pune,Data Science,5.7,Bachelors,191,19,Leadership,Article,0.5703,0.3678,0.5789,7.9,19.5,312,5,0.4589,1,0.37438327074050903,11,11,11,0.09090909090909091
U1424,P02064,A0951,26-35,Male,Pune,Data Science,5.7,Bachelors,191,19,Data Science,Text,0.3331,0.1314,0.3545,20.7,10.0,343,3,0.2455,0,0.25635355710983276,12,12,12,0.08333333333333333
U1431,P03448,A1298,46-55,Male,Ahmedabad,Computer Science,12.6,Bachelors,111,19,Leadership,Video,0.5001,0.5896,0.6836,69.7,3.1,257,2,0.5833,1,0.6791467070579529,3,3,1,1.0
U1431,P03251,A1752,46-55,Male,Ahmedabad,Computer Science,12.6,Bachelors,111,19,Data Science,Job Opportunity,0.1029,0.5704,0.5816,1.0,5.3,238,3,0.5267,0,0.6784991025924683,4,4,2,0.5
U1431,P04037,A1260,46-55,Male,Ahmedabad,Computer Science,12.6,Bachelors,111,19,Leadership,Text,0.4304,0.5044,0.781,55.6,3.8,268,1,0.6219,1,0.6718173623085022,5,5,3,0.3333333333333333
U1431,P04782,A1192,46-55,Male,Ahmedabad,Computer Science,12.6,Bachelors,111,19,AI,Video,0.4157,0.4934,0.8547,8.7,10.8,506,4,0.6387,0,0.6360686421394348,6,6,4,0.25
U1431,P01654,A1641,46-55,Male,Ahmedabad,Computer Science,12.6,Bachelors,111,19,Finance,Article,0.113,0.8902,0.7423,58.4,4.6,640,2,0.6686,1,0.7264330983161926,1,1,5,0.2
U1431,P03138,A0933,46-55,Male,Ahmedabad,Computer Science,12.6,Bachelors,111,19,Leadership,Text,0.3159,0.4589,0.7175,5.7,5.1,270,1,0.6392,0,0.7035893797874451,2,2,6,0.16666666666666666
U1431,P01025,A1621,46-55,Male,Ahmedabad,Computer Science,12.6,Bachelors,111,19,Design,Text,0.1719,0.9152,0.4313,6.5,2.2,302,3,0.6395,1,0.6070484519004822,7,7,7,0.14285714285714285
U1431,P00516,A1656,46-55,Male,Ahmedabad,Computer Science,12.6,Bachelors,111,19,Data Science,Video,0.5012,0.5574,0.3814,66.2,5.6,175,4,0.384,1,0.39826348423957825,8,8,8,0.125
U1433,P04108,A1941,18-25,Female,Chennai,Data Science,4.7,Bachelors,210,17,AI,Text,0.2193,0.8356,0.8347,16.2,6.7,87,5,0.6567,1,0.699164628982544,1,1,1,1.0
U1433,P02345,A1017,18-25,Female,Chennai,Data Science,4.7,Bachelors,210,17,Machine Learning,Video,0.463,0.5239,0.8518,12.3,3.9,438,3,0.6488,1,0.6590703725814819,2,2,2,0.5
U1433,P00154,A0737,18-25,Female,Chennai,Data Science,4.7,Bachelors,210,17,Leadership,Text,0.6484,0.4654,0.7543,37.3,6.5,138,3,0.5829,1,0.5518661737442017,3,3,3,0.3333333333333333
U1433,P03991,A0055,18-25,Female,Chennai,Data Science,4.7,Bachelors,210,17,Design,Article,0.5986,0.5331,0.5576,4.3,2.1,536,4,0.5535,0,0.48414668440818787,5,5,4,0.25
U1433,P01696,A1153,18-25,Female,Chennai,Data Science,4.7,Bachelors,210,17,Machine Learning,Article,0.2659,0.5493,0.4647,2.0,4.7,645,2,0.5005,1,0.5154508948326111,4,4,5,0.2
U1433,P04492,A1879,18-25,Female,Chennai,Data Science,4.7,Bachelors,210,17,Machine Learning,Job Opportunity,0.5216,0.4834,0.5443,16.2,7.8,862,4,0.4783,1,0.46214616298675537,6,6,6,0.16666666666666666
U1433,P02896,A0248,18-25,Female,Chennai,Data Science,4.7,Bachelors,210,17,Career,Article,0.197,0.2051,0.8331,52.2,4.8,768,2,0.3687,1,0.3670302927494049,7,7,7,0.14285714285714285
U1433,P00720,A0470,18-25,Female,Chennai,Data Science,4.7,Bachelors,210,17,Marketing,Image,0.4493,0.3364,0.5018,18.0,2.8,45,3,0.3972,1,0.35454246401786804,8,8,8,0.125
U1433,P01031,A1236,18-25,Female,Chennai,Data Science,4.7,Bachelors,210,17,Marketing,Video,0.1508,0.8447,0.4799,130.6,11.2,510,4,0.3107,1,0.3114228844642639,9,9,9,0.1111111111111111
U1436,P01876,A0445,56+,Female,Bengaluru,Other,5.6,Masters,238,19,Marketing,Article,0.335,0.8382,0.7223,13.8,20.5,82,4,0.7013,1,0.6842154860496521,1,1,1,1.0
U1436,P00863,A1382,56+,Female,Bengaluru,Other,5.6,Masters,238,19,Software,Image,0.2887,0.8092,0.3089,3.0,7.0,813,4,0.532,1,0.6193485856056213,4,4,2,0.5
U1436,P04652,A1261,56+,Female,Bengaluru,Other,5.6,Masters,238,19,Data Science,Text,0.6094,0.6494,0.736,86.6,7.5,174,5,0.5222,1,0.5901578664779663,5,5,3,0.3333333333333333
U1436,P02093,A1926,56+,Female,Bengaluru,Other,5.6,Masters,238,19,Data Science,Article,0.5984,0.5431,0.8622,18.3,15.2,349,1,0.7586,1,0.667046844959259,2,2,4,0.25
U1436,P00409,A1564,56+,Female,Bengaluru,Other,5.6,Masters,238,19,Design,Text,0.3945,0.5097,0.7232,27.7,5.3,319,2,0.6016,0,0.6521976590156555,3,3,5,0.2
U1436,P02791,A0815,56+,Female,Bengaluru,Other,5.6,Masters,238,19,Software,Job Opportunity,0.0572,0.4469,0.8587,5.1,2.8,127,1,0.6123,1,0.5860738158226013,6,6,6,0.16666666666666666
U1440,P02651,A1026,56+,Male,Other,Finance,7.0,Bachelors,38,23,Leadership,Job Opportunity,0.4126,0.5774,0.8149,46.2,3.0,1203,3,0.6226,1,0.6900894641876221,3,3,1,1.0
U1440,P04311,A1158,56+,Male,Other,Finance,7.0,Bachelors,38,23,Marketing,Text,0.3869,0.7992,0.9132,53.1,5.1,982,3,0.7365,1,0.6837714910507202,4,4,2,0.5
U1440,P04500,A0788,56+,Male,Other,Finance,7.0,Bachelors,38,23,Leadership,Text,0.5095,0.4097,0.4857,47.6,2.8,262,1,0.4902,1,0.6018320918083191,5,5,3,0.3333333333333333
U1440,P02975,A0408,56+,Male,Other,Finance,7.0,Bachelors,38,23,Data Science,Video,0.3443,0.5633,0.5392,40.9,3.2,243,2,0.5252,0,0.5830678343772888,6,6,4,0.25
U1440,P03856,A0946,56+,Male,Other,Finance,7.0,Bachelors,38,23,Career,Article,0.5514,0.4649,0.957,32.2,6.4,356,2,0.7134,1,0.7614454627037048,1,1,5,0.2
U1440,P00174,A1668,56+,Male,Other,Finance,7.0,Bachelors,38,23,Software,Job Opportunity,0.7235,0.4856,0.6794,23.8,5.9,737,1,0.7043,1,0.7208767533302307,2,2,6,0.16666666666666666
U1440,P04741,A1868,56+,Male,Other,Finance,7.0,Bachelors,38,23,Software,Video,0.1561,0.7201,0.6628,113.1,4.3,1026,2,0.4601,1,0.5236851572990417,7,7,7,0.14285714285714285
U1440,P02025,A0121,56+,Male,Other,Finance,7.0,Bachelors,38,23,Marketing,Job Opportunity,0.4425,0.4274,0.2856,5.4,4.6,2716,3,0.4158,1,0.41062697768211365,8,8,8,0.125
U1440,P01049,A1691,56+,Male,Other,Finance,7.0,Bachelors,38,23,AI,Text,0.8203,0.1791,0.0235,12.6,4.5,166,5,0.2343,0,0.1860312521457672,9,9,9,0.1111111111111111
U1441,P00438,A0319,18-25,Male,Other,Data Science,1.3,Bachelors,165,16,AI,Job Opportunity,0.6049,0.7177,0.91,54.0,5.5,905,3,0.6975,1,0.6768795847892761,2,2,1,1.0
U1441,P01397,A1628,18-25,Male,Other,Data Science,1.3,Bachelors,165,16,Career,Article,0.4882,0.7404,0.9481,62.2,2.0,166,3,0.6795,0,0.6509597301483154,3,3,2,0.5
U1441,P03592,A0497,18-25,Male,Other,Data Science,1.3,Bachelors,165,16,Marketing,Article,0.2621,0.4986,0.8878,0.7,2.6,1175,5,0.5371,0,0.6338993906974792,4,4,3,0.3333333333333333
U1441,P04209,A1813,18-25,Male,Other,Data Science,1.3,Bachelors,165,16,Marketing,Video,0.4616,0.6309,0.5683,13.0,4.9,111,5,0.4978,1,0.5026710033416748,7,7,4,0.25
U1441,P01258,A0526,18-25,Male,Other,Data Science,1.3,Bachelors,165,16,Finance,Text,0.6815,0.9008,0.9314,18.7,4.5,298,1,0.8658,1,0.8528333902359009,1,1,5,0.2
U1441,P02740,A0191,18-25,Male,Other,Data Science,1.3,Bachelors,165,16,Data Science,Job Opportunity,0.3805,0.5278,0.5566,39.0,6.4,197,2,0.4645,0,0.5257374048233032,5,5,6,0.16666666666666666
U1441,P03550,A0086,18-25,Male,Other,Data Science,1.3,Bachelors,165,16,Data Science,Text,0.3215,0.5363,0.7143,73.3,8.9,517,1,0.4834,1,0.5076156258583069,6,6,7,0.14285714285714285
U1441,P04410,A1072,18-25,Male,Other,Data Science,1.3,Bachelors,165,16,Design,Text,0.2345,0.5588,0.4713,12.3,3.0,169,3,0.425,0,0.4338124990463257,8,8,8,0.125
U1441,P03133,A1213,18-25,Male,Other,Data Science,1.3,Bachelors,165,16,Design,Text,0.5057,0.3132,0.6227,74.6,2.5,574,2,0.353,0,0.37992262840270996,9,9,9,0.1111111111111111
U1441,P02619,A0222,18-25,Male,Other,Data Science,1.3,Bachelors,165,16,Marketing,Video,0.079,0.7099,0.2091,19.8,4.7,216,3,0.337,0,0.3778541386127472,10,10,10,0.1
U1441,P03106,A0308,18-25,Male,Other,Data Science,1.3,Bachelors,165,16,Design,Article,0.254,0.4356,0.3653,19.0,15.2,192,2,0.3473,1,0.32803767919540405,11,11,11,0.09090909090909091
U1443,P02559,A1320,18-25,Female,Chennai,Other,4.1,Diploma,110,18,Data Science,Text,0.2267,0.7272,0.6223,0.6,2.2,1187,1,0.6763,1,0.7279769778251648,4,4,1,1.0
U1443,P02713,A1589,18-25,Female,Chennai,Other,4.1,Diploma,110,18,Leadership,Article,0.4965,0.8612,0.2826,35.0,8.1,1307,3,0.5471,0,0.5734641551971436,5,5,2,0.5
U1443,P02761,A1670,18-25,Female,Chennai,Other,4.1,Diploma,110,18,Marketing,Video,0.6047,0.7312,0.4133,26.4,6.5,389,4,0.552,1,0.5187950730323792,6,6,3,0.3333333333333333
U1443,P03260,A0781,18-25,Female,Chennai,Other,4.1,Diploma,110,18,Marketing,Job Opportunity,0.5437,0.4723,0.4631,6.3,4.0,351,3,0.4998,1,0.4384498596191406,7,7,4,0.25
U1443,P02895,A1422,18-25,Female,Chennai,Other,4.1,Diploma,110,18,Career,Text,0.2679,0.8289,0.8472,49.9,4.8,144,1,0.7258,1,0.7667316198348999,1,1,5,0.2
U1443,P02183,A0217,18-25,Female,Chennai,Other,4.1,Diploma,110,18,Design,Video,0.3351,0.7454,0.8101,4.6,9.5,169,2,0.7407,1,0.7442001700401306,2,2,6,0.16666666666666666
U1443,P01237,A1578,18-25,Female,Chennai,Other,4.1,Diploma,110,18,Marketing,Text,0.46,0.7612,0.6586,23.9,22.0,376,1,0.7184,1,0.7298175096511841,3,3,7,0.14285714285714285
U1443,P03562,A1572,18-25,Female,Chennai,Other,4.1,Diploma,110,18,Machine Learning,Article,0.2742,0.3892,0.7908,200.9,3.3,1451,3,0.188,0,0.25958505272865295,8,8,8,0.125
U1443,P03401,A0764,18-25,Female,Chennai,Other,4.1,Diploma,110,18,Career,Image,0.2115,0.543,0.3466,4.0,10.4,3967,2,0.4318,0,0.17261341214179993,9,9,9,0.1111111111111111
U1451,P02926,A1486,36-45,Female,Delhi,Marketing,5.8,Masters,580,13,Software,Article,0.1302,0.7981,0.7695,1.3,5.8,469,3,0.6663,1,0.681231677532196,1,1,1,1.0
U1451,P04046,A1936,36-45,Female,Delhi,Marketing,5.8,Masters,580,13,Finance,Image,0.5803,0.6524,0.3259,10.0,6.0,727,1,0.5821,1,0.6644109487533569,2,2,2,0.5
U1451,P03531,A1960,36-45,Female,Delhi,Marketing,5.8,Masters,580,13,AI,Image,0.1651,0.5862,0.8095,13.6,1.9,939,1,0.6308,0,0.6625977158546448,3,3,3,0.3333333333333333
U1451,P04550,A0613,36-45,Female,Delhi,Marketing,5.8,Masters,580,13,Marketing,Text,0.3226,0.2457,0.8875,1.5,2.4,1008,1,0.564,1,0.5998918414115906,4,4,4,0.25
U1451,P01312,A0092,36-45,Female,Delhi,Marketing,5.8,Masters,580,13,Career,Job Opportunity,0.2869,0.1787,0.6753,43.0,5.9,269,5,0.2444,0,0.2617891728878021,5,5,5,0.2
U1461,P02058,A1292,36-45,Male,Pune,Other,2.6,Masters,165,21,Career,Article,0.345,0.6933,0.4903,2.5,3.2,775,2,0.628,0,0.658453106880188,2,2,1,1.0
U1461,P01475,A0192,36-45,Male,Pune,Other,2.6,Masters,165,21,Finance,Image,0.1593,0.8824,0.8734,131.4,8.9,399,3,0.5468,0,0.5659189224243164,3,3,2,0.5
U1461,P02914,A1876,36-45,Male,Pune,Other,2.6,Masters,165,21,Software,Article,0.0314,0.7086,0.4045,11.7,8.4,412,2,0.4974,1,0.5384196043014526,4,4,3,0.3333333333333333
U1461,P04555,A1255,36-45,Male,Pune,Other,2.6,Masters,165,21,Leadership,Article,0.1363,0.931,0.1572,14.5,8.6,186,2,0.5268,0,0.49585700035095215,5,5,4,0.25
U1461,P02083,A1025,36-45,Male,Pune,Other,2.6,Masters,165,21,Leadership,Job Opportunity,0.4058,0.8086,0.5361,22.3,15.5,579,1,0.7048,1,0.7470511198043823,1,1,5,0.2
U1461,P01054,A0297,36-45,Male,Pune,Other,2.6,Masters,165,21,Design,Article,0.4097,0.5489,0.5718,72.1,5.5,408,3,0.4397,0,0.4737611413002014,6,6,6,0.16666666666666666
U1461,P01543,A1135,36-45,Male,Pune,Other,2.6,Masters,165,21,Data Science,Image,0.4908,0.0348,0.7525,50.7,9.5,986,2,0.3606,0,0.46703916788101196,7,7,7,0.14285714285714285
U1461,P02882,A0339,36-45,Male,Pune,Other,2.6,Masters,165,21,Design,Article,0.1628,0.3541,0.5081,10.4,5.4,258,2,0.4042,1,0.4202815890312195,8,8,8,0.125
U1461,P00355,A0307,36-45,Male,Pune,Other,2.6,Masters,165,21,Machine Learning,Job Opportunity,0.1011,0.1192,0.7343,63.1,13.4,312,3,0.2511,1,0.3326544463634491,9,9,9,0.1111111111111111
U1461,P04087,A1160,36-45,Male,Pune,Other,2.6,Masters,165,21,Software,Job Opportunity,0.4479,0.3606,0.6656,101.1,4.8,136,2,0.373,1,0.33107122778892517,10,10,10,0.1
U1461,P00007,A0549,36-45,Male,Pune,Other,2.6,Masters,165,21,Finance,Video,0.6584,0.3732,0.5557,157.5,1.4,381,4,0.2385,1,0.1754956841468811,11,11,11,0.09090909090909091
U1470,P00178,A1101,18-25,Male,Hyderabad,Data Science,2.1,Bachelors,598,20,Software,Text,0.6211,0.7771,0.6007,0.4,2.0,288,4,0.715,1,0.7459238767623901,1,1,1,1.0
U1470,P03644,A1940,18-25,Male,Hyderabad,Data Science,2.1,Bachelors,598,20,Leadership,Text,0.1367,0.732,0.4061,6.3,11.5,44,1,0.5766,0,0.7121585607528687,2,2,2,0.5
U1470,P04899,A1230,18-25,Male,Hyderabad,Data Science,2.1,Bachelors,598,20,Finance,Article,0.5554,0.6414,0.7597,33.8,0.8,203,2,0.6983,1,0.6724853515625,3,3,3,0.3333333333333333
U1470,P04906,A1026,18-25,Male,Hyderabad,Data Science,2.1,Bachelors,598,20,Career,Video,0.3977,0.4343,0.8688,40.0,3.8,912,3,0.564,1,0.6134827733039856,5,5,4,0.25
U1470,P04490,A0296,18-25,Male,Hyderabad,Data Science,2.1,Bachelors,598,20,Career,Video,0.1991,0.53,0.9456,7.4,5.3,221,2,0.6796,1,0.6492026448249817,4,4,5,0.2
U1470,P04130,A1976,18-25,Male,Hyderabad,Data Science,2.1,Bachelors,598,20,AI,Article,0.3087,0.609,0.6658,2.0,5.6,287,2,0.6452,0,0.587040364742279,6,6,6,0.16666666666666666
U1470,P04557,A0715,18-25,Male,Hyderabad,Data Science,2.1,Bachelors,598,20,Design,Image,0.0777,0.1727,0.5642,20.0,9.0,1627,1,0.3284,1,0.3635030686855316,7,7,7,0.14285714285714285
U1470,P02584,A0439,18-25,Male,Hyderabad,Data Science,2.1,Bachelors,598,20,AI,Article,0.1608,0.117,0.6282,4.3,3.4,157,3,0.3184,0,0.32612234354019165,8,8,8,0.125
U1470,P00924,A1252,18-25,Male,Hyderabad,Data Science,2.1,Bachelors,598,20,Marketing,Text,0.3724,0.3663,0.4231,61.0,5.5,357,4,0.2765,0,0.2544744908809662,9,9,9,0.1111111111111111
U1479,P03011,A1213,26-35,Female,Bengaluru,Computer Science,11.3,Bachelors,646,15,Finance,Image,0.6624,0.4728,0.864,2.8,1.9,223,2,0.7445,0,0.7492557764053345,1,1,1,1.0
U1479,P03751,A0459,26-35,Female,Bengaluru,Computer Science,11.3,Bachelors,646,15,Career,Text,0.3797,0.721,0.834,9.0,6.0,300,5,0.6823,1,0.7447814345359802,2,2,2,0.5
U1479,P00880,A1784,26-35,Female,Bengaluru,Computer Science,11.3,Bachelors,646,15,Finance,Job Opportunity,0.7069,0.6084,0.7871,20.8,3.6,687,2,0.753,1,0.7150201797485352,3,3,3,0.3333333333333333
U1479,P04876,A1909,26-35,Female,Bengaluru,Computer Science,11.3,Bachelors,646,15,Software,Image,0.3851,0.7781,0.686,6.8,1.8,297,3,0.7131,1,0.7132553458213806,4,4,4,0.25
U1479,P04332,A1788,26-35,Female,Bengaluru,Computer Science,11.3,Bachelors,646,15,Software,Text,0.6127,0.7257,0.4367,8.4,1.9,447,3,0.6501,0,0.6100278496742249,5,5,5,0.2
U1479,P00153,A1249,26-35,Female,Bengaluru,Computer Science,11.3,Bachelors,646,15,Finance,Text,0.1012,0.7251,0.5497,4.2,7.9,198,5,0.5053,1,0.6000695824623108,6,6,6,0.16666666666666666
U1479,P04877,A0062,26-35,Female,Bengaluru,Computer Science,11.3,Bachelors,646,15,Leadership,Job Opportunity,0.3945,0.4696,0.7735,43.0,7.9,155,3,0.5407,1,0.5785337090492249,7,7,7,0.14285714285714285
U1479,P04056,A1718,26-35,Female,Bengaluru,Computer Science,11.3,Bachelors,646,15,Marketing,Article,0.2604,0.5059,0.9519,27.1,1.2,192,2,0.6567,1,0.5736923813819885,8,8,8,0.125
U1479,P04841,A1114,26-35,Female,Bengaluru,Computer Science,11.3,Bachelors,646,15,Career,Video,0.1618,0.4638,0.6717,0.6,2.5,328,5,0.4505,0,0.49512746930122375,9,9,9,0.1111111111111111
U1479,P03528,A0974,26-35,Female,Bengaluru,Computer Science,11.3,Bachelors,646,15,Leadership,Image,0.5563,0.5141,0.7962,62.7,1.2,465,4,0.5451,1,0.48700571060180664,10,10,10,0.1
U1479,P00238,A1147,26-35,Female,Bengaluru,Computer Science,11.3,Bachelors,646,15,AI,Video,0.187,0.3796,0.8164,56.8,9.7,362,3,0.4298,1,0.47420838475227356,11,11,11,0.09090909090909091
U1479,P01663,A1363,26-35,Female,Bengaluru,Computer Science,11.3,Bachelors,646,15,Leadership,Text,0.5895,0.2366,0.5778,2.3,3.0,374,4,0.4438,1,0.3161686360836029,12,12,12,0.08333333333333333
U1479,P02582,A0608,26-35,Female,Bengaluru,Computer Science,11.3,Bachelors,646,15,Data Science,Video,0.6151,0.1592,0.3434,14.8,6.3,180,4,0.2993,0,0.2510893642902374,13,13,13,0.07692307692307693
U1479,P00490,A0977,26-35,Female,Bengaluru,Computer Science,11.3,Bachelors,646,15,Career,Text,0.5185,0.2407,0.3105,50.8,3.5,354,3,0.2674,1,0.23784682154655457,14,14,14,0.07142857142857142
U1491,P01591,A0592,18-25,Male,Other,Data Science,8.2,Bachelors,196,13,Design,Video,0.2307,0.6331,0.8979,5.5,4.6,649,3,0.6573,0,0.6577065587043762,1,1,1,1.0
U1491,P00106,A0393,18-25,Male,Other,Data Science,8.2,Bachelors,196,13,Design,Article,0.2899,0.774,0.6247,53.1,3.7,363,1,0.6018,1,0.5964173078536987,3,3,2,0.5
U1491,P00786,A0355,18-25,Male,Other,Data Science,8.2,Bachelors,196,13,Machine Learning,Image,0.2386,0.7071,0.7976,4.4,17.6,173,4,0.6263,1,0.5331597924232483,4,4,3,0.3333333333333333
U1491,P04956,A0343,18-25,Male,Other,Data Science,8.2,Bachelors,196,13,Machine Learning,Text,0.3679,0.5826,0.5386,3.1,4.5,138,3,0.5274,1,0.49731889367103577,5,5,4,0.25
U1491,P04283,A1288,18-25,Male,Other,Data Science,8.2,Bachelors,196,13,Software,Video,0.3261,0.4106,0.7434,35.9,4.4,126,1,0.5163,0,0.6051757335662842,2,2,5,0.2
U1491,P03818,A0826,18-25,Male,Other,Data Science,8.2,Bachelors,196,13,Leadership,Image,0.3648,0.3208,0.7663,12.6,4.0,52,3,0.4734,0,0.4922695457935333,6,6,6,0.16666666666666666
U1491,P03321,A1299,18-25,Male,Other,Data Science,8.2,Bachelors,196,13,Software,Article,0.1582,0.636,0.7085,53.8,2.1,163,3,0.4673,0,0.48870888352394104,7,7,7,0.14285714285714285
U1491,P01961,A1843,18-25,Male,Other,Data Science,8.2,Bachelors,196,13,Design,Text,0.5091,0.2036,0.6727,8.6,1.5,176,1,0.4877,0,0.4047769010066986,8,8,8,0.125
U1491,P03150,A0352,18-25,Male,Other,Data Science,8.2,Bachelors,196,13,Software,Video,0.1603,0.5904,0.61,50.8,3.3,671,4,0.3791,0,0.3271791636943817,9,9,9,0.1111111111111111
U1491,P04710,A1780,18-25,Male,Other,Data Science,8.2,Bachelors,196,13,Career,Image,0.4652,0.6899,0.0807,32.1,6.6,467,4,0.3298,0,0.29417163133621216,10,10,10,0.1
U1491,P02314,A0629,18-25,Male,Other,Data Science,8.2,Bachelors,196,13,Career,Text,0.4298,0.2643,0.3446,56.0,9.9,84,1,0.2785,0,0.25249117612838745,11,11,11,0.09090909090909091
U1494,P04964,A0466,36-45,Male,Mumbai,Finance,0.3,Masters,986,24,Data Science,Job Opportunity,0.9136,0.5366,0.2749,2.2,3.9,477,2,0.6381,0,0.7519416213035583,1,1,1,1.0
U1494,P01814,A1106,36-45,Male,Mumbai,Finance,0.3,Masters,986,24,Design,Article,0.643,0.9377,0.277,15.9,3.5,170,4,0.6694,1,0.6200621128082275,2,2,2,0.5
U1494,P01617,A1204,36-45,Male,Mumbai,Finance,0.3,Masters,986,24,Design,Image,0.2314,0.5098,0.1404,48.1,3.4,85,1,0.3312,0,0.29293951392173767,3,3,3,0.3333333333333333
U1494,P02665,A0737,36-45,Male,Mumbai,Finance,0.3,Masters,986,24,Career,Image,0.2477,0.3774,0.6652,54.1,14.4,123,4,0.3786,0,0.28149595856666565,4,4,4,0.25
U1496,P01610,A0283,36-45,Male,Chennai,Business,8.3,Bachelors,288,26,Career,Article,0.1651,0.4481,0.8408,23.4,10.1,945,3,0.5837,0,0.7002108097076416,1,1,1,1.0
U1496,P01934,A0453,36-45,Male,Chennai,Business,8.3,Bachelors,288,26,Marketing,Image,0.5878,0.7892,0.2932,2.4,1.1,163,2,0.7011,0,0.6380914449691772,2,2,2,0.5
U1496,P01937,A0310,36-45,Male,Chennai,Business,8.3,Bachelors,288,26,Leadership,Article,0.3765,0.5356,0.8325,12.3,4.8,241,5,0.6365,1,0.5958313941955566,3,3,3,0.3333333333333333
U1496,P04522,A0917,36-45,Male,Chennai,Business,8.3,Bachelors,288,26,Design,Image,0.2285,0.3694,0.6818,18.5,3.7,314,3,0.5048,0,0.4527946710586548,5,5,4,0.25
U1496,P04605,A0746,36-45,Male,Chennai,Business,8.3,Bachelors,288,26,Leadership,Text,0.3211,0.3952,0.5185,16.2,6.6,392,1,0.5433,0,0.48922768235206604,4,4,5,0.2
U1496,P01567,A1386,36-45,Male,Chennai,Business,8.3,Bachelors,288,26,Machine Learning,Video,0.4501,0.5863,0.4087,25.5,6.4,95,3,0.544,1,0.4395587742328644,6,6,6,0.16666666666666666
U1496,P01883,A0137,36-45,Male,Chennai,Business,8.3,Bachelors,288,26,Software,Video,0.4057,0.1722,0.4394,3.3,4.2,463,2,0.4157,0,0.3627513647079468,7,7,7,0.14285714285714285
U1496,P02277,A0376,36-45,Male,Chennai,Business,8.3,Bachelors,288,26,Career,Text,0.2301,0.1165,0.2658,6.8,8.7,408,3,0.2501,0,0.2825320363044739,8,8,8,0.125
U1496,P03488,A1332,36-45,Male,Chennai,Business,8.3,Bachelors,288,26,Marketing,Image,0.4296,0.1522,0.6134,66.8,8.8,731,1,0.3926,0,0.27665844559669495,9,9,9,0.1111111111111111
U1496,P00453,A1670,36-45,Male,Chennai,Business,8.3,Bachelors,288,26,Data Science,Video,0.1042,0.3436,0.3049,13.7,10.7,243,2,0.345,0,0.23789376020431519,10,10,10,0.1
U1500,P03830,A1559,36-45,Female,Mumbai,HR,11.6,Bachelors,1207,24,Machine Learning,Text,0.0606,0.578,0.9475,42.2,1.9,1021,4,0.6037,1,0.6518328785896301,1,1,1,1.0
U1500,P04257,A0062,36-45,Female,Mumbai,HR,11.6,Bachelors,1207,24,Finance,Job Opportunity,0.6663,0.5712,0.4432,30.9,8.1,332,4,0.5761,0,0.649753749370575,2,2,2,0.5
U1500,P02650,A1033,36-45,Female,Mumbai,HR,11.6,Bachelors,1207,24,Data Science,Text,0.3959,0.7039,0.4521,51.5,9.2,264,4,0.5312,0,0.6164053082466125,3,3,3,0.3333333333333333
U1500,P03309,A0909,36-45,Female,Mumbai,HR,11.6,Bachelors,1207,24,AI,Text,0.4033,0.6984,0.3211,7.4,1.9,997,2,0.6253,1,0.5908037424087524,4,4,4,0.25
U1500,P02607,A1970,36-45,Female,Mumbai,HR,11.6,Bachelors,1207,24,Leadership,Text,0.3859,0.6844,0.3429,24.2,3.0,870,2,0.5909,0,0.5376923084259033,5,5,5,0.2
U1500,P03139,A1111,36-45,Female,Mumbai,HR,11.6,Bachelors,1207,24,Leadership,Text,0.5697,0.5927,0.5167,17.5,15.4,422,4,0.6167,0,0.48239657282829285,6,6,6,0.16666666666666666
U1500,P02000,A0534,36-45,Female,Mumbai,HR,11.6,Bachelors,1207,24,Software,Article,0.2877,0.464,0.7609,72.5,12.3,107,3,0.5033,1,0.4721250832080841,7,7,7,0.14285714285714285
U1500,P02456,A0530,36-45,Female,Mumbai,HR,11.6,Bachelors,1207,24,Career,Image,0.2149,0.1062,0.2518,0.8,3.7,548,5,0.2084,1,0.20850305259227753,8,8,8,0.125
U1506,P03486,A0550,26-35,Male,Chennai,Engineering,1.9,Masters,318,19,Machine Learning,Text,0.3103,0.6782,0.9186,5.4,3.1,515,4,0.6972,1,0.7261704802513123,1,1,1,1.0
U1506,P04826,A0143,26-35,Male,Chennai,Engineering,1.9,Masters,318,19,Software,Job Opportunity,0.6157,0.5202,0.6615,10.6,3.6,390,2,0.6537,1,0.655380368232727,3,3,2,0.5
U1506,P00727,A1679,26-35,Male,Chennai,Engineering,1.9,Masters,318,19,Machine Learning,Job Opportunity,0.6925,0.2678,0.3374,2.5,0.7,108,1,0.4648,0,0.5927732586860657,4,4,3,0.3333333333333333
U1506,P04532,A1015,26-35,Male,Chennai,Engineering,1.9,Masters,318,19,Design,Text,0.2221,0.3759,0.8513,7.6,3.8,114,2,0.5648,0,0.5826317667961121,5,5,4,0.25
U1506,P02478,A1466,26-35,Male,Chennai,Engineering,1.9,Masters,318,19,Leadership,Text,0.5495,0.4839,0.7533,37.3,7.8,349,1,0.637,1,0.6961063742637634,2,2,5,0.2
U1506,P01676,A1197,26-35,Male,Chennai,Engineering,1.9,Masters,318,19,Machine Learning,Text,0.2944,0.6308,0.7905,5.9,10.1,265,4,0.6225,1,0.5553662776947021,6,6,6,0.16666666666666666
U1506,P02870,A0225,26-35,Male,Chennai,Engineering,1.9,Masters,318,19,Leadership,Job Opportunity,0.2724,0.1202,0.8119,12.2,4.5,93,3,0.3943,0,0.5155633091926575,7,7,7,0.14285714285714285
U1506,P02814,A1987,26-35,Male,Chennai,Engineering,1.9,Masters,318,19,Data Science,Job Opportunity,0.593,0.5048,0.1661,10.6,7.3,229,2,0.4348,1,0.5147508978843689,8,8,8,0.125
U1506,P02698,A1416,26-35,Male,Chennai,Engineering,1.9,Masters,318,19,AI,Video,0.2904,0.4636,0.2924,39.4,12.0,253,1,0.3628,1,0.42384225130081177,9,9,9,0.1111111111111111
U1506,P00032,A0973,26-35,Male,Chennai,Engineering,1.9,Masters,318,19,Marketing,Video,0.4895,0.2649,0.2987,4.6,9.7,852,1,0.3887,0,0.4229259788990021,10,10,10,0.1
U1506,P04339,A1923,26-35,Male,Chennai,Engineering,1.9,Masters,318,19,Design,Text,0.7199,0.3657,0.2796,59.4,4.5,925,2,0.3547,1,0.4167843759059906,11,11,11,0.09090909090909091
U1506,P01324,A1778,26-35,Male,Chennai,Engineering,1.9,Masters,318,19,Career,Text,0.0657,0.3265,0.4411,23.9,6.7,824,5,0.2265,0,0.31445568799972534,12,12,12,0.08333333333333333
U1515,P01108,A0845,46-55,Male,Chennai,Business,5.8,Masters,355,20,Data Science,Text,0.5082,0.8509,0.5994,15.4,1.8,804,3,0.7289,1,0.7484622597694397,2,2,1,1.0
U1515,P00170,A1318,46-55,Male,Chennai,Business,5.8,Masters,355,20,Machine Learning,Text,0.1126,0.7559,0.4376,46.8,12.9,133,3,0.4595,1,0.5273051857948303,5,5,2,0.5
U1515,P00274,A0813,46-55,Male,Chennai,Business,5.8,Masters,355,20,Machine Learning,Image,0.592,0.3767,0.5666,22.1,6.7,326,3,0.5059,0,0.47146305441856384,6,6,3,0.3333333333333333
U1515,P03307,A0795,46-55,Male,Chennai,Business,5.8,Masters,355,20,Data Science,Article,0.2282,0.5589,0.3163,11.1,5.4,408,3,0.4135,1,0.44410741329193115,7,7,4,0.25
U1515,P02220,A0835,46-55,Male,Chennai,Business,5.8,Masters,355,20,Design,Article,0.4216,0.6862,0.8635,3.9,12.5,826,2,0.7748,0,0.7855107188224792,1,1,5,0.2
U1515,P00747,A1652,46-55,Male,Chennai,Business,5.8,Masters,355,20,Data Science,Text,0.4497,0.8061,0.5308,8.6,5.0,292,2,0.7116,1,0.7437997460365295,3,3,6,0.16666666666666666
U1515,P03731,A1134,46-55,Male,Chennai,Business,5.8,Masters,355,20,Machine Learning,Video,0.5186,0.5319,0.6296,45.9,5.7,481,1,0.6059,1,0.594752848148346,4,4,7,0.14285714285714285
U1515,P01145,A0320,46-55,Male,Chennai,Business,5.8,Masters,355,20,Machine Learning,Job Opportunity,0.206,0.4558,0.5889,55.4,4.5,319,2,0.4155,0,0.3853263854980469,8,8,8,0.125
U1515,P01895,A1786,46-55,Male,Chennai,Business,5.8,Masters,355,20,Marketing,Job Opportunity,0.3057,0.3986,0.5293,16.5,6.1,171,4,0.4023,0,0.37656381726264954,9,9,9,0.1111111111111111
U1515,P01406,A1985,46-55,Male,Chennai,Business,5.8,Masters,355,20,Design,Video,0.0605,0.4168,0.5996,16.1,2.3,61,3,0.4069,0,0.30232495069503784,10,10,10,0.1
U1519,P01799,A0625,18-25,Female,Bengaluru,Design,3.1,Bachelors,244,19,Software,Text,0.5422,0.6886,0.7367,11.7,1.8,263,2,0.7401,1,0.7774236798286438,1,1,1,1.0
U1519,P02939,A0776,18-25,Female,Bengaluru,Design,3.1,Bachelors,244,19,AI,Article,0.7388,0.4489,0.7769,6.9,7.5,307,3,0.6813,1,0.754080593585968,2,2,2,0.5
U1519,P00193,A0437,18-25,Female,Bengaluru,Design,3.1,Bachelors,244,19,Leadership,Text,0.2314,0.6379,0.9402,30.0,8.9,269,3,0.6621,1,0.7045442461967468,3,3,3,0.3333333333333333
U1519,P02261,A1934,18-25,Female,Bengaluru,Design,3.1,Bachelors,244,19,Design,Job Opportunity,0.5229,0.5112,0.8164,21.2,4.7,148,3,0.6456,1,0.6722630858421326,6,6,4,0.25
U1519,P03477,A0698,18-25,Female,Bengaluru,Design,3.1,Bachelors,244,19,Marketing,Video,0.1477,0.7003,0.897,34.5,6.4,298,1,0.7018,1,0.6924576163291931,4,4,5,0.2
U1519,P03771,A0876,18-25,Female,Bengaluru,Design,3.1,Bachelors,244,19,Software,Video,0.2652,0.653,0.7687,74.4,16.9,353,2,0.5556,1,0.6891061663627625,5,5,6,0.16666666666666666
U1519,P01035,A1866,18-25,Female,Bengaluru,Design,3.1,Bachelors,244,19,Career,Text,0.5533,0.615,0.6931,31.7,11.7,169,4,0.6028,1,0.6351543664932251,7,7,7,0.14285714285714285
U1519,P04242,A0693,18-25,Female,Bengaluru,Design,3.1,Bachelors,244,19,Design,Video,0.5417,0.5331,0.7266,43.0,4.1,114,3,0.5835,0,0.5969424843788147,8,8,8,0.125
U1519,P03437,A1672,18-25,Female,Bengaluru,Design,3.1,Bachelors,244,19,Software,Text,0.3736,0.2236,0.8081,7.5,3.9,472,2,0.5214,0,0.590549647808075,9,9,9,0.1111111111111111
U1519,P01542,A1686,18-25,Female,Bengaluru,Design,3.1,Bachelors,244,19,Design,Job Opportunity,0.0051,0.5881,0.6305,1.6,1.0,99,3,0.5062,1,0.5697304010391235,10,10,10,0.1
U1519,P04762,A0784,18-25,Female,Bengaluru,Design,3.1,Bachelors,244,19,Software,Job Opportunity,0.2496,0.6292,0.4944,103.8,13.5,317,2,0.3675,0,0.40170884132385254,11,11,11,0.09090909090909091
U1519,P01608,A1634,18-25,Female,Bengaluru,Design,3.1,Bachelors,244,19,AI,Job Opportunity,0.2278,0.224,0.5913,3.9,2.4,394,2,0.3981,0,0.39920514822006226,12,12,12,0.08333333333333333
U1519,P01328,A0439,18-25,Female,Bengaluru,Design,3.1,Bachelors,244,19,Career,Article,0.3632,0.5474,0.261,42.1,3.2,1014,4,0.3219,0,0.34358206391334534,13,13,13,0.07692307692307693
U1519,P04642,A0855,18-25,Female,Bengaluru,Design,3.1,Bachelors,244,19,Marketing,Article,0.2489,0.5263,0.3791,28.7,3.1,323,5,0.3241,0,0.3411835730075836,14,14,14,0.07142857142857142
U1519,P00772,A0446,18-25,Female,Bengaluru,Design,3.1,Bachelors,244,19,Data Science,Image,0.31,0.4571,0.3594,36.5,4.1,322,2,0.3747,0,0.3244355320930481,15,15,15,0.06666666666666667
U1519,P03566,A1136,18-25,Female,Bengaluru,Design,3.1,Bachelors,244,19,Data Science,Text,0.6399,0.3243,0.6256,83.9,1.1,379,2,0.4155,1,0.3230139911174774,16,16,16,0.0625
U1519,P03165,A1504,18-25,Female,Bengaluru,Design,3.1,Bachelors,244,19,Career,Video,0.2687,0.3252,0.3914,6.3,8.9,185,3,0.3418,1,0.32085853815078735,17,17,17,0.058823529411764705
U1519,P01136,A1119,18-25,Female,Bengaluru,Design,3.1,Bachelors,244,19,Machine Learning,Article,0.3521,0.3568,0.0987,8.8,4.0,463,3,0.2654,0,0.22110088169574738,18,18,18,0.05555555555555555
U1519,P00813,A0937,18-25,Female,Bengaluru,Design,3.1,Bachelors,244,19,Data Science,Video,0.2302,0.2418,0.4656,79.8,6.9,1076,3,0.2098,0,0.20722055435180664,19,19,19,0.05263157894736842
U1522,P00880,A1691,26-35,Male,Bengaluru,Engineering,2.0,Masters,436,16,Finance,Job Opportunity,0.7069,0.7601,0.2405,20.8,3.6,687,1,0.6291,0,0.6175102591514587,2,2,1,1.0
U1522,P01983,A1265,26-35,Male,Bengaluru,Engineering,2.0,Masters,436,16,Software,Article,0.3262,0.4472,0.7965,11.0,6.5,140,3,0.5615,1,0.584607720375061,4,4,2,0.5
U1522,P04173,A0094,26-35,Male,Bengaluru,Engineering,2.0,Masters,436,16,Software,Job Opportunity,0.3087,0.8267,0.5705,5.8,3.4,2809,3,0.6558,1,0.5464009046554565,5,5,3,0.3333333333333333
U1522,P04507,A1094,26-35,Male,Bengaluru,Engineering,2.0,Masters,436,16,Career,Article,0.1676,0.7395,0.4197,10.8,5.1,386,2,0.5371,0,0.45359480381011963,8,8,4,0.25
U1522,P02068,A1751,26-35,Male,Bengaluru,Engineering,2.0,Masters,436,16,Leadership,Text,0.4372,0.4481,0.7985,31.2,5.1,306,1,0.6161,0,0.7375372648239136,1,1,5,0.2
U1522,P02298,A0135,26-35,Male,Bengaluru,Engineering,2.0,Masters,436,16,Data Science,Article,0.1634,0.5605,0.781,5.2,7.8,275,2,0.6094,1,0.6144654750823975,3,3,6,0.16666666666666666
U1522,P00667,A1539,26-35,Male,Bengaluru,Engineering,2.0,Masters,436,16,Data Science,Image,0.1356,0.5914,0.5596,15.6,5.5,547,2,0.5041,1,0.5303992033004761,6,6,7,0.14285714285714285
U1522,P03047,A0754,26-35,Male,Bengaluru,Engineering,2.0,Masters,436,16,Data Science,Image,0.2495,0.3473,0.6401,28.6,5.3,114,1,0.4543,0,0.48090142011642456,7,7,8,0.125
U1522,P02036,A1969,26-35,Male,Bengaluru,Engineering,2.0,Masters,436,16,Software,Image,0.4848,0.1705,0.5463,4.5,1.6,64,5,0.3176,0,0.417062908411026,9,9,9,0.1111111111111111
U1522,P02804,A1174,26-35,Male,Bengaluru,Engineering,2.0,Masters,436,16,Design,Article,0.3392,0.5849,0.622,47.0,5.3,1072,3,0.4881,1,0.4049908518791199,10,10,10,0.1
U1522,P00895,A0441,26-35,Male,Bengaluru,Engineering,2.0,Masters,436,16,Data Science,Job Opportunity,0.3736,0.1342,0.7464,19.4,6.1,146,4,0.3523,0,0.39812272787094116,11,11,11,0.09090909090909091
U1529,P04485,A0148,18-25,Male,Bengaluru,Computer Science,8.8,Bachelors,184,18,Software,Text,0.2268,0.6459,0.7297,1.9,9.8,73,4,0.6246,1,0.6730091571807861,2,2,1,1.0
U1529,P02458,A1144,18-25,Male,Bengaluru,Computer Science,8.8,Bachelors,184,18,AI,Job Opportunity,0.7444,0.8029,0.285,12.6,5.1,450,1,0.7193,1,0.664389967918396,3,3,2,0.5
U1529,P03273,A1925,18-25,Male,Bengaluru,Computer Science,8.8,Bachelors,184,18,Marketing,Text,0.3073,0.9343,0.5326,32.9,9.8,361,4,0.6437,0,0.5983182787895203,4,4,3,0.3333333333333333
U1529,P01128,A0569,18-25,Male,Bengaluru,Computer Science,8.8,Bachelors,184,18,Software,Article,0.6116,0.6538,0.6322,106.5,3.6,283,1,0.5831,0,0.5284230709075928,5,5,4,0.25
U1529,P00105,A0104,18-25,Male,Bengaluru,Computer Science,8.8,Bachelors,184,18,AI,Job Opportunity,0.3253,0.7459,0.7113,6.0,11.5,352,1,0.7583,0,0.7492779493331909,1,1,5,0.2
U1529,P00868,A0889,18-25,Male,Bengaluru,Computer Science,8.8,Bachelors,184,18,Design,Article,0.2353,0.1154,0.7488,6.9,2.3,164,2,0.428,1,0.41570526361465454,6,6,6,0.16666666666666666
U1529,P02488,A0483,18-25,Male,Bengaluru,Computer Science,8.8,Bachelors,184,18,Marketing,Article,0.2368,0.5229,0.2358,2.6,1.6,1050,2,0.4228,1,0.3472466468811035,7,7,7,0.14285714285714285
U1529,P01090,A1604,18-25,Male,Bengaluru,Computer Science,8.8,Bachelors,184,18,Data Science,Text,0.2683,0.7564,0.2313,62.5,5.2,618,3,0.395,1,0.3018679618835449,8,8,8,0.125
U1534,P04828,A1246,36-45,Male,Mumbai,Engineering,2.9,Diploma,605,19,Data Science,Text,0.0778,0.8565,0.7069,99.6,0.9,196,2,0.5362,0,0.572295069694519,2,2,1,1.0
U1534,P01732,A1722,36-45,Male,Mumbai,Engineering,2.9,Diploma,605,19,Marketing,Job Opportunity,0.3329,0.619,0.5792,6.6,1.6,511,4,0.5542,0,0.5582450032234192,3,3,2,0.5
U1534,P00523,A0139,36-45,Male,Mumbai,Engineering,2.9,Diploma,605,19,Software,Article,0.3001,0.9018,0.244,50.5,7.2,291,2,0.5215,0,0.5571177005767822,4,4,3,0.3333333333333333
U1534,P04524,A1057,36-45,Male,Mumbai,Engineering,2.9,Diploma,605,19,AI,Job Opportunity,0.2345,0.5536,0.572,2.9,3.4,473,2,0.5637,0,0.5462026596069336,5,5,4,0.25
U1534,P04952,A0628,36-45,Male,Mumbai,Engineering,2.9,Diploma,605,19,Marketing,Job Opportunity,0.2031,0.6949,0.5603,17.1,6.4,308,1,0.6226,1,0.6191200613975525,1,1,5,0.2
U1534,P00036,A1647,36-45,Male,Mumbai,Engineering,2.9,Diploma,605,19,AI,Article,0.2584,0.641,0.5827,40.4,7.4,210,1,0.5757,0,0.5402542948722839,6,6,6,0.16666666666666666
U1534,P04427,A0450,36-45,Male,Mumbai,Engineering,2.9,Diploma,605,19,Software,Article,0.2324,0.4368,0.7779,38.1,13.4,449,3,0.4896,1,0.5168280601501465,7,7,7,0.14285714285714285
U1534,P01381,A1975,36-45,Male,Mumbai,Engineering,2.9,Diploma,605,19,Software,Video,0.654,0.5241,0.6279,44.6,2.9,240,1,0.6341,1,0.5137878060340881,8,8,8,0.125
U1534,P04005,A0725,36-45,Male,Mumbai,Engineering,2.9,Diploma,605,19,Design,Text,0.1031,0.6546,0.4834,20.8,6.1,848,2,0.5049,0,0.5046534538269043,9,9,9,0.1111111111111111
U1534,P01040,A1063,36-45,Male,Mumbai,Engineering,2.9,Diploma,605,19,Machine Learning,Job Opportunity,0.3649,0.6891,0.4521,43.0,2.1,316,4,0.4715,0,0.4871220588684082,10,10,10,0.1
U1534,P03521,A0636,36-45,Male,Mumbai,Engineering,2.9,Diploma,605,19,Data Science,Article,0.5321,0.8039,0.1665,13.3,7.4,715,2,0.5772,1,0.44177573919296265,11,11,11,0.09090909090909091
U1534,P01439,A1099,36-45,Male,Mumbai,Engineering,2.9,Diploma,605,19,AI,Video,0.1215,0.7036,0.3989,74.8,2.6,639,1,0.4237,0,0.34084999561309814,12,12,12,0.08333333333333333
U1534,P02577,A1949,36-45,Male,Mumbai,Engineering,2.9,Diploma,605,19,Finance,Text,0.3009,0.3873,0.7361,84.1,3.3,218,4,0.3466,0,0.3343766927719116,13,13,13,0.07692307692307693
U1534,P02969,A1029,36-45,Male,Mumbai,Engineering,2.9,Diploma,605,19,Leadership,Article,0.2768,0.3948,0.445,28.3,5.2,604,3,0.3626,1,0.3330257534980774,14,14,14,0.07142857142857142
U1534,P00426,A0310,36-45,Male,Mumbai,Engineering,2.9,Diploma,605,19,Finance,Article,0.3592,0.4161,0.4992,67.3,8.9,453,5,0.2868,0,0.3326775133609772,15,15,15,0.06666666666666667
U1534,P04900,A0647,36-45,Male,Mumbai,Engineering,2.9,Diploma,605,19,Leadership,Text,0.1432,0.1078,0.6202,53.4,4.7,600,3,0.2336,0,0.18736565113067627,16,16,16,0.0625
U1562,P02707,A1343,26-35,Male,Delhi,Marketing,8.0,Masters,331,14,Data Science,Text,0.7112,0.6501,0.7966,30.7,2.1,392,4,0.6891,1,0.7266775369644165,2,2,1,1.0
U1562,P02469,A1152,26-35,Male,Delhi,Marketing,8.0,Masters,331,14,Software,Article,0.5488,0.7914,0.9564,120.6,2.0,211,2,0.671,1,0.6211527585983276,3,3,2,0.5
U1562,P03449,A0990,26-35,Male,Delhi,Marketing,8.0,Masters,331,14,Machine Learning,Video,0.2927,0.2504,0.9152,27.5,3.9,142,2,0.5059,0,0.5239737033843994,5,5,3,0.3333333333333333
U1562,P01852,A1765,26-35,Male,Delhi,Marketing,8.0,Masters,331,14,Data Science,Image,0.3134,0.5667,0.5857,52.1,4.9,676,3,0.4482,0,0.5237181186676025,6,6,4,0.25
U1562,P03952,A0842,26-35,Male,Delhi,Marketing,8.0,Masters,331,14,Design,Text,0.4212,0.628,0.7959,32.4,9.8,239,1,0.6917,1,0.7293210625648499,1,1,5,0.2
U1562,P04983,A1796,26-35,Male,Delhi,Marketing,8.0,Masters,331,14,Finance,Text,0.5902,0.222,0.793,4.6,10.2,921,2,0.567,1,0.58551424741745,4,4,6,0.16666666666666666
U1562,P01384,A0019,26-35,Male,Delhi,Marketing,8.0,Masters,331,14,AI,Article,0.3769,0.4523,0.3733,45.0,5.1,156,3,0.3382,0,0.28981468081474304,7,7,7,0.14285714285714285
U1562,P02708,A0310,26-35,Male,Delhi,Marketing,8.0,Masters,331,14,Marketing,Text,0.0231,0.2628,0.3147,35.7,8.1,478,3,0.1878,0,0.20545493066310883,8,8,8,0.125
U1563,P02030,A0182,46-55,Male,Mumbai,HR,7.5,Bachelors,1222,14,Marketing,Image,0.4556,0.6812,0.8514,8.6,0.6,589,1,0.7818,1,0.7936170697212219,1,1,1,1.0
U1563,P04888,A0672,46-55,Male,Mumbai,HR,7.5,Bachelors,1222,14,Design,Text,0.4516,0.8742,0.5522,41.2,1.8,620,2,0.681,1,0.7488976716995239,2,2,2,0.5
U1563,P04337,A0778,46-55,Male,Mumbai,HR,7.5,Bachelors,1222,14,Design,Job Opportunity,0.3807,0.7227,0.683,9.8,3.5,308,3,0.6728,0,0.7029914855957031,4,4,3,0.3333333333333333
U1563,P00451,A0286,46-55,Male,Mumbai,HR,7.5,Bachelors,1222,14,Leadership,Text,0.4527,0.7312,0.552,3.3,2.5,389,1,0.7123,0,0.6884698867797852,5,5,4,0.25
U1563,P00464,A0413,46-55,Male,Mumbai,HR,7.5,Bachelors,1222,14,Machine Learning,Job Opportunity,0.4056,0.5472,0.8067,34.7,9.4,245,1,0.6612,1,0.7051576972007751,3,3,5,0.2
U1563,P02284,A0307,46-55,Male,Mumbai,HR,7.5,Bachelors,1222,14,AI,Job Opportunity,0.2345,0.6267,0.6992,42.5,2.2,171,4,0.501,0,0.6638166308403015,6,6,6,0.16666666666666666
U1563,P04325,A0260,46-55,Male,Mumbai,HR,7.5,Bachelors,1222,14,Marketing,Text,0.3139,0.589,0.901,4.6,9.1,75,5,0.63,1,0.6318541169166565,7,7,7,0.14285714285714285
U1563,P02339,A0891,46-55,Male,Mumbai,HR,7.5,Bachelors,1222,14,Marketing,Video,0.3915,0.935,0.4871,23.1,4.2,148,3,0.6722,0,0.600263774394989,8,8,8,0.125
U1563,P03978,A0096,46-55,Male,Mumbai,HR,7.5,Bachelors,1222,14,Finance,Video,0.4653,0.4401,0.6432,3.0,11.9,372,3,0.5586,1,0.5356606245040894,9,9,9,0.1111111111111111
U1563,P00043,A0036,46-55,Male,Mumbai,HR,7.5,Bachelors,1222,14,Career,Article,0.4213,0.6706,0.4371,29.0,13.5,607,4,0.49,0,0.5008115172386169,10,10,10,0.1
U1563,P00406,A0878,46-55,Male,Mumbai,HR,7.5,Bachelors,1222,14,Career,Video,0.2627,0.3872,0.533,75.1,2.7,167,2,0.3258,1,0.2950650751590729,11,11,11,0.09090909090909091
U1566,P00658,A0818,26-35,Female,Other,Finance,4.9,Bachelors,158,13,Finance,Text,0.2693,0.6739,0.5248,27.7,11.2,136,4,0.4385,1,0.4431079626083374,3,3,1,1.0
U1566,P03049,A0462,26-35,Female,Other,Finance,4.9,Bachelors,158,13,Career,Text,0.5075,0.3442,0.1771,12.5,7.1,196,1,0.3265,0,0.3884578049182892,4,4,2,0.5
U1566,P03846,A1472,26-35,Female,Other,Finance,4.9,Bachelors,158,13,Design,Text,0.2863,0.3539,0.4026,12.0,2.3,58,2,0.3339,0,0.30163800716400146,6,6,3,0.3333333333333333
U1566,P01636,A1307,26-35,Female,Other,Finance,4.9,Bachelors,158,13,Data Science,Image,0.5693,0.355,0.1706,17.0,11.2,477,2,0.3076,1,0.2961408793926239,7,7,4,0.25
U1566,P00715,A1128,26-35,Female,Other,Finance,4.9,Bachelors,158,13,Finance,Article,0.2368,0.5132,0.7147,11.2,4.2,119,1,0.5598,0,0.5710001587867737,1,1,5,0.2
U1566,P00335,A0551,26-35,Female,Other,Finance,4.9,Bachelors,158,13,Finance,Image,0.5086,0.5156,0.6172,32.0,4.7,1280,2,0.5205,0,0.5549965500831604,2,2,6,0.16666666666666666
U1566,P00647,A0365,26-35,Female,Other,Finance,4.9,Bachelors,158,13,Software,Article,0.494,0.5569,0.6772,137.0,8.7,944,2,0.3568,0,0.3414306938648224,5,5,7,0.14285714285714285
U1566,P00129,A1170,26-35,Female,Other,Finance,4.9,Bachelors,158,13,Marketing,Text,0.3863,0.228,0.5769,101.5,6.5,276,3,0.2007,0,0.1998041868209839,8,8,8,0.125
U1566,P01831,A0882,26-35,Female,Other,Finance,4.9,Bachelors,158,13,Leadership,Text,0.4178,0.3889,0.321,166.2,2.3,1088,3,0.1215,0,0.10461384803056717,9,9,9,0.1111111111111111
U1566,P02269,A1620,26-35,Female,Other,Finance,4.9,Bachelors,158,13,Marketing,Article,0.4095,0.3251,0.4288,130.7,3.1,311,2,0.1798,1,0.0994480699300766,10,10,10,0.1
U1568,P00169,A0165,18-25,Male,Hyderabad,HR,4.8,Bachelors,53,12,Career,Text,0.3844,0.6671,0.9587,4.8,2.8,282,1,0.7733,1,0.6122341156005859,1,1,1,1.0
U1568,P03927,A0719,18-25,Male,Hyderabad,HR,4.8,Bachelors,53,12,Marketing,Article,0.3515,0.1345,0.8571,46.5,3.9,41,2,0.375,1,0.3330439627170563,3,3,2,0.5
U1568,P01605,A1109,18-25,Male,Hyderabad,HR,4.8,Bachelors,53,12,Design,Image,0.3127,0.3499,0.6679,30.4,4.5,3243,2,0.4218,1,0.4110484719276428,2,2,3,0.3333333333333333
U1568,P03749,A1350,18-25,Male,Hyderabad,HR,4.8,Bachelors,53,12,Software,Video,0.1619,0.5687,0.3859,12.9,9.7,176,3,0.3745,0,0.31907573342323303,4,4,4,0.25
U1568,P02584,A1164,18-25,Male,Hyderabad,HR,4.8,Bachelors,53,12,AI,Article,0.1608,0.4808,0.4377,4.3,3.4,157,3,0.3698,0,0.3129134476184845,5,5,5,0.2
U1570,P02364,A1140,26-35,Female,Other,Business,8.1,Bachelors,174,22,Finance,Job Opportunity,0.3205,0.9055,0.7044,6.4,4.5,376,3,0.7598,1,0.7562371492385864,1,1,1,1.0
U1570,P00278,A1105,26-35,Female,Other,Business,8.1,Bachelors,174,22,Leadership,Text,0.2328,0.65,0.6856,33.6,7.5,567,3,0.5731,1,0.6040866374969482,5,5,2,0.5
U1570,P02533,A0811,26-35,Female,Other,Business,8.1,Bachelors,174,22,Design,Image,0.6808,0.4099,0.3445,9.2,6.2,201,3,0.4806,1,0.3971610963344574,7,7,3,0.3333333333333333
U1570,P02259,A0533,26-35,Female,Other,Business,8.1,Bachelors,174,22,Marketing,Video,0.2671,0.1014,0.9505,23.7,12.4,263,5,0.3786,0,0.39392244815826416,8,8,4,0.25
U1570,P02939,A1176,26-35,Female,Other,Business,8.1,Bachelors,174,22,AI,Article,0.7388,0.4626,0.6192,6.9,7.5,307,2,0.6697,1,0.6969811320304871,2,2,5,0.2
U1570,P02395,A0861,26-35,Female,Other,Business,8.1,Bachelors,174,22,Design,Image,0.1398,0.9271,0.4616,14.4,6.8,356,1,0.6855,1,0.6524262428283691,3,3,6,0.16666666666666666
U1570,P01464,A1203,26-35,Female,Other,Business,8.1,Bachelors,174,22,Machine Learning,Article,0.4369,0.3708,0.8493,43.6,5.1,957,2,0.5717,1,0.6310906410217285,4,4,7,0.14285714285714285
U1570,P00136,A1889,26-35,Female,Other,Business,8.1,Bachelors,174,22,Finance,Article,0.0788,0.6,0.5967,8.0,7.8,350,2,0.552,1,0.5374673008918762,6,6,8,0.125
U1571,P03032,A1346,26-35,Male,Hyderabad,Design,3.0,Masters,293,15,AI,Text,0.3624,0.978,0.6731,1.1,6.5,273,3,0.762,0,0.7586185336112976,1,1,1,1.0
U1571,P01500,A0290,26-35,Male,Hyderabad,Design,3.0,Masters,293,15,Marketing,Image,0.3896,0.8503,0.6207,18.5,3.4,1177,1,0.7251,0,0.7358415126800537,2,2,2,0.5
U1571,P04450,A1293,26-35,Male,Hyderabad,Design,3.0,Masters,293,15,Machine Learning,Text,0.3458,0.3633,0.5995,1.6,4.0,335,2,0.4793,0,0.5202491879463196,4,4,3,0.3333333333333333
U1571,P02598,A0522,26-35,Male,Hyderabad,Design,3.0,Masters,293,15,Machine Learning,Job Opportunity,0.3475,0.7963,0.8461,32.0,7.4,485,2,0.7233,1,0.7342352271080017,3,3,4,0.25
U1571,P00698,A1046,26-35,Male,Hyderabad,Design,3.0,Masters,293,15,Design,Job Opportunity,0.2771,0.5589,0.6497,16.6,2.1,1983,5,0.4522,0,0.44134461879730225,5,5,5,0.2
U1571,P01758,A1234,26-35,Male,Hyderabad,Design,3.0,Masters,293,15,Finance,Text,0.6292,0.1668,0.6926,51.5,8.5,294,2,0.4001,1,0.41067150235176086,6,6,6,0.16666666666666666
U1571,P00273,A1987,26-35,Male,Hyderabad,Design,3.0,Masters,293,15,Leadership,Article,0.5309,0.2889,0.2625,16.2,14.1,254,3,0.2999,0,0.30892136693000793,7,7,7,0.14285714285714285
U1573,P01595,A1656,26-35,Male,Mumbai,Finance,1.3,Bachelors,255,16,Leadership,Video,0.4287,0.6011,0.8063,12.1,4.6,1341,3,0.657,1,0.6790608167648315,2,2,1,1.0
U1573,P03134,A1725,26-35,Male,Mumbai,Finance,1.3,Bachelors,255,16,Leadership,Article,0.3122,0.7981,0.5452,12.4,7.4,422,3,0.6152,1,0.6316230893135071,4,4,2,0.5
U1573,P03188,A1255,26-35,Male,Mumbai,Finance,1.3,Bachelors,255,16,AI,Text,0.2928,0.9297,0.779,74.4,0.8,514,4,0.6184,1,0.5531179904937744,7,7,3,0.3333333333333333
U1573,P04056,A0970,26-35,Male,Mumbai,Finance,1.3,Bachelors,255,16,Marketing,Article,0.2604,0.5728,0.4609,27.1,1.2,192,1,0.4902,1,0.5384271144866943,8,8,4,0.25
U1573,P02233,A0580,26-35,Male,Mumbai,Finance,1.3,Bachelors,255,16,Software,Video,0.2105,0.81,0.8272,0.1,6.8,514,2,0.7482,0,0.7324158549308777,1,1,5,0.2
U1573,P02861,A1783,26-35,Male,Mumbai,Finance,1.3,Bachelors,255,16,Finance,Job Opportunity,0.2708,0.4468,0.7671,21.9,4.9,217,1,0.5702,1,0.6628832221031189,3,3,6,0.16666666666666666
U1573,P00733,A0546,26-35,Male,Mumbai,Finance,1.3,Bachelors,255,16,Career,Text,0.5956,0.4991,0.7381,20.1,8.0,396,2,0.6409,1,0.6151382327079773,5,5,7,0.14285714285714285
U1573,P03944,A0630,26-35,Male,Mumbai,Finance,1.3,Bachelors,255,16,AI,Image,0.4544,0.6162,0.5981,4.3,6.3,2570,2,0.6334,1,0.5589891076087952,6,6,8,0.125
U1573,P00257,A1061,26-35,Male,Mumbai,Finance,1.3,Bachelors,255,16,Career,Video,0.1925,0.6476,0.9274,70.5,1.8,262,3,0.5552,0,0.5189403295516968,9,9,9,0.1111111111111111
U1573,P01118,A0741,26-35,Male,Mumbai,Finance,1.3,Bachelors,255,16,Finance,Text,0.4876,0.568,0.3239,6.2,7.6,319,2,0.5014,0,0.47912168502807617,10,10,10,0.1
U1573,P01320,A0725,26-35,Male,Mumbai,Finance,1.3,Bachelors,255,16,Leadership,Article,0.3811,0.2528,0.8848,107.9,11.8,107,3,0.3247,0,0.349984735250473,11,11,11,0.09090909090909091
U1574,P02590,A1527,46-55,Male,Bengaluru,Finance,5.9,Masters,58,21,Career,Article,0.5836,0.4972,0.7567,2.3,4.2,244,3,0.691,1,0.67939293384552,2,2,1,1.0
U1574,P02805,A1678,46-55,Male,Bengaluru,Finance,5.9,Masters,58,21,Leadership,Article,0.0695,0.7258,0.6318,7.8,12.6,128,3,0.6082,0,0.6307924389839172,3,3,2,0.5
U1574,P02127,A0325,46-55,Male,Bengaluru,Finance,5.9,Masters,58,21,Software,Video,0.4154,0.7575,0.5468,36.8,11.1,399,3,0.6242,1,0.6268053650856018,4,4,3,0.3333333333333333
U1574,P00974,A0473,46-55,Male,Bengaluru,Finance,5.9,Masters,58,21,Machine Learning,Text,0.5561,0.8054,0.5724,2.7,12.3,661,1,0.7915,1,0.7233452796936035,1,1,4,0.25
U1574,P01797,A0633,46-55,Male,Bengaluru,Finance,5.9,Masters,58,21,Finance,Video,0.2372,0.6269,0.7438,50.5,6.5,222,1,0.6307,1,0.5816702246665955,5,5,5,0.2
U1574,P00324,A1957,46-55,Male,Bengaluru,Finance,5.9,Masters,58,21,Software,Text,0.5018,0.6346,0.5893,33.3,3.4,226,5,0.549,1,0.45175763964653015,6,6,6,0.16666666666666666
U1574,P01472,A1495,46-55,Male,Bengaluru,Finance,5.9,Masters,58,21,Career,Text,0.1115,0.439,0.5571,9.4,1.3,453,2,0.4757,0,0.38469812273979187,7,7,7,0.14285714285714285
U1599,P01642,A1121,36-45,Male,Bengaluru,Computer Science,6.6,Bachelors,302,31,Finance,Article,0.4808,0.4708,0.8298,27.2,7.5,583,3,0.6967,1,0.8118250966072083,3,3,1,1.0
U1599,P00697,A1647,36-45,Male,Bengaluru,Computer Science,6.6,Bachelors,302,31,Data Science,Image,0.3777,0.6805,0.6494,18.6,4.3,123,3,0.7109,0,0.7158979177474976,4,4,2,0.5
U1599,P03723,A0040,36-45,Male,Bengaluru,Computer Science,6.6,Bachelors,302,31,Data Science,Text,0.4885,0.371,0.8811,3.7,3.7,181,4,0.6869,0,0.7155068516731262,5,5,3,0.3333333333333333
U1599,P00611,A0826,36-45,Male,Bengaluru,Computer Science,6.6,Bachelors,302,31,Career,Article,0.3692,0.5727,0.6607,22.8,8.8,557,4,0.6296,0,0.6816917061805725,6,6,4,0.25
U1599,P02650,A0611,36-45,Male,Bengaluru,Computer Science,6.6,Bachelors,302,31,Data Science,Text,0.3959,0.909,0.8231,51.5,9.2,264,1,0.8414,1,0.830469012260437,1,1,5,0.2
U1599,P03602,A0525,36-45,Male,Bengaluru,Computer Science,6.6,Bachelors,302,31,Data Science,Image,0.3838,0.6249,0.8358,3.8,9.7,453,2,0.7958,1,0.8186042904853821,2,2,6,0.16666666666666666
U1599,P02303,A0125,36-45,Male,Bengaluru,Computer Science,6.6,Bachelors,302,31,Data Science,Job Opportunity,0.4395,0.3378,0.6962,24.6,1.5,870,2,0.6092,1,0.6591195464134216,7,7,7,0.14285714285714285
U1599,P03269,A0345,36-45,Male,Bengaluru,Computer Science,6.6,Bachelors,302,31,Career,Article,0.1561,0.5758,0.5032,82.8,4.2,472,1,0.4861,0,0.38685333728790283,8,8,8,0.125
U1599,P03691,A1255,36-45,Male,Bengaluru,Computer Science,6.6,Bachelors,302,31,Career,Job Opportunity,0.0748,0.366,0.6653,16.2,3.9,186,5,0.4314,0,0.3361283838748932,9,9,9,0.1111111111111111
U1600,P03166,A0588,18-25,Male,Hyderabad,Business,13.6,Bachelors,148,19,Finance,Text,0.7279,0.6964,0.3082,14.4,7.9,125,4,0.5988,0,0.7508045434951782,1,1,1,1.0
U1600,P02480,A1455,18-25,Male,Hyderabad,Business,13.6,Bachelors,148,19,Career,Job Opportunity,0.449,0.4947,0.8007,40.6,1.2,263,2,0.6406,0,0.6835401058197021,2,2,2,0.5
U1600,P02844,A1897,18-25,Male,Hyderabad,Business,13.6,Bachelors,148,19,Software,Text,0.6359,0.4572,0.668,21.2,6.6,349,3,0.6244,0,0.6816211342811584,3,3,3,0.3333333333333333
U1600,P02559,A0446,18-25,Male,Hyderabad,Business,13.6,Bachelors,148,19,Data Science,Text,0.2267,0.5699,0.7499,0.6,2.2,1187,4,0.6125,1,0.6693115234375,4,4,4,0.25
U1600,P02209,A0976,18-25,Male,Hyderabad,Business,13.6,Bachelors,148,19,AI,Text,0.278,0.5272,0.701,12.6,5.0,390,2,0.6247,1,0.6353192329406738,5,5,5,0.2
U1600,P01282,A1533,18-25,Male,Hyderabad,Business,13.6,Bachelors,148,19,Software,Article,0.1813,0.6358,0.7944,61.8,7.7,164,3,0.5635,0,0.5787224769592285,6,6,6,0.16666666666666666
U1600,P04325,A1525,18-25,Male,Hyderabad,Business,13.6,Bachelors,148,19,Marketing,Text,0.3139,0.4126,0.6445,4.6,9.1,75,3,0.5394,1,0.5660313367843628,7,7,7,0.14285714285714285
U1600,P01250,A0096,18-25,Male,Hyderabad,Business,13.6,Bachelors,148,19,Career,Article,0.2461,0.7018,0.8223,54.4,11.8,189,5,0.5758,0,0.5420673489570618,8,8,8,0.125
U1600,P01043,A0558,18-25,Male,Hyderabad,Business,13.6,Bachelors,148,19,Marketing,Article,0.366,0.34,0.7444,33.1,4.9,652,3,0.5029,0,0.5090702176094055,9,9,9,0.1111111111111111
U1600,P01984,A0441,18-25,Male,Hyderabad,Business,13.6,Bachelors,148,19,Data Science,Text,0.2958,0.5199,0.4062,37.3,3.2,513,2,0.4541,0,0.49283677339553833,10,10,10,0.1
U1600,P02809,A1258,18-25,Male,Hyderabad,Business,13.6,Bachelors,148,19,Data Science,Text,0.1872,0.4768,0.5167,24.1,8.7,102,4,0.4118,1,0.3117823302745819,11,11,11,0.09090909090909091
U1603,P01582,A1629,36-45,Female,Pune,Business,4.0,Diploma,99,10,Marketing,Article,0.5419,0.7938,0.6742,6.1,4.0,174,2,0.7189,0,0.6991296410560608,1,1,1,1.0
U1603,P03836,A1445,36-45,Female,Pune,Business,4.0,Diploma,99,10,Leadership,Text,0.8258,0.4161,0.7296,12.8,10.1,937,4,0.5687,0,0.5756836533546448,2,2,2,0.5
U1603,P00836,A0015,36-45,Female,Pune,Business,4.0,Diploma,99,10,Leadership,Job Opportunity,0.5119,0.3988,0.4846,8.0,3.4,191,2,0.4448,0,0.4839393198490143,4,4,3,0.3333333333333333
U1603,P01594,A0830,36-45,Female,Pune,Business,4.0,Diploma,99,10,Marketing,Video,0.2274,0.4663,0.7158,35.9,3.4,306,2,0.4428,0,0.4635752737522125,5,5,4,0.25
U1603,P00190,A0786,36-45,Female,Pune,Business,4.0,Diploma,99,10,Data Science,Job Opportunity,0.3352,0.5899,0.6462,7.6,7.0,863,1,0.5925,0,0.5265936255455017,3,3,5,0.2
U1603,P04329,A1438,36-45,Female,Pune,Business,4.0,Diploma,99,10,Finance,Text,0.3625,0.677,0.4003,34.2,14.8,381,2,0.4545,1,0.4264124631881714,6,6,6,0.16666666666666666
U1603,P00113,A1510,36-45,Female,Pune,Business,4.0,Diploma,99,10,Software,Text,0.3844,0.3623,0.7127,68.0,6.9,296,4,0.3128,0,0.37747740745544434,7,7,7,0.14285714285714285
U1603,P01018,A1176,36-45,Female,Pune,Business,4.0,Diploma,99,10,Software,Text,0.358,0.1799,0.8547,60.5,6.9,661,4,0.2933,1,0.23559047281742096,8,8,8,0.125
U1603,P01484,A0640,36-45,Female,Pune,Business,4.0,Diploma,99,10,Machine Learning,Text,0.1763,0.3606,0.3697,93.2,6.5,233,2,0.176,0,0.15654151141643524,9,9,9,0.1111111111111111
U1609,P02399,A0533,26-35,Male,Bengaluru,Other,1.9,Bachelors,197,16,Career,Video,0.2529,0.6335,0.9347,28.8,5.2,315,3,0.6509,0,0.6615564823150635,1,1,1,1.0
U1609,P01824,A0713,26-35,Male,Bengaluru,Other,1.9,Bachelors,197,16,Career,Job Opportunity,0.4643,0.5899,0.3399,37.3,3.8,511,1,0.4873,0,0.47800374031066895,3,3,2,0.5
U1609,P00593,A0518,26-35,Male,Bengaluru,Other,1.9,Bachelors,197,16,Career,Text,0.4311,0.5695,0.2521,40.7,7.7,298,2,0.3931,1,0.4267220199108124,5,5,3,0.3333333333333333
U1609,P00652,A0311,26-35,Male,Bengaluru,Other,1.9,Bachelors,197,16,Data Science,Text,0.5807,0.6037,0.4928,14.7,4.2,849,1,0.6331,1,0.6347189545631409,2,2,4,0.25
U1609,P03060,A1704,26-35,Male,Bengaluru,Other,1.9,Bachelors,197,16,Marketing,Article,0.2961,0.3095,0.5415,23.9,11.6,361,2,0.3831,1,0.4307456612586975,4,4,5,0.2
U1609,P03624,A1410,26-35,Male,Bengaluru,Other,1.9,Bachelors,197,16,Career,Article,0.2205,0.5615,0.6783,57.5,5.5,715,4,0.4129,0,0.37631353735923767,6,6,6,0.16666666666666666
U1609,P04124,A1197,26-35,Male,Bengaluru,Other,1.9,Bachelors,197,16,AI,Text,0.3936,0.4205,0.4687,20.0,4.2,329,3,0.4086,0,0.367778480052948,7,7,7,0.14285714285714285
U1610,P00119,A1236,26-35,Female,Other,Engineering,3.0,PhD,541,15,Data Science,Article,0.1012,0.896,0.9136,63.1,1.6,219,2,0.6644,0,0.6292405128479004,3,3,1,1.0
U1610,P01993,A1399,26-35,Female,Other,Engineering,3.0,PhD,541,15,Data Science,Text,0.4996,0.5545,0.6698,31.4,11.9,40,3,0.5367,1,0.5462339520454407,5,5,2,0.5
U1610,P02836,A0756,26-35,Female,Other,Engineering,3.0,PhD,541,15,Data Science,Job Opportunity,0.3426,0.5079,0.7777,40.1,3.8,287,3,0.4988,1,0.5379695296287537,6,6,3,0.3333333333333333
U1610,P02426,A1125,26-35,Female,Other,Engineering,3.0,PhD,541,15,Marketing,Article,0.6342,0.4698,0.2237,1.7,7.3,565,2,0.4342,1,0.5321462154388428,7,7,4,0.25
U1610,P01883,A0237,26-35,Female,Other,Engineering,3.0,PhD,541,15,Software,Video,0.4057,0.8945,0.6501,3.3,4.2,463,2,0.7399,1,0.7010725140571594,1,1,5,0.2
U1610,P03815,A1617,26-35,Female,Other,Engineering,3.0,PhD,541,15,Finance,Text,0.133,0.7429,0.6138,33.8,5.5,400,1,0.5662,0,0.6827983856201172,2,2,6,0.16666666666666666
U1610,P01693,A1748,26-35,Female,Other,Engineering,3.0,PhD,541,15,Machine Learning,Text,0.1781,0.6187,0.6833,13.1,5.5,993,1,0.5869,1,0.5596097111701965,4,4,7,0.14285714285714285
U1610,P00153,A1583,26-35,Female,Other,Engineering,3.0,PhD,541,15,Finance,Text,0.1012,0.3906,0.8968,4.2,7.9,198,2,0.5286,1,0.48824581503868103,8,8,8,0.125
U1610,P03091,A1785,26-35,Female,Other,Engineering,3.0,PhD,541,15,Machine Learning,Job Opportunity,0.298,0.5963,0.6014,27.7,2.2,95,4,0.4483,1,0.42978760600090027,9,9,9,0.1111111111111111
U1610,P01472,A0790,26-35,Female,Other,Engineering,3.0,PhD,541,15,Career,Text,0.1115,0.5768,0.4865,9.4,1.3,453,4,0.3774,0,0.3632296323776245,10,10,10,0.1
U1610,P04535,A0453,26-35,Female,Other,Engineering,3.0,PhD,541,15,Software,Text,0.1203,0.397,0.514,11.0,7.7,165,2,0.3643,1,0.348075270652771,11,11,11,0.09090909090909091
U1610,P02955,A0788,26-35,Female,Other,Engineering,3.0,PhD,541,15,Data Science,Image,0.3776,0.238,0.6336,27.0,6.0,191,4,0.3151,0,0.30571097135543823,12,12,12,0.08333333333333333
U1610,P02718,A1057,26-35,Female,Other,Engineering,3.0,PhD,541,15,Marketing,Text,0.4176,0.5451,0.4314,93.9,12.2,321,2,0.3237,0,0.24154528975486755,13,13,13,0.07692307692307693
U1610,P00620,A0994,26-35,Female,Other,Engineering,3.0,PhD,541,15,Career,Text,0.163,0.3122,0.348,7.9,8.6,374,5,0.2097,0,0.18622368574142456,14,14,14,0.07142857142857142
U1612,P02254,A0282,36-45,Male,Chennai,Computer Science,3.1,Masters,186,18,Career,Image,0.5341,0.5101,0.4734,21.2,2.2,349,3,0.495,0,0.502153754234314,2,2,1,1.0
U1612,P00040,A1632,36-45,Male,Chennai,Computer Science,3.1,Masters,186,18,AI,Video,0.1672,0.8261,0.2359,49.4,4.9,37,3,0.3963,1,0.4579227566719055,3,3,2,0.5
U1612,P01964,A1506,36-45,Male,Chennai,Computer Science,3.1,Masters,186,18,Software,Article,0.3968,0.7117,0.8594,6.8,4.5,194,2,0.7565,1,0.7646868824958801,1,1,3,0.3333333333333333
U1612,P02417,A1070,36-45,Male,Chennai,Computer Science,3.1,Masters,186,18,Data Science,Video,0.3252,0.6121,0.4104,10.3,3.9,118,2,0.5161,1,0.44870778918266296,4,4,4,0.25
U1612,P01485,A0424,36-45,Male,Chennai,Computer Science,3.1,Masters,186,18,AI,Image,0.2695,0.4195,0.6118,30.3,1.9,238,2,0.4502,1,0.43372949957847595,5,5,5,0.2
U1613,P02104,A0880,36-45,Female,Hyderabad,Business,4.2,Bachelors,424,24,AI,Video,0.4674,0.733,0.9876,12.4,0.9,273,4,0.7893,0,0.7837140560150146,1,1,1,1.0
U1613,P00328,A0896,36-45,Female,Hyderabad,Business,4.2,Bachelors,424,24,Machine Learning,Text,0.3698,0.7045,0.6864,51.0,7.8,132,3,0.6143,1,0.6390052437782288,2,2,2,0.5
U1613,P03435,A0968,36-45,Female,Hyderabad,Business,4.2,Bachelors,424,24,Data Science,Text,0.3795,0.3709,0.6279,2.2,4.1,1622,3,0.5249,1,0.5570136904716492,3,3,3,0.3333333333333333
U1613,P02102,A1029,36-45,Female,Hyderabad,Business,4.2,Bachelors,424,24,Finance,Article,0.1464,0.6904,0.5134,16.9,10.9,239,3,0.5424,1,0.5407639741897583,4,4,4,0.25
U1613,P01173,A1160,36-45,Female,Hyderabad,Business,4.2,Bachelors,424,24,Data Science,Text,0.2227,0.8864,0.4189,36.8,4.9,909,5,0.5165,1,0.4681914150714874,5,5,5,0.2
U1614,P04547,A0458,26-35,Male,Bengaluru,Computer Science,1.8,Masters,104,18,Leadership,Article,0.1193,0.6314,0.5683,13.2,5.7,290,3,0.5049,1,0.47773781418800354,3,3,1,1.0
U1614,P02752,A1566,26-35,Male,Bengaluru,Computer Science,1.8,Masters,104,18,Career,Article,0.2836,0.6802,0.366,2.5,4.5,4058,4,0.4774,1,0.43816515803337097,4,4,2,0.5
U1614,P01367,A0421,26-35,Male,Bengaluru,Computer Science,1.8,Masters,104,18,Design,Article,0.3155,0.6623,0.3475,5.8,6.7,667,5,0.4307,0,0.4274451732635498,5,5,3,0.3333333333333333
U1614,P04579,A1855,26-35,Male,Bengaluru,Computer Science,1.8,Masters,104,18,Design,Video,0.5366,0.9065,0.8499,19.5,6.0,173,1,0.8478,1,0.7871397137641907,1,1,4,0.25
U1614,P00154,A1518,26-35,Male,Bengaluru,Computer Science,1.8,Masters,104,18,Leadership,Text,0.6484,0.6755,0.5746,37.3,6.5,138,1,0.683,1,0.7056925296783447,2,2,5,0.2
U1614,P00930,A0632,26-35,Male,Bengaluru,Computer Science,1.8,Masters,104,18,AI,Article,0.2378,0.4894,0.2807,8.7,2.9,652,4,0.3281,1,0.2706361413002014,6,6,6,0.16666666666666666
U1614,P02605,A0118,26-35,Male,Bengaluru,Computer Science,1.8,Masters,104,18,Finance,Article,0.3671,0.2618,0.1235,16.0,12.8,470,3,0.227,0,0.22832709550857544,7,7,7,0.14285714285714285
U1617,P01274,A0683,18-25,Male,Delhi,Data Science,2.4,Masters,82,21,Leadership,Article,0.4554,0.5493,0.8865,2.5,9.3,278,4,0.6846,1,0.6961963772773743,1,1,1,1.0
U1617,P04099,A0591,18-25,Male,Delhi,Data Science,2.4,Masters,82,21,Design,Video,0.4606,0.8867,0.3302,92.8,5.1,183,2,0.5119,0,0.672726035118103,2,2,2,0.5
U1617,P04211,A0208,18-25,Male,Delhi,Data Science,2.4,Masters,82,21,Leadership,Job Opportunity,0.3314,0.761,0.4404,6.1,4.6,635,4,0.5683,1,0.585803210735321,3,3,3,0.3333333333333333
U1617,P04364,A1504,18-25,Male,Delhi,Data Science,2.4,Masters,82,21,Marketing,Text,0.4298,0.4455,0.6051,8.0,3.7,37,4,0.5042,0,0.5739750266075134,4,4,4,0.25
U1617,P04549,A1129,18-25,Male,Delhi,Data Science,2.4,Masters,82,21,AI,Job Opportunity,0.1936,0.8233,0.473,30.1,1.8,477,2,0.5918,1,0.520680844783783,5,5,5,0.2
U1617,P03829,A0668,18-25,Male,Delhi,Data Science,2.4,Masters,82,21,Finance,Video,0.4088,0.1954,0.3628,29.9,2.9,259,1,0.331,1,0.25079068541526794,6,6,6,0.16666666666666666
U1629,P02061,A1487,18-25,Male,Mumbai,Business,14.0,Bachelors,408,24,Design,Article,0.536,0.6887,0.8654,23.1,2.2,78,2,0.8147,1,0.7520856261253357,1,1,1,1.0
U1629,P01103,A0664,18-25,Male,Mumbai,Business,14.0,Bachelors,408,24,Marketing,Video,0.366,0.5398,0.7633,23.1,9.3,1760,3,0.6665,1,0.6592677235603333,3,3,2,0.5
U1629,P00284,A0856,18-25,Male,Mumbai,Business,14.0,Bachelors,408,24,Finance,Video,0.8066,0.5028,0.666,35.2,8.4,114,3,0.6986,1,0.6435844302177429,4,4,3,0.3333333333333333
U1629,P01414,A1072,18-25,Male,Mumbai,Business,14.0,Bachelors,408,24,Marketing,Video,0.2878,0.6446,0.2665,14.4,3.4,364,3,0.5102,1,0.595683217048645,5,5,4,0.25
U1629,P04917,A0774,18-25,Male,Mumbai,Business,14.0,Bachelors,408,24,Data Science,Job Opportunity,0.3701,0.606,0.8018,11.6,7.3,2033,2,0.7534,1,0.7205117344856262,2,2,5,0.2
U1629,P02838,A1074,18-25,Male,Mumbai,Business,14.0,Bachelors,408,24,Design,Job Opportunity,0.4629,0.4141,0.6364,22.9,4.9,642,4,0.5507,0,0.5953818559646606,6,6,6,0.16666666666666666
U1629,P02297,A0809,18-25,Male,Mumbai,Business,14.0,Bachelors,408,24,Design,Article,0.5841,0.3292,0.4235,14.3,4.8,324,3,0.5009,1,0.46538254618644714,7,7,7,0.14285714285714285
U1629,P03100,A0380,18-25,Male,Mumbai,Business,14.0,Bachelors,408,24,Software,Article,0.2421,0.4093,0.2588,86.0,5.5,753,2,0.2817,0,0.3617255985736847,8,8,8,0.125
U1629,P01258,A1134,18-25,Male,Mumbai,Business,14.0,Bachelors,408,24,Finance,Text,0.6815,0.2566,0.431,18.7,4.5,298,1,0.5506,1,0.3611466586589813,9,9,9,0.1111111111111111
U1629,P01107,A1058,18-25,Male,Mumbai,Business,14.0,Bachelors,408,24,Software,Video,0.4089,0.5002,0.3483,17.8,5.8,1357,5,0.4347,0,0.3014378845691681,10,10,10,0.1
U1629,P04585,A0826,18-25,Male,Mumbai,Business,14.0,Bachelors,408,24,Leadership,Article,0.4204,0.3387,0.5053,89.1,5.6,430,5,0.2939,0,0.2775307893753052,11,11,11,0.09090909090909091
U1629,P04667,A0432,18-25,Male,Mumbai,Business,14.0,Bachelors,408,24,Software,Article,0.5339,0.2247,0.5336,59.4,3.7,75,4,0.3626,1,0.18932953476905823,12,12,12,0.08333333333333333
U1637,P03506,A1739,26-35,Male,Pune,Other,6.4,Bachelors,390,21,Finance,Image,0.4493,0.7247,0.6039,4.6,9.2,684,3,0.6924,0,0.7496107220649719,1,1,1,1.0
U1637,P00668,A1809,26-35,Male,Pune,Other,6.4,Bachelors,390,21,Finance,Text,0.7673,0.7361,0.3887,1.0,2.8,188,1,0.7515,1,0.7253356575965881,2,2,2,0.5
U1637,P04650,A0111,26-35,Male,Pune,Other,6.4,Bachelors,390,21,Career,Job Opportunity,0.3678,0.227,0.9065,22.6,8.8,84,3,0.5241,1,0.6228365302085876,5,5,3,0.3333333333333333
U1637,P04047,A1456,26-35,Male,Pune,Other,6.4,Bachelors,390,21,Machine Learning,Text,0.1695,0.6448,0.7986,3.0,10.9,213,2,0.6937,1,0.6648457646369934,3,3,4,0.25
U1637,P00760,A1449,26-35,Male,Pune,Other,6.4,Bachelors,390,21,Career,Text,0.3214,0.5663,0.7929,54.0,4.5,1173,2,0.601,1,0.6321108341217041,4,4,5,0.2
U1637,P02188,A1112,26-35,Male,Pune,Other,6.4,Bachelors,390,21,Leadership,Video,0.3182,0.6457,0.8887,114.7,3.6,707,4,0.4956,0,0.5064983367919922,6,6,6,0.16666666666666666
U1637,P01857,A1397,26-35,Male,Pune,Other,6.4,Bachelors,390,21,Data Science,Video,0.2963,0.4312,0.3711,31.7,4.2,483,4,0.3348,1,0.25941866636276245,7,7,7,0.14285714285714285
U1638,P01332,A1864,46-55,Female,Other,Business,14.1,Bachelors,86,19,Career,Video,0.2957,0.7586,0.685,23.0,11.0,764,3,0.6631,1,0.7161362171173096,1,1,1,1.0
U1638,P03866,A1901,46-55,Female,Other,Business,14.1,Bachelors,86,19,Machine Learning,Article,0.3296,0.3055,0.7008,18.0,0.1,786,4,0.4366,1,0.4855811297893524,3,3,2,0.5
U1638,P02832,A0927,46-55,Female,Other,Business,14.1,Bachelors,86,19,AI,Text,0.1914,0.5815,0.5324,9.7,1.4,443,4,0.4813,1,0.47342392802238464,4,4,3,0.3333333333333333
U1638,P01427,A0827,46-55,Female,Other,Business,14.1,Bachelors,86,19,AI,Article,0.2972,0.6,0.8496,6.7,7.8,140,1,0.7372,0,0.7112511396408081,2,2,4,0.25
U1638,P04088,A1546,46-55,Female,Other,Business,14.1,Bachelors,86,19,Finance,Text,0.1524,0.6363,0.4126,24.3,1.4,90,2,0.4828,0,0.4581207036972046,5,5,5,0.2
U1638,P03848,A1912,46-55,Female,Other,Business,14.1,Bachelors,86,19,Machine Learning,Article,0.3829,0.2306,0.4912,42.1,8.1,228,3,0.3175,1,0.38117027282714844,6,6,6,0.16666666666666666
U1638,P02971,A1191,46-55,Female,Other,Business,14.1,Bachelors,86,19,Design,Image,0.2054,0.1495,0.596,9.5,3.5,79,4,0.3071,0,0.29772189259529114,7,7,7,0.14285714285714285
U1644,P04364,A1815,18-25,Male,Chennai,Other,5.0,Bachelors,134,18,Marketing,Text,0.4298,0.7867,0.549,8.0,3.7,37,5,0.6034,0,0.6273289322853088,2,2,1,1.0
U1644,P01185,A0337,18-25,Male,Chennai,Other,5.0,Bachelors,134,18,Software,Video,0.4745,0.418,0.7733,31.9,4.9,396,3,0.5452,0,0.5994951725006104,4,4,2,0.5
U1644,P00043,A1708,18-25,Male,Chennai,Other,5.0,Bachelors,134,18,Career,Article,0.4213,0.8725,0.1463,29.0,13.5,607,1,0.562,1,0.59166020154953,5,5,3,0.3333333333333333
U1644,P02108,A1127,18-25,Male,Chennai,Other,5.0,Bachelors,134,18,AI,Text,0.1634,0.8082,0.6803,8.5,3.1,290,4,0.6268,0,0.5398929715156555,6,6,4,0.25
U1644,P04804,A0541,18-25,Male,Chennai,Other,5.0,Bachelors,134,18,Marketing,Image,0.2875,0.6863,0.6152,7.4,4.7,308,1,0.6681,1,0.673285186290741,1,1,5,0.2
U1644,P04275,A1009,18-25,Male,Chennai,Other,5.0,Bachelors,134,18,AI,Video,0.1896,0.7017,0.5976,36.9,17.5,222,2,0.5564,1,0.601059079170227,3,3,6,0.16666666666666666
U1644,P03388,A0604,18-25,Male,Chennai,Other,5.0,Bachelors,134,18,AI,Video,0.3697,0.4238,0.5221,27.5,11.1,252,3,0.4221,0,0.4575948119163513,7,7,7,0.14285714285714285
U1644,P04612,A1535,18-25,Male,Chennai,Other,5.0,Bachelors,134,18,Marketing,Video,0.2277,0.1884,0.4361,10.1,1.3,406,3,0.2793,0,0.31823188066482544,8,8,8,0.125
U1644,P01950,A0139,18-25,Male,Chennai,Other,5.0,Bachelors,134,18,Data Science,Text,0.1372,0.5493,0.3323,12.5,10.0,851,4,0.3426,0,0.28536272048950195,9,9,9,0.1111111111111111
U1647,P01034,A1939,26-35,Female,Mumbai,Marketing,4.4,Diploma,85,15,Career,Article,0.329,0.4526,0.9463,11.7,8.3,583,4,0.5844,0,0.5368268489837646,4,4,1,1.0
U1647,P04312,A1141,26-35,Female,Mumbai,Marketing,4.4,Diploma,85,15,Marketing,Article,0.335,0.4397,0.685,18.4,2.1,64,2,0.5209,0,0.48444437980651855,5,5,2,0.5
U1647,P01630,A1127,26-35,Female,Mumbai,Marketing,4.4,Diploma,85,15,Finance,Video,0.506,0.5025,0.6756,15.6,9.1,99,3,0.568,0,0.48215654492378235,6,6,3,0.3333333333333333
U1647,P01580,A0554,26-35,Female,Mumbai,Marketing,4.4,Diploma,85,15,Career,Article,0.234,0.6379,0.3977,3.3,3.9,371,4,0.4357,0,0.4121202230453491,7,7,4,0.25
U1647,P01603,A0206,26-35,Female,Mumbai,Marketing,4.4,Diploma,85,15,Leadership,Image,0.5186,0.851,0.7067,4.6,5.0,97,2,0.7783,0,0.7615559697151184,1,1,5,0.2
U1647,P01932,A0670,26-35,Female,Mumbai,Marketing,4.4,Diploma,85,15,Data Science,Text,0.4288,0.4454,0.9963,24.5,8.7,269,1,0.6918,1,0.6832172274589539,2,2,6,0.16666666666666666
U1647,P01985,A0079,26-35,Female,Mumbai,Marketing,4.4,Diploma,85,15,Career,Job Opportunity,0.1324,0.5708,0.7355,1.2,6.5,216,2,0.5858,1,0.5701038241386414,3,3,7,0.14285714285714285
U1647,P01116,A1402,26-35,Female,Mumbai,Marketing,4.4,Diploma,85,15,Design,Text,0.6021,0.2219,0.8227,96.9,2.0,904,2,0.3889,0,0.27834898233413696,8,8,8,0.125
U1654,P00638,A1280,18-25,Male,Mumbai,Computer Science,1.7,Bachelors,261,14,Marketing,Text,0.1901,0.7342,0.7126,17.2,6.7,720,3,0.601,1,0.6735810041427612,1,1,1,1.0
U1654,P02127,A1637,18-25,Male,Mumbai,Computer Science,1.7,Bachelors,261,14,Software,Video,0.4154,0.5616,0.7939,36.8,11.1,399,3,0.5729,1,0.6172199249267578,4,4,2,0.5
U1654,P01273,A1909,18-25,Male,Mumbai,Computer Science,1.7,Bachelors,261,14,AI,Video,0.1864,0.2804,0.9241,7.8,1.3,931,5,0.4189,0,0.49416837096214294,5,5,3,0.3333333333333333
U1654,P03048,A0920,18-25,Male,Mumbai,Computer Science,1.7,Bachelors,261,14,Software,Text,0.2138,0.5848,0.6375,13.7,6.8,225,3,0.5093,1,0.48044124245643616,6,6,4,0.25
U1654,P04110,A1586,18-25,Male,Mumbai,Computer Science,1.7,Bachelors,261,14,Software,Text,0.2966,0.8362,0.4732,8.4,5.3,289,2,0.6281,1,0.652101457118988,2,2,5,0.2
U1654,P02550,A1079,18-25,Male,Mumbai,Computer Science,1.7,Bachelors,261,14,Career,Image,0.2842,0.4605,0.7927,6.5,5.4,540,2,0.5787,1,0.6520721316337585,3,3,6,0.16666666666666666
U1654,P00707,A1709,18-25,Male,Mumbai,Computer Science,1.7,Bachelors,261,14,Design,Article,0.1488,0.6192,0.4882,71.8,4.8,876,2,0.3649,0,0.3540211617946625,7,7,7,0.14285714285714285
U1654,P04377,A0134,18-25,Male,Mumbai,Computer Science,1.7,Bachelors,261,14,Software,Job Opportunity,0.1135,0.3828,0.353,7.4,9.0,331,3,0.2869,0,0.32072383165359497,8,8,8,0.125
U1654,P02650,A0704,18-25,Male,Mumbai,Computer Science,1.7,Bachelors,261,14,Data Science,Text,0.3959,0.3327,0.5157,51.5,9.2,264,2,0.3439,0,0.3061809241771698,9,9,9,0.1111111111111111
U1658,P04317,A1816,46-55,Male,Kolkata,Engineering,4.8,Diploma,400,19,AI,Job Opportunity,0.3149,0.891,0.6299,19.3,1.1,209,3,0.694,1,0.6829023361206055,2,2,1,1.0
U1658,P04651,A0557,46-55,Male,Kolkata,Engineering,4.8,Diploma,400,19,Data Science,Job Opportunity,0.6154,0.5858,0.8122,17.8,8.0,497,3,0.7028,1,0.6009343862533569,5,5,2,0.5
U1658,P03126,A1954,46-55,Male,Kolkata,Engineering,4.8,Diploma,400,19,AI,Text,0.1495,0.5202,0.8051,33.5,12.8,440,3,0.5199,1,0.459829717874527,8,8,3,0.3333333333333333
U1658,P04130,A1575,46-55,Male,Kolkata,Engineering,4.8,Diploma,400,19,AI,Article,0.3087,0.4202,0.4144,2.0,5.6,287,2,0.4434,0,0.3212345838546753,9,9,4,0.25
U1658,P00891,A1293,46-55,Male,Kolkata,Engineering,4.8,Diploma,400,19,Software,Text,0.4816,0.7604,0.8439,25.3,6.1,634,2,0.7662,1,0.7669946551322937,1,1,5,0.2
U1658,P01687,A0446,46-55,Male,Kolkata,Engineering,4.8,Diploma,400,19,Design,Article,0.3713,0.7798,0.6087,47.9,19.3,204,2,0.628,0,0.6712571978569031,3,3,6,0.16666666666666666
U1658,P01630,A1199,46-55,Male,Kolkata,Engineering,4.8,Diploma,400,19,Finance,Video,0.506,0.5376,0.5063,15.6,9.1,99,1,0.5991,1,0.6366637945175171,4,4,7,0.14285714285714285
U1658,P03100,A0825,46-55,Male,Kolkata,Engineering,4.8,Diploma,400,19,Software,Article,0.2421,0.6458,0.8337,86.0,5.5,753,2,0.5477,0,0.5772289633750916,6,6,8,0.125
U1658,P00924,A0982,46-55,Male,Kolkata,Engineering,4.8,Diploma,400,19,Marketing,Text,0.3724,0.6084,0.7803,61.0,5.5,357,1,0.6222,1,0.5278083682060242,7,7,9,0.1111111111111111
U1658,P03955,A1779,46-55,Male,Kolkata,Engineering,4.8,Diploma,400,19,Leadership,Video,0.3528,0.3195,0.3834,26.1,2.9,669,4,0.2919,1,0.2630305886268616,10,10,10,0.1
U1661,P00957,A1696,18-25,Female,Bengaluru,Computer Science,4.3,Bachelors,73,25,Leadership,Text,0.2074,0.882,0.4043,5.3,8.1,218,2,0.6712,0,0.6559208035469055,1,1,1,1.0
U1661,P01038,A1875,18-25,Female,Bengaluru,Computer Science,4.3,Bachelors,73,25,Career,Article,0.6001,0.206,0.7673,1.0,6.4,185,4,0.5462,0,0.5689172148704529,3,3,2,0.5
U1661,P03515,A1833,18-25,Female,Bengaluru,Computer Science,4.3,Bachelors,73,25,Machine Learning,Video,0.1721,0.4823,0.7785,14.0,11.2,453,3,0.5774,1,0.5582904815673828,4,4,3,0.3333333333333333
U1661,P03077,A0370,18-25,Female,Bengaluru,Computer Science,4.3,Bachelors,73,25,Leadership,Video,0.3122,0.5072,0.7347,25.2,6.2,194,3,0.5871,1,0.5296614170074463,5,5,4,0.25
U1661,P02959,A1078,18-25,Female,Bengaluru,Computer Science,4.3,Bachelors,73,25,Career,Image,0.3711,0.5741,0.5703,33.8,7.0,237,1,0.6135,1,0.6186800003051758,2,2,5,0.2
U1661,P02908,A0154,18-25,Female,Bengaluru,Computer Science,4.3,Bachelors,73,25,Finance,Article,0.254,0.425,0.7595,45.9,6.8,218,2,0.5325,0,0.5168037414550781,6,6,6,0.16666666666666666
U1661,P04464,A1862,18-25,Female,Bengaluru,Computer Science,4.3,Bachelors,73,25,Marketing,Video,0.1991,0.3215,0.4783,41.8,10.6,354,2,0.3583,0,0.41256117820739746,7,7,7,0.14285714285714285
U1661,P03410,A0653,18-25,Female,Bengaluru,Computer Science,4.3,Bachelors,73,25,Software,Job Opportunity,0.2035,0.8606,0.1034,14.9,7.5,139,3,0.4871,0,0.39774683117866516,8,8,8,0.125
U1661,P00115,A1592,18-25,Female,Bengaluru,Computer Science,4.3,Bachelors,73,25,Machine Learning,Text,0.2011,0.5389,0.6329,64.3,2.2,121,3,0.452,1,0.3431161642074585,9,9,9,0.1111111111111111
U1681,P04858,A1469,36-45,Female,Other,Marketing,2.6,Bachelors,588,22,Leadership,Text,0.2797,0.6699,0.5283,34.8,8.3,647,3,0.5097,0,0.6364681124687195,1,1,1,1.0
U1681,P03052,A1175,36-45,Female,Other,Marketing,2.6,Bachelors,588,22,AI,Article,0.403,0.6422,0.6291,71.9,7.5,119,5,0.4338,0,0.5533440709114075,3,3,2,0.5
U1681,P03461,A1559,36-45,Female,Other,Marketing,2.6,Bachelors,588,22,Career,Text,0.1266,0.6071,0.6997,5.7,5.1,129,5,0.5022,1,0.49475857615470886,4,4,3,0.3333333333333333
U1681,P01057,A1373,36-45,Female,Other,Marketing,2.6,Bachelors,588,22,AI,Image,0.0614,0.4947,0.6369,8.1,4.7,914,3,0.4617,0,0.4839768409729004,5,5,4,0.25
U1681,P03013,A0004,36-45,Female,Other,Marketing,2.6,Bachelors,588,22,Finance,Article,0.5742,0.7014,0.6698,87.8,12.0,284,2,0.592,0,0.6124738454818726,2,2,5,0.2
U1681,P02913,A0347,36-45,Female,Other,Marketing,2.6,Bachelors,588,22,Software,Text,0.3726,0.5498,0.3448,18.0,1.7,615,2,0.4634,0,0.41821253299713135,6,6,6,0.16666666666666666
U1681,P04160,A0190,36-45,Female,Other,Marketing,2.6,Bachelors,588,22,Finance,Text,0.5755,0.1639,0.4107,21.8,14.5,392,5,0.2682,0,0.3946266770362854,7,7,7,0.14285714285714285
U1681,P01675,A1768,36-45,Female,Other,Marketing,2.6,Bachelors,588,22,Leadership,Text,0.1693,0.6507,0.2732,77.8,8.2,1616,1,0.3455,1,0.35173124074935913,8,8,8,0.125
U1681,P04234,A0677,36-45,Female,Other,Marketing,2.6,Bachelors,588,22,Leadership,Article,0.1432,0.5082,0.3734,50.2,3.0,331,2,0.3338,0,0.3286685049533844,9,9,9,0.1111111111111111
U1681,P00748,A0788,36-45,Female,Other,Marketing,2.6,Bachelors,588,22,Design,Article,0.1036,0.4164,0.6458,89.8,3.0,827,3,0.2886,1,0.3009764850139618,10,10,10,0.1
U1681,P03329,A1626,36-45,Female,Other,Marketing,2.6,Bachelors,588,22,Career,Article,0.3165,0.1864,0.2573,12.8,7.4,813,3,0.2364,1,0.2904384732246399,11,11,11,0.09090909090909091
U1681,P04718,A1484,36-45,Female,Other,Marketing,2.6,Bachelors,588,22,Design,Video,0.1045,0.4585,0.5697,90.4,9.2,166,3,0.2787,0,0.2330118715763092,12,12,12,0.08333333333333333
U1684,P02216,A0576,26-35,Female,Ahmedabad,Business,5.4,Diploma,68,15,Leadership,Article,0.0931,0.9035,0.7445,13.0,7.9,1083,3,0.6691,1,0.6525712609291077,1,1,1,1.0
U1684,P02739,A0925,26-35,Female,Ahmedabad,Business,5.4,Diploma,68,15,Finance,Job Opportunity,0.6323,0.5298,0.8786,13.7,3.9,149,2,0.7114,0,0.589948832988739,3,3,2,0.5
U1684,P03940,A1069,26-35,Female,Ahmedabad,Business,5.4,Diploma,68,15,Software,Text,0.459,0.2058,0.4818,29.6,2.0,223,1,0.3525,0,0.28856030106544495,6,6,3,0.3333333333333333
U1684,P02332,A1884,26-35,Female,Ahmedabad,Business,5.4,Diploma,68,15,Leadership,Image,0.6677,0.1981,0.4268,27.5,3.5,265,4,0.2972,0,0.1907910406589508,7,7,4,0.25
U1684,P02557,A0796,26-35,Female,Ahmedabad,Business,5.4,Diploma,68,15,Data Science,Text,0.2986,0.7189,0.6711,40.4,9.7,611,2,0.5859,1,0.6522396206855774,2,2,5,0.2
U1684,P00479,A0581,26-35,Female,Ahmedabad,Business,5.4,Diploma,68,15,Career,Article,0.3916,0.3876,0.7235,13.2,8.1,509,2,0.5233,0,0.4649195671081543,4,4,6,0.16666666666666666
U1684,P03644,A0320,26-35,Female,Ahmedabad,Business,5.4,Diploma,68,15,Leadership,Text,0.1367,0.5042,0.6321,6.3,11.5,44,2,0.4865,1,0.4354188144207001,5,5,7,0.14285714285714285
U1684,P02410,A0500,26-35,Female,Ahmedabad,Business,5.4,Diploma,68,15,Marketing,Article,0.6223,0.406,0.3363,102.6,0.8,937,5,0.2011,0,0.18198226392269135,8,8,8,0.125
U1684,P04057,A1381,26-35,Female,Ahmedabad,Business,5.4,Diploma,68,15,Machine Learning,Article,0.1576,0.1094,0.4355,53.6,1.1,3814,4,0.1427,0,0.09840279817581177,9,9,9,0.1111111111111111
U1686,P01571,A0176,18-25,Male,Ahmedabad,Marketing,3.4,Bachelors,828,19,Design,Image,0.2929,0.6368,0.3815,7.8,10.5,418,1,0.5493,1,0.6341920495033264,1,1,1,1.0
U1686,P01178,A0464,18-25,Male,Ahmedabad,Marketing,3.4,Bachelors,828,19,Machine Learning,Image,0.1462,0.7383,0.7359,25.4,10.5,431,3,0.6085,1,0.5934463739395142,3,3,2,0.5
U1686,P02433,A1548,18-25,Male,Ahmedabad,Marketing,3.4,Bachelors,828,19,Machine Learning,Video,0.2677,0.8061,0.6279,18.9,6.5,389,4,0.6103,0,0.5161150693893433,5,5,3,0.3333333333333333
U1686,P00812,A0983,18-25,Male,Ahmedabad,Marketing,3.4,Bachelors,828,19,Finance,Article,0.126,0.6862,0.687,69.3,17.4,808,5,0.4062,0,0.4182892143726349,6,6,4,0.25
U1686,P02714,A1953,18-25,Male,Ahmedabad,Marketing,3.4,Bachelors,828,19,AI,Text,0.4266,0.6545,0.6181,47.1,8.4,333,1,0.6149,1,0.6227008104324341,2,2,5,0.2
U1686,P01925,A0069,18-25,Male,Ahmedabad,Marketing,3.4,Bachelors,828,19,Leadership,Text,0.1846,0.5455,0.7869,5.2,4.2,685,2,0.6168,1,0.5914773344993591,4,4,6,0.16666666666666666
U1686,P04992,A1785,18-25,Male,Ahmedabad,Marketing,3.4,Bachelors,828,19,Leadership,Text,0.2074,0.3714,0.4975,19.0,2.0,119,1,0.4208,1,0.4039865732192993,7,7,7,0.14285714285714285
U1686,P03329,A0916,18-25,Male,Ahmedabad,Marketing,3.4,Bachelors,828,19,Career,Article,0.3165,0.1773,0.4502,12.8,7.4,813,2,0.3212,0,0.3905723989009857,8,8,8,0.125
U1686,P02676,A1218,18-25,Male,Ahmedabad,Marketing,3.4,Bachelors,828,19,Software,Text,0.1738,0.3496,0.6248,5.4,3.0,347,3,0.4171,0,0.38412046432495117,9,9,9,0.1111111111111111
U1687,P03319,A1009,26-35,Male,Pune,HR,6.8,Masters,413,21,Finance,Text,0.0825,0.6721,0.8365,32.0,8.7,428,4,0.5879,1,0.6777769327163696,4,4,1,1.0
U1687,P03974,A1796,26-35,Male,Pune,HR,6.8,Masters,413,21,Finance,Text,0.3573,0.7416,0.5934,47.7,4.8,267,3,0.5958,1,0.6693310737609863,5,5,2,0.5
U1687,P04168,A1705,26-35,Male,Pune,HR,6.8,Masters,413,21,AI,Article,0.414,0.6947,0.7434,23.7,3.8,171,5,0.6326,1,0.6421056389808655,6,6,3,0.3333333333333333
U1687,P04499,A0725,26-35,Male,Pune,HR,6.8,Masters,413,21,Finance,Text,0.5152,0.6158,0.8608,50.0,7.0,230,3,0.6783,1,0.619270384311676,7,7,4,0.25
U1687,P02934,A1898,26-35,Male,Pune,HR,6.8,Masters,413,21,Design,Article,0.6203,0.7252,0.7952,6.9,9.2,178,1,0.8283,1,0.8157389163970947,1,1,5,0.2
U1687,P01269,A1590,26-35,Male,Pune,HR,6.8,Masters,413,21,Career,Job Opportunity,0.3525,0.7441,0.8311,3.4,8.0,450,2,0.7818,1,0.7731752395629883,2,2,6,0.16666666666666666
U1687,P02745,A1608,26-35,Male,Pune,HR,6.8,Masters,413,21,Design,Job Opportunity,0.496,0.9367,0.4986,28.9,5.6,287,2,0.7407,0,0.7605323791503906,3,3,7,0.14285714285714285
U1687,P04842,A1895,26-35,Male,Pune,HR,6.8,Masters,413,21,AI,Video,0.2841,0.6387,0.7662,61.7,4.8,265,2,0.6019,0,0.6030387282371521,8,8,8,0.125
U1687,P04168,A0367,26-35,Male,Pune,HR,6.8,Masters,413,21,AI,Article,0.414,0.3367,0.9466,23.7,3.8,171,4,0.5751,0,0.5996336340904236,9,9,9,0.1111111111111111
U1687,P00094,A1652,26-35,Male,Pune,HR,6.8,Masters,413,21,Machine Learning,Image,0.4671,0.6757,0.3211,40.4,6.6,543,3,0.4931,0,0.5545511841773987,10,10,10,0.1
U1688,P00480,A0310,26-35,Male,Chennai,Business,7.8,Masters,336,21,Leadership,Text,0.6097,0.7074,0.7599,4.5,3.5,322,4,0.75,1,0.6976073980331421,1,1,1,1.0
U1688,P03890,A0698,26-35,Male,Chennai,Business,7.8,Masters,336,21,Data Science,Video,0.6116,0.6443,0.7034,14.3,1.7,364,5,0.6615,1,0.6890649199485779,2,2,2,0.5
U1688,P03752,A0592,26-35,Male,Chennai,Business,7.8,Masters,336,21,Data Science,Job Opportunity,0.3846,0.7669,0.7601,34.4,2.4,931,3,0.7029,1,0.654189944267273,3,3,3,0.3333333333333333
U1688,P03478,A0500,26-35,Male,Chennai,Business,7.8,Masters,336,21,Design,Job Opportunity,0.5275,0.7039,0.4451,25.4,7.0,235,3,0.6055,1,0.6331321001052856,4,4,4,0.25
U1688,P04647,A1548,26-35,Male,Chennai,Business,7.8,Masters,336,21,Software,Job Opportunity,0.3107,0.8253,0.4524,6.0,2.7,126,4,0.6155,0,0.6183122992515564,5,5,5,0.2
U1688,P04483,A0994,26-35,Male,Chennai,Business,7.8,Masters,336,21,Finance,Text,0.223,0.6627,0.5663,31.4,9.9,223,4,0.5098,0,0.6127834320068359,6,6,6,0.16666666666666666
U1688,P04313,A0349,26-35,Male,Chennai,Business,7.8,Masters,336,21,Finance,Job Opportunity,0.3683,0.6261,0.3885,33.3,2.4,211,1,0.5495,1,0.5926616191864014,7,7,7,0.14285714285714285
U1688,P02523,A1188,26-35,Male,Chennai,Business,7.8,Masters,336,21,Machine Learning,Image,0.3158,0.4821,0.5239,11.2,7.0,173,2,0.5324,0,0.530687689781189,8,8,8,0.125
U1688,P03848,A1542,26-35,Male,Chennai,Business,7.8,Masters,336,21,Machine Learning,Article,0.3829,0.5653,0.3088,42.1,8.1,228,3,0.4078,0,0.4543294310569763,9,9,9,0.1111111111111111
U1688,P03522,A0007,26-35,Male,Chennai,Business,7.8,Masters,336,21,Machine Learning,Job Opportunity,0.2991,0.5215,0.3332,8.9,4.4,162,3,0.4389,0,0.4023076891899109,10,10,10,0.1
U1688,P01595,A0203,26-35,Male,Chennai,Business,7.8,Masters,336,21,Leadership,Video,0.4287,0.6066,0.1426,12.1,4.6,1341,1,0.4944,0,0.36210113763809204,11,11,11,0.09090909090909091
U1688,P02650,A1455,26-35,Male,Chennai,Business,7.8,Masters,336,21,Data Science,Text,0.3959,0.1871,0.558,51.5,9.2,264,1,0.376,0,0.3108876049518585,12,12,12,0.08333333333333333
U1689,P04514,A1484,26-35,Female,Bengaluru,Marketing,2.5,Bachelors,111,19,Data Science,Video,0.2238,0.745,0.8496,32.5,15.2,416,3,0.6663,1,0.7393184900283813,2,2,1,1.0
U1689,P00942,A1328,26-35,Female,Bengaluru,Marketing,2.5,Bachelors,111,19,Machine Learning,Text,0.4401,0.5324,0.8564,16.8,2.0,123,3,0.655,0,0.6491965651512146,3,3,2,0.5
U1689,P01331,A0720,26-35,Female,Bengaluru,Marketing,2.5,Bachelors,111,19,Machine Learning,Video,0.1751,0.8219,0.7303,8.0,2.9,448,3,0.6867,1,0.6337413787841797,4,4,3,0.3333333333333333
U1689,P03154,A0290,26-35,Female,Bengaluru,Marketing,2.5,Bachelors,111,19,Software,Video,0.557,0.6207,0.4525,28.6,3.5,521,2,0.5733,0,0.5902868509292603,5,5,4,0.25
U1689,P03772,A0735,26-35,Female,Bengaluru,Marketing,2.5,Bachelors,111,19,Design,Video,0.2858,0.8759,0.9826,15.3,4.6,353,1,0.8382,1,0.7551649808883667,1,1,5,0.2
U1689,P00252,A1608,26-35,Female,Bengaluru,Marketing,2.5,Bachelors,111,19,Data Science,Text,0.7673,0.5676,0.3663,35.2,2.8,307,2,0.5551,0,0.5628190636634827,6,6,6,0.16666666666666666
U1689,P02704,A0732,26-35,Female,Bengaluru,Marketing,2.5,Bachelors,111,19,Machine Learning,Article,0.1249,0.8384,0.4768,29.1,3.5,101,2,0.5727,1,0.4593013525009155,7,7,7,0.14285714285714285
U1689,P02540,A1627,26-35,Female,Bengaluru,Marketing,2.5,Bachelors,111,19,AI,Text,0.4357,0.5935,0.3811,42.1,3.9,506,4,0.4057,0,0.4454118609428406,8,8,8,0.125
U1689,P03704,A0724,26-35,Female,Bengaluru,Marketing,2.5,Bachelors,111,19,Leadership,Job Opportunity,0.2512,0.5172,0.5404,63.5,11.7,151,4,0.3458,1,0.33385735750198364,9,9,9,0.1111111111111111
U1689,P00217,A1959,26-35,Female,Bengaluru,Marketing,2.5,Bachelors,111,19,Data Science,Article,0.075,0.7669,0.4771,65.2,3.1,79,4,0.3886,1,0.31066441535949707,10,10,10,0.1
U1689,P04156,A0762,26-35,Female,Bengaluru,Marketing,2.5,Bachelors,111,19,Data Science,Image,0.0659,0.2876,0.8931,34.7,6.3,496,3,0.4156,0,0.29203522205352783,11,11,11,0.09090909090909091
U1689,P03999,A0720,26-35,Female,Bengaluru,Marketing,2.5,Bachelors,111,19,Marketing,Video,0.3355,0.3947,0.3127,76.2,1.2,406,4,0.2178,0,0.22150687873363495,12,12,12,0.08333333333333333
U1700,P01875,A1302,36-45,Female,Hyderabad,Business,2.3,Bachelors,500,14,Finance,Job Opportunity,0.1211,0.6626,0.7565,74.6,4.5,266,3,0.4408,1,0.6627002358436584,1,1,1,1.0
U1700,P03226,A1916,36-45,Female,Hyderabad,Business,2.3,Bachelors,500,14,Finance,Text,0.0941,0.918,0.5083,49.9,0.7,231,3,0.5047,0,0.609761118888855,4,4,2,0.5
U1700,P04381,A0726,36-45,Female,Hyderabad,Business,2.3,Bachelors,500,14,Leadership,Text,0.5262,0.6898,0.3698,44.3,1.7,920,2,0.4943,0,0.47346827387809753,6,6,3,0.3333333333333333
U1700,P02130,A1198,36-45,Female,Hyderabad,Business,2.3,Bachelors,500,14,Leadership,Text,0.0375,0.7018,0.5756,0.8,4.6,578,2,0.5403,1,0.661146879196167,2,2,4,0.25
U1700,P01073,A0180,36-45,Female,Hyderabad,Business,2.3,Bachelors,500,14,Marketing,Job Opportunity,0.5669,0.7371,0.5099,45.3,5.6,258,2,0.5858,0,0.6386708617210388,3,3,5,0.2
U1700,P04110,A0396,36-45,Female,Hyderabad,Business,2.3,Bachelors,500,14,Software,Text,0.2966,0.4918,0.6083,8.4,5.3,289,2,0.5053,1,0.5341058373451233,5,5,6,0.16666666666666666
U1700,P02210,A1862,36-45,Female,Hyderabad,Business,2.3,Bachelors,500,14,Design,Video,0.2086,0.3539,0.6578,74.3,8.0,62,2,0.3112,1,0.26165771484375,7,7,7,0.14285714285714285
U1712,P02752,A1028,26-35,Male,Kolkata,Finance,7.1,Masters,428,17,Career,Article,0.2836,0.8338,0.82,2.5,4.5,4058,3,0.7527,1,0.7714967131614685,1,1,1,1.0
U1712,P03722,A0868,26-35,Male,Kolkata,Finance,7.1,Masters,428,17,Career,Video,0.2837,0.8225,0.4289,52.2,8.6,429,1,0.5715,0,0.6561533212661743,6,6,2,0.5
U1712,P03079,A0607,26-35,Male,Kolkata,Finance,7.1,Masters,428,17,Career,Video,0.2153,0.6636,0.8022,88.3,4.5,263,3,0.4952,0,0.6442034244537354,7,7,3,0.3333333333333333
U1712,P04340,A1131,26-35,Male,Kolkata,Finance,7.1,Masters,428,17,AI,Article,0.2162,0.7678,0.5842,3.4,3.4,209,4,0.5911,1,0.5957435965538025,8,8,4,0.25
U1712,P04036,A1566,26-35,Male,Kolkata,Finance,7.1,Masters,428,17,Leadership,Video,0.2227,0.7393,0.8402,9.6,6.4,270,2,0.724,1,0.743630051612854,2,2,5,0.2
U1712,P02911,A1277,26-35,Male,Kolkata,Finance,7.1,Masters,428,17,Design,Article,0.2562,0.8355,0.7467,89.8,4.5,179,1,0.6279,0,0.7247201800346375,3,3,6,0.16666666666666666
U1712,P04428,A1716,26-35,Male,Kolkata,Finance,7.1,Masters,428,17,Design,Article,0.3007,0.642,0.7265,33.0,5.7,193,2,0.6166,1,0.6991269588470459,4,4,7,0.14285714285714285
U1712,P00850,A1259,26-35,Male,Kolkata,Finance,7.1,Masters,428,17,Career,Video,0.2846,0.6083,0.5846,19.2,7.3,190,1,0.5961,1,0.6990039944648743,5,5,8,0.125
U1712,P01870,A0917,26-35,Male,Kolkata,Finance,7.1,Masters,428,17,Machine Learning,Image,0.1271,0.7463,0.4989,3.2,12.7,215,4,0.5211,1,0.5262550711631775,9,9,9,0.1111111111111111
U1712,P02462,A1230,26-35,Male,Kolkata,Finance,7.1,Masters,428,17,Machine Learning,Text,0.4642,0.2338,0.6956,60.3,7.0,345,2,0.3936,0,0.39484041929244995,10,10,10,0.1
U1712,P04611,A1159,26-35,Male,Kolkata,Finance,7.1,Masters,428,17,Finance,Article,0.1259,0.4111,0.4551,55.0,4.9,190,1,0.3349,1,0.38585832715034485,11,11,11,0.09090909090909091
U1712,P02438,A0196,26-35,Male,Kolkata,Finance,7.1,Masters,428,17,Machine Learning,Article,0.8016,0.8078,0.3712,171.9,3.1,2037,1,0.4434,1,0.3489381968975067,12,12,12,0.08333333333333333
U1712,P01831,A0423,26-35,Male,Kolkata,Finance,7.1,Masters,428,17,Leadership,Text,0.4178,0.4663,0.3779,166.2,2.3,1088,4,0.159,0,0.1555335819721222,13,13,13,0.07692307692307693
U1713,P04702,A1990,56+,Female,Bengaluru,Marketing,2.4,Masters,230,24,Machine Learning,Text,0.4225,0.793,0.2973,3.8,8.4,98,2,0.635,0,0.7154688835144043,3,3,1,1.0
U1713,P01604,A0307,56+,Female,Bengaluru,Marketing,2.4,Masters,230,24,Software,Video,0.2593,0.7195,0.7472,41.3,1.7,325,3,0.6369,1,0.7142843008041382,4,4,2,0.5
U1713,P03875,A0563,56+,Female,Bengaluru,Marketing,2.4,Masters,230,24,Career,Video,0.6761,0.6355,0.6907,29.9,2.0,115,2,0.7266,1,0.6506359577178955,6,6,3,0.3333333333333333
U1713,P01741,A0158,56+,Female,Bengaluru,Marketing,2.4,Masters,230,24,Marketing,Video,0.4649,0.3251,0.4829,14.0,4.1,304,3,0.4424,1,0.47028177976608276,7,7,4,0.25
U1713,P00633,A1869,56+,Female,Bengaluru,Marketing,2.4,Masters,230,24,Marketing,Article,0.2806,0.6848,0.7426,15.8,8.8,138,1,0.7256,0,0.8062402606010437,1,1,5,0.2
U1713,P02503,A0587,56+,Female,Bengaluru,Marketing,2.4,Masters,230,24,Career,Article,0.741,0.7771,0.5164,21.8,7.5,456,2,0.7504,1,0.760191798210144,2,2,6,0.16666666666666666
U1713,P03841,A1173,56+,Female,Bengaluru,Marketing,2.4,Masters,230,24,Marketing,Article,0.2748,0.5667,0.7017,12.4,7.0,406,1,0.6654,1,0.6846864819526672,5,5,7,0.14285714285714285
U1713,P03695,A0992,56+,Female,Bengaluru,Marketing,2.4,Masters,230,24,Leadership,Image,0.4628,0.5028,0.308,36.0,4.5,1221,2,0.4448,0,0.4474884271621704,8,8,8,0.125
U1713,P03583,A1528,56+,Female,Bengaluru,Marketing,2.4,Masters,230,24,Finance,Article,0.2604,0.5524,0.4582,77.2,5.0,332,2,0.3966,0,0.44264230132102966,9,9,9,0.1111111111111111
U1713,P04809,A0862,56+,Female,Bengaluru,Marketing,2.4,Masters,230,24,Leadership,Text,0.2449,0.558,0.6866,6.1,9.4,238,5,0.5354,0,0.42856359481811523,10,10,10,0.1
U1713,P03243,A0361,56+,Female,Bengaluru,Marketing,2.4,Masters,230,24,Finance,Article,0.3115,0.2593,0.8054,35.2,4.3,146,3,0.4618,0,0.40879008173942566,11,11,11,0.09090909090909091
U1713,P03455,A0169,56+,Female,Bengaluru,Marketing,2.4,Masters,230,24,Data Science,Article,0.2774,0.1372,0.4951,2.1,10.7,851,4,0.3041,0,0.3709912598133087,12,12,12,0.08333333333333333
U1713,P01919,A0155,56+,Female,Bengaluru,Marketing,2.4,Masters,230,24,Data Science,Article,0.3845,0.0763,0.2594,83.4,5.3,507,3,0.1477,0,0.23558534681797028,13,13,13,0.07692307692307693
U1718,P02456,A1163,26-35,Female,Ahmedabad,Engineering,3.2,Diploma,299,18,Career,Image,0.2149,0.5807,0.7544,0.8,3.7,548,2,0.6191,1,0.6589273810386658,3,3,1,1.0
U1718,P04516,A1173,26-35,Female,Ahmedabad,Engineering,3.2,Diploma,299,18,Marketing,Article,0.5199,0.735,0.5168,13.2,1.0,350,1,0.6807,1,0.6521099209785461,4,4,2,0.5
U1718,P02470,A1638,26-35,Female,Ahmedabad,Engineering,3.2,Diploma,299,18,Machine Learning,Text,0.1356,0.66,0.7852,37.9,2.3,230,3,0.5456,1,0.6149719953536987,6,6,3,0.3333333333333333
U1718,P04266,A0904,26-35,Female,Ahmedabad,Engineering,3.2,Diploma,299,18,Marketing,Article,0.1571,0.2898,0.9798,19.4,1.1,3018,1,0.551,0,0.48461320996284485,8,8,4,0.25
U1718,P02253,A0219,26-35,Female,Ahmedabad,Engineering,3.2,Diploma,299,18,Leadership,Video,0.2046,0.8311,0.8967,13.2,5.5,202,2,0.7536,1,0.7279720306396484,1,1,5,0.2
U1718,P02827,A1245,26-35,Female,Ahmedabad,Engineering,3.2,Diploma,299,18,AI,Video,0.2912,0.7226,0.7261,8.7,5.1,601,2,0.6775,0,0.6831695437431335,2,2,6,0.16666666666666666
U1718,P04102,A0817,26-35,Female,Ahmedabad,Engineering,3.2,Diploma,299,18,Data Science,Video,0.4326,0.5817,0.7815,1.2,7.3,1538,2,0.6836,0,0.6450914740562439,5,5,7,0.14285714285714285
U1718,P01776,A0057,26-35,Female,Ahmedabad,Engineering,3.2,Diploma,299,18,Software,Text,0.194,0.6607,0.8674,63.3,4.6,660,1,0.6094,0,0.613270103931427,7,7,8,0.125
U1718,P01388,A1461,26-35,Female,Ahmedabad,Engineering,3.2,Diploma,299,18,Marketing,Article,0.122,0.4044,0.6671,5.0,7.2,549,3,0.4302,1,0.43372297286987305,9,9,9,0.1111111111111111
U1718,P04338,A0765,26-35,Female,Ahmedabad,Engineering,3.2,Diploma,299,18,Marketing,Image,0.2187,0.4907,0.4397,18.6,17.8,253,2,0.4092,0,0.3788072168827057,10,10,10,0.1
U1718,P04425,A0636,26-35,Female,Ahmedabad,Engineering,3.2,Diploma,299,18,Software,Article,0.4533,0.1641,0.444,3.9,8.0,1021,2,0.3458,1,0.28961050510406494,11,11,11,0.09090909090909091
U1718,P03465,A1197,26-35,Female,Ahmedabad,Engineering,3.2,Diploma,299,18,AI,Article,0.4684,0.2004,0.5092,111.9,4.8,619,2,0.2139,0,0.23163442313671112,12,12,12,0.08333333333333333
U1718,P01777,A0415,26-35,Female,Ahmedabad,Engineering,3.2,Diploma,299,18,Software,Video,0.1674,0.3815,0.4289,2.6,13.1,1117,2,0.3699,1,0.22297975420951843,13,13,13,0.07692307692307693
U1718,P02007,A0914,26-35,Female,Ahmedabad,Engineering,3.2,Diploma,299,18,Career,Text,0.0574,0.205,0.79,89.0,4.2,985,4,0.2069,1,0.21804971992969513,14,14,14,0.07142857142857142
U1719,P00286,A1923,36-45,Male,Kolkata,Computer Science,2.1,Bachelors,151,17,Software,Text,0.6687,0.9185,0.6506,2.6,1.7,197,1,0.8312,0,0.8539316654205322,1,1,1,1.0
U1719,P04210,A1987,36-45,Male,Kolkata,Computer Science,2.1,Bachelors,151,17,Data Science,Video,0.4232,0.8059,0.3295,14.2,8.4,589,2,0.5817,1,0.6214694976806641,2,2,2,0.5
U1719,P00174,A1267,36-45,Male,Kolkata,Computer Science,2.1,Bachelors,151,17,Software,Job Opportunity,0.7235,0.408,0.446,23.8,5.9,737,2,0.4964,1,0.5028046369552612,3,3,3,0.3333333333333333
U1719,P01197,A1304,36-45,Male,Kolkata,Computer Science,2.1,Bachelors,151,17,Machine Learning,Text,0.1022,0.3841,0.2926,6.3,4.7,1233,3,0.2697,1,0.32843294739723206,4,4,4,0.25
U1719,P02499,A0354,36-45,Male,Kolkata,Computer Science,2.1,Bachelors,151,17,Finance,Video,0.2188,0.5419,0.2911,1.9,8.0,55,5,0.3144,1,0.287261426448822,5,5,5,0.2
U1719,P04441,A0006,36-45,Male,Kolkata,Computer Science,2.1,Bachelors,151,17,Software,Job Opportunity,0.0643,0.2979,0.1887,9.4,4.2,270,5,0.1582,1,0.1498664915561676,6,6,6,0.16666666666666666
U1731,P01152,A1512,56+,Male,Hyderabad,Marketing,4.8,Masters,185,19,Leadership,Article,0.3435,0.853,0.7797,40.2,3.0,361,3,0.7079,1,0.7292054295539856,1,1,1,1.0
U1731,P00489,A0241,56+,Male,Hyderabad,Marketing,4.8,Masters,185,19,Marketing,Video,0.4238,0.5558,0.7871,30.6,3.0,1509,5,0.552,1,0.5755666494369507,3,3,2,0.5
U1731,P00654,A1650,56+,Male,Hyderabad,Marketing,4.8,Masters,185,19,Finance,Video,0.2596,0.46,0.8332,63.4,0.8,317,2,0.5106,1,0.5192554593086243,4,4,3,0.3333333333333333
U1731,P02094,A1213,56+,Male,Hyderabad,Marketing,4.8,Masters,185,19,Data Science,Text,0.2298,0.5351,0.7526,82.0,1.9,374,3,0.4363,0,0.49570703506469727,5,5,4,0.25
U1731,P00375,A1248,56+,Male,Hyderabad,Marketing,4.8,Masters,185,19,Marketing,Job Opportunity,0.5594,0.5919,0.7216,86.8,8.6,557,2,0.5644,0,0.6021662950515747,2,2,5,0.2
U1731,P04492,A1951,56+,Male,Hyderabad,Marketing,4.8,Masters,185,19,Machine Learning,Job Opportunity,0.5216,0.5595,0.2969,16.2,7.8,862,4,0.4342,0,0.4735906422138214,6,6,6,0.16666666666666666
U1731,P02606,A1314,56+,Male,Hyderabad,Marketing,4.8,Masters,185,19,Data Science,Article,0.3549,0.7628,0.1865,33.4,1.2,712,5,0.3783,0,0.4488104283809662,7,7,7,0.14285714285714285
U1731,P02379,A0122,56+,Male,Hyderabad,Marketing,4.8,Masters,185,19,Data Science,Video,0.157,0.2715,0.6858,48.2,11.9,193,4,0.3023,0,0.314889132976532,8,8,8,0.125
U1732,P03764,A0521,18-25,Female,Bengaluru,Computer Science,5.5,Bachelors,965,21,Career,Video,0.1896,0.9358,0.773,32.5,10.5,146,4,0.7101,1,0.6749158501625061,3,3,1,1.0
U1732,P02097,A0917,18-25,Female,Bengaluru,Computer Science,5.5,Bachelors,965,21,AI,Video,0.1314,0.4443,0.9653,8.6,0.9,830,2,0.6518,0,0.6611704230308533,4,4,2,0.5
U1732,P04523,A1039,18-25,Female,Bengaluru,Computer Science,5.5,Bachelors,965,21,Marketing,Article,0.552,0.4699,0.7682,6.0,9.9,192,5,0.6074,1,0.5765812397003174,5,5,3,0.3333333333333333
U1732,P03839,A0683,18-25,Female,Bengaluru,Computer Science,5.5,Bachelors,965,21,Design,Article,0.2372,0.6133,0.6741,12.9,14.2,414,4,0.5724,1,0.47816717624664307,7,7,4,0.25
U1732,P04939,A0578,18-25,Female,Bengaluru,Computer Science,5.5,Bachelors,965,21,Finance,Text,0.4119,0.8478,0.9095,9.8,6.1,112,1,0.8542,1,0.8140092492103577,1,1,5,0.2
U1732,P00479,A0087,18-25,Female,Bengaluru,Computer Science,5.5,Bachelors,965,21,Career,Article,0.3916,0.73,0.8257,13.2,8.1,509,2,0.7704,0,0.7734310626983643,2,2,6,0.16666666666666666
U1732,P03808,A0321,18-25,Female,Bengaluru,Computer Science,5.5,Bachelors,965,21,AI,Article,0.423,0.3154,0.9489,34.9,5.7,206,2,0.611,1,0.5156073570251465,6,6,7,0.14285714285714285
U1732,P04323,A1203,18-25,Female,Bengaluru,Computer Science,5.5,Bachelors,965,21,Marketing,Video,0.3004,0.3999,0.5757,56.8,9.8,406,2,0.4197,1,0.3687116801738739,8,8,8,0.125
U1732,P01369,A1873,18-25,Female,Bengaluru,Computer Science,5.5,Bachelors,965,21,Design,Article,0.6901,0.1644,0.4317,3.8,1.2,238,3,0.4214,1,0.3521707355976105,9,9,9,0.1111111111111111
U1732,P03869,A1041,18-25,Female,Bengaluru,Computer Science,5.5,Bachelors,965,21,Finance,Article,0.3888,0.4542,0.2546,36.8,8.4,79,2,0.3766,0,0.3512146770954132,10,10,10,0.1
U1732,P03822,A0645,18-25,Female,Bengaluru,Computer Science,5.5,Bachelors,965,21,Data Science,Video,0.2413,0.1781,0.3404,24.9,15.1,309,1,0.3,0,0.305858850479126,11,11,11,0.09090909090909091
U1732,P04181,A0927,18-25,Female,Bengaluru,Computer Science,5.5,Bachelors,965,21,Design,Article,0.2209,0.6512,0.3864,130.4,0.8,31,1,0.3341,0,0.2748875021934509,12,12,12,0.08333333333333333
U1734,P01225,A1267,18-25,Male,Delhi,Other,7.2,Bachelors,85,19,Finance,Text,0.216,0.5839,0.8932,12.7,2.7,356,3,0.6599,1,0.6729516386985779,2,2,1,1.0
U1734,P04839,A1069,18-25,Male,Delhi,Other,7.2,Bachelors,85,19,Design,Image,0.4206,0.5911,0.5057,1.5,7.3,303,3,0.5825,0,0.6534019112586975,4,4,2,0.5
U1734,P03884,A0497,18-25,Male,Delhi,Other,7.2,Bachelors,85,19,Career,Job Opportunity,0.5923,0.387,0.8983,77.1,3.3,111,2,0.576,1,0.6426217555999756,5,5,3,0.3333333333333333
U1734,P04383,A1001,18-25,Male,Delhi,Other,7.2,Bachelors,85,19,Machine Learning,Job Opportunity,0.2761,0.396,0.8369,17.2,6.9,382,4,0.5228,0,0.5922057628631592,7,7,4,0.25
U1734,P04627,A1636,18-25,Male,Delhi,Other,7.2,Bachelors,85,19,Design,Article,0.1926,0.8943,0.713,2.1,5.7,377,1,0.7852,0,0.7647286057472229,1,1,5,0.2
U1734,P03694,A0719,18-25,Male,Delhi,Other,7.2,Bachelors,85,19,Machine Learning,Job Opportunity,0.3901,0.4715,0.6154,7.2,6.0,493,2,0.5821,1,0.6613564491271973,3,3,6,0.16666666666666666
U1734,P01512,A1261,18-25,Male,Delhi,Other,7.2,Bachelors,85,19,Marketing,Article,0.4961,0.5528,0.4628,38.0,6.2,499,1,0.5584,0,0.6247815489768982,6,6,7,0.14285714285714285
U1734,P03230,A0143,18-25,Male,Delhi,Other,7.2,Bachelors,85,19,AI,Image,0.1185,0.6569,0.6473,17.7,6.9,247,1,0.6233,0,0.5895403623580933,8,8,8,0.125
U1734,P01423,A1758,18-25,Male,Delhi,Other,7.2,Bachelors,85,19,Leadership,Text,0.4457,0.3458,0.6356,36.4,3.6,1471,3,0.4531,0,0.5468159317970276,9,9,9,0.1111111111111111
U1734,P01533,A0562,18-25,Male,Delhi,Other,7.2,Bachelors,85,19,Finance,Text,0.3228,0.6082,0.5874,56.3,6.4,94,2,0.5225,1,0.500014066696167,10,10,10,0.1
U1734,P01015,A1773,18-25,Male,Delhi,Other,7.2,Bachelors,85,19,Career,Text,0.4936,0.6326,0.3505,61.8,2.7,482,2,0.4701,0,0.4758140742778778,11,11,11,0.09090909090909091
U1734,P00780,A0973,18-25,Male,Delhi,Other,7.2,Bachelors,85,19,Leadership,Article,0.3607,0.5153,0.6895,111.7,4.0,126,2,0.4198,0,0.4251990020275116,12,12,12,0.08333333333333333
U1734,P03392,A1567,18-25,Male,Delhi,Other,7.2,Bachelors,85,19,AI,Video,0.6536,0.2707,0.5674,30.3,5.6,624,2,0.4883,1,0.4179779589176178,13,13,13,0.07692307692307693
U1734,P00645,A1654,18-25,Male,Delhi,Other,7.2,Bachelors,85,19,Career,Image,0.6132,0.3955,0.3848,5.4,5.7,643,5,0.4151,0,0.37022048234939575,14,14,14,0.07142857142857142
U1743,P02311,A1780,18-25,Female,Kolkata,Computer Science,4.0,Masters,90,14,AI,Text,0.587,0.5667,0.9077,0.5,5.1,649,3,0.7142,0,0.7032690048217773,1,1,1,1.0
U1743,P04633,A0011,18-25,Female,Kolkata,Computer Science,4.0,Masters,90,14,Machine Learning,Video,0.3315,0.7351,0.8354,14.2,2.9,375,5,0.6175,1,0.6766678094863892,3,3,2,0.5
U1743,P04295,A1497,18-25,Female,Kolkata,Computer Science,4.0,Masters,90,14,Leadership,Article,0.2272,0.8665,0.6725,13.6,8.4,219,4,0.6189,1,0.5906215310096741,4,4,3,0.3333333333333333
U1743,P00825,A0834,18-25,Female,Kolkata,Computer Science,4.0,Masters,90,14,Leadership,Job Opportunity,0.3091,0.3099,0.7769,24.2,1.4,1129,1,0.4862,0,0.5831877589225769,5,5,4,0.25
U1743,P02183,A0691,18-25,Female,Kolkata,Computer Science,4.0,Masters,90,14,Design,Video,0.3351,0.584,0.4962,4.6,9.5,169,1,0.5501,1,0.6906506419181824,2,2,5,0.2
U1743,P04502,A1288,18-25,Female,Kolkata,Computer Science,4.0,Masters,90,14,Design,Text,0.6569,0.5644,0.4575,1.5,2.6,344,4,0.5212,1,0.5183992385864258,6,6,6,0.16666666666666666
U1743,P00832,A0416,18-25,Female,Kolkata,Computer Science,4.0,Masters,90,14,Software,Article,0.38,0.6283,0.3224,39.6,8.3,801,1,0.4412,0,0.4657849967479706,7,7,7,0.14285714285714285
U1743,P02223,A0115,18-25,Female,Kolkata,Computer Science,4.0,Masters,90,14,Marketing,Job Opportunity,0.0424,0.3506,0.9155,7.7,14.2,491,4,0.4281,0,0.4507080614566803,8,8,8,0.125
U1743,P03130,A1691,18-25,Female,Kolkata,Computer Science,4.0,Masters,90,14,Marketing,Video,0.4295,0.6298,0.4595,75.3,10.6,3934,5,0.3205,0,0.3181709349155426,9,9,9,0.1111111111111111
U1743,P02290,A0006,18-25,Female,Kolkata,Computer Science,4.0,Masters,90,14,Software,Article,0.4368,0.1623,0.3478,88.4,4.3,134,2,0.1703,0,0.1816517859697342,10,10,10,0.1
U1760,P03187,A0429,46-55,Female,Pune,Business,3.1,Bachelors,226,24,Design,Image,0.4648,0.7609,0.8022,7.0,16.9,102,3,0.7701,1,0.8284367322921753,1,1,1,1.0
U1760,P02279,A0819,46-55,Female,Pune,Business,3.1,Bachelors,226,24,Data Science,Image,0.3091,0.6563,0.8728,4.2,1.5,248,3,0.7253,1,0.6832392811775208,2,2,2,0.5
U1760,P00175,A0971,46-55,Female,Pune,Business,3.1,Bachelors,226,24,Software,Video,0.1933,0.3331,0.9314,3.4,2.7,506,1,0.6372,1,0.6498274803161621,3,3,3,0.3333333333333333
U1760,P00546,A0181,46-55,Female,Pune,Business,3.1,Bachelors,226,24,Software,Video,0.5601,0.6006,0.5832,16.3,1.1,711,1,0.6914,1,0.6223509907722473,4,4,4,0.25
U1760,P04436,A1251,46-55,Female,Pune,Business,3.1,Bachelors,226,24,AI,Article,0.2862,0.614,0.6056,28.7,8.4,697,2,0.5844,0,0.5802776217460632,5,5,5,0.2
U1760,P02437,A0237,46-55,Female,Pune,Business,3.1,Bachelors,226,24,AI,Article,0.1179,0.6265,0.4551,56.9,4.1,20,2,0.4254,0,0.5615348219871521,6,6,6,0.16666666666666666
U1760,P02375,A1866,46-55,Female,Pune,Business,3.1,Bachelors,226,24,Leadership,Article,0.4112,0.3525,0.4807,0.4,2.3,1585,2,0.4924,1,0.5400635004043579,7,7,7,0.14285714285714285
U1760,P02510,A0519,46-55,Female,Pune,Business,3.1,Bachelors,226,24,AI,Text,0.1313,0.5224,0.7896,43.9,8.6,264,3,0.5122,1,0.5033605694770813,8,8,8,0.125
U1760,P04767,A1016,46-55,Female,Pune,Business,3.1,Bachelors,226,24,Machine Learning,Image,0.1538,0.4716,0.7253,18.7,7.5,195,2,0.5484,1,0.49874573945999146,9,9,9,0.1111111111111111
U1760,P04995,A1344,46-55,Female,Pune,Business,3.1,Bachelors,226,24,Machine Learning,Article,0.2698,0.1468,0.8084,15.0,3.3,1093,4,0.3972,1,0.4884066581726074,10,10,10,0.1
U1760,P02802,A0678,46-55,Female,Pune,Business,3.1,Bachelors,226,24,Marketing,Article,0.2584,0.3161,0.7938,58.8,5.8,87,1,0.481,0,0.46857574582099915,11,11,11,0.09090909090909091
U1760,P04748,A1679,46-55,Female,Pune,Business,3.1,Bachelors,226,24,Software,Article,0.4625,0.2804,0.6543,64.3,5.1,96,1,0.4491,0,0.33465632796287537,12,12,12,0.08333333333333333
U1778,P00318,A1973,26-35,Male,Ahmedabad,Marketing,10.0,Diploma,224,19,Marketing,Text,0.5151,0.8733,0.9002,2.7,4.4,555,4,0.8218,1,0.851005494594574,1,1,1,1.0
U1778,P00967,A1537,26-35,Male,Ahmedabad,Marketing,10.0,Diploma,224,19,Finance,Text,0.4719,0.658,0.7584,3.1,3.3,89,5,0.6629,1,0.7065751552581787,2,2,2,0.5
U1778,P04814,A1693,26-35,Male,Ahmedabad,Marketing,10.0,Diploma,224,19,Career,Video,0.6054,0.4966,0.8285,25.2,1.8,91,1,0.7237,0,0.681212306022644,4,4,3,0.3333333333333333
U1778,P04352,A1236,26-35,Male,Ahmedabad,Marketing,10.0,Diploma,224,19,Finance,Article,0.1839,0.2453,0.7714,15.7,4.8,404,3,0.4293,1,0.5490590929985046,5,5,4,0.25
U1778,P01557,A0777,26-35,Male,Ahmedabad,Marketing,10.0,Diploma,224,19,Data Science,Text,0.3664,0.7478,0.7099,44.6,7.0,273,2,0.6716,0,0.6861287355422974,3,3,5,0.2
U1778,P04361,A0375,26-35,Male,Ahmedabad,Marketing,10.0,Diploma,224,19,Software,Article,0.5025,0.7198,0.1739,31.4,6.9,229,1,0.5333,1,0.5149462819099426,6,6,6,0.16666666666666666
U1778,P03348,A1348,26-35,Male,Ahmedabad,Marketing,10.0,Diploma,224,19,Leadership,Text,0.2877,0.5697,0.3421,28.8,8.3,81,2,0.4437,0,0.4664209485054016,7,7,7,0.14285714285714285
U1778,P02056,A1324,26-35,Male,Ahmedabad,Marketing,10.0,Diploma,224,19,Marketing,Video,0.265,0.6526,0.5441,52.8,4.3,1066,3,0.484,0,0.39732733368873596,8,8,8,0.125
U1778,P04244,A0060,26-35,Male,Ahmedabad,Marketing,10.0,Diploma,224,19,Marketing,Job Opportunity,0.5867,0.4132,0.1308,10.8,8.2,241,3,0.3646,0,0.189606174826622,9,9,9,0.1111111111111111
U1785,P02011,A0086,18-25,Female,Bengaluru,Other,4.2,Bachelors,378,12,Software,Image,0.6506,0.6622,0.391,11.5,10.3,847,3,0.5602,1,0.6016853451728821,2,2,1,1.0
U1785,P01269,A0806,18-25,Female,Bengaluru,Other,4.2,Bachelors,378,12,Career,Job Opportunity,0.3525,0.569,0.528,3.4,8.0,450,3,0.5064,1,0.46512001752853394,3,3,2,0.5
U1785,P01750,A1291,18-25,Female,Bengaluru,Other,4.2,Bachelors,378,12,Leadership,Text,0.3663,0.5391,0.8149,19.8,4.7,128,5,0.5193,0,0.4403221309185028,4,4,3,0.3333333333333333
U1785,P01172,A0638,18-25,Female,Bengaluru,Other,4.2,Bachelors,378,12,Leadership,Job Opportunity,0.5567,0.71,0.815,19.3,9.9,91,1,0.76,0,0.775946855545044,1,1,4,0.25
U1785,P00201,A0137,18-25,Female,Bengaluru,Other,4.2,Bachelors,378,12,Design,Job Opportunity,0.1838,0.4068,0.553,4.5,9.1,674,3,0.3892,1,0.4199724495410919,5,5,5,0.2
U1785,P03159,A0020,18-25,Female,Bengaluru,Other,4.2,Bachelors,378,12,Career,Job Opportunity,0.3699,0.2413,0.5122,82.4,7.8,230,2,0.2424,0,0.2882080376148224,6,6,6,0.16666666666666666
U1785,P00985,A0907,18-25,Female,Bengaluru,Other,4.2,Bachelors,378,12,Marketing,Job Opportunity,0.12,0.5294,0.3798,54.0,10.0,425,1,0.3304,1,0.26593637466430664,7,7,7,0.14285714285714285
U1796,P01814,A1903,26-35,Male,Chennai,Design,3.6,Bachelors,117,12,Design,Article,0.643,0.3624,0.786,15.9,3.5,170,2,0.5899,0,0.672014057636261,1,1,1,1.0
U1796,P01550,A1129,26-35,Male,Chennai,Design,3.6,Bachelors,117,12,Marketing,Image,0.7258,0.8069,0.5778,20.8,1.6,230,3,0.6944,1,0.6712573766708374,2,2,2,0.5
U1796,P01099,A0334,26-35,Male,Chennai,Design,3.6,Bachelors,117,12,Data Science,Video,0.4055,0.636,0.7322,12.4,3.0,670,3,0.6121,0,0.6680517196655273,3,3,3,0.3333333333333333
U1796,P04240,A0616,26-35,Male,Chennai,Design,3.6,Bachelors,117,12,Data Science,Article,0.4283,0.6064,0.9753,22.0,1.7,343,1,0.7347,0,0.6591166257858276,4,4,4,0.25
U1796,P01382,A1850,26-35,Male,Chennai,Design,3.6,Bachelors,117,12,Software,Text,0.3258,0.4948,0.8192,23.1,8.3,380,2,0.5691,1,0.5638031363487244,5,5,5,0.2
U1796,P04778,A0902,26-35,Male,Chennai,Design,3.6,Bachelors,117,12,Software,Video,0.2159,0.6329,0.7092,16.2,0.7,232,3,0.5429,1,0.5417104363441467,6,6,6,0.16666666666666666
U1796,P03718,A0073,26-35,Male,Chennai,Design,3.6,Bachelors,117,12,Data Science,Image,0.1529,0.5546,0.7526,21.2,2.2,632,1,0.5596,1,0.530167818069458,7,7,7,0.14285714285714285
U1796,P03051,A0085,26-35,Male,Chennai,Design,3.6,Bachelors,117,12,AI,Text,0.4032,0.7086,0.5187,35.4,1.8,280,2,0.5453,1,0.5143360495567322,8,8,8,0.125
U1796,P02567,A0334,26-35,Male,Chennai,Design,3.6,Bachelors,117,12,Machine Learning,Article,0.1349,0.4448,0.8216,16.5,6.3,266,3,0.4738,0,0.508736252784729,9,9,9,0.1111111111111111
U1796,P00370,A0632,26-35,Male,Chennai,Design,3.6,Bachelors,117,12,Career,Article,0.4587,0.7175,0.7652,67.2,4.7,91,4,0.5412,1,0.4888961911201477,10,10,10,0.1
U1796,P04034,A1431,26-35,Male,Chennai,Design,3.6,Bachelors,117,12,Machine Learning,Article,0.3079,0.6469,0.318,7.9,5.6,120,2,0.4582,1,0.4869667887687683,11,11,11,0.09090909090909091
U1796,P04816,A0516,26-35,Male,Chennai,Design,3.6,Bachelors,117,12,Career,Text,0.0507,0.2913,0.6422,5.7,3.3,291,2,0.356,1,0.3723941743373871,12,12,12,0.08333333333333333
U1796,P02872,A1469,26-35,Male,Chennai,Design,3.6,Bachelors,117,12,Software,Video,0.1705,0.6307,0.4732,4.0,3.2,120,2,0.486,0,0.3642713725566864,13,13,13,0.07692307692307693
U1796,P04429,A1535,26-35,Male,Chennai,Design,3.6,Bachelors,117,12,AI,Text,0.5704,0.4363,0.3631,32.5,6.2,164,2,0.3965,1,0.34829601645469666,14,14,14,0.07142857142857142
U1796,P00503,A1610,26-35,Male,Chennai,Design,3.6,Bachelors,117,12,Leadership,Job Opportunity,0.0817,0.7031,0.527,2.5,5.2,146,5,0.4267,0,0.3317503035068512,15,15,15,0.06666666666666667
U1796,P01398,A1951,26-35,Male,Chennai,Design,3.6,Bachelors,117,12,Leadership,Video,0.2544,0.6987,0.4888,76.6,6.3,1043,4,0.3448,1,0.2992749810218811,16,16,16,0.0625
U1801,P00662,A1716,26-35,Male,Delhi,Computer Science,6.8,Bachelors,104,17,Finance,Text,0.3909,0.8894,0.8976,15.4,5.3,227,4,0.7802,1,0.7683358788490295,1,1,1,1.0
U1801,P02814,A0750,26-35,Male,Delhi,Computer Science,6.8,Bachelors,104,17,Data Science,Job Opportunity,0.593,0.8552,0.8737,10.6,7.3,229,4,0.8051,1,0.6943644285202026,2,2,2,0.5
U1801,P04272,A1748,26-35,Male,Delhi,Computer Science,6.8,Bachelors,104,17,AI,Text,0.178,0.3989,0.948,58.4,2.2,415,3,0.4808,0,0.5204986333847046,8,8,3,0.3333333333333333
U1801,P03515,A0641,26-35,Male,Delhi,Computer Science,6.8,Bachelors,104,17,Machine Learning,Video,0.1721,0.692,0.5318,14.0,11.2,453,3,0.5376,1,0.485894113779068,10,10,4,0.25
U1801,P00659,A1116,26-35,Male,Delhi,Computer Science,6.8,Bachelors,104,17,Career,Video,0.6546,0.3677,0.5774,4.5,9.2,173,1,0.6097,1,0.6219577789306641,3,3,5,0.2
U1801,P01080,A1996,26-35,Male,Delhi,Computer Science,6.8,Bachelors,104,17,Leadership,Article,0.1633,0.7469,0.8477,33.6,5.6,253,2,0.6815,1,0.6086949706077576,4,4,6,0.16666666666666666
U1801,P01207,A1603,26-35,Male,Delhi,Computer Science,6.8,Bachelors,104,17,AI,Text,0.4371,0.3713,0.822,45.1,6.3,469,1,0.5757,1,0.5922724008560181,5,5,7,0.14285714285714285
U1801,P00458,A1094,26-35,Male,Delhi,Computer Science,6.8,Bachelors,104,17,AI,Text,0.2613,0.7455,0.6522,46.3,6.9,275,2,0.6063,0,0.5585606098175049,6,6,8,0.125
U1801,P01523,A0601,26-35,Male,Delhi,Computer Science,6.8,Bachelors,104,17,Software,Job Opportunity,0.2611,0.6181,0.584,16.0,6.1,437,2,0.5753,1,0.5502939224243164,7,7,9,0.1111111111111111
U1801,P03956,A0202,26-35,Male,Delhi,Computer Science,6.8,Bachelors,104,17,Design,Text,0.0275,0.5228,0.6998,31.2,9.2,159,2,0.4828,1,0.5025947093963623,9,9,10,0.1
U1801,P03041,A0016,26-35,Male,Delhi,Computer Science,6.8,Bachelors,104,17,Software,Article,0.3911,0.3928,0.5273,36.5,12.1,211,5,0.3419,1,0.4169616401195526,11,11,11,0.09090909090909091
U1801,P02394,A1678,26-35,Male,Delhi,Computer Science,6.8,Bachelors,104,17,Career,Text,0.3108,0.3729,0.6385,21.0,5.0,147,4,0.4159,0,0.4013385474681854,12,12,12,0.08333333333333333
U1801,P00420,A0622,26-35,Male,Delhi,Computer Science,6.8,Bachelors,104,17,AI,Text,0.0241,0.3436,0.6992,59.0,3.4,64,3,0.3133,0,0.1543259471654892,13,13,13,0.07692307692307693
U1811,P01565,A0927,18-25,Male,Mumbai,Finance,2.6,Masters,140,14,Data Science,Video,0.2988,0.8518,0.6802,5.4,5.2,156,3,0.6929,0,0.6816019415855408,3,3,1,1.0
U1811,P02525,A1176,18-25,Male,Mumbai,Finance,2.6,Masters,140,14,AI,Text,0.5039,0.384,0.9344,60.6,3.4,1840,3,0.5235,0,0.6398117542266846,4,4,2,0.5
U1811,P00020,A1830,18-25,Male,Mumbai,Finance,2.6,Masters,140,14,Finance,Article,0.1589,0.7883,0.4276,15.4,18.3,230,2,0.5383,1,0.5534626245498657,5,5,3,0.3333333333333333
U1811,P01377,A1478,18-25,Male,Mumbai,Finance,2.6,Masters,140,14,AI,Text,0.3591,0.722,0.5272,27.0,1.4,257,3,0.5467,0,0.5377936363220215,6,6,4,0.25
U1811,P03085,A0448,18-25,Male,Mumbai,Finance,2.6,Masters,140,14,Finance,Image,0.42,0.8318,0.7127,27.1,8.6,261,2,0.7148,0,0.7976951599121094,1,1,5,0.2
U1811,P03273,A0851,18-25,Male,Mumbai,Finance,2.6,Masters,140,14,Marketing,Text,0.3073,0.8628,0.6021,32.9,9.8,361,1,0.6797,0,0.7350058555603027,2,2,6,0.16666666666666666
U1811,P00746,A1252,18-25,Male,Mumbai,Finance,2.6,Masters,140,14,Finance,Video,0.5366,0.6994,0.5216,38.6,6.1,179,4,0.5263,0,0.5027411580085754,7,7,7,0.14285714285714285
U1811,P01108,A1614,18-25,Male,Mumbai,Finance,2.6,Masters,140,14,Data Science,Text,0.5082,0.4127,0.3232,15.4,1.8,804,2,0.4034,0,0.34328916668891907,8,8,8,0.125
U1811,P01011,A0865,18-25,Male,Mumbai,Finance,2.6,Masters,140,14,AI,Image,0.3081,0.6138,0.484,5.5,9.6,1069,5,0.4387,0,0.30921614170074463,9,9,9,0.1111111111111111
U1811,P00238,A0138,18-25,Male,Mumbai,Finance,2.6,Masters,140,14,AI,Video,0.187,0.6656,0.2905,56.8,9.7,362,1,0.3786,0,0.29572543501853943,10,10,10,0.1
U1821,P01624,A1778,46-55,Female,Hyderabad,Other,3.3,Bachelors,220,26,Data Science,Article,0.2712,0.88,0.8043,44.0,2.1,236,1,0.7781,1,0.6893462538719177,3,3,1,1.0
U1821,P04952,A1819,46-55,Female,Hyderabad,Other,3.3,Bachelors,220,26,Marketing,Job Opportunity,0.2031,0.7973,0.4263,17.1,6.4,308,1,0.6427,1,0.5797199606895447,4,4,2,0.5
U1821,P01488,A1915,46-55,Female,Hyderabad,Other,3.3,Bachelors,220,26,Leadership,Text,0.4323,0.4592,0.7563,44.6,5.3,427,3,0.5607,1,0.5725303888320923,5,5,3,0.3333333333333333
U1821,P04164,A0351,46-55,Female,Hyderabad,Other,3.3,Bachelors,220,26,Career,Text,0.4513,0.6457,0.5194,9.0,6.1,489,3,0.6271,0,0.5584557056427002,6,6,4,0.25
U1821,P02672,A1016,46-55,Female,Hyderabad,Other,3.3,Bachelors,220,26,Software,Image,0.5743,0.6993,0.6197,38.7,19.8,864,1,0.7222,1,0.7456952929496765,1,1,5,0.2
U1821,P03751,A0393,46-55,Female,Hyderabad,Other,3.3,Bachelors,220,26,Career,Text,0.3797,0.5142,0.7665,9.0,6.0,300,1,0.7023,1,0.7043329477310181,2,2,6,0.16666666666666666
U1821,P01000,A1729,46-55,Female,Hyderabad,Other,3.3,Bachelors,220,26,Marketing,Image,0.2085,0.8195,0.4395,14.9,0.8,298,2,0.6335,1,0.5361181497573853,7,7,7,0.14285714285714285
U1821,P00916,A1811,46-55,Female,Hyderabad,Other,3.3,Bachelors,220,26,AI,Video,0.398,0.4262,0.5482,28.0,4.4,482,2,0.5123,0,0.4979855716228485,8,8,8,0.125
U1821,P04708,A0204,46-55,Female,Hyderabad,Other,3.3,Bachelors,220,26,Finance,Video,0.6241,0.3409,0.6933,51.4,8.4,731,4,0.4817,1,0.3991488814353943,9,9,9,0.1111111111111111
U1821,P04165,A0809,46-55,Female,Hyderabad,Other,3.3,Bachelors,220,26,Marketing,Job Opportunity,0.2369,0.5768,0.4179,21.2,0.4,286,5,0.4052,1,0.35545647144317627,10,10,10,0.1
U1822,P02890,A0526,26-35,Male,Hyderabad,Computer Science,7.0,Masters,761,23,Data Science,Text,0.341,0.8812,0.5476,39.4,3.6,686,2,0.6966,0,0.7208423018455505,3,3,1,1.0
U1822,P04176,A1579,26-35,Male,Hyderabad,Computer Science,7.0,Masters,761,23,Finance,Text,0.5647,0.3251,0.7418,2.6,3.7,171,2,0.6432,1,0.6017500162124634,5,5,2,0.5
U1822,P01125,A0295,26-35,Male,Hyderabad,Computer Science,7.0,Masters,761,23,Career,Article,0.1473,0.4822,0.8326,75.1,3.8,354,3,0.4722,0,0.5954335927963257,6,6,3,0.3333333333333333
U1822,P04031,A1020,26-35,Male,Hyderabad,Computer Science,7.0,Masters,761,23,Leadership,Job Opportunity,0.1369,0.4878,0.3517,4.5,4.5,340,4,0.3789,0,0.3845190703868866,7,7,4,0.25
U1822,P03467,A1684,26-35,Male,Hyderabad,Computer Science,7.0,Masters,761,23,Data Science,Text,0.5472,0.7092,0.7441,36.1,8.4,292,1,0.7693,1,0.8267776370048523,1,1,5,0.2
U1822,P04304,A1046,26-35,Male,Hyderabad,Computer Science,7.0,Masters,761,23,Software,Text,0.4036,0.5999,0.8637,18.8,9.0,137,2,0.7387,1,0.7468274831771851,2,2,6,0.16666666666666666
U1822,P01004,A1661,26-35,Male,Hyderabad,Computer Science,7.0,Masters,761,23,Career,Video,0.1523,0.899,0.4835,16.0,8.6,78,2,0.6764,1,0.6341673731803894,4,4,7,0.14285714285714285
U1822,P04237,A1961,26-35,Male,Hyderabad,Computer Science,7.0,Masters,761,23,Career,Video,0.2679,0.2539,0.5032,19.9,1.0,817,1,0.4272,1,0.3779431879520416,8,8,8,0.125
U1822,P01568,A1057,26-35,Male,Hyderabad,Computer Science,7.0,Masters,761,23,Data Science,Video,0.2037,0.3042,0.3169,28.9,6.9,2017,5,0.2365,1,0.29046711325645447,9,9,9,0.1111111111111111
U1822,P02842,A0162,26-35,Male,Hyderabad,Computer Science,7.0,Masters,761,23,AI,Article,0.0861,0.1831,0.7708,72.8,2.4,488,2,0.3245,1,0.2233191281557083,10,10,10,0.1
U1822,P00847,A1658,26-35,Male,Hyderabad,Computer Science,7.0,Masters,761,23,Marketing,Article,0.293,0.4505,0.3661,105.7,2.8,166,3,0.2588,0,0.2064329981803894,11,11,11,0.09090909090909091
U1832,P03113,A0737,56+,Male,Chennai,Computer Science,3.1,Bachelors,108,16,Design,Image,0.3995,0.8612,0.4664,11.8,9.9,321,3,0.633,1,0.6410731077194214,1,1,1,1.0
U1832,P01001,A1835,56+,Male,Chennai,Computer Science,3.1,Bachelors,108,16,Software,Article,0.6253,0.3469,0.9024,9.1,2.7,586,4,0.5981,1,0.5993711948394775,3,3,2,0.5
U1832,P02280,A1656,56+,Male,Chennai,Computer Science,3.1,Bachelors,108,16,Leadership,Video,0.3042,0.3755,0.7752,2.9,7.1,274,4,0.4838,1,0.48569536209106445,4,4,3,0.3333333333333333
U1832,P03274,A1027,56+,Male,Chennai,Computer Science,3.1,Bachelors,108,16,Marketing,Article,0.5986,0.3685,0.8368,0.6,6.2,170,2,0.652,1,0.6006379127502441,2,2,4,0.25
U1832,P02824,A1582,56+,Male,Chennai,Computer Science,3.1,Bachelors,108,16,Machine Learning,Text,0.1204,0.3709,0.831,44.8,5.1,168,5,0.3437,0,0.33255863189697266,5,5,5,0.2
U1832,P03650,A1314,56+,Male,Chennai,Computer Science,3.1,Bachelors,108,16,Software,Image,0.2931,0.4277,0.3419,20.2,3.0,308,3,0.3279,1,0.25530722737312317,6,6,6,0.16666666666666666
U1832,P00346,A1186,56+,Male,Chennai,Computer Science,3.1,Bachelors,108,16,Career,Article,0.0537,0.5311,0.3993,65.8,0.8,191,2,0.2867,0,0.22981788218021393,7,7,7,0.14285714285714285
U1839,P04735,A1231,36-45,Male,Chennai,Computer Science,3.0,Bachelors,143,18,Career,Text,0.6267,0.8547,0.4244,46.5,18.2,2234,1,0.6776,1,0.7580021619796753,1,1,1,1.0
U1839,P04073,A1978,36-45,Male,Chennai,Computer Science,3.0,Bachelors,143,18,Finance,Image,0.6124,0.6575,0.6986,11.6,3.7,114,1,0.7461,1,0.753284215927124,2,2,2,0.5
U1839,P04023,A1191,36-45,Male,Chennai,Computer Science,3.0,Bachelors,143,18,Leadership,Article,0.3422,0.669,0.7192,2.3,3.1,114,3,0.6577,1,0.7521155476570129,3,3,3,0.3333333333333333
U1839,P04545,A0116,36-45,Male,Chennai,Computer Science,3.0,Bachelors,143,18,Data Science,Job Opportunity,0.223,0.4333,0.9618,0.1,3.4,607,3,0.6179,0,0.687091588973999,5,5,4,0.25
U1839,P00409,A0966,36-45,Male,Chennai,Computer Science,3.0,Bachelors,143,18,Design,Text,0.3945,0.7086,0.7499,27.7,5.3,319,2,0.6832,1,0.7455394864082336,4,4,5,0.2
U1839,P03918,A0133,36-45,Male,Chennai,Computer Science,3.0,Bachelors,143,18,Leadership,Job Opportunity,0.1412,0.796,0.6391,2.4,1.3,345,3,0.6339,0,0.6831050515174866,6,6,6,0.16666666666666666
U1839,P01517,A0400,36-45,Male,Chennai,Computer Science,3.0,Bachelors,143,18,Machine Learning,Image,0.2451,0.6622,0.6269,17.4,4.5,390,1,0.6259,1,0.6629529595375061,7,7,7,0.14285714285714285
U1839,P02817,A1809,36-45,Male,Chennai,Computer Science,3.0,Bachelors,143,18,Career,Text,0.5197,0.5912,0.6711,29.4,7.5,626,3,0.5973,0,0.5873594880104065,8,8,8,0.125
U1839,P00340,A0237,36-45,Male,Chennai,Computer Science,3.0,Bachelors,143,18,Design,Job Opportunity,0.7949,0.5705,0.4923,10.1,2.4,369,3,0.6238,0,0.57034832239151,9,9,9,0.1111111111111111
U1839,P02335,A0817,36-45,Male,Chennai,Computer Science,3.0,Bachelors,143,18,Software,Image,0.3255,0.4612,0.4766,36.7,6.3,1387,2,0.4161,1,0.493091344833374,10,10,10,0.1
U1839,P03316,A0139,36-45,Male,Chennai,Computer Science,3.0,Bachelors,143,18,Data Science,Video,0.3933,0.7883,0.5042,0.9,8.5,1876,5,0.5826,0,0.45605021715164185,11,11,11,0.09090909090909091
U1839,P01227,A0532,36-45,Male,Chennai,Computer Science,3.0,Bachelors,143,18,Career,Article,0.1084,0.1704,0.4925,66.5,8.1,368,1,0.2244,0,0.23527252674102783,12,12,12,0.08333333333333333
U1839,P01796,A0989,36-45,Male,Chennai,Computer Science,3.0,Bachelors,143,18,Finance,Image,0.0965,0.276,0.7449,90.1,3.2,564,2,0.2825,1,0.2112549990415573,13,13,13,0.07692307692307693
U1839,P00406,A0993,36-45,Male,Chennai,Computer Science,3.0,Bachelors,143,18,Career,Video,0.2627,0.2098,0.3888,75.1,2.7,167,3,0.1829,0,0.14220157265663147,14,14,14,0.07142857142857142
U1865,P00419,A0436,36-45,Female,Chennai,Design,11.4,Masters,200,24,Software,Text,0.2008,0.6597,0.738,15.5,3.5,192,3,0.6577,1,0.7817369103431702,2,2,1,1.0
U1865,P02651,A1210,36-45,Female,Chennai,Design,11.4,Masters,200,24,Leadership,Job Opportunity,0.4126,0.3079,0.8133,46.2,3.0,1203,3,0.5162,1,0.6371033191680908,5,5,2,0.5
U1865,P03972,A0468,36-45,Female,Chennai,Design,11.4,Masters,200,24,Design,Article,0.2706,0.4156,0.5458,11.2,0.9,72,2,0.5198,0,0.5653836131095886,6,6,3,0.3333333333333333
U1865,P04165,A1165,36-45,Female,Chennai,Design,11.4,Masters,200,24,Marketing,Job Opportunity,0.2369,0.4594,0.5584,21.2,0.4,286,2,0.5178,1,0.5006283521652222,9,9,4,0.25
U1865,P03099,A0696,36-45,Female,Chennai,Design,11.4,Masters,200,24,Machine Learning,Text,0.4563,0.8546,0.8987,3.1,5.3,194,2,0.8613,1,0.849086582660675,1,1,5,0.2
U1865,P01166,A1388,36-45,Female,Chennai,Design,11.4,Masters,200,24,Design,Article,0.4387,0.8166,0.7383,140.0,13.4,408,2,0.5897,1,0.710818350315094,3,3,6,0.16666666666666666
U1865,P04273,A1624,36-45,Female,Chennai,Design,11.4,Masters,200,24,AI,Text,0.2324,0.7455,0.482,33.8,8.3,497,2,0.6005,1,0.6427204012870789,4,4,7,0.14285714285714285
U1865,P02184,A1490,36-45,Female,Chennai,Design,11.4,Masters,200,24,Finance,Job Opportunity,0.3694,0.1514,0.847,7.3,6.2,117,2,0.5505,1,0.5204280614852905,7,7,8,0.125
U1865,P00525,A0654,36-45,Female,Chennai,Design,11.4,Masters,200,24,Software,Job Opportunity,0.2769,0.7111,0.7094,126.7,5.7,587,2,0.5078,0,0.5190544128417969,8,8,9,0.1111111111111111
U1865,P02019,A0886,36-45,Female,Chennai,Design,11.4,Masters,200,24,Leadership,Text,0.5415,0.5096,0.1822,20.5,7.2,1312,4,0.4043,0,0.39970317482948303,10,10,10,0.1
U1865,P02548,A0710,36-45,Female,Chennai,Design,11.4,Masters,200,24,Design,Job Opportunity,0.2966,0.1765,0.3509,31.8,4.4,118,2,0.296,1,0.2779577970504761,11,11,11,0.09090909090909091
U1865,P02395,A0460,36-45,Female,Chennai,Design,11.4,Masters,200,24,Design,Image,0.1398,0.3345,0.1768,14.4,6.8,356,4,0.2423,1,0.1958932876586914,12,12,12,0.08333333333333333
U1877,P03954,A0276,18-25,Male,Hyderabad,Data Science,7.7,Bachelors,604,18,AI,Text,0.3354,0.8693,0.8441,6.8,3.8,131,4,0.7662,1,0.6748173832893372,1,1,1,1.0
U1877,P00287,A1145,18-25,Male,Hyderabad,Data Science,7.7,Bachelors,604,18,Marketing,Text,0.3717,0.7646,0.7619,66.9,2.1,492,2,0.6585,1,0.5895680785179138,3,3,2,0.5
U1877,P03019,A1830,18-25,Male,Hyderabad,Data Science,7.7,Bachelors,604,18,Machine Learning,Text,0.0754,0.7589,0.3661,14.3,20.8,243,2,0.5168,0,0.559102475643158,4,4,3,0.3333333333333333
U1877,P03798,A0079,18-25,Male,Hyderabad,Data Science,7.7,Bachelors,604,18,Marketing,Article,0.5193,0.6797,0.4728,10.4,3.5,754,4,0.5866,1,0.5226738452911377,5,5,4,0.25
U1877,P00966,A1443,18-25,Male,Hyderabad,Data Science,7.7,Bachelors,604,18,Finance,Article,0.3029,0.8824,0.5142,39.2,6.1,211,2,0.6496,1,0.6184542179107666,2,2,5,0.2
U1877,P00569,A0661,18-25,Male,Hyderabad,Data Science,7.7,Bachelors,604,18,AI,Image,0.258,0.6144,0.5216,38.8,8.7,141,1,0.5443,0,0.4800046980381012,6,6,6,0.16666666666666666
U1877,P04679,A0456,18-25,Male,Hyderabad,Data Science,7.7,Bachelors,604,18,Finance,Article,0.6435,0.3749,0.6316,29.7,7.8,299,3,0.5306,1,0.43763285875320435,7,7,7,0.14285714285714285
U1877,P02216,A0172,18-25,Male,Hyderabad,Data Science,7.7,Bachelors,604,18,Leadership,Article,0.0931,0.5046,0.408,13.0,7.9,1083,1,0.4477,0,0.3780193626880646,8,8,8,0.125
U1877,P00526,A0474,18-25,Male,Hyderabad,Data Science,7.7,Bachelors,604,18,Leadership,Article,0.2047,0.253,0.4521,54.0,6.0,414,1,0.3008,0,0.3374343812465668,9,9,9,0.1111111111111111
U1877,P02068,A1170,18-25,Male,Hyderabad,Data Science,7.7,Bachelors,604,18,Leadership,Text,0.4372,0.3736,0.3881,31.2,5.1,306,2,0.4006,0,0.32949668169021606,10,10,10,0.1
U1877,P00076,A1515,18-25,Male,Hyderabad,Data Science,7.7,Bachelors,604,18,Machine Learning,Image,0.3808,0.6112,0.6699,137.6,4.0,168,3,0.3794,1,0.3093588054180145,11,11,11,0.09090909090909091
U1877,P04412,A1871,18-25,Male,Hyderabad,Data Science,7.7,Bachelors,604,18,Marketing,Image,0.3031,0.2866,0.2348,22.1,6.2,655,1,0.3138,0,0.27283698320388794,12,12,12,0.08333333333333333
U1877,P04285,A1090,18-25,Male,Hyderabad,Data Science,7.7,Bachelors,604,18,Data Science,Image,0.3138,0.1095,0.4246,40.9,14.2,372,2,0.253,0,0.15921363234519958,13,13,13,0.07692307692307693
U1883,P04476,A0655,26-35,Female,Bengaluru,Engineering,6.1,Masters,230,13,Design,Article,0.7126,0.6713,0.7313,46.6,6.4,1300,4,0.633,0,0.6885737776756287,1,1,1,1.0
U1883,P02497,A0274,26-35,Female,Bengaluru,Engineering,6.1,Masters,230,13,Data Science,Article,0.5848,0.6845,0.2243,1.3,2.4,73,1,0.5797,0,0.6651326417922974,2,2,2,0.5
U1883,P01933,A1251,26-35,Female,Bengaluru,Engineering,6.1,Masters,230,13,Marketing,Job Opportunity,0.1333,0.8613,0.7546,32.6,5.4,446,5,0.5768,1,0.4830845594406128,3,3,3,0.3333333333333333
U1883,P03437,A0380,26-35,Female,Bengaluru,Engineering,6.1,Masters,230,13,Software,Text,0.3736,0.536,0.6345,7.5,3.9,472,4,0.5125,0,0.4465125799179077,4,4,4,0.25
U1883,P01609,A0749,26-35,Female,Bengaluru,Engineering,6.1,Masters,230,13,Marketing,Article,0.5317,0.2757,0.6298,42.8,6.7,233,1,0.4509,0,0.3890478014945984,5,5,5,0.2
U1883,P00021,A0516,26-35,Female,Bengaluru,Engineering,6.1,Masters,230,13,Data Science,Job Opportunity,0.1225,0.2071,0.4838,53.5,10.4,361,5,0.1627,0,0.15228983759880066,6,6,6,0.16666666666666666
U1884,P02818,A0386,36-45,Male,Chennai,Business,7.5,Bachelors,298,20,Leadership,Video,0.165,0.6132,0.7056,2.5,21.2,627,5,0.5458,0,0.7485558390617371,1,1,1,1.0
U1884,P02383,A1480,36-45,Male,Chennai,Business,7.5,Bachelors,298,20,Software,Article,0.3797,0.7634,0.9695,3.9,7.3,985,3,0.805,1,0.73780357837677,2,2,2,0.5
U1884,P04286,A1405,36-45,Male,Chennai,Business,7.5,Bachelors,298,20,Leadership,Article,0.6834,0.8907,0.3608,12.9,1.3,342,2,0.7369,1,0.6616071462631226,5,5,3,0.3333333333333333
U1884,P01426,A0122,36-45,Male,Chennai,Business,7.5,Bachelors,298,20,Design,Text,0.3756,0.6225,0.6182,58.6,3.6,383,1,0.5883,0,0.6017067432403564,6,6,4,0.25
U1884,P02419,A0940,36-45,Male,Chennai,Business,7.5,Bachelors,298,20,Career,Article,0.3344,0.7069,0.6737,7.3,5.1,71,2,0.7016,1,0.7233201861381531,3,3,5,0.2
U1884,P00717,A0967,36-45,Male,Chennai,Business,7.5,Bachelors,298,20,AI,Text,0.6429,0.6214,0.5089,25.2,5.1,271,2,0.6456,1,0.662710964679718,4,4,6,0.16666666666666666
U1884,P04052,A1145,36-45,Male,Chennai,Business,7.5,Bachelors,298,20,AI,Text,0.6197,0.4739,0.2353,15.9,19.3,531,2,0.4722,1,0.45746904611587524,7,7,7,0.14285714285714285
U1884,P01623,A1297,36-45,Male,Chennai,Business,7.5,Bachelors,298,20,Career,Video,0.0329,0.5674,0.4302,40.2,3.0,115,3,0.3629,0,0.3679312765598297,8,8,8,0.125
U1886,P04021,A1215,26-35,Female,Bengaluru,Data Science,8.6,Bachelors,300,22,Design,Job Opportunity,0.2162,0.8384,0.9152,15.2,6.0,458,4,0.7617,1,0.7822826504707336,2,2,1,1.0
U1886,P04116,A1213,26-35,Female,Bengaluru,Data Science,8.6,Bachelors,300,22,Leadership,Article,0.6068,0.5283,0.6048,20.1,1.7,2720,2,0.6603,0,0.6501978635787964,3,3,2,0.5
U1886,P01121,A0037,26-35,Female,Bengaluru,Data Science,8.6,Bachelors,300,22,Marketing,Article,0.2908,0.676,0.7854,31.8,6.6,699,5,0.6072,0,0.6458105444908142,4,4,3,0.3333333333333333
U1886,P01206,A0860,26-35,Female,Bengaluru,Data Science,8.6,Bachelors,300,22,Leadership,Video,0.3385,0.67,0.4863,0.4,4.3,251,5,0.5545,0,0.5812042951583862,6,6,4,0.25
U1886,P01562,A1810,26-35,Female,Bengaluru,Data Science,8.6,Bachelors,300,22,Data Science,Job Opportunity,0.1052,0.6072,0.9364,27.0,10.7,1349,2,0.6855,1,0.7908358573913574,1,1,5,0.2
U1886,P00414,A0176,26-35,Female,Bengaluru,Data Science,8.6,Bachelors,300,22,Design,Job Opportunity,0.6336,0.6088,0.7853,43.5,6.8,409,2,0.726,1,0.6406240463256836,5,5,6,0.16666666666666666
U1886,P01504,A0242,26-35,Female,Bengaluru,Data Science,8.6,Bachelors,300,22,AI,Video,0.4467,0.4331,0.6338,5.6,3.8,546,2,0.6138,1,0.5751981139183044,7,7,7,0.14285714285714285
U1886,P03228,A1606,26-35,Female,Bengaluru,Data Science,8.6,Bachelors,300,22,Leadership,Text,0.5827,0.4983,0.4068,3.1,12.6,354,2,0.5932,0,0.5620056986808777,8,8,8,0.125
U1886,P03582,A1049,26-35,Female,Bengaluru,Data Science,8.6,Bachelors,300,22,Design,Job Opportunity,0.7065,0.5065,0.6012,62.7,8.4,782,3,0.5631,0,0.5487497448921204,9,9,9,0.1111111111111111
U1886,P04251,A1361,26-35,Female,Bengaluru,Data Science,8.6,Bachelors,300,22,Machine Learning,Job Opportunity,0.2203,0.5694,0.4154,18.2,8.4,501,1,0.5361,1,0.49652528762817383,10,10,10,0.1
U1886,P01928,A0215,26-35,Female,Bengaluru,Data Science,8.6,Bachelors,300,22,Career,Text,0.4533,0.4325,0.5215,34.4,4.5,199,2,0.512,1,0.486719012260437,11,11,11,0.09090909090909091
U1886,P02432,A0300,26-35,Female,Bengaluru,Data Science,8.6,Bachelors,300,22,Software,Text,0.1751,0.4208,0.5627,6.2,10.6,1122,3,0.4711,0,0.4834117889404297,12,12,12,0.08333333333333333
U1886,P04087,A0501,26-35,Female,Bengaluru,Data Science,8.6,Bachelors,300,22,Software,Job Opportunity,0.4479,0.6641,0.5389,101.1,4.8,136,5,0.404,0,0.44273680448532104,13,13,13,0.07692307692307693
U1886,P01641,A0641,26-35,Female,Bengaluru,Data Science,8.6,Bachelors,300,22,Machine Learning,Article,0.1578,0.4381,0.4994,37.7,15.1,201,2,0.4183,1,0.43408384919166565,14,14,14,0.07142857142857142
U1886,P04064,A0250,26-35,Female,Bengaluru,Data Science,8.6,Bachelors,300,22,Leadership,Text,0.2003,0.2737,0.5302,6.8,3.7,269,1,0.4545,0,0.4050140082836151,15,15,15,0.06666666666666667
U1886,P00263,A0146,26-35,Female,Bengaluru,Data Science,8.6,Bachelors,300,22,AI,Article,0.5463,0.0691,0.6326,28.6,6.9,193,1,0.4474,0,0.33843034505844116,16,16,16,0.0625
U1886,P02007,A0428,26-35,Female,Bengaluru,Data Science,8.6,Bachelors,300,22,Career,Text,0.0574,0.2594,0.6275,89.0,4.2,985,1,0.2973,0,0.26823386549949646,17,17,17,0.058823529411764705
U1888,P01599,A0933,18-25,Female,Delhi,Business,4.4,Bachelors,134,18,Career,Video,0.1372,0.6469,0.7331,1.4,9.1,134,3,0.6046,1,0.5977634191513062,4,4,1,1.0
U1888,P00306,A0692,18-25,Female,Delhi,Business,4.4,Bachelors,134,18,Software,Article,0.5084,0.7562,0.3484,27.9,2.0,81,1,0.6096,0,0.5689259171485901,5,5,2,0.5
U1888,P04807,A1095,18-25,Female,Delhi,Business,4.4,Bachelors,134,18,Software,Job Opportunity,0.4479,0.4921,0.5826,28.6,10.2,71,3,0.4959,1,0.5476741194725037,6,6,3,0.3333333333333333
U1888,P01415,A0259,18-25,Female,Delhi,Business,4.4,Bachelors,134,18,Marketing,Text,0.6167,0.6289,0.2971,2.5,13.5,805,5,0.4766,0,0.5398292541503906,7,7,4,0.25
U1888,P01440,A0033,18-25,Female,Delhi,Business,4.4,Bachelors,134,18,Data Science,Job Opportunity,0.4139,0.4433,0.7583,3.3,5.2,391,1,0.6479,1,0.7406525611877441,1,1,5,0.2
U1888,P00397,A0545,18-25,Female,Delhi,Business,4.4,Bachelors,134,18,Marketing,Text,0.5786,0.6507,0.6499,8.3,11.1,367,1,0.7274,1,0.6927765011787415,2,2,6,0.16666666666666666
U1888,P03957,A1668,18-25,Female,Delhi,Business,4.4,Bachelors,134,18,Career,Video,0.0733,0.8475,0.6668,14.5,5.7,197,2,0.6611,1,0.6886553168296814,3,3,7,0.14285714285714285
U1888,P00888,A0256,18-25,Female,Delhi,Business,4.4,Bachelors,134,18,Finance,Article,0.1145,0.8293,0.3726,19.9,7.1,97,4,0.4685,1,0.4786367118358612,8,8,8,0.125
U1888,P02164,A0534,18-25,Female,Delhi,Business,4.4,Bachelors,134,18,Leadership,Text,0.3012,0.5075,0.2714,7.7,9.7,244,2,0.4064,1,0.44564804434776306,9,9,9,0.1111111111111111
U1888,P04701,A0900,18-25,Female,Delhi,Business,4.4,Bachelors,134,18,Leadership,Image,0.329,0.5357,0.4616,40.9,0.9,150,4,0.3789,1,0.3700565695762634,10,10,10,0.1
U1888,P03693,A0657,18-25,Female,Delhi,Business,4.4,Bachelors,134,18,Data Science,Job Opportunity,0.2107,0.4649,0.3727,38.8,12.7,115,4,0.289,0,0.23473180830478668,11,11,11,0.09090909090909091
U1891,P00657,A1892,18-25,Male,Pune,Data Science,10.0,Diploma,178,15,Software,Text,0.6037,0.7753,0.7918,6.5,5.4,326,3,0.7831,0,0.7709248661994934,1,1,1,1.0
U1891,P04531,A0376,18-25,Male,Pune,Data Science,10.0,Diploma,178,15,Data Science,Article,0.3586,0.7291,0.6026,12.9,5.2,365,3,0.634,1,0.6518163681030273,2,2,2,0.5
U1891,P00740,A0359,18-25,Male,Pune,Data Science,10.0,Diploma,178,15,Machine Learning,Article,0.1612,0.5315,0.8664,21.8,11.4,217,3,0.5779,1,0.6356467008590698,3,3,3,0.3333333333333333
U1891,P01837,A0506,18-25,Male,Pune,Data Science,10.0,Diploma,178,15,Finance,Article,0.2284,0.7933,0.477,56.0,1.1,1017,1,0.5587,1,0.5158936977386475,4,4,4,0.25
U1891,P01643,A0656,18-25,Male,Pune,Data Science,10.0,Diploma,178,15,Marketing,Image,0.5072,0.3179,0.7943,9.9,2.2,245,3,0.5598,1,0.5146870017051697,5,5,5,0.2
U1891,P04915,A0446,18-25,Male,Pune,Data Science,10.0,Diploma,178,15,Machine Learning,Image,0.3799,0.5132,0.6023,3.7,2.3,149,4,0.521,0,0.5000004172325134,6,6,6,0.16666666666666666
U1891,P00212,A1029,18-25,Male,Pune,Data Science,10.0,Diploma,178,15,AI,Image,0.4273,0.4446,0.5026,21.4,7.1,186,3,0.4546,1,0.42733898758888245,7,7,7,0.14285714285714285
U1891,P03956,A0406,18-25,Male,Pune,Data Science,10.0,Diploma,178,15,Design,Text,0.0275,0.2218,0.8036,31.2,9.2,159,1,0.4075,0,0.41999974846839905,8,8,8,0.125
U1891,P01768,A1951,18-25,Male,Pune,Data Science,10.0,Diploma,178,15,Software,Text,0.1873,0.7279,0.3548,28.5,6.8,312,2,0.4856,1,0.3877166509628296,9,9,9,0.1111111111111111
U1891,P02686,A1757,18-25,Male,Pune,Data Science,10.0,Diploma,178,15,Machine Learning,Article,0.1808,0.3442,0.417,6.1,9.2,724,1,0.3972,0,0.36083704233169556,10,10,10,0.1
U1891,P01137,A0692,18-25,Male,Pune,Data Science,10.0,Diploma,178,15,Machine Learning,Text,0.3281,0.5453,0.3932,30.0,6.4,854,4,0.3835,0,0.3023468255996704,11,11,11,0.09090909090909091
U1891,P02825,A0784,18-25,Male,Pune,Data Science,10.0,Diploma,178,15,Software,Article,0.6756,0.3603,0.2849,49.2,7.2,169,4,0.31,0,0.2668156325817108,12,12,12,0.08333333333333333
U1891,P04371,A1201,18-25,Male,Pune,Data Science,10.0,Diploma,178,15,Software,Text,0.6776,0.1382,0.4528,13.3,15.7,3367,4,0.3386,0,0.2658676505088806,13,13,13,0.07692307692307693
U1891,P02289,A0656,18-25,Male,Pune,Data Science,10.0,Diploma,178,15,Machine Learning,Article,0.3284,0.2096,0.8146,122.9,3.7,107,3,0.2606,0,0.20862843096256256,14,14,14,0.07142857142857142
U1893,P01328,A1278,26-35,Male,Mumbai,Business,2.4,Masters,584,18,Career,Article,0.3632,0.4996,0.8286,42.1,3.2,1014,1,0.6246,1,0.6244403123855591,2,2,1,1.0
U1893,P02495,A0825,26-35,Male,Mumbai,Business,2.4,Masters,584,18,Design,Article,0.5004,0.4998,0.4454,9.8,7.7,558,2,0.5343,0,0.5864443778991699,3,3,2,0.5
U1893,P04601,A0488,26-35,Male,Mumbai,Business,2.4,Masters,584,18,Design,Text,0.0323,0.7629,0.7044,18.4,0.4,573,5,0.5325,1,0.5694401860237122,4,4,3,0.3333333333333333
U1893,P02142,A0093,26-35,Male,Mumbai,Business,2.4,Masters,584,18,Marketing,Article,0.2099,0.6839,0.6241,48.3,5.9,207,1,0.5773,1,0.6423300504684448,1,1,4,0.25
U1893,P04831,A0174,26-35,Male,Mumbai,Business,2.4,Masters,584,18,Career,Video,0.322,0.5499,0.5952,35.8,8.7,319,2,0.522,1,0.530450165271759,5,5,5,0.2
U1893,P02787,A1147,26-35,Male,Mumbai,Business,2.4,Masters,584,18,Leadership,Video,0.3921,0.4557,0.3053,2.3,8.8,526,3,0.4066,0,0.4151434898376465,6,6,6,0.16666666666666666
U1893,P03970,A0492,26-35,Male,Mumbai,Business,2.4,Masters,584,18,Design,Video,0.7077,0.4125,0.3766,36.9,3.5,1386,3,0.4322,0,0.3915903568267822,7,7,7,0.14285714285714285
U1900,P02227,A1753,18-25,Female,Delhi,Computer Science,6.2,Diploma,662,22,Finance,Article,0.4909,0.6864,0.7339,3.4,1.2,138,2,0.7597,1,0.7122576832771301,2,2,1,1.0
U1900,P01149,A1517,18-25,Female,Delhi,Computer Science,6.2,Diploma,662,22,Marketing,Article,0.6717,0.5726,0.9324,4.9,0.9,272,3,0.7888,1,0.6594379544258118,3,3,2,0.5
U1900,P00135,A1880,18-25,Female,Delhi,Computer Science,6.2,Diploma,662,22,AI,Article,0.4974,0.7074,0.334,4.0,12.1,268,3,0.5952,1,0.5090950131416321,5,5,3,0.3333333333333333
U1900,P04154,A1907,18-25,Female,Delhi,Computer Science,6.2,Diploma,662,22,Career,Article,0.2039,0.3026,0.5804,6.7,2.4,511,5,0.3522,0,0.34335580468177795,6,6,4,0.25
U1900,P03038,A1019,18-25,Female,Delhi,Computer Science,6.2,Diploma,662,22,Design,Job Opportunity,0.3197,0.8598,0.7536,23.4,4.4,469,2,0.7655,1,0.779146671295166,1,1,5,0.2
U1900,P02626,A1046,18-25,Female,Delhi,Computer Science,6.2,Diploma,662,22,Software,Video,0.5245,0.5908,0.8701,83.6,4.3,62,2,0.6426,0,0.5962714552879333,4,4,6,0.16666666666666666
U1900,P04690,A0181,18-25,Female,Delhi,Computer Science,6.2,Diploma,662,22,Machine Learning,Text,0.6577,0.3266,0.4476,42.6,2.3,541,5,0.36,0,0.29802703857421875,7,7,7,0.14285714285714285
U1900,P04492,A0750,18-25,Female,Delhi,Computer Science,6.2,Diploma,662,22,Machine Learning,Job Opportunity,0.5216,0.302,0.2148,16.2,7.8,862,2,0.3615,1,0.2603169083595276,8,8,8,0.125
U1900,P03280,A0373,18-25,Female,Delhi,Computer Science,6.2,Diploma,662,22,Software,Text,0.2126,0.4973,0.2078,2.2,3.4,503,5,0.3083,1,0.2508002817630768,9,9,9,0.1111111111111111
U1913,P03607,A1273,46-55,Male,Bengaluru,Engineering,5.7,Bachelors,617,21,Machine Learning,Article,0.5165,0.628,0.6837,19.1,6.3,857,3,0.6787,1,0.6183323264122009,3,3,1,1.0
U1913,P03918,A1424,46-55,Male,Bengaluru,Engineering,5.7,Bachelors,617,21,Leadership,Job Opportunity,0.1412,0.7241,0.3878,2.4,1.3,345,4,0.5069,0,0.6126078367233276,4,4,2,0.5
U1913,P04244,A1669,46-55,Male,Bengaluru,Engineering,5.7,Bachelors,617,21,Marketing,Job Opportunity,0.5867,0.5159,0.5055,10.8,8.2,241,4,0.5583,1,0.565235435962677,5,5,3,0.3333333333333333
U1913,P02684,A1198,46-55,Male,Bengaluru,Engineering,5.7,Bachelors,617,21,AI,Article,0.4329,0.6552,0.2671,10.2,5.5,392,3,0.5183,0,0.5180118680000305,6,6,4,0.25
U1913,P02506,A1789,46-55,Male,Bengaluru,Engineering,5.7,Bachelors,617,21,Marketing,Article,0.3573,0.6492,0.7884,9.2,4.6,766,1,0.7562,0,0.724808931350708,1,1,5,0.2
U1913,P00788,A0458,46-55,Male,Bengaluru,Engineering,5.7,Bachelors,617,21,Machine Learning,Text,0.2745,0.3992,0.8165,1.9,12.7,319,1,0.6564,1,0.6480438113212585,2,2,6,0.16666666666666666
U1913,P02009,A0864,46-55,Male,Bengaluru,Engineering,5.7,Bachelors,617,21,Software,Article,0.0282,0.6009,0.6436,19.8,7.7,222,4,0.4881,0,0.5142890810966492,7,7,7,0.14285714285714285
U1913,P01254,A0319,46-55,Male,Bengaluru,Engineering,5.7,Bachelors,617,21,Data Science,Image,0.3059,0.3634,0.4831,0.7,6.1,126,5,0.3853,0,0.4264105558395386,8,8,8,0.125
U1913,P01390,A1326,46-55,Male,Bengaluru,Engineering,5.7,Bachelors,617,21,Machine Learning,Video,0.4835,0.5041,0.2987,33.2,0.5,127,1,0.4891,1,0.4014049470424652,9,9,9,0.1111111111111111
U1913,P03606,A1624,46-55,Male,Bengaluru,Engineering,5.7,Bachelors,617,21,Software,Article,0.568,0.2343,0.6136,52.6,1.8,259,5,0.3474,0,0.3161463737487793,10,10,10,0.1
U1913,P04788,A1444,46-55,Male,Bengaluru,Engineering,5.7,Bachelors,617,21,Finance,Job Opportunity,0.327,0.4125,0.3923,74.2,13.2,1287,2,0.3323,1,0.3098065257072449,11,11,11,0.09090909090909091
U1913,P01761,A0480,46-55,Male,Bengaluru,Engineering,5.7,Bachelors,617,21,Finance,Text,0.3227,0.2273,0.4166,47.1,2.6,169,1,0.3351,0,0.26194822788238525,12,12,12,0.08333333333333333
U1926,P03280,A0052,18-25,Male,Delhi,Computer Science,2.7,Diploma,220,18,Software,Text,0.2126,0.6937,0.5825,2.2,3.4,503,3,0.5856,1,0.7007288932800293,1,1,1,1.0
U1926,P01000,A1803,18-25,Male,Delhi,Computer Science,2.7,Diploma,220,18,Marketing,Image,0.2085,0.9367,0.4358,14.9,0.8,298,3,0.6169,1,0.5908613204956055,2,2,2,0.5
U1926,P00453,A0644,18-25,Male,Delhi,Computer Science,2.7,Diploma,220,18,Data Science,Video,0.1042,0.8938,0.6765,13.7,10.7,243,4,0.6376,1,0.5234940052032471,3,3,3,0.3333333333333333
U1932,P02730,A1838,26-35,Female,Pune,HR,9.2,Bachelors,356,17,Finance,Video,0.265,0.3868,0.9357,0.8,4.4,177,4,0.5764,0,0.7073274850845337,2,2,1,1.0
U1932,P04872,A0048,26-35,Female,Pune,HR,9.2,Bachelors,356,17,Design,Image,0.3881,0.6289,0.8487,48.6,3.5,196,1,0.6873,0,0.6492298245429993,3,3,2,0.5
U1932,P02038,A1225,26-35,Female,Pune,HR,9.2,Bachelors,356,17,Design,Video,0.2078,0.275,0.9636,10.7,5.3,217,4,0.4974,1,0.5299390554428101,6,6,3,0.3333333333333333
U1932,P03816,A0190,26-35,Female,Pune,HR,9.2,Bachelors,356,17,Data Science,Video,0.1701,0.5279,0.5154,24.6,3.2,507,3,0.4282,0,0.4571019113063812,8,8,4,0.25
U1932,P04469,A0910,26-35,Female,Pune,HR,9.2,Bachelors,356,17,Career,Job Opportunity,0.7774,0.6745,0.6123,14.3,8.9,515,1,0.7648,1,0.7881672382354736,1,1,5,0.2
U1932,P04636,A1020,26-35,Female,Pune,HR,9.2,Bachelors,356,17,Design,Video,0.221,0.4998,0.6684,14.8,11.8,708,2,0.5447,0,0.6115971207618713,4,4,6,0.16666666666666666
U1932,P00832,A0247,26-35,Female,Pune,HR,9.2,Bachelors,356,17,Software,Article,0.38,0.6224,0.55,39.6,8.3,801,2,0.5498,0,0.5512293577194214,5,5,7,0.14285714285714285
U1932,P04126,A0609,26-35,Female,Pune,HR,9.2,Bachelors,356,17,Design,Job Opportunity,0.5893,0.5051,0.4785,30.3,5.4,486,2,0.537,1,0.5037193298339844,7,7,8,0.125
U1932,P04420,A1723,26-35,Female,Pune,HR,9.2,Bachelors,356,17,AI,Text,0.3493,0.2837,0.5207,18.0,8.2,94,2,0.4041,1,0.40225932002067566,9,9,9,0.1111111111111111
U1932,P00453,A1229,26-35,Female,Pune,HR,9.2,Bachelors,356,17,Data Science,Video,0.1042,0.3836,0.3371,13.7,10.7,243,3,0.2961,0,0.20966613292694092,10,10,10,0.1
U1936,P00341,A1770,18-25,Male,Delhi,Computer Science,10.2,PhD,273,21,Software,Text,0.0349,0.9073,0.958,1.0,10.1,152,5,0.7604,0,0.8246989846229553,1,1,1,1.0
U1936,P04573,A1750,18-25,Male,Delhi,Computer Science,10.2,PhD,273,21,Design,Text,0.3511,0.937,0.9305,66.3,2.3,166,5,0.7297,0,0.7035472989082336,3,3,2,0.5
U1936,P00205,A1248,18-25,Male,Delhi,Computer Science,10.2,PhD,273,21,Finance,Text,0.6746,0.4492,0.5614,30.7,1.9,105,1,0.6342,0,0.616809606552124,4,4,3,0.3333333333333333
U1936,P01726,A1802,18-25,Male,Delhi,Computer Science,10.2,PhD,273,21,Software,Job Opportunity,0.1442,0.387,0.7918,25.9,20.1,315,4,0.4707,0,0.5791659951210022,6,6,4,0.25
U1936,P00318,A0602,18-25,Male,Delhi,Computer Science,10.2,PhD,273,21,Marketing,Text,0.5151,0.7064,0.8263,2.7,4.4,555,2,0.8075,1,0.7896782159805298,2,2,5,0.2
U1936,P04842,A0810,18-25,Male,Delhi,Computer Science,10.2,PhD,273,21,AI,Video,0.2841,0.5722,0.7004,61.7,4.8,265,1,0.5879,1,0.6019946932792664,5,5,6,0.16666666666666666
U1936,P04689,A0148,18-25,Male,Delhi,Computer Science,10.2,PhD,273,21,Career,Image,0.6046,0.4284,0.6056,4.9,7.5,233,3,0.6114,1,0.550757884979248,7,7,7,0.14285714285714285
U1936,P01755,A1885,18-25,Male,Delhi,Computer Science,10.2,PhD,273,21,Career,Article,0.2551,0.6397,0.2246,4.2,0.4,1059,1,0.5273,1,0.4336245656013489,8,8,8,0.125
U1936,P02034,A1251,18-25,Male,Delhi,Computer Science,10.2,PhD,273,21,AI,Text,0.2187,0.1245,0.7868,12.2,9.7,380,1,0.4827,1,0.3995887339115143,9,9,9,0.1111111111111111
U1936,P02911,A0989,18-25,Male,Delhi,Computer Science,10.2,PhD,273,21,Design,Article,0.2562,0.3902,0.3962,89.8,4.5,179,3,0.2609,0,0.2657366693019867,10,10,10,0.1
U1936,P02423,A1552,18-25,Male,Delhi,Computer Science,10.2,PhD,273,21,Machine Learning,Text,0.2592,0.2668,0.2416,16.4,2.3,193,4,0.2515,0,0.1916060745716095,11,11,11,0.09090909090909091
U1942,P03260,A0376,26-35,Male,Bengaluru,Business,16.0,Bachelors,135,14,Marketing,Job Opportunity,0.5437,0.8652,0.7581,6.3,4.0,351,2,0.8286,0,0.8111560940742493,1,1,1,1.0
U1942,P03234,A1986,26-35,Male,Bengaluru,Business,16.0,Bachelors,135,14,Machine Learning,Article,0.2331,0.6606,0.5546,8.6,3.9,349,2,0.6132,0,0.6626479625701904,3,3,2,0.5
U1942,P00088,A1334,26-35,Male,Bengaluru,Business,16.0,Bachelors,135,14,Leadership,Article,0.4127,0.622,0.9271,69.3,2.1,441,1,0.7024,1,0.6189624071121216,6,6,3,0.3333333333333333
U1942,P03996,A1974,26-35,Male,Bengaluru,Business,16.0,Bachelors,135,14,AI,Image,0.0665,0.7002,0.82,3.7,6.3,315,4,0.6427,1,0.6073819994926453,8,8,4,0.25
U1942,P04058,A0680,26-35,Male,Bengaluru,Business,16.0,Bachelors,135,14,AI,Text,0.3456,0.583,0.8289,8.7,5.7,636,1,0.7359,1,0.7068053483963013,2,2,5,0.2
U1942,P01420,A0242,26-35,Male,Bengaluru,Business,16.0,Bachelors,135,14,Machine Learning,Job Opportunity,0.2581,0.6991,0.7736,56.5,8.1,260,1,0.6647,1,0.6241452097892761,4,4,6,0.16666666666666666
U1942,P04012,A0967,26-35,Male,Bengaluru,Business,16.0,Bachelors,135,14,AI,Image,0.2312,0.7164,0.5667,35.9,12.7,116,2,0.592,0,0.619033932685852,5,5,7,0.14285714285714285
U1942,P03374,A1837,26-35,Male,Bengaluru,Business,16.0,Bachelors,135,14,Career,Job Opportunity,0.4085,0.5306,0.7224,73.9,17.1,1051,2,0.539,0,0.6139721274375916,7,7,8,0.125
U1942,P03367,A1520,26-35,Male,Bengaluru,Business,16.0,Bachelors,135,14,Marketing,Image,0.5741,0.4676,0.4577,43.4,6.6,646,2,0.5017,0,0.6038697361946106,9,9,9,0.1111111111111111
U1942,P01175,A0462,26-35,Male,Bengaluru,Business,16.0,Bachelors,135,14,Machine Learning,Article,0.054,0.7236,0.4921,8.4,13.8,1404,2,0.5708,0,0.4753996729850769,10,10,10,0.1
U1944,P00871,A1487,18-25,Female,Pune,Marketing,2.8,Bachelors,78,13,Machine Learning,Article,0.4008,0.8589,0.8859,39.1,7.3,135,3,0.7183,1,0.7354865670204163,1,1,1,1.0
U1944,P02640,A0713,18-25,Female,Pune,Marketing,2.8,Bachelors,78,13,Software,Article,0.4774,0.2237,0.8118,2.0,2.2,167,3,0.4802,1,0.6800631880760193,3,3,2,0.5
U1944,P04135,A0556,18-25,Female,Pune,Marketing,2.8,Bachelors,78,13,Marketing,Text,0.4319,0.52,0.5169,23.1,4.0,279,1,0.5133,1,0.594935953617096,4,4,3,0.3333333333333333
U1944,P03426,A1420,18-25,Female,Pune,Marketing,2.8,Bachelors,78,13,Design,Article,0.1617,0.8994,0.5767,44.8,1.0,973,3,0.5456,1,0.5396698713302612,5,5,4,0.25
U1944,P03517,A1306,18-25,Female,Pune,Marketing,2.8,Bachelors,78,13,Finance,Video,0.3259,0.6919,0.6137,1.8,6.7,927,2,0.6191,1,0.6851984262466431,2,2,5,0.2
U1944,P01704,A0348,18-25,Female,Pune,Marketing,2.8,Bachelors,78,13,Leadership,Video,0.6089,0.3286,0.5736,3.4,9.2,139,5,0.4011,1,0.4846228361129761,6,6,6,0.16666666666666666
U1944,P03426,A0019,18-25,Female,Pune,Marketing,2.8,Bachelors,78,13,Design,Article,0.1617,0.5676,0.7714,44.8,1.0,973,3,0.4627,1,0.47321614623069763,7,7,7,0.14285714285714285
U1944,P04103,A1918,18-25,Female,Pune,Marketing,2.8,Bachelors,78,13,Design,Article,0.0885,0.8162,0.5289,86.7,5.2,489,4,0.352,0,0.3663358688354492,8,8,8,0.125
U1944,P00662,A0157,18-25,Female,Pune,Marketing,2.8,Bachelors,78,13,Finance,Text,0.3909,0.2572,0.5254,15.4,5.3,227,3,0.3315,0,0.3441905379295349,9,9,9,0.1111111111111111
U1944,P04306,A0530,18-25,Female,Pune,Marketing,2.8,Bachelors,78,13,Finance,Text,0.25,0.5579,0.2862,77.1,10.1,595,1,0.2901,0,0.3096050024032593,10,10,10,0.1
U1965,P04167,A0153,36-45,Male,Mumbai,Marketing,8.5,Diploma,347,14,Marketing,Image,0.4601,0.8017,0.8036,3.9,5.8,1124,3,0.7698,1,0.7916215658187866,1,1,1,1.0
U1965,P04475,A0196,36-45,Male,Mumbai,Marketing,8.5,Diploma,347,14,Career,Text,0.5651,0.7894,0.588,14.8,5.7,326,3,0.6994,1,0.7266625761985779,3,3,2,0.5
U1965,P00956,A0330,36-45,Male,Mumbai,Marketing,8.5,Diploma,347,14,Finance,Job Opportunity,0.2786,0.8802,0.6957,7.0,0.4,575,3,0.7224,1,0.6693978905677795,4,4,3,0.3333333333333333
U1965,P03308,A1980,36-45,Male,Mumbai,Marketing,8.5,Diploma,347,14,Machine Learning,Job Opportunity,0.2891,0.3652,0.6601,36.6,3.9,431,4,0.3801,1,0.3164586126804352,9,9,4,0.25
U1965,P04743,A1230,36-45,Male,Mumbai,Marketing,8.5,Diploma,347,14,Leadership,Article,0.2845,0.9136,0.8497,16.5,4.7,188,2,0.7934,1,0.7606165409088135,2,2,5,0.2
U1965,P00964,A0690,36-45,Male,Mumbai,Marketing,8.5,Diploma,347,14,Design,Image,0.497,0.6235,0.6023,26.1,8.0,430,1,0.6529,1,0.6403706073760986,5,5,6,0.16666666666666666
U1965,P04462,A1539,36-45,Male,Mumbai,Marketing,8.5,Diploma,347,14,Marketing,Article,0.3368,0.5002,0.6318,20.9,5.4,132,1,0.5746,0,0.5968056917190552,6,6,7,0.14285714285714285
U1965,P00134,A0796,36-45,Male,Mumbai,Marketing,8.5,Diploma,347,14,Finance,Text,0.4526,0.3459,0.7298,33.6,12.0,351,1,0.546,1,0.45456740260124207,7,7,8,0.125
U1965,P00390,A0040,36-45,Male,Mumbai,Marketing,8.5,Diploma,347,14,Finance,Text,0.0302,0.4485,0.6405,10.9,10.9,2170,2,0.4563,1,0.3947577178478241,8,8,9,0.1111111111111111
U1965,P01531,A1065,36-45,Male,Mumbai,Marketing,8.5,Diploma,347,14,Career,Job Opportunity,0.2452,0.4276,0.4687,21.6,6.8,580,4,0.3502,1,0.3050474524497986,10,10,10,0.1
U1965,P03149,A0483,36-45,Male,Mumbai,Marketing,8.5,Diploma,347,14,Finance,Text,0.1197,0.6093,0.4622,44.6,6.1,176,2,0.4188,0,0.2759186029434204,11,11,11,0.09090909090909091
U1965,P02728,A1603,36-45,Male,Mumbai,Marketing,8.5,Diploma,347,14,Finance,Video,0.0827,0.4239,0.2294,1.9,1.6,422,2,0.3114,1,0.17989322543144226,12,12,12,0.08333333333333333
U1974,P02430,A0527,26-35,Female,Mumbai,Finance,3.2,Bachelors,385,16,Finance,Article,0.0768,0.6897,0.5868,2.6,4.3,125,3,0.5362,1,0.6329044103622437,2,2,1,1.0
U1974,P03029,A1453,26-35,Female,Mumbai,Finance,3.2,Bachelors,385,16,Career,Video,0.0627,0.7096,0.485,27.4,3.6,141,1,0.5145,1,0.481289803981781,4,4,2,0.5
U1974,P03363,A0908,26-35,Female,Mumbai,Finance,3.2,Bachelors,385,16,Software,Article,0.2428,0.6271,0.7174,3.6,16.2,316,2,0.6333,0,0.675466001033783,1,1,3,0.3333333333333333
U1974,P03090,A1601,26-35,Female,Mumbai,Finance,3.2,Bachelors,385,16,Leadership,Article,0.4594,0.4811,0.6047,17.2,4.5,775,2,0.548,0,0.5808693170547485,3,3,4,0.25
U1974,P03029,A1125,26-35,Female,Mumbai,Finance,3.2,Bachelors,385,16,Career,Video,0.0627,0.4124,0.3912,27.4,3.6,141,4,0.2524,1,0.2097727656364441,5,5,5,0.2
U1985,P04626,A0713,26-35,Male,Kolkata,Engineering,4.7,Bachelors,67,24,Leadership,Image,0.4828,0.7133,0.6626,29.1,8.4,232,3,0.6767,1,0.6778527498245239,1,1,1,1.0
U1985,P00904,A0252,26-35,Male,Kolkata,Engineering,4.7,Bachelors,67,24,Machine Learning,Job Opportunity,0.7539,0.4077,0.6778,2.6,3.1,835,1,0.7158,0,0.6534336805343628,3,3,2,0.5
U1985,P03075,A1430,26-35,Male,Kolkata,Engineering,4.7,Bachelors,67,24,Machine Learning,Article,0.5247,0.3972,0.8316,25.3,7.5,271,3,0.6155,0,0.6157294511795044,4,4,3,0.3333333333333333
U1985,P04297,A0331,26-35,Male,Kolkata,Engineering,4.7,Bachelors,67,24,Design,Article,0.3334,0.6485,0.3503,0.2,4.5,78,1,0.5999,1,0.5919331312179565,5,5,4,0.25
U1985,P04484,A1726,26-35,Male,Kolkata,Engineering,4.7,Bachelors,67,24,Software,Video,0.3019,0.4379,0.8342,48.4,13.1,263,1,0.5954,0,0.6534485816955566,2,2,5,0.2
U1985,P02646,A0782,26-35,Male,Kolkata,Engineering,4.7,Bachelors,67,24,Machine Learning,Text,0.2838,0.5786,0.7569,21.6,12.9,352,4,0.5844,1,0.5857367515563965,6,6,6,0.16666666666666666
U1985,P03636,A1925,26-35,Male,Kolkata,Engineering,4.7,Bachelors,67,24,Data Science,Article,0.5545,0.5262,0.6744,4.8,7.9,325,2,0.6874,1,0.5532999634742737,7,7,7,0.14285714285714285
U1985,P03201,A0307,26-35,Male,Kolkata,Engineering,4.7,Bachelors,67,24,Software,Article,0.3699,0.3891,0.4746,1.2,1.9,765,4,0.4353,0,0.5027428865432739,8,8,8,0.125
U1985,P04762,A1258,26-35,Male,Kolkata,Engineering,4.7,Bachelors,67,24,Software,Job Opportunity,0.2496,0.552,0.6128,103.8,13.5,317,2,0.4031,1,0.4230384826660156,9,9,9,0.1111111111111111
U1985,P00361,A1618,26-35,Male,Kolkata,Engineering,4.7,Bachelors,67,24,Data Science,Image,0.5627,0.5984,0.1762,3.0,9.2,1851,5,0.4302,1,0.40970638394355774,10,10,10,0.1
U1985,P01990,A1644,26-35,Male,Kolkata,Engineering,4.7,Bachelors,67,24,Design,Video,0.1091,0.7182,0.2742,10.4,13.9,289,2,0.4892,1,0.3338994085788727,11,11,11,0.09090909090909091
U2000,P04775,A0465,26-35,Female,Other,Business,6.8,Bachelors,315,16,Leadership,Image,0.2737,0.6445,0.5921,16.2,2.5,218,2,0.5679,1,0.5403479933738708,4,4,1,1.0
U2000,P04213,A0029,26-35,Female,Other,Business,6.8,Bachelors,315,16,AI,Article,0.2313,0.7489,0.4815,13.3,1.4,367,4,0.5027,1,0.45078566670417786,5,5,2,0.5
U2000,P01893,A0447,26-35,Female,Other,Business,6.8,Bachelors,315,16,Leadership,Article,0.4081,0.6359,0.5471,90.8,1.8,290,1,0.4653,0,0.4127950370311737,6,6,3,0.3333333333333333
U2000,P00872,A0236,26-35,Female,Other,Business,6.8,Bachelors,315,16,Career,Video,0.2814,0.9427,0.6732,0.9,5.9,160,2,0.7574,1,0.8208678960800171,1,1,4,0.25
U2000,P04192,A0572,26-35,Female,Other,Business,6.8,Bachelors,315,16,Leadership,Text,0.5711,0.8615,0.5287,1.9,4.8,939,2,0.7391,0,0.6960126161575317,2,2,5,0.2
U2000,P04264,A0747,26-35,Female,Other,Business,6.8,Bachelors,315,16,Marketing,Article,0.1365,0.5302,0.7919,0.4,5.6,143,1,0.6201,1,0.6508345603942871,3,3,6,0.16666666666666666
U2000,P03417,A0853,26-35,Female,Other,Business,6.8,Bachelors,315,16,Marketing,Job Opportunity,0.3114,0.5184,0.3477,6.4,12.3,135,4,0.3695,0,0.321180135011673,7,7,7,0.14285714285714285
U2003,P02670,A1275,56+,Female,Delhi,Business,3.4,Bachelors,365,20,AI,Video,0.0554,0.728,0.6853,27.8,0.9,199,2,0.593,1,0.61016845703125,2,2,1,1.0
U2003,P04549,A0382,56+,Female,Delhi,Business,3.4,Bachelors,365,20,AI,Job Opportunity,0.1936,0.8049,0.7706,30.1,1.8,477,5,0.6032,1,0.5727152228355408,3,3,2,0.5
U2003,P02598,A0099,56+,Female,Delhi,Business,3.4,Bachelors,365,20,Machine Learning,Job Opportunity,0.3475,0.7165,0.4784,32.0,7.4,485,1,0.6034,1,0.6829630136489868,1,1,3,0.3333333333333333
U2003,P00773,A1337,56+,Female,Delhi,Business,3.4,Bachelors,365,20,AI,Video,0.5027,0.6399,0.4299,31.2,4.1,213,4,0.4927,0,0.4615059792995453,4,4,4,0.25
U2006,P04739,A0865,46-55,Male,Chennai,Computer Science,7.3,Bachelors,515,13,Machine Learning,Text,0.338,0.6697,0.8074,34.4,2.4,890,2,0.651,1,0.6739982962608337,1,1,1,1.0
U2006,P02869,A0439,46-55,Male,Chennai,Computer Science,7.3,Bachelors,515,13,Marketing,Article,0.4825,0.4624,0.5367,1.8,3.9,552,3,0.5096,1,0.6100644469261169,3,3,2,0.5
U2006,P02529,A0404,46-55,Male,Chennai,Computer Science,7.3,Bachelors,515,13,Data Science,Video,0.4035,0.8051,0.4892,102.3,2.2,470,1,0.5031,1,0.49203047156333923,5,5,3,0.3333333333333333
U2006,P04872,A1945,46-55,Male,Chennai,Computer Science,7.3,Bachelors,515,13,Design,Image,0.3881,0.6096,0.4156,48.6,3.5,196,2,0.4449,1,0.36588558554649353,7,7,4,0.25
U2006,P02744,A0029,46-55,Male,Chennai,Computer Science,7.3,Bachelors,515,13,Design,Video,0.4765,0.4041,0.8159,71.4,4.9,230,1,0.5233,0,0.6299299001693726,2,2,5,0.2
U2006,P00516,A0474,46-55,Male,Chennai,Computer Science,7.3,Bachelors,515,13,Data Science,Video,0.5012,0.7017,0.5137,66.2,5.6,175,2,0.5283,0,0.5145330429077148,4,4,6,0.16666666666666666
U2006,P04758,A0512,46-55,Male,Chennai,Computer Science,7.3,Bachelors,515,13,Machine Learning,Text,0.3792,0.287,0.8478,45.6,5.0,343,2,0.4707,0,0.4249390661716461,6,6,7,0.14285714285714285
U2006,P00442,A1807,46-55,Male,Chennai,Computer Science,7.3,Bachelors,515,13,Software,Text,0.316,0.4286,0.0252,47.2,3.0,712,4,0.1715,0,0.18598710000514984,8,8,8,0.125
U2022,P03094,A1530,18-25,Female,Delhi,Business,2.4,Diploma,180,21,Machine Learning,Job Opportunity,0.4082,0.871,0.7641,1.8,9.8,280,4,0.7571,1,0.7007778286933899,1,1,1,1.0
U2022,P04023,A0677,18-25,Female,Delhi,Business,2.4,Diploma,180,21,Leadership,Article,0.3422,0.671,0.4645,2.3,3.1,114,4,0.5377,1,0.6298752427101135,2,2,2,0.5
U2022,P02333,A0316,18-25,Female,Delhi,Business,2.4,Diploma,180,21,AI,Text,0.3478,0.6296,0.747,6.7,2.2,1043,2,0.6856,0,0.5927854180335999,4,4,3,0.3333333333333333
U2022,P01769,A0819,18-25,Female,Delhi,Business,2.4,Diploma,180,21,Career,Text,0.1661,0.5714,0.7267,1.3,4.8,305,3,0.5847,1,0.5786592364311218,5,5,4,0.25
U2022,P03254,A1034,18-25,Female,Delhi,Business,2.4,Diploma,180,21,Software,Video,0.1351,0.6524,0.8329,34.0,4.1,296,1,0.6567,1,0.6088123917579651,3,3,5,0.2
U2022,P04096,A0853,18-25,Female,Delhi,Business,2.4,Diploma,180,21,Finance,Text,0.5031,0.6277,0.7183,39.6,2.4,1134,4,0.5926,1,0.5521687865257263,6,6,6,0.16666666666666666
U2022,P02904,A0589,18-25,Female,Delhi,Business,2.4,Diploma,180,21,Marketing,Article,0.2568,0.588,0.6311,66.9,18.5,745,4,0.4152,1,0.3838993012905121,7,7,7,0.14285714285714285
U2022,P03909,A1110,18-25,Female,Delhi,Business,2.4,Diploma,180,21,AI,Article,0.2342,0.5273,0.5334,49.6,7.9,1367,3,0.4046,1,0.36383238434791565,8,8,8,0.125
U2022,P01469,A0302,18-25,Female,Delhi,Business,2.4,Diploma,180,21,Data Science,Job Opportunity,0.3902,0.2637,0.4872,8.5,1.3,341,3,0.3795,0,0.28056684136390686,9,9,9,0.1111111111111111
U2026,P01029,A1747,26-35,Female,Pune,Engineering,9.1,Diploma,361,24,Data Science,Article,0.5195,0.8008,0.9287,1.8,2.0,152,3,0.8455,1,0.8349193334579468,1,1,1,1.0
U2026,P00577,A0416,26-35,Female,Pune,Engineering,9.1,Diploma,361,24,Career,Image,0.1893,0.4541,0.837,19.3,2.5,401,3,0.586,0,0.6573560237884521,3,3,2,0.5
U2026,P02277,A0859,26-35,Female,Pune,Engineering,9.1,Diploma,361,24,Career,Text,0.2301,0.5317,0.7921,6.8,8.7,408,3,0.639,1,0.6416916847229004,4,4,3,0.3333333333333333
U2026,P00978,A0718,26-35,Female,Pune,Engineering,9.1,Diploma,361,24,Design,Text,0.3075,0.5815,0.8923,28.9,1.1,599,4,0.6501,1,0.5795276165008545,5,5,4,0.25
U2026,P04744,A1650,26-35,Female,Pune,Engineering,9.1,Diploma,361,24,Data Science,Article,0.5841,0.8134,0.5347,73.8,9.5,94,1,0.6922,1,0.666311502456665,2,2,5,0.2
U2026,P01590,A0115,26-35,Female,Pune,Engineering,9.1,Diploma,361,24,Marketing,Article,0.5562,0.4094,0.3911,1.2,7.6,267,1,0.5765,0,0.479155570268631,6,6,6,0.16666666666666666
U2026,P03894,A0525,26-35,Female,Pune,Engineering,9.1,Diploma,361,24,Career,Article,0.6243,0.4672,0.4601,16.1,7.1,264,3,0.5589,1,0.46986162662506104,7,7,7,0.14285714285714285
U2026,P02632,A0519,26-35,Female,Pune,Engineering,9.1,Diploma,361,24,Machine Learning,Video,0.2828,0.5768,0.3638,13.8,1.7,499,3,0.4838,1,0.3865959644317627,8,8,8,0.125
U2026,P04333,A1524,26-35,Female,Pune,Engineering,9.1,Diploma,361,24,AI,Video,0.425,0.2036,0.6888,5.2,3.2,72,1,0.5564,0,0.3637833893299103,9,9,9,0.1111111111111111
U2026,P03036,A0803,26-35,Female,Pune,Engineering,9.1,Diploma,361,24,Marketing,Article,0.2862,0.4251,0.4168,22.2,14.3,331,2,0.4473,1,0.3441355228424072,10,10,10,0.1
U2026,P00200,A0066,26-35,Female,Pune,Engineering,9.1,Diploma,361,24,Leadership,Video,0.1988,0.5349,0.3857,30.3,3.5,174,1,0.481,1,0.339080810546875,11,11,11,0.09090909090909091
U2033,P02176,A0772,26-35,Male,Pune,Other,2.2,Masters,1184,11,Design,Text,0.6019,0.9018,0.4439,13.1,1.5,131,5,0.6092,0,0.6772128939628601,1,1,1,1.0
U2033,P03772,A1425,26-35,Male,Pune,Other,2.2,Masters,1184,11,Design,Video,0.2858,0.7478,0.6552,15.3,4.6,353,5,0.5324,0,0.5085408687591553,4,4,2,0.5
U2033,P01281,A1506,26-35,Male,Pune,Other,2.2,Masters,1184,11,Leadership,Article,0.2219,0.6617,0.3371,3.7,6.7,698,2,0.4575,1,0.43957313895225525,5,5,3,0.3333333333333333
U2033,P02676,A0839,26-35,Male,Pune,Other,2.2,Masters,1184,11,Software,Text,0.1738,0.6536,0.4979,5.4,3.0,347,4,0.4403,0,0.3650157153606415,6,6,4,0.25
U2033,P02717,A0275,26-35,Male,Pune,Other,2.2,Masters,1184,11,Leadership,Job Opportunity,0.5612,0.8904,0.7081,117.8,10.4,437,2,0.5934,1,0.6261379718780518,2,2,5,0.2
U2033,P02402,A0621,26-35,Male,Pune,Other,2.2,Masters,1184,11,Software,Job Opportunity,0.3666,0.6352,0.669,7.3,4.2,246,2,0.6156,1,0.5587799549102783,3,3,6,0.16666666666666666
U2033,P00701,A1028,26-35,Male,Pune,Other,2.2,Masters,1184,11,Data Science,Image,0.0664,0.1464,0.6507,22.7,9.8,55,2,0.2707,0,0.33967912197113037,7,7,7,0.14285714285714285
U2033,P03028,A1354,26-35,Male,Pune,Other,2.2,Masters,1184,11,Machine Learning,Image,0.4408,0.5537,0.3059,5.6,4.3,282,5,0.3534,1,0.33253055810928345,8,8,8,0.125
U2033,P01877,A1500,26-35,Male,Pune,Other,2.2,Masters,1184,11,Software,Text,0.3319,0.2832,0.3586,10.8,5.0,223,3,0.2775,0,0.22905810177326202,9,9,9,0.1111111111111111
U2033,P01267,A1620,26-35,Male,Pune,Other,2.2,Masters,1184,11,Data Science,Text,0.2102,0.3027,0.6425,235.4,7.5,1230,1,0.1085,1,0.21040824055671692,10,10,10,0.1
U2033,P04528,A0999,26-35,Male,Pune,Other,2.2,Masters,1184,11,Software,Text,0.1522,0.2371,0.1736,28.3,8.9,294,3,0.1543,0,0.1960880607366562,11,11,11,0.09090909090909091
U2033,P04615,A0054,26-35,Male,Pune,Other,2.2,Masters,1184,11,Career,Text,0.1331,0.4388,0.4151,72.2,4.5,675,2,0.2443,1,0.1879260390996933,12,12,12,0.08333333333333333
U2034,P02693,A1926,26-35,Male,Bengaluru,Marketing,6.7,PhD,999,17,Design,Job Opportunity,0.6505,0.7138,0.8133,3.0,4.0,199,3,0.7929,1,0.7446550130844116,1,1,1,1.0
U2034,P01269,A0137,26-35,Male,Bengaluru,Marketing,6.7,PhD,999,17,Career,Job Opportunity,0.3525,0.6598,0.6921,3.4,8.0,450,3,0.6676,0,0.6033097505569458,2,2,2,0.5
U2034,P00281,A1306,26-35,Male,Bengaluru,Marketing,6.7,PhD,999,17,AI,Text,0.339,0.7261,0.7258,33.3,4.2,86,4,0.6232,1,0.5557528734207153,3,3,3,0.3333333333333333
U2034,P00902,A0268,26-35,Male,Bengaluru,Marketing,6.7,PhD,999,17,Leadership,Job Opportunity,0.0558,0.8009,0.8474,55.8,9.8,719,4,0.5909,1,0.4952942132949829,5,5,4,0.25
U2034,P01677,A1329,26-35,Male,Bengaluru,Marketing,6.7,PhD,999,17,Career,Text,0.4423,0.7303,0.4582,59.7,7.1,543,1,0.5864,0,0.500116765499115,4,4,5,0.2
U2034,P04032,A1063,26-35,Male,Bengaluru,Marketing,6.7,PhD,999,17,Machine Learning,Article,0.2472,0.1261,0.8363,10.7,11.6,180,5,0.3637,1,0.429395467042923,6,6,6,0.16666666666666666
U2034,P02660,A1747,26-35,Male,Bengaluru,Marketing,6.7,PhD,999,17,Software,Job Opportunity,0.2792,0.5631,0.6232,72.9,1.9,343,2,0.47,0,0.423467755317688,7,7,7,0.14285714285714285
U2034,P04550,A0943,26-35,Male,Bengaluru,Marketing,6.7,PhD,999,17,Marketing,Text,0.3226,0.2955,0.7297,1.5,2.4,1008,3,0.5037,0,0.41651809215545654,8,8,8,0.125
U2034,P04106,A0417,26-35,Male,Bengaluru,Marketing,6.7,PhD,999,17,AI,Video,0.1393,0.0851,0.4353,28.9,1.5,90,1,0.2559,0,0.17990702390670776,9,9,9,0.1111111111111111
U2034,P02400,A0744,26-35,Male,Bengaluru,Marketing,6.7,PhD,999,17,Design,Article,0.409,0.2148,0.1496,6.3,5.0,552,5,0.2082,0,0.16615384817123413,10,10,10,0.1
U2064,P04798,A1205,18-25,Male,Kolkata,Data Science,9.9,Bachelors,92,13,Data Science,Job Opportunity,0.1202,0.7558,0.7833,1.2,3.8,692,3,0.6586,1,0.6940814852714539,2,2,1,1.0
U2064,P01562,A0333,18-25,Male,Kolkata,Data Science,9.9,Bachelors,92,13,Data Science,Job Opportunity,0.1052,0.6667,0.6754,27.0,10.7,1349,4,0.4856,0,0.544783353805542,4,4,2,0.5
U2064,P03369,A0512,18-25,Male,Kolkata,Data Science,9.9,Bachelors,92,13,Marketing,Article,0.5612,0.5378,0.5882,30.1,1.7,266,3,0.5358,0,0.5371804237365723,5,5,3,0.3333333333333333
U2064,P00464,A1685,18-25,Male,Kolkata,Data Science,9.9,Bachelors,92,13,Machine Learning,Job Opportunity,0.4056,0.7384,0.7468,34.7,9.4,245,1,0.704,1,0.7444397211074829,1,1,4,0.25
U2064,P00126,A1549,18-25,Male,Kolkata,Data Science,9.9,Bachelors,92,13,Finance,Job Opportunity,0.054,0.781,0.7722,19.2,15.0,174,2,0.6461,1,0.6103873252868652,3,3,5,0.2
U2064,P04310,A1468,18-25,Male,Kolkata,Data Science,9.9,Bachelors,92,13,Data Science,Image,0.1493,0.3122,0.5454,32.9,5.0,70,3,0.2981,0,0.3156450092792511,6,6,6,0.16666666666666666
U2065,P04136,A1181,26-35,Female,Other,Data Science,1.7,Bachelors,113,13,AI,Text,0.2826,0.81,0.6103,84.5,10.8,288,3,0.453,1,0.5720890164375305,3,3,1,1.0
U2065,P00398,A1692,26-35,Female,Other,Data Science,1.7,Bachelors,113,13,Software,Job Opportunity,0.4346,0.6123,0.8243,91.4,1.6,282,5,0.4089,1,0.4665156304836273,5,5,2,0.5
U2065,P02467,A1647,26-35,Female,Other,Data Science,1.7,Bachelors,113,13,Career,Text,0.1727,0.5268,0.423,37.7,15.4,319,1,0.3635,0,0.43981698155403137,6,6,3,0.3333333333333333
U2065,P03666,A0545,26-35,Female,Other,Data Science,1.7,Bachelors,113,13,Leadership,Article,0.5215,0.2737,0.7076,58.6,1.0,615,2,0.3785,0,0.3991453945636749,7,7,4,0.25
U2065,P00104,A1623,26-35,Female,Other,Data Science,1.7,Bachelors,113,13,Career,Video,0.3501,0.4363,0.518,3.4,6.5,525,1,0.4725,1,0.618562638759613,1,1,5,0.2
U2065,P02810,A0010,26-35,Female,Other,Data Science,1.7,Bachelors,113,13,Finance,Job Opportunity,0.7141,0.32,0.8546,44.8,5.5,166,1,0.5742,1,0.5885285139083862,2,2,6,0.16666666666666666
U2065,P00109,A1567,26-35,Female,Other,Data Science,1.7,Bachelors,113,13,Finance,Video,0.3112,0.4054,0.7998,49.3,4.5,811,2,0.4421,0,0.5464977025985718,4,4,7,0.14285714285714285
U2065,P03027,A0767,26-35,Female,Other,Data Science,1.7,Bachelors,113,13,Career,Article,0.2526,0.4276,0.3357,9.0,3.6,148,1,0.3568,0,0.36951446533203125,8,8,8,0.125
U2065,P02477,A1869,26-35,Female,Other,Data Science,1.7,Bachelors,113,13,AI,Article,0.3371,0.5456,0.5687,53.1,7.1,101,4,0.3527,0,0.36116936802864075,9,9,9,0.1111111111111111
U2065,P02285,A0965,26-35,Female,Other,Data Science,1.7,Bachelors,113,13,Data Science,Video,0.6772,0.3241,0.2984,74.8,8.9,302,4,0.2126,0,0.1943872570991516,10,10,10,0.1
U2068,P03857,A0266,56+,Male,Bengaluru,Finance,1.1,Bachelors,352,14,Data Science,Job Opportunity,0.1404,0.5218,0.8119,16.3,2.1,1013,1,0.5914,1,0.6249188184738159,2,2,1,1.0
U2068,P03455,A0992,56+,Male,Bengaluru,Finance,1.1,Bachelors,352,14,Data Science,Article,0.2774,0.8051,0.7447,2.1,10.7,851,4,0.6674,1,0.49811989068984985,4,4,2,0.5
U2068,P00395,A0971,56+,Male,Bengaluru,Finance,1.1,Bachelors,352,14,Career,Text,0.157,0.6824,0.8212,14.8,4.4,166,1,0.6764,0,0.6752122044563293,1,1,3,0.3333333333333333
U2068,P01289,A1852,56+,Male,Bengaluru,Finance,1.1,Bachelors,352,14,AI,Video,0.4486,0.3337,0.7842,26.9,18.7,370,2,0.5177,0,0.5619776844978333,3,3,4,0.25
U2068,P03308,A0920,56+,Male,Bengaluru,Finance,1.1,Bachelors,352,14,Machine Learning,Job Opportunity,0.2891,0.2336,0.2561,36.6,3.9,431,4,0.1765,1,0.2085544764995575,5,5,5,0.2
U2073,P04135,A1377,18-25,Male,Delhi,Business,2.9,Bachelors,248,21,Marketing,Text,0.4319,0.6508,0.8564,23.1,4.0,279,1,0.7574,1,0.7547109723091125,1,1,1,1.0
U2073,P02049,A1971,18-25,Male,Delhi,Business,2.9,Bachelors,248,21,Marketing,Video,0.4572,0.7525,0.6786,29.3,4.5,1124,5,0.622,0,0.7119501829147339,3,3,2,0.5
U2073,P00273,A0358,18-25,Male,Delhi,Business,2.9,Bachelors,248,21,Leadership,Article,0.5309,0.8048,0.6392,16.2,14.1,254,4,0.7009,1,0.6672941446304321,5,5,3,0.3333333333333333
U2073,P03584,A1450,18-25,Male,Delhi,Business,2.9,Bachelors,248,21,Data Science,Text,0.1273,0.4435,0.6337,8.4,0.5,596,1,0.532,0,0.5879143476486206,6,6,4,0.25
U2073,P02727,A0202,18-25,Male,Delhi,Business,2.9,Bachelors,248,21,Data Science,Text,0.2187,0.6642,0.8444,16.3,7.7,295,2,0.6974,0,0.733119547367096,2,2,5,0.2
U2073,P01067,A0662,18-25,Male,Delhi,Business,2.9,Bachelors,248,21,Design,Text,0.2987,0.5054,0.8169,0.4,8.9,245,2,0.665,0,0.6974453926086426,4,4,6,0.16666666666666666
U2073,P03515,A1023,18-25,Male,Delhi,Business,2.9,Bachelors,248,21,Machine Learning,Video,0.1721,0.365,0.8362,14.0,11.2,453,3,0.5149,0,0.5301687717437744,7,7,7,0.14285714285714285
U2073,P03218,A0578,18-25,Male,Delhi,Business,2.9,Bachelors,248,21,Machine Learning,Video,0.3958,0.3732,0.5736,38.5,1.5,1023,3,0.4206,1,0.4533674120903015,8,8,8,0.125
U2073,P02150,A0777,18-25,Male,Delhi,Business,2.9,Bachelors,248,21,Marketing,Article,0.106,0.4564,0.7103,40.4,4.2,121,3,0.4365,1,0.3816779553890228,9,9,9,0.1111111111111111
U2073,P00054,A0823,18-25,Male,Delhi,Business,2.9,Bachelors,248,21,Data Science,Video,0.4731,0.3989,0.3472,50.6,2.5,72,3,0.3395,0,0.26946955919265747,10,10,10,0.1
U2092,P04341,A0814,46-55,Female,Mumbai,Data Science,5.6,Bachelors,140,19,Leadership,Text,0.4554,0.6305,0.7046,37.1,6.3,127,3,0.6157,1,0.699600875377655,3,3,1,1.0
U2092,P00073,A1604,46-55,Female,Mumbai,Data Science,5.6,Bachelors,140,19,Career,Article,0.6446,0.482,0.9394,8.2,1.6,540,3,0.7335,1,0.6799448132514954,4,4,2,0.5
U2092,P00574,A0786,46-55,Female,Mumbai,Data Science,5.6,Bachelors,140,19,Design,Text,0.5933,0.7564,0.2144,30.6,1.3,239,3,0.5233,1,0.64742112159729,5,5,3,0.3333333333333333
U2092,P04301,A0267,46-55,Female,Mumbai,Data Science,5.6,Bachelors,140,19,Design,Job Opportunity,0.341,0.5213,0.688,1.3,3.2,181,5,0.5312,1,0.5630246996879578,7,7,4,0.25
U2092,P04776,A0143,46-55,Female,Mumbai,Data Science,5.6,Bachelors,140,19,Design,Video,0.6173,0.6953,0.7663,42.1,5.3,134,1,0.751,1,0.7557111382484436,1,1,5,0.2
U2092,P02758,A0531,46-55,Female,Mumbai,Data Science,5.6,Bachelors,140,19,Leadership,Article,0.8066,0.8738,0.4968,33.3,9.1,351,2,0.7597,1,0.734757661819458,2,2,6,0.16666666666666666
U2092,P01920,A1715,46-55,Female,Mumbai,Data Science,5.6,Bachelors,140,19,Leadership,Text,0.286,0.6814,0.5367,44.4,9.3,166,2,0.5431,1,0.6250523924827576,6,6,7,0.14285714285714285
U2092,P03817,A1469,46-55,Female,Mumbai,Data Science,5.6,Bachelors,140,19,Leadership,Image,0.74,0.2482,0.3277,3.6,3.1,523,3,0.4126,1,0.5341724753379822,8,8,8,0.125
U2092,P00964,A0848,46-55,Female,Mumbai,Data Science,5.6,Bachelors,140,19,Design,Image,0.497,0.4381,0.4219,26.1,8.0,430,3,0.4352,0,0.43653470277786255,9,9,9,0.1111111111111111
U2092,P02079,A0001,46-55,Female,Mumbai,Data Science,5.6,Bachelors,140,19,Marketing,Video,0.4387,0.283,0.2885,34.7,4.7,173,1,0.3384,0,0.3332168459892273,10,10,10,0.1
U2092,P04592,A0190,46-55,Female,Mumbai,Data Science,5.6,Bachelors,140,19,Data Science,Article,0.2988,0.3615,0.6108,20.9,5.7,514,5,0.3708,1,0.3310474753379822,11,11,11,0.09090909090909091
U2092,P02560,A1992,46-55,Female,Mumbai,Data Science,5.6,Bachelors,140,19,Software,Text,0.5077,0.2712,0.4325,7.9,7.6,156,5,0.3365,1,0.27672654390335083,12,12,12,0.08333333333333333
U2092,P01221,A1119,46-55,Female,Mumbai,Data Science,5.6,Bachelors,140,19,Marketing,Job Opportunity,0.3274,0.3101,0.4167,57.9,0.8,207,2,0.3023,0,0.20447270572185516,13,13,13,0.07692307692307693
U2124,P02986,A0713,18-25,Female,Delhi,Computer Science,6.0,Diploma,340,18,Career,Text,0.5284,0.6642,0.7788,79.3,6.9,421,4,0.5608,1,0.5577786564826965,2,2,1,1.0
U2124,P01787,A0255,18-25,Female,Delhi,Computer Science,6.0,Diploma,340,18,AI,Text,0.3546,0.5414,0.4322,18.4,6.3,345,2,0.4914,1,0.4028448462486267,4,4,2,0.5
U2124,P02978,A1396,18-25,Female,Delhi,Computer Science,6.0,Diploma,340,18,Machine Learning,Article,0.4095,0.7032,0.3606,67.5,14.1,170,4,0.3953,1,0.32740649580955505,5,5,3,0.3333333333333333
U2124,P02206,A0104,18-25,Female,Delhi,Computer Science,6.0,Diploma,340,18,Leadership,Job Opportunity,0.4664,0.5738,0.8078,52.2,7.7,429,2,0.6275,0,0.5580741763114929,1,1,4,0.25
U2124,P00878,A1805,18-25,Female,Delhi,Computer Science,6.0,Diploma,340,18,Finance,Text,0.5338,0.4918,0.748,90.6,8.1,306,2,0.5057,0,0.4754558205604553,3,3,5,0.2
U2124,P02252,A0746,18-25,Female,Delhi,Computer Science,6.0,Diploma,340,18,Data Science,Video,0.5688,0.4822,0.3583,9.4,1.4,201,2,0.5073,0,0.321862131357193,6,6,6,0.16666666666666666
U2126,P04677,A0018,26-35,Male,Bengaluru,Data Science,6.5,Bachelors,118,15,Marketing,Article,0.1562,0.4052,0.6926,0.5,4.4,370,3,0.4792,1,0.5641019344329834,3,3,1,1.0
U2126,P02917,A0108,26-35,Male,Bengaluru,Data Science,6.5,Bachelors,118,15,Machine Learning,Video,0.2549,0.5017,0.7552,61.0,3.0,287,5,0.3967,0,0.33956825733184814,5,5,2,0.5
U2126,P01696,A1096,26-35,Male,Bengaluru,Data Science,6.5,Bachelors,118,15,Machine Learning,Article,0.2659,0.8245,0.8784,2.0,4.7,645,1,0.8084,1,0.7752687335014343,1,1,3,0.3333333333333333
U2126,P02458,A0776,26-35,Male,Bengaluru,Data Science,6.5,Bachelors,118,15,AI,Job Opportunity,0.7444,0.614,0.663,12.6,5.1,450,2,0.724,1,0.6369954943656921,2,2,4,0.25
U2126,P01338,A1834,26-35,Male,Bengaluru,Data Science,6.5,Bachelors,118,15,Career,Job Opportunity,0.2365,0.7633,0.5464,41.8,4.7,816,2,0.5677,0,0.540987491607666,4,4,5,0.2
U2135,P00629,A0659,26-35,Female,Delhi,HR,0.8,Bachelors,245,18,Design,Text,0.666,0.7559,0.293,7.7,5.6,618,2,0.6237,0,0.6753263473510742,3,3,1,1.0
U2135,P00887,A0957,26-35,Female,Delhi,HR,0.8,Bachelors,245,18,Design,Text,0.144,0.8429,0.602,29.3,1.6,129,3,0.5812,0,0.648968517780304,4,4,2,0.5
U2135,P02690,A1024,26-35,Female,Delhi,HR,0.8,Bachelors,245,18,Machine Learning,Image,0.3791,0.6432,0.6604,4.8,3.7,561,4,0.5871,1,0.5442927479743958,7,7,3,0.3333333333333333
U2135,P02777,A0276,26-35,Female,Delhi,HR,0.8,Bachelors,245,18,AI,Article,0.6091,0.814,0.7719,229.4,7.0,1322,3,0.3704,0,0.5175759196281433,8,8,4,0.25
U2135,P02678,A1135,26-35,Female,Delhi,HR,0.8,Bachelors,245,18,Finance,Video,0.1014,0.927,0.8438,8.3,10.3,192,2,0.761,1,0.7206836938858032,1,1,5,0.2
U2135,P02380,A1203,26-35,Female,Delhi,HR,0.8,Bachelors,245,18,Career,Video,0.2233,0.6322,0.8503,8.4,4.6,268,2,0.671,1,0.6889901161193848,2,2,6,0.16666666666666666
U2135,P04735,A1071,26-35,Female,Delhi,HR,0.8,Bachelors,245,18,Career,Text,0.6267,0.5009,0.5559,46.5,18.2,2234,2,0.5221,0,0.6182309985160828,5,5,7,0.14285714285714285
U2135,P00491,A1669,26-35,Female,Delhi,HR,0.8,Bachelors,245,18,Career,Video,0.0846,0.4694,0.9083,3.5,7.3,471,2,0.592,1,0.5576245188713074,6,6,8,0.125
U2135,P04041,A1329,26-35,Female,Delhi,HR,0.8,Bachelors,245,18,Leadership,Text,0.352,0.5853,0.6819,46.7,5.4,67,2,0.5418,0,0.4426709711551666,9,9,9,0.1111111111111111
U2135,P03189,A1684,26-35,Female,Delhi,HR,0.8,Bachelors,245,18,Machine Learning,Text,0.3709,0.0775,0.7582,0.5,5.0,1205,2,0.4188,0,0.4286462962627411,10,10,10,0.1
U2135,P04252,A1385,26-35,Female,Delhi,HR,0.8,Bachelors,245,18,Data Science,Text,0.3803,0.1855,0.6138,36.4,9.1,897,2,0.3466,1,0.3337062895298004,11,11,11,0.09090909090909091
U2135,P03766,A0483,26-35,Female,Delhi,HR,0.8,Bachelors,245,18,Data Science,Text,0.2122,0.3764,0.4877,21.5,9.0,463,4,0.3117,0,0.3099757432937622,12,12,12,0.08333333333333333
U2135,P02464,A0622,26-35,Female,Delhi,HR,0.8,Bachelors,245,18,Leadership,Job Opportunity,0.1707,0.3823,0.6697,42.9,6.4,287,4,0.3345,0,0.29144996404647827,13,13,13,0.07692307692307693
U2135,P03962,A0759,26-35,Female,Delhi,HR,0.8,Bachelors,245,18,Finance,Image,0.1526,0.5876,0.4445,48.0,4.9,49,3,0.3564,0,0.2676543891429901,14,14,14,0.07142857142857142
U2135,P04394,A0292,26-35,Female,Delhi,HR,0.8,Bachelors,245,18,AI,Text,0.0853,0.3917,0.6264,10.9,12.4,65,2,0.4205,0,0.2535409927368164,15,15,15,0.06666666666666667
U2135,P03162,A0923,26-35,Female,Delhi,HR,0.8,Bachelors,245,18,Marketing,Text,0.4025,0.4783,0.554,96.1,3.5,157,4,0.2967,0,0.24932792782783508,16,16,16,0.0625
U2142,P01130,A0819,26-35,Female,Delhi,Data Science,4.9,Bachelors,978,18,Finance,Image,0.5847,0.6243,0.696,119.5,16.1,59,3,0.4742,1,0.6102919578552246,1,1,1,1.0
U2142,P00985,A1347,26-35,Female,Delhi,Data Science,4.9,Bachelors,978,18,Marketing,Job Opportunity,0.12,0.7678,0.764,54.0,10.0,425,3,0.5774,1,0.6038182377815247,2,2,2,0.5
U2142,P02548,A1475,26-35,Female,Delhi,Data Science,4.9,Bachelors,978,18,Design,Job Opportunity,0.2966,0.6307,0.5795,31.8,4.4,118,4,0.4916,0,0.5825945138931274,3,3,3,0.3333333333333333
U2142,P00050,A0656,26-35,Female,Delhi,Data Science,4.9,Bachelors,978,18,Finance,Article,0.221,0.5259,0.8462,37.2,2.5,669,3,0.5532,1,0.543144702911377,4,4,4,0.25
U2142,P03612,A0917,26-35,Female,Delhi,Data Science,4.9,Bachelors,978,18,Career,Article,0.2785,0.7241,0.6676,7.4,4.0,754,4,0.6173,1,0.5416639447212219,5,5,5,0.2
U2142,P01113,A1622,26-35,Female,Delhi,Data Science,4.9,Bachelors,978,18,Machine Learning,Video,0.6665,0.4099,0.7172,6.8,4.8,470,1,0.6804,0,0.5338945388793945,6,6,6,0.16666666666666666
U2142,P04578,A1567,26-35,Female,Delhi,Data Science,4.9,Bachelors,978,18,Data Science,Video,0.2126,0.6073,0.495,37.4,1.6,206,4,0.4106,0,0.4489801526069641,7,7,7,0.14285714285714285
U2142,P03018,A0697,26-35,Female,Delhi,Data Science,4.9,Bachelors,978,18,Software,Video,0.4408,0.5077,0.1927,27.4,3.2,281,2,0.3814,0,0.3081737458705902,8,8,8,0.125
U2142,P02563,A1699,26-35,Female,Delhi,Data Science,4.9,Bachelors,978,18,AI,Job Opportunity,0.3704,0.2671,0.3833,6.7,6.8,217,4,0.3074,0,0.2601580023765564,9,9,9,0.1111111111111111
U2146,P03528,A1230,46-55,Female,Hyderabad,Engineering,5.0,Bachelors,747,18,Leadership,Image,0.5563,0.7939,0.5198,62.7,1.2,465,4,0.5533,1,0.4704360067844391,3,3,1,1.0
U2146,P02841,A1597,46-55,Female,Hyderabad,Engineering,5.0,Bachelors,747,18,AI,Video,0.3696,0.806,0.2956,56.8,2.2,751,2,0.4898,1,0.452423095703125,4,4,2,0.5
U2146,P03012,A1848,46-55,Female,Hyderabad,Engineering,5.0,Bachelors,747,18,AI,Video,0.3913,0.3117,0.406,6.6,21.1,120,2,0.3974,0,0.44630205631256104,5,5,3,0.3333333333333333
U2146,P00335,A1997,46-55,Female,Hyderabad,Engineering,5.0,Bachelors,747,18,Finance,Image,0.5086,0.7107,0.6105,32.0,4.7,1280,1,0.6868,0,0.7396928668022156,1,1,4,0.25
U2146,P03062,A0831,46-55,Female,Hyderabad,Engineering,5.0,Bachelors,747,18,Design,Image,0.5087,0.512,0.8205,23.2,4.8,549,2,0.6649,1,0.6571780443191528,2,2,5,0.2
U2146,P03321,A1931,46-55,Female,Hyderabad,Engineering,5.0,Bachelors,747,18,Software,Article,0.1582,0.3322,0.801,53.8,2.1,163,1,0.4482,0,0.3305673897266388,6,6,6,0.16666666666666666
U2146,P02429,A0766,46-55,Female,Hyderabad,Engineering,5.0,Bachelors,747,18,Data Science,Video,0.1407,0.3725,0.6753,61.9,3.5,121,3,0.3351,0,0.1837746649980545,7,7,7,0.14285714285714285
U2148,P02768,A0409,56+,Male,Delhi,Computer Science,3.1,Bachelors,108,19,Design,Video,0.4317,0.4043,0.7389,15.9,9.9,102,4,0.5155,1,0.5745438933372498,1,1,1,1.0
U2148,P00224,A0677,56+,Male,Delhi,Computer Science,3.1,Bachelors,108,19,Marketing,Image,0.1238,0.5873,0.7141,19.7,7.6,706,3,0.5367,0,0.5235270261764526,2,2,2,0.5
U2148,P02834,A1169,56+,Male,Delhi,Computer Science,3.1,Bachelors,108,19,Software,Image,0.294,0.1883,0.5182,9.4,2.3,587,2,0.3579,0,0.27263355255126953,3,3,3,0.3333333333333333
U2153,P00751,A1841,36-45,Male,Hyderabad,Data Science,9.1,Bachelors,77,22,Machine Learning,Image,0.4381,0.5151,0.4216,0.8,11.8,329,1,0.6026,1,0.6822424530982971,1,1,1,1.0
U2153,P03664,A1187,36-45,Male,Hyderabad,Data Science,9.1,Bachelors,77,22,Leadership,Text,0.1816,0.3651,0.8256,10.7,1.3,489,4,0.5129,1,0.6215002536773682,3,3,2,0.5
U2153,P01504,A1734,36-45,Male,Hyderabad,Data Science,9.1,Bachelors,77,22,AI,Video,0.4467,0.7838,0.5167,5.6,3.8,546,4,0.6674,1,0.5924028754234314,4,4,3,0.3333333333333333
U2153,P03922,A1623,36-45,Male,Hyderabad,Data Science,9.1,Bachelors,77,22,Design,Text,0.414,0.56,0.6201,20.7,2.8,315,4,0.5665,1,0.5745861530303955,6,6,4,0.25
U2153,P04183,A0843,36-45,Male,Hyderabad,Data Science,9.1,Bachelors,77,22,Data Science,Video,0.1648,0.7742,0.7686,84.6,15.2,346,1,0.6349,0,0.6628691554069519,2,2,5,0.2
U2153,P01220,A1837,36-45,Male,Hyderabad,Data Science,9.1,Bachelors,77,22,AI,Job Opportunity,0.2591,0.4401,0.5934,13.2,11.4,475,1,0.5652,0,0.5887510776519775,5,5,6,0.16666666666666666
U2153,P00389,A0690,36-45,Male,Hyderabad,Data Science,9.1,Bachelors,77,22,Data Science,Article,0.0966,0.4412,0.7438,51.8,6.4,537,1,0.5081,0,0.5299632549285889,7,7,7,0.14285714285714285
U2153,P03847,A0644,36-45,Male,Hyderabad,Data Science,9.1,Bachelors,77,22,AI,Article,0.2656,0.678,0.7108,47.6,2.7,173,4,0.5694,0,0.5197030901908875,8,8,8,0.125
U2153,P03639,A0527,36-45,Male,Hyderabad,Data Science,9.1,Bachelors,77,22,AI,Job Opportunity,0.1402,0.4989,0.5037,54.0,2.0,733,1,0.4428,1,0.45511871576309204,9,9,9,0.1111111111111111
U2154,P02995,A1528,36-45,Male,Other,Engineering,6.8,Masters,186,15,Marketing,Text,0.5251,0.7021,0.7723,35.1,3.7,1423,3,0.6663,0,0.7583495378494263,2,2,1,1.0
U2154,P00711,A0890,36-45,Male,Other,Engineering,6.8,Masters,186,15,Leadership,Image,0.2573,0.7747,0.7091,32.0,8.6,1296,3,0.6129,1,0.6130449771881104,6,6,2,0.5
U2154,P03075,A0352,36-45,Male,Other,Engineering,6.8,Masters,186,15,Machine Learning,Article,0.5247,0.6465,0.5511,25.3,7.5,271,4,0.538,1,0.5387882590293884,7,7,3,0.3333333333333333
U2154,P03674,A0631,36-45,Male,Other,Engineering,6.8,Masters,186,15,Design,Job Opportunity,0.4318,0.6134,0.3953,7.7,6.7,584,1,0.5621,1,0.4821785092353821,8,8,4,0.25
U2154,P01977,A1317,36-45,Male,Other,Engineering,6.8,Masters,186,15,Career,Video,0.3282,0.8389,0.8641,35.8,13.6,88,1,0.7611,0,0.763805091381073,1,1,5,0.2
U2154,P00002,A0674,36-45,Male,Other,Engineering,6.8,Masters,186,15,Career,Video,0.4864,0.5237,0.8425,12.2,9.8,333,2,0.6736,1,0.6946837902069092,3,3,6,0.16666666666666666
U2154,P02792,A0219,36-45,Male,Other,Engineering,6.8,Masters,186,15,Design,Job Opportunity,0.6519,0.5781,0.6407,3.3,10.9,150,2,0.6778,1,0.6634951829910278,4,4,7,0.14285714285714285
U2154,P01671,A0375,36-45,Male,Other,Engineering,6.8,Masters,186,15,Machine Learning,Text,0.3551,0.6525,0.6847,24.8,4.1,388,1,0.6454,0,0.6281018257141113,5,5,8,0.125
U2154,P02698,A0133,36-45,Male,Other,Engineering,6.8,Masters,186,15,AI,Video,0.2904,0.4494,0.6569,39.4,12.0,253,2,0.4569,1,0.4748869240283966,9,9,9,0.1111111111111111
U2154,P00812,A0628,36-45,Male,Other,Engineering,6.8,Masters,186,15,Finance,Article,0.126,0.7735,0.6777,69.3,17.4,808,4,0.4578,1,0.4383634030818939,10,10,10,0.1
U2158,P02886,A0441,18-25,Female,Delhi,Business,2.0,PhD,158,19,Finance,Video,0.5851,0.724,0.7905,25.1,3.3,165,4,0.6983,1,0.7314209342002869,1,1,1,1.0
U2158,P00579,A0484,18-25,Female,Delhi,Business,2.0,PhD,158,19,Software,Text,0.5607,0.616,0.7124,81.2,6.4,591,3,0.5362,0,0.5649164915084839,3,3,2,0.5
U2158,P01202,A0640,18-25,Female,Delhi,Business,2.0,PhD,158,19,Design,Video,0.1754,0.4836,0.7837,25.7,3.2,287,2,0.5378,1,0.5305788516998291,4,4,3,0.3333333333333333
U2158,P04419,A0306,18-25,Female,Delhi,Business,2.0,PhD,158,19,Career,Article,0.2401,0.7173,0.8684,68.5,3.7,1019,3,0.5895,1,0.5274024605751038,5,5,4,0.25
U2158,P02075,A0771,18-25,Female,Delhi,Business,2.0,PhD,158,19,Leadership,Job Opportunity,0.4475,0.5302,0.8053,8.2,5.2,738,2,0.6728,0,0.650759756565094,2,2,5,0.2
U2158,P00903,A1184,18-25,Female,Delhi,Business,2.0,PhD,158,19,Career,Video,0.0604,0.4866,0.904,19.6,4.0,184,2,0.5706,1,0.479926198720932,6,6,6,0.16666666666666666
U2158,P00923,A1355,18-25,Female,Delhi,Business,2.0,PhD,158,19,Software,Article,0.09,0.6436,0.7421,46.9,4.2,102,4,0.4694,0,0.40900948643684387,7,7,7,0.14285714285714285
U2158,P03193,A1905,18-25,Female,Delhi,Business,2.0,PhD,158,19,Finance,Job Opportunity,0.3181,0.5738,0.4108,48.4,8.8,1048,2,0.4191,0,0.3932912349700928,8,8,8,0.125
U2158,P02332,A0112,18-25,Female,Delhi,Business,2.0,PhD,158,19,Leadership,Image,0.6677,0.7704,0.1259,27.5,3.5,265,2,0.5335,1,0.3803403973579407,9,9,9,0.1111111111111111
U2158,P03331,A1837,18-25,Female,Delhi,Business,2.0,PhD,158,19,Machine Learning,Text,0.0906,0.5339,0.2855,10.3,1.4,722,2,0.3624,1,0.2734186351299286,10,10,10,0.1
U2160,P03270,A1307,18-25,Male,Bengaluru,Data Science,4.7,PhD,110,23,Marketing,Text,0.2643,0.91,0.5188,20.4,5.5,1113,3,0.6821,1,0.7014031410217285,1,1,1,1.0
U2160,P04039,A1629,18-25,Male,Bengaluru,Data Science,4.7,PhD,110,23,Software,Image,0.3803,0.5054,0.7411,5.1,2.0,398,1,0.6989,1,0.6916700005531311,2,2,2,0.5
U2160,P00429,A0608,18-25,Male,Bengaluru,Data Science,4.7,PhD,110,23,Leadership,Video,0.5781,0.6779,0.5817,11.1,3.5,927,2,0.7222,1,0.6763842701911926,3,3,3,0.3333333333333333
U2160,P01402,A0418,18-25,Male,Bengaluru,Data Science,4.7,PhD,110,23,Leadership,Job Opportunity,0.1256,0.5553,0.7892,43.6,3.0,1815,3,0.5437,1,0.5179757475852966,5,5,4,0.25
U2160,P04454,A1654,18-25,Male,Bengaluru,Data Science,4.7,PhD,110,23,AI,Video,0.3117,0.4513,0.6271,5.2,5.9,265,2,0.5827,0,0.5508669018745422,4,4,5,0.2
U2160,P04054,A0559,18-25,Male,Bengaluru,Data Science,4.7,PhD,110,23,Design,Image,0.1158,0.8711,0.5096,95.7,2.6,436,4,0.4438,1,0.47306835651397705,6,6,6,0.16666666666666666
U2160,P03655,A0392,18-25,Male,Bengaluru,Data Science,4.7,PhD,110,23,Marketing,Text,0.427,0.3921,0.2665,8.6,8.8,253,1,0.4581,1,0.45660319924354553,7,7,7,0.14285714285714285
U2160,P01933,A0874,18-25,Male,Bengaluru,Data Science,4.7,PhD,110,23,Marketing,Job Opportunity,0.1333,0.5244,0.6695,32.6,5.4,446,3,0.5016,1,0.43575572967529297,8,8,8,0.125
U2160,P03104,A1499,18-25,Male,Bengaluru,Data Science,4.7,PhD,110,23,Marketing,Video,0.5751,0.2875,0.7276,30.5,7.4,1517,2,0.5657,1,0.4055598974227905,9,9,9,0.1111111111111111
U2160,P01068,A1092,18-25,Male,Bengaluru,Data Science,4.7,PhD,110,23,Software,Job Opportunity,0.4075,0.4765,0.5441,32.1,6.8,1384,4,0.4683,1,0.4029447138309479,10,10,10,0.1
U2160,P00560,A0855,18-25,Male,Bengaluru,Data Science,4.7,PhD,110,23,Finance,Video,0.0558,0.4255,0.4774,26.3,3.8,198,2,0.3959,1,0.3294365108013153,11,11,11,0.09090909090909091
U2160,P02361,A0967,18-25,Male,Bengaluru,Data Science,4.7,PhD,110,23,Finance,Text,0.4832,0.2282,0.3762,8.6,4.4,610,4,0.3458,0,0.3180592656135559,12,12,12,0.08333333333333333
U2160,P04762,A0168,18-25,Male,Bengaluru,Data Science,4.7,PhD,110,23,Software,Job Opportunity,0.2496,0.4621,0.3566,103.8,13.5,317,2,0.2766,0,0.20969419181346893,13,13,13,0.07692307692307693
U2162,P04304,A0281,18-25,Female,Pune,Engineering,1.7,Masters,358,17,Software,Text,0.4036,0.6618,0.6609,18.8,9.0,137,3,0.6027,0,0.6283240914344788,2,2,1,1.0
U2162,P00827,A1788,18-25,Female,Pune,Engineering,1.7,Masters,358,17,Leadership,Article,0.5703,0.5723,0.8043,7.9,19.5,312,3,0.6797,1,0.5503177046775818,5,5,2,0.5
U2162,P00284,A0272,18-25,Female,Pune,Engineering,1.7,Masters,358,17,Finance,Video,0.8066,0.3029,0.7297,35.2,8.4,114,3,0.532,1,0.5368226170539856,6,6,3,0.3333333333333333
U2162,P00218,A0573,18-25,Female,Pune,Engineering,1.7,Masters,358,17,Finance,Text,0.5273,0.2208,0.7106,35.1,2.8,188,1,0.4713,0,0.48573440313339233,7,7,4,0.25
U2162,P00344,A0127,18-25,Female,Pune,Engineering,1.7,Masters,358,17,Machine Learning,Article,0.4269,0.7601,0.5648,7.4,10.0,177,1,0.6957,1,0.7486118078231812,1,1,5,0.2
U2162,P01556,A0373,18-25,Female,Pune,Engineering,1.7,Masters,358,17,Software,Text,0.2123,0.5123,0.7366,1.0,4.7,302,1,0.6079,0,0.580435574054718,3,3,6,0.16666666666666666
U2162,P04763,A0531,18-25,Female,Pune,Engineering,1.7,Masters,358,17,Career,Video,0.623,0.7758,0.5198,82.8,9.4,234,2,0.5657,0,0.5735167264938354,4,4,7,0.14285714285714285
U2162,P01828,A1525,18-25,Female,Pune,Engineering,1.7,Masters,358,17,Data Science,Job Opportunity,0.146,0.6809,0.4,66.0,4.3,208,2,0.373,0,0.27222803235054016,8,8,8,0.125
U2168,P04206,A0631,26-35,Female,Other,Business,2.5,Bachelors,236,18,Design,Image,0.302,0.7702,0.8439,3.6,4.3,114,4,0.6917,1,0.7749330997467041,2,2,1,1.0
U2168,P01151,A0419,26-35,Female,Other,Business,2.5,Bachelors,236,18,Finance,Job Opportunity,0.2604,0.7454,0.663,2.6,2.2,116,3,0.6325,0,0.7497327327728271,3,3,2,0.5
U2168,P04148,A1789,26-35,Female,Other,Business,2.5,Bachelors,236,18,Machine Learning,Article,0.5541,0.7236,0.7401,31.4,2.1,227,4,0.6441,1,0.7107138633728027,4,4,3,0.3333333333333333
U2168,P02080,A0241,26-35,Female,Other,Business,2.5,Bachelors,236,18,Career,Video,0.4068,0.5467,0.7297,3.1,1.7,86,2,0.6332,0,0.682748019695282,5,5,4,0.25
U2168,P00485,A0838,26-35,Female,Other,Business,2.5,Bachelors,236,18,Finance,Image,0.5517,0.7577,0.5802,13.2,12.4,511,1,0.7156,0,0.7938224077224731,1,1,5,0.2
U2168,P02775,A0425,26-35,Female,Other,Business,2.5,Bachelors,236,18,Finance,Article,0.439,0.4491,0.7009,0.7,4.1,440,2,0.5882,1,0.6798855066299438,6,6,6,0.16666666666666666
U2168,P02033,A0250,26-35,Female,Other,Business,2.5,Bachelors,236,18,AI,Video,0.2134,0.6052,0.781,28.3,4.5,1218,2,0.5832,1,0.6505967378616333,7,7,7,0.14285714285714285
U2168,P02163,A0385,26-35,Female,Other,Business,2.5,Bachelors,236,18,Data Science,Text,0.628,0.4123,0.8413,21.0,4.1,190,1,0.6676,0,0.6364104747772217,8,8,8,0.125
U2168,P04470,A1024,26-35,Female,Other,Business,2.5,Bachelors,236,18,Finance,Text,0.6279,0.6525,0.3427,16.7,9.0,280,2,0.5583,1,0.6077314019203186,9,9,9,0.1111111111111111
U2168,P00360,A0187,26-35,Female,Other,Business,2.5,Bachelors,236,18,Software,Image,0.1268,0.3518,0.8087,5.2,1.0,477,2,0.4915,0,0.5113078951835632,10,10,10,0.1
U2168,P03154,A0886,26-35,Female,Other,Business,2.5,Bachelors,236,18,Software,Video,0.557,0.3965,0.5786,28.6,3.5,521,3,0.4551,0,0.5048487186431885,11,11,11,0.09090909090909091
U2171,P02965,A0889,26-35,Female,Other,Computer Science,4.8,Bachelors,316,25,Design,Video,0.24,0.6701,0.7559,21.6,3.5,384,3,0.6429,1,0.7432651519775391,1,1,1,1.0
U2171,P04562,A0667,26-35,Female,Other,Computer Science,4.8,Bachelors,316,25,AI,Article,0.4105,0.7377,0.9196,53.8,3.4,278,2,0.7429,1,0.7073372006416321,2,2,2,0.5
U2171,P00356,A1014,26-35,Female,Other,Computer Science,4.8,Bachelors,316,25,Machine Learning,Text,0.274,0.6698,0.5007,13.1,2.4,56,4,0.5322,0,0.6403710842132568,5,5,3,0.3333333333333333
U2171,P04913,A0793,26-35,Female,Other,Computer Science,4.8,Bachelors,316,25,Software,Image,0.0984,0.7291,0.462,50.3,8.5,235,3,0.4553,0,0.5551201105117798,7,7,4,0.25
U2171,P00212,A1790,26-35,Female,Other,Computer Science,4.8,Bachelors,316,25,AI,Image,0.4273,0.6642,0.599,21.4,7.1,186,2,0.6563,1,0.7042019963264465,3,3,5,0.2
U2171,P02199,A1643,26-35,Female,Other,Computer Science,4.8,Bachelors,316,25,Data Science,Article,0.458,0.6879,0.6591,18.6,4.7,881,2,0.7011,0,0.6652348637580872,4,4,6,0.16666666666666666
U2171,P02623,A0950,26-35,Female,Other,Computer Science,4.8,Bachelors,316,25,Career,Text,0.5143,0.4828,0.6042,20.8,4.5,254,2,0.5971,0,0.5692822337150574,6,6,7,0.14285714285714285
U2171,P00585,A0745,26-35,Female,Other,Computer Science,4.8,Bachelors,316,25,Leadership,Image,0.2937,0.4923,0.5036,52.3,4.7,112,4,0.3745,1,0.4368504285812378,8,8,8,0.125
U2171,P03765,A0013,26-35,Female,Other,Computer Science,4.8,Bachelors,316,25,Machine Learning,Text,0.4307,0.2128,0.9132,63.0,4.2,743,3,0.4549,0,0.4352045953273773,9,9,9,0.1111111111111111
U2171,P03171,A1473,26-35,Female,Other,Computer Science,4.8,Bachelors,316,25,Data Science,Text,0.4245,0.0628,0.9124,37.6,2.6,454,3,0.4291,0,0.39086803793907166,10,10,10,0.1
U2171,P04303,A1507,26-35,Female,Other,Computer Science,4.8,Bachelors,316,25,Career,Article,0.0358,0.2892,0.7319,54.6,8.1,210,2,0.3605,0,0.32035866379737854,11,11,11,0.09090909090909091
U2171,P03500,A1801,26-35,Female,Other,Computer Science,4.8,Bachelors,316,25,Design,Article,0.1792,0.3622,0.2706,22.9,8.0,591,2,0.31,0,0.2780085802078247,12,12,12,0.08333333333333333
U2196,P03630,A0104,36-45,Female,Pune,Design,1.5,Masters,98,19,Design,Job Opportunity,0.8171,0.8574,0.4013,4.1,3.9,208,3,0.7268,0,0.6069222688674927,3,3,1,1.0
U2196,P03353,A0803,36-45,Female,Pune,Design,1.5,Masters,98,19,Design,Job Opportunity,0.5642,0.382,0.7171,13.8,2.6,119,3,0.552,1,0.5999448895454407,4,4,2,0.5
U2196,P00467,A0691,36-45,Female,Pune,Design,1.5,Masters,98,19,Data Science,Job Opportunity,0.5566,0.3825,0.7671,6.7,2.8,683,4,0.5531,1,0.5838679075241089,6,6,3,0.3333333333333333
U2196,P02395,A0790,36-45,Female,Pune,Design,1.5,Masters,98,19,Design,Image,0.1398,0.5209,0.8038,14.4,6.8,356,3,0.5405,0,0.567244291305542,7,7,4,0.25
U2196,P01805,A1661,36-45,Female,Pune,Design,1.5,Masters,98,19,Finance,Job Opportunity,0.3375,0.6619,0.8122,3.8,18.3,161,2,0.7091,0,0.7265982627868652,1,1,5,0.2
U2196,P02398,A1642,36-45,Female,Pune,Design,1.5,Masters,98,19,Marketing,Video,0.4257,0.4376,0.8454,14.9,6.0,124,1,0.6541,1,0.6355301141738892,2,2,6,0.16666666666666666
U2196,P03712,A1841,36-45,Female,Pune,Design,1.5,Masters,98,19,Leadership,Article,0.5039,0.1781,0.9127,28.5,5.5,183,2,0.5199,1,0.5982726216316223,5,5,7,0.14285714285714285
U2196,P01778,A0400,36-45,Female,Pune,Design,1.5,Masters,98,19,Data Science,Video,0.2826,0.6993,0.7937,35.1,6.7,171,4,0.5899,1,0.5568324327468872,8,8,8,0.125
U2196,P04421,A0478,36-45,Female,Pune,Design,1.5,Masters,98,19,Marketing,Job Opportunity,0.1816,0.6174,0.7396,52.1,10.3,182,3,0.4976,0,0.5231482982635498,9,9,9,0.1111111111111111
U2196,P01359,A0833,36-45,Female,Pune,Design,1.5,Masters,98,19,Software,Job Opportunity,0.1523,0.549,0.9206,58.1,6.9,1072,3,0.5203,0,0.47342532873153687,10,10,10,0.1
U2196,P03031,A0717,36-45,Female,Pune,Design,1.5,Masters,98,19,Finance,Text,0.0066,0.2288,0.6806,32.5,0.9,314,2,0.3116,1,0.3618699610233307,11,11,11,0.09090909090909091
U2196,P03983,A1332,36-45,Female,Pune,Design,1.5,Masters,98,19,Career,Image,0.1867,0.6218,0.4159,43.6,2.9,237,4,0.3527,0,0.3305210471153259,12,12,12,0.08333333333333333
U2196,P01784,A0354,36-45,Female,Pune,Design,1.5,Masters,98,19,Data Science,Text,0.4307,0.2228,0.2958,21.6,5.1,124,3,0.2621,1,0.31914159655570984,13,13,13,0.07692307692307693
U2196,P01438,A1701,36-45,Female,Pune,Design,1.5,Masters,98,19,Design,Article,0.1818,0.4773,0.1146,25.1,4.3,353,1,0.294,1,0.2898945212364197,14,14,14,0.07142857142857142
U2202,P01395,A1944,46-55,Male,Other,Computer Science,7.1,Diploma,362,20,Design,Job Opportunity,0.4923,0.461,0.818,5.1,0.7,330,5,0.5904,0,0.5946083664894104,1,1,1,1.0
U2202,P03570,A1585,46-55,Male,Other,Computer Science,7.1,Diploma,362,20,Leadership,Text,0.5462,0.6276,0.4981,4.5,1.8,141,3,0.6175,1,0.5423303842544556,3,3,2,0.5
U2202,P01108,A1188,46-55,Male,Other,Computer Science,7.1,Diploma,362,20,Data Science,Text,0.5082,0.4695,0.6745,15.4,1.8,804,4,0.5508,0,0.5177854299545288,4,4,3,0.3333333333333333
U2202,P01155,A1449,46-55,Male,Other,Computer Science,7.1,Diploma,362,20,Finance,Article,0.3368,0.4866,0.6253,4.3,3.5,184,4,0.5137,1,0.4909130334854126,5,5,4,0.25
U2202,P01943,A1421,46-55,Male,Other,Computer Science,7.1,Diploma,362,20,Marketing,Article,0.6351,0.5679,0.5107,32.6,8.0,655,2,0.5949,1,0.5623160004615784,2,2,5,0.2
U2202,P01804,A1964,46-55,Male,Other,Computer Science,7.1,Diploma,362,20,Design,Text,0.2697,0.4876,0.4026,2.6,7.6,209,2,0.4695,0,0.4269699156284332,6,6,6,0.16666666666666666
U2202,P03258,A1732,46-55,Male,Other,Computer Science,7.1,Diploma,362,20,Leadership,Article,0.2912,0.6973,0.1674,54.6,4.4,1408,4,0.3197,0,0.4198465645313263,7,7,7,0.14285714285714285
U2202,P02627,A1273,46-55,Male,Other,Computer Science,7.1,Diploma,362,20,AI,Image,0.1653,0.4412,0.4326,34.8,6.4,1443,3,0.3393,1,0.3502989113330841,8,8,8,0.125
U2202,P04072,A0262,46-55,Male,Other,Computer Science,7.1,Diploma,362,20,Software,Job Opportunity,0.3305,0.371,0.3761,9.7,9.5,208,3,0.3728,1,0.3228752315044403,9,9,9,0.1111111111111111
U2202,P00259,A1996,46-55,Male,Other,Computer Science,7.1,Diploma,362,20,Finance,Text,0.3475,0.1222,0.6072,11.6,4.6,466,2,0.3795,1,0.3168828785419464,10,10,10,0.1
U2202,P04415,A0319,46-55,Male,Other,Computer Science,7.1,Diploma,362,20,Career,Image,0.2749,0.268,0.6635,21.5,1.3,72,3,0.4029,1,0.27624690532684326,11,11,11,0.09090909090909091
U2203,P04475,A0087,46-55,Male,Delhi,Engineering,3.4,Bachelors,136,18,Career,Text,0.5651,0.7956,0.8731,14.8,5.7,326,3,0.7923,1,0.7817155122756958,1,1,1,1.0
U2203,P01526,A0159,46-55,Male,Delhi,Engineering,3.4,Bachelors,136,18,Design,Text,0.6306,0.7732,0.6309,43.8,0.8,612,2,0.701,1,0.6803706288337708,3,3,2,0.5
U2203,P04182,A1668,46-55,Male,Delhi,Engineering,3.4,Bachelors,136,18,Finance,Job Opportunity,0.3993,0.5758,0.7838,56.3,8.3,488,3,0.558,0,0.543117880821228,4,4,3,0.3333333333333333
U2203,P03872,A1148,46-55,Male,Delhi,Engineering,3.4,Bachelors,136,18,Design,Text,0.4456,0.3095,0.762,0.5,6.5,204,5,0.4752,1,0.5366394519805908,5,5,4,0.25
U2203,P03928,A1833,46-55,Male,Delhi,Engineering,3.4,Bachelors,136,18,Finance,Image,0.3248,0.8616,0.7189,28.7,9.0,232,2,0.7237,0,0.7680126428604126,2,2,5,0.2
U2203,P03006,A1430,46-55,Male,Delhi,Engineering,3.4,Bachelors,136,18,Design,Job Opportunity,0.3893,0.4574,0.6349,9.3,2.0,267,4,0.4945,1,0.5008658766746521,6,6,6,0.16666666666666666
U2203,P00330,A0507,46-55,Male,Delhi,Engineering,3.4,Bachelors,136,18,Finance,Article,0.2229,0.6188,0.5437,4.4,8.1,2866,3,0.5329,0,0.4789617955684662,7,7,7,0.14285714285714285
U2203,P00049,A1989,46-55,Male,Delhi,Engineering,3.4,Bachelors,136,18,AI,Job Opportunity,0.224,0.7979,0.4158,4.3,3.7,446,5,0.5037,1,0.3902927339076996,8,8,8,0.125
U2215,P01556,A0503,46-55,Male,Delhi,Computer Science,6.7,Masters,418,25,Software,Text,0.2123,0.6148,0.744,1.0,4.7,302,4,0.6418,1,0.6916374564170837,2,2,1,1.0
U2215,P02207,A0291,46-55,Male,Delhi,Computer Science,6.7,Masters,418,25,Data Science,Text,0.2436,0.5935,0.6778,48.5,5.0,534,3,0.5529,1,0.5448815226554871,4,4,2,0.5
U2215,P04696,A0777,46-55,Male,Delhi,Computer Science,6.7,Masters,418,25,Finance,Article,0.3918,0.589,0.8676,18.7,6.2,54,1,0.7663,1,0.7300816774368286,1,1,3,0.3333333333333333
U2215,P00961,A1093,46-55,Male,Delhi,Computer Science,6.7,Masters,418,25,Marketing,Text,0.1509,0.6714,0.6545,23.0,8.7,359,2,0.6366,1,0.645376443862915,3,3,4,0.25
U2215,P01124,A0961,46-55,Male,Delhi,Computer Science,6.7,Masters,418,25,Design,Video,0.2135,0.3785,0.3136,20.8,8.3,321,2,0.3732,0,0.3301759958267212,5,5,5,0.2
U2219,P03855,A0278,56+,Male,Bengaluru,Marketing,5.5,Bachelors,264,15,Finance,Article,0.546,0.4113,0.4037,12.0,8.8,760,3,0.4413,0,0.40744075179100037,3,3,1,1.0
U2219,P01967,A1144,56+,Male,Bengaluru,Marketing,5.5,Bachelors,264,15,Machine Learning,Video,0.1563,0.4358,0.4662,16.6,8.4,250,3,0.3667,0,0.37649837136268616,4,4,2,0.5
U2219,P04901,A0717,56+,Male,Bengaluru,Marketing,5.5,Bachelors,264,15,Leadership,Text,0.223,0.6709,0.8663,42.9,10.1,610,1,0.6742,1,0.6572240591049194,1,1,3,0.3333333333333333
U2219,P01697,A1161,56+,Male,Bengaluru,Marketing,5.5,Bachelors,264,15,Design,Job Opportunity,0.2187,0.6361,0.5074,0.4,5.6,189,2,0.5628,1,0.6178340911865234,2,2,4,0.25
U2219,P00270,A0915,56+,Male,Bengaluru,Marketing,5.5,Bachelors,264,15,Career,Text,0.1384,0.3786,0.5504,68.5,5.9,110,5,0.2293,0,0.17410136759281158,5,5,5,0.2
U2220,P03860,A1849,26-35,Male,Kolkata,Engineering,5.9,Bachelors,175,23,Machine Learning,Video,0.6661,0.7102,0.3708,0.8,12.3,699,2,0.688,0,0.8047446012496948,1,1,1,1.0
U2220,P01466,A0282,26-35,Male,Kolkata,Engineering,5.9,Bachelors,175,23,Marketing,Job Opportunity,0.4759,0.6394,0.8552,8.6,10.2,218,4,0.7193,0,0.7173723578453064,3,3,2,0.5
U2220,P03439,A0854,26-35,Male,Kolkata,Engineering,5.9,Bachelors,175,23,Career,Article,0.0762,0.8614,0.6844,9.6,0.9,227,3,0.685,1,0.6859893798828125,4,4,3,0.3333333333333333
U2220,P04647,A1256,26-35,Male,Kolkata,Engineering,5.9,Bachelors,175,23,Software,Job Opportunity,0.3107,0.7345,0.5227,6.0,2.7,126,4,0.5999,1,0.6588712930679321,5,5,4,0.25
U2220,P04090,A1028,26-35,Male,Kolkata,Engineering,5.9,Bachelors,175,23,Leadership,Job Opportunity,0.176,0.4815,0.97,57.0,4.3,852,2,0.5899,0,0.7411146759986877,2,2,5,0.2
U2220,P02760,A0160,26-35,Male,Kolkata,Engineering,5.9,Bachelors,175,23,Software,Article,0.3755,0.4148,0.4874,14.1,6.5,433,1,0.5255,0,0.5172631740570068,6,6,6,0.16666666666666666
U2220,P04446,A0938,26-35,Male,Kolkata,Engineering,5.9,Bachelors,175,23,AI,Job Opportunity,0.2144,0.7393,0.3985,10.5,2.2,204,3,0.5478,0,0.5116782784461975,7,7,7,0.14285714285714285
U2220,P03230,A0522,26-35,Male,Kolkata,Engineering,5.9,Bachelors,175,23,AI,Image,0.1185,0.4033,0.5728,17.7,6.9,247,2,0.4459,1,0.4427652359008789,8,8,8,0.125
U2220,P03767,A1659,26-35,Male,Kolkata,Engineering,5.9,Bachelors,175,23,Design,Video,0.231,0.5311,0.3144,35.8,7.5,366,1,0.4275,0,0.4180988669395447,9,9,9,0.1111111111111111
U2220,P01570,A1796,26-35,Male,Kolkata,Engineering,5.9,Bachelors,175,23,Machine Learning,Text,0.4507,0.1792,0.3332,19.2,3.2,347,2,0.3276,0,0.34918078780174255,10,10,10,0.1
U2220,P00992,A1894,26-35,Male,Kolkata,Engineering,5.9,Bachelors,175,23,Leadership,Article,0.1398,0.5287,0.2867,15.4,5.0,186,2,0.3987,1,0.3074530363082886,11,11,11,0.09090909090909091
U2221,P00144,A1562,26-35,Male,Bengaluru,Finance,6.7,Diploma,330,17,Software,Text,0.4451,0.6379,0.7482,22.7,2.1,884,2,0.6913,1,0.6804205775260925,1,1,1,1.0
U2221,P00159,A1809,26-35,Male,Bengaluru,Finance,6.7,Diploma,330,17,Career,Video,0.2572,0.9011,0.866,3.9,12.1,395,4,0.7715,0,0.6534011363983154,2,2,2,0.5
U2221,P03170,A1559,26-35,Male,Bengaluru,Finance,6.7,Diploma,330,17,Data Science,Text,0.1823,0.7103,0.7006,21.7,1.4,300,1,0.6724,1,0.6042298078536987,3,3,3,0.3333333333333333
U2221,P04977,A0691,26-35,Male,Bengaluru,Finance,6.7,Diploma,330,17,AI,Article,0.4453,0.5411,0.8295,30.0,3.9,504,3,0.637,1,0.5772370100021362,4,4,4,0.25
U2221,P03252,A0178,26-35,Male,Bengaluru,Finance,6.7,Diploma,330,17,AI,Job Opportunity,0.6978,0.2902,0.6208,21.7,2.9,79,1,0.5769,1,0.5643153190612793,5,5,5,0.2
U2221,P02077,A0292,26-35,Male,Bengaluru,Finance,6.7,Diploma,330,17,Marketing,Text,0.1451,0.6344,0.775,36.5,3.8,414,2,0.5997,0,0.5617799758911133,6,6,6,0.16666666666666666
U2221,P01625,A1218,26-35,Male,Bengaluru,Finance,6.7,Diploma,330,17,AI,Article,0.426,0.8325,0.487,5.0,10.9,654,4,0.6484,1,0.5266507863998413,7,7,7,0.14285714285714285
U2221,P04050,A0574,26-35,Male,Bengaluru,Finance,6.7,Diploma,330,17,Finance,Text,0.2319,0.5103,0.7059,4.7,5.6,324,3,0.5643,1,0.4968474805355072,8,8,8,0.125
U2221,P02476,A1778,26-35,Male,Bengaluru,Finance,6.7,Diploma,330,17,Design,Job Opportunity,0.3515,0.6658,0.4954,52.3,1.9,665,2,0.5231,0,0.47679752111434937,9,9,9,0.1111111111111111
U2221,P01573,A0589,26-35,Male,Bengaluru,Finance,6.7,Diploma,330,17,Machine Learning,Video,0.6055,0.4793,0.3975,4.7,4.0,749,4,0.4883,1,0.39548802375793457,10,10,10,0.1
U2221,P02038,A0161,26-35,Male,Bengaluru,Finance,6.7,Diploma,330,17,Design,Video,0.2078,0.2781,0.5762,10.7,5.3,217,1,0.4401,0,0.38822677731513977,11,11,11,0.09090909090909091
U2221,P03752,A0205,26-35,Male,Bengaluru,Finance,6.7,Diploma,330,17,Data Science,Job Opportunity,0.3846,0.5117,0.4516,34.4,2.4,931,3,0.4401,1,0.3782567083835602,12,12,12,0.08333333333333333
U2221,P04952,A0687,26-35,Male,Bengaluru,Finance,6.7,Diploma,330,17,Marketing,Job Opportunity,0.2031,0.5941,0.3605,17.1,6.4,308,1,0.492,0,0.37385907769203186,13,13,13,0.07692307692307693
U2221,P04268,A1661,26-35,Male,Bengaluru,Finance,6.7,Diploma,330,17,Finance,Job Opportunity,0.3054,0.556,0.3458,25.5,5.1,424,2,0.4458,1,0.34394776821136475,14,14,14,0.07142857142857142
U2221,P01326,A1592,26-35,Male,Bengaluru,Finance,6.7,Diploma,330,17,Career,Image,0.1777,0.4627,0.4319,53.9,9.2,269,1,0.3786,0,0.29533883929252625,15,15,15,0.06666666666666667
U2221,P02794,A1472,26-35,Male,Bengaluru,Finance,6.7,Diploma,330,17,Software,Video,0.2069,0.2275,0.6004,8.9,0.8,283,4,0.3368,1,0.2695767283439636,16,16,16,0.0625
U2221,P00535,A0150,26-35,Male,Bengaluru,Finance,6.7,Diploma,330,17,AI,Video,0.1915,0.157,0.3788,12.3,6.6,714,3,0.248,1,0.20986206829547882,17,17,17,0.058823529411764705
U2232,P00906,A0932,36-45,Female,Delhi,Other,7.0,PhD,156,23,Design,Text,0.2994,0.6092,0.7519,19.4,16.5,62,3,0.6412,0,0.7246105670928955,1,1,1,1.0
U2232,P00737,A0578,36-45,Female,Delhi,Other,7.0,PhD,156,23,Finance,Text,0.5719,0.8109,0.8134,46.5,5.7,74,3,0.7634,0,0.7103481888771057,2,2,2,0.5
U2232,P01552,A1277,36-45,Female,Delhi,Other,7.0,PhD,156,23,AI,Text,0.3039,0.6981,0.6678,9.1,5.3,447,3,0.6688,1,0.7001665830612183,3,3,3,0.3333333333333333
U2232,P02556,A1944,36-45,Female,Delhi,Other,7.0,PhD,156,23,Machine Learning,Text,0.6487,0.556,0.5389,12.1,8.3,1004,1,0.6931,1,0.6569983959197998,4,4,4,0.25
U2232,P04280,A1295,36-45,Female,Delhi,Other,7.0,PhD,156,23,Leadership,Job Opportunity,0.6189,0.4786,0.5111,18.9,1.6,264,4,0.5338,1,0.5246213674545288,5,5,5,0.2
U2232,P01188,A0254,36-45,Female,Delhi,Other,7.0,PhD,156,23,Leadership,Image,0.6728,0.302,0.3084,34.0,11.6,500,2,0.41,1,0.38218408823013306,6,6,6,0.16666666666666666
U2232,P00060,A0238,36-45,Female,Delhi,Other,7.0,PhD,156,23,Software,Image,0.5928,0.1625,0.3952,33.2,4.3,137,5,0.2755,1,0.23215222358703613,7,7,7,0.14285714285714285
U2237,P01200,A0695,18-25,Male,Other,Finance,3.6,Bachelors,349,21,AI,Image,0.1686,0.6527,0.7372,5.4,3.7,680,2,0.6492,0,0.6242730617523193,2,2,1,1.0
U2237,P01703,A0231,18-25,Male,Other,Finance,3.6,Bachelors,349,21,AI,Text,0.2707,0.725,0.2724,17.2,0.7,173,1,0.5294,0,0.42558589577674866,4,4,2,0.5
U2237,P01607,A1581,18-25,Male,Other,Finance,3.6,Bachelors,349,21,Machine Learning,Text,0.5523,0.4061,0.6455,85.3,8.9,644,3,0.4059,0,0.4047829210758209,5,5,3,0.3333333333333333
U2237,P03010,A1915,18-25,Male,Other,Finance,3.6,Bachelors,349,21,AI,Text,0.5176,0.5828,0.3979,74.0,3.7,204,2,0.4339,0,0.3729160726070404,6,6,4,0.25
U2237,P04528,A1583,18-25,Male,Other,Finance,3.6,Bachelors,349,21,Software,Text,0.1522,0.6296,0.7977,28.3,8.9,294,1,0.6458,0,0.6639518141746521,1,1,5,0.2
U2237,P02812,A1612,18-25,Male,Other,Finance,3.6,Bachelors,349,21,Software,Job Opportunity,0.3285,0.6254,0.5536,7.1,9.4,634,2,0.6013,1,0.6201685070991516,3,3,6,0.16666666666666666
U2237,P02628,A1110,18-25,Male,Other,Finance,3.6,Bachelors,349,21,Data Science,Text,0.1148,0.3376,0.6268,53.6,5.1,169,3,0.3149,0,0.22829021513462067,7,7,7,0.14285714285714285
U2237,P01789,A0343,18-25,Male,Other,Finance,3.6,Bachelors,349,21,AI,Text,0.1671,0.4966,0.6042,105.6,4.4,186,5,0.2467,1,0.20316332578659058,8,8,8,0.125
U2239,P03360,A1985,26-35,Male,Hyderabad,Engineering,12.3,Bachelors,250,14,Leadership,Text,0.7947,0.6792,0.8212,14.0,5.5,410,3,0.7864,1,0.8320055603981018,1,1,1,1.0
U2239,P02480,A0257,26-35,Male,Hyderabad,Engineering,12.3,Bachelors,250,14,Career,Job Opportunity,0.449,0.3482,0.9052,40.6,1.2,263,1,0.611,1,0.6507620215415955,4,4,2,0.5
U2239,P00589,A0941,26-35,Male,Hyderabad,Engineering,12.3,Bachelors,250,14,Leadership,Article,0.1018,0.6699,0.6356,5.5,4.2,304,4,0.5363,0,0.5773285627365112,6,6,3,0.3333333333333333
U2239,P02993,A0892,26-35,Male,Hyderabad,Engineering,12.3,Bachelors,250,14,Machine Learning,Text,0.3219,0.2908,0.6227,3.4,3.6,391,2,0.4711,1,0.48976975679397583,7,7,4,0.25
U2239,P02831,A0830,26-35,Male,Hyderabad,Engineering,12.3,Bachelors,250,14,Leadership,Image,0.278,0.8181,0.7228,3.4,7.2,293,2,0.7428,0,0.7763311862945557,2,2,5,0.2
U2239,P00747,A0485,26-35,Male,Hyderabad,Engineering,12.3,Bachelors,250,14,Data Science,Text,0.4497,0.4626,0.8601,8.6,5.0,292,2,0.6749,1,0.7591095566749573,3,3,6,0.16666666666666666
U2239,P04051,A1914,26-35,Male,Hyderabad,Engineering,12.3,Bachelors,250,14,Machine Learning,Article,0.172,0.437,0.7679,26.4,4.4,159,2,0.5186,0,0.5801947116851807,5,5,7,0.14285714285714285
U2239,P04419,A0104,26-35,Male,Hyderabad,Engineering,12.3,Bachelors,250,14,Career,Article,0.2401,0.5927,0.8335,68.5,3.7,1019,5,0.4614,1,0.4153571128845215,8,8,8,0.125
U2239,P04265,A0129,26-35,Male,Hyderabad,Engineering,12.3,Bachelors,250,14,Leadership,Article,0.3577,0.2926,0.6297,34.4,1.1,216,3,0.392,0,0.412509560585022,9,9,9,0.1111111111111111
U2245,P04648,A0497,26-35,Male,Other,HR,4.9,Bachelors,149,17,Data Science,Article,0.3349,0.9469,0.3628,39.7,5.8,156,2,0.5961,0,0.6844902038574219,1,1,1,1.0
U2245,P02550,A1814,26-35,Male,Other,HR,4.9,Bachelors,149,17,Career,Image,0.2842,0.2964,0.9241,6.5,5.4,540,3,0.5306,1,0.5482322573661804,3,3,2,0.5
U2245,P04182,A0255,26-35,Male,Other,HR,4.9,Bachelors,149,17,Finance,Job Opportunity,0.3993,0.7777,0.692,56.3,8.3,488,4,0.5717,0,0.5305793881416321,4,4,3,0.3333333333333333
U2245,P04647,A0865,26-35,Male,Other,HR,4.9,Bachelors,149,17,Software,Job Opportunity,0.3107,0.6628,0.3661,6.0,2.7,126,4,0.4526,0,0.5142737030982971,5,5,4,0.25
U2245,P00481,A0944,26-35,Male,Other,HR,4.9,Bachelors,149,17,Data Science,Video,0.6613,0.3673,0.6737,7.0,12.1,160,2,0.5937,1,0.5644717812538147,2,2,5,0.2
U2245,P02676,A0190,26-35,Male,Other,HR,4.9,Bachelors,149,17,Software,Text,0.1738,0.7166,0.3966,5.4,3.0,347,3,0.4883,0,0.42344456911087036,6,6,6,0.16666666666666666
U2245,P02088,A1628,26-35,Male,Other,HR,4.9,Bachelors,149,17,Data Science,Text,0.1524,0.6548,0.4458,38.1,15.7,276,3,0.4081,1,0.36201849579811096,7,7,7,0.14285714285714285
U2245,P00778,A1876,26-35,Male,Other,HR,4.9,Bachelors,149,17,AI,Article,0.2085,0.607,0.4,30.1,2.8,184,2,0.4281,0,0.34024783968925476,8,8,8,0.125
U2248,P02287,A1073,36-45,Male,Mumbai,Marketing,4.1,Masters,684,21,Marketing,Job Opportunity,0.1559,0.4979,0.9146,2.7,5.9,365,3,0.6416,0,0.754374623298645,1,1,1,1.0
U2248,P01855,A0233,36-45,Male,Mumbai,Marketing,4.1,Masters,684,21,AI,Video,0.1047,0.7335,0.4551,13.0,3.0,505,3,0.5334,0,0.5302842259407043,5,5,2,0.5
U2248,P01517,A0247,36-45,Male,Mumbai,Marketing,4.1,Masters,684,21,Machine Learning,Image,0.2451,0.3521,0.6082,17.4,4.5,390,3,0.438,1,0.4397737979888916,7,7,3,0.3333333333333333
U2248,P00845,A0008,36-45,Male,Mumbai,Marketing,4.1,Masters,684,21,Software,Job Opportunity,0.386,0.835,0.4503,1.3,6.2,389,1,0.7294,1,0.7198512554168701,2,2,4,0.25
U2248,P01583,A1639,36-45,Male,Mumbai,Marketing,4.1,Masters,684,21,Career,Text,0.5808,0.6185,0.5852,20.5,9.3,424,1,0.7003,1,0.6517089009284973,3,3,5,0.2
U2248,P00016,A0039,36-45,Male,Mumbai,Marketing,4.1,Masters,684,21,Software,Text,0.2626,0.482,0.5555,2.6,5.6,378,2,0.547,0,0.5807948112487793,4,4,6,0.16666666666666666
U2248,P02717,A1669,36-45,Male,Mumbai,Marketing,4.1,Masters,684,21,Leadership,Job Opportunity,0.5612,0.6474,0.4624,117.8,10.4,437,2,0.4422,0,0.4525230824947357,6,6,7,0.14285714285714285
U2260,P04595,A1063,26-35,Male,Pune,Data Science,6.7,Bachelors,60,10,Career,Article,0.5222,0.7104,0.6297,14.7,4.5,295,3,0.6331,1,0.6052268743515015,3,3,1,1.0
U2260,P00415,A1988,26-35,Male,Pune,Data Science,6.7,Bachelors,60,10,Machine Learning,Image,0.183,0.5981,0.7978,32.7,5.8,3645,3,0.5224,1,0.5958786606788635,4,4,2,0.5
U2260,P04220,A1489,26-35,Male,Pune,Data Science,6.7,Bachelors,60,10,Leadership,Job Opportunity,0.3865,0.4641,0.5503,10.5,4.9,899,4,0.4188,0,0.42634859681129456,5,5,3,0.3333333333333333
U2260,P00276,A1077,26-35,Male,Pune,Data Science,6.7,Bachelors,60,10,Machine Learning,Image,0.4914,0.5008,0.7461,7.8,7.2,1099,1,0.6469,0,0.7299373745918274,1,1,4,0.25
U2260,P04053,A0960,26-35,Male,Pune,Data Science,6.7,Bachelors,60,10,Career,Text,0.1602,0.6688,0.7768,0.8,8.4,1307,2,0.6354,1,0.6785354614257812,2,2,5,0.2
U2260,P03447,A1304,26-35,Male,Pune,Data Science,6.7,Bachelors,60,10,Marketing,Article,0.5615,0.4561,0.3143,2.6,2.9,470,4,0.38,1,0.2713182270526886,6,6,6,0.16666666666666666
U2260,P02528,A0682,26-35,Male,Pune,Data Science,6.7,Bachelors,60,10,Machine Learning,Job Opportunity,0.2462,0.1919,0.2648,2.2,4.3,40,2,0.2341,0,0.23862570524215698,7,7,7,0.14285714285714285
U2265,P04423,A0298,26-35,Male,Hyderabad,Computer Science,1.0,Bachelors,320,22,Design,Text,0.4184,0.8029,0.3278,54.0,15.6,173,2,0.5352,1,0.6761188507080078,1,1,1,1.0
U2265,P00142,A0559,26-35,Male,Hyderabad,Computer Science,1.0,Bachelors,320,22,Design,Job Opportunity,0.5271,0.678,0.5895,85.5,9.3,759,3,0.5184,1,0.6172386407852173,2,2,2,0.5
U2265,P01660,A1595,26-35,Male,Hyderabad,Computer Science,1.0,Bachelors,320,22,Leadership,Article,0.3599,0.5637,0.5813,58.0,3.8,2256,1,0.5317,0,0.6164945960044861,3,3,3,0.3333333333333333
U2265,P00323,A0230,26-35,Male,Hyderabad,Computer Science,1.0,Bachelors,320,22,Leadership,Video,0.0723,0.5875,0.7131,4.4,9.5,829,3,0.5625,1,0.6108532547950745,4,4,4,0.25
U2265,P03641,A1706,26-35,Male,Hyderabad,Computer Science,1.0,Bachelors,320,22,AI,Text,0.6017,0.6679,0.3059,59.2,4.8,542,3,0.466,0,0.54245525598526,5,5,5,0.2
U2265,P03628,A1825,26-35,Male,Hyderabad,Computer Science,1.0,Bachelors,320,22,Finance,Text,0.6447,0.1025,0.6212,20.5,2.7,219,2,0.4393,0,0.362221360206604,6,6,6,0.16666666666666666
U2265,P01302,A0948,26-35,Male,Hyderabad,Computer Science,1.0,Bachelors,320,22,Design,Article,0.624,0.5301,0.6526,156.3,2.8,109,2,0.3906,0,0.26314517855644226,7,7,7,0.14285714285714285
U2265,P03112,A1329,26-35,Male,Hyderabad,Computer Science,1.0,Bachelors,320,22,Data Science,Job Opportunity,0.4058,0.2498,0.4093,43.8,4.8,222,5,0.2407,0,0.23048663139343262,8,8,8,0.125
U2267,P02998,A1116,36-45,Male,Other,Design,1.8,Bachelors,107,20,Software,Article,0.6808,0.8582,0.8977,12.8,3.2,311,2,0.8512,0,0.7513786554336548,2,2,1,1.0
U2267,P01315,A0426,36-45,Male,Other,Design,1.8,Bachelors,107,20,Data Science,Article,0.4027,0.9199,0.7725,12.6,12.8,1635,4,0.7485,1,0.7156504392623901,3,3,2,0.5
U2267,P02277,A0727,36-45,Male,Other,Design,1.8,Bachelors,107,20,Career,Text,0.2301,0.7205,0.6201,6.8,8.7,408,3,0.6033,0,0.6847520470619202,5,5,3,0.3333333333333333
U2267,P00919,A1470,36-45,Male,Other,Design,1.8,Bachelors,107,20,Software,Video,0.3668,0.9232,0.2846,63.5,9.0,362,4,0.4553,0,0.5874979496002197,7,7,4,0.25
U2267,P02398,A0503,36-45,Male,Other,Design,1.8,Bachelors,107,20,Marketing,Video,0.4257,0.8044,0.5873,14.9,6.0,124,2,0.6924,1,0.7790995240211487,1,1,5,0.2
U2267,P04853,A0020,36-45,Male,Other,Design,1.8,Bachelors,107,20,Software,Text,0.272,0.4136,0.7442,18.9,14.9,132,1,0.5561,1,0.6978397369384766,4,4,6,0.16666666666666666
U2267,P00056,A0320,36-45,Male,Other,Design,1.8,Bachelors,107,20,AI,Job Opportunity,0.1179,0.4601,0.8043,18.3,6.6,470,1,0.5637,0,0.6334622502326965,6,6,7,0.14285714285714285
U2267,P02703,A1001,36-45,Male,Other,Design,1.8,Bachelors,107,20,Leadership,Job Opportunity,0.2795,0.7569,0.497,2.2,13.7,414,4,0.5606,1,0.5854166746139526,8,8,8,0.125
U2267,P02087,A0203,36-45,Male,Other,Design,1.8,Bachelors,107,20,Leadership,Job Opportunity,0.1766,0.5684,0.5833,18.4,5.2,790,3,0.4752,1,0.5699769854545593,9,9,9,0.1111111111111111
U2267,P00504,A0962,36-45,Male,Other,Design,1.8,Bachelors,107,20,Leadership,Article,0.0694,0.6148,0.9305,18.1,6.2,414,4,0.5838,1,0.5577384233474731,10,10,10,0.1
U2267,P04042,A0604,36-45,Male,Other,Design,1.8,Bachelors,107,20,Software,Article,0.4238,0.1671,0.8297,12.0,4.3,317,2,0.4925,0,0.5507710576057434,11,11,11,0.09090909090909091
U2267,P02053,A1387,36-45,Male,Other,Design,1.8,Bachelors,107,20,Software,Article,0.3609,0.5366,0.4674,31.8,4.6,785,3,0.4343,1,0.5146142244338989,12,12,12,0.08333333333333333
U2267,P04695,A1990,36-45,Male,Other,Design,1.8,Bachelors,107,20,AI,Article,0.0388,0.3804,0.6098,1.8,6.5,294,2,0.4209,0,0.47809723019599915,13,13,13,0.07692307692307693
U2267,P04655,A1611,36-45,Male,Other,Design,1.8,Bachelors,107,20,Leadership,Text,0.1956,0.8555,0.0531,7.5,9.3,121,4,0.3898,0,0.4353034794330597,14,14,14,0.07142857142857142
U2267,P03631,A0621,36-45,Male,Other,Design,1.8,Bachelors,107,20,Machine Learning,Article,0.3945,0.5315,0.3854,34.0,3.8,451,5,0.3419,0,0.3799346685409546,15,15,15,0.06666666666666667
U2267,P03169,A1736,36-45,Male,Other,Design,1.8,Bachelors,107,20,Data Science,Job Opportunity,0.1685,0.5617,0.3615,61.3,4.4,144,2,0.3292,1,0.3127284348011017,16,16,16,0.0625
U2289,P00977,A1020,18-25,Male,Bengaluru,Finance,13.8,Diploma,719,30,Software,Text,0.2665,0.7337,0.9501,8.9,3.6,338,2,0.8453,0,0.8565903306007385,1,1,1,1.0
U2289,P01728,A1331,18-25,Male,Bengaluru,Finance,13.8,Diploma,719,30,Data Science,Article,0.4236,0.8692,0.8189,18.4,3.3,1016,2,0.8633,0,0.8399612307548523,2,2,2,0.5
U2289,P03406,A1910,18-25,Male,Bengaluru,Finance,13.8,Diploma,719,30,AI,Text,0.0476,0.6192,0.8883,26.2,1.1,402,2,0.7281,0,0.771405816078186,4,4,3,0.3333333333333333
U2289,P03671,A1198,18-25,Male,Bengaluru,Finance,13.8,Diploma,719,30,Career,Job Opportunity,0.4573,0.668,0.6265,13.7,4.9,318,1,0.7889,1,0.8377091288566589,3,3,4,0.25
U2289,P01495,A0090,18-25,Male,Bengaluru,Finance,13.8,Diploma,719,30,Machine Learning,Text,0.2066,0.3281,0.249,7.8,5.1,4252,4,0.3493,0,0.36210203170776367,5,5,5,0.2
U2289,P03445,A1331,18-25,Male,Bengaluru,Finance,13.8,Diploma,719,30,Design,Article,0.3658,0.2381,0.6223,50.1,1.4,210,2,0.4823,1,0.34946197271347046,6,6,6,0.16666666666666666
U2289,P02346,A1286,18-25,Male,Bengaluru,Finance,13.8,Diploma,719,30,Finance,Video,0.0877,0.1717,0.7627,29.7,2.9,271,5,0.3781,1,0.24730679392814636,7,7,7,0.14285714285714285
U2306,P01326,A0287,26-35,Female,Mumbai,Design,5.6,Bachelors,231,20,Career,Image,0.1777,0.4933,0.7019,53.9,9.2,269,3,0.4452,0,0.490942120552063,2,2,1,1.0
U2306,P03871,A0504,26-35,Female,Mumbai,Design,5.6,Bachelors,231,20,Leadership,Article,0.4019,0.5584,0.4067,41.1,1.9,2777,2,0.4719,1,0.4715297222137451,3,3,2,0.5
U2306,P02933,A0846,26-35,Female,Mumbai,Design,5.6,Bachelors,231,20,Software,Text,0.1345,0.5935,0.7692,48.6,5.7,152,2,0.5547,1,0.57435542345047,1,1,3,0.3333333333333333
U2306,P01710,A0917,26-35,Female,Mumbai,Design,5.6,Bachelors,231,20,Career,Text,0.3925,0.49,0.3741,14.2,3.3,1179,4,0.411,0,0.45831790566444397,4,4,4,0.25
U2311,P00612,A0732,56+,Male,Other,Finance,6.0,PhD,91,21,AI,Article,0.2643,0.8788,0.8885,14.9,8.7,342,4,0.7544,1,0.7152040004730225,1,1,1,1.0
U2311,P03380,A1236,56+,Male,Other,Finance,6.0,PhD,91,21,Software,Text,0.5515,0.8026,0.7654,12.3,4.2,613,4,0.7498,1,0.6907706260681152,2,2,2,0.5
U2311,P03890,A1081,56+,Male,Other,Finance,6.0,PhD,91,21,Data Science,Video,0.6116,0.6834,0.2847,14.3,1.7,364,1,0.6182,1,0.57004314661026,4,4,3,0.3333333333333333
U2311,P01363,A0782,56+,Male,Other,Finance,6.0,PhD,91,21,AI,Text,0.4982,0.6573,0.542,21.0,5.7,279,3,0.6056,0,0.532240629196167,5,5,4,0.25
U2311,P02117,A0697,56+,Male,Other,Finance,6.0,PhD,91,21,Software,Text,0.5766,0.6615,0.5135,52.8,11.2,131,1,0.6179,1,0.6521616578102112,3,3,5,0.2
U2311,P01698,A0225,56+,Male,Other,Finance,6.0,PhD,91,21,Marketing,Video,0.3662,0.4994,0.5164,19.5,3.6,225,3,0.4841,0,0.45568913221359253,6,6,6,0.16666666666666666
U2311,P04299,A1198,56+,Male,Other,Finance,6.0,PhD,91,21,Leadership,Article,0.3154,0.547,0.6941,16.6,10.8,269,5,0.5102,0,0.43890029191970825,7,7,7,0.14285714285714285
U2311,P00684,A1203,56+,Male,Other,Finance,6.0,PhD,91,21,Machine Learning,Video,0.2285,0.5673,0.47,4.7,12.3,212,3,0.49,0,0.4384195804595947,8,8,8,0.125
U2311,P03883,A0006,56+,Male,Other,Finance,6.0,PhD,91,21,Finance,Video,0.2167,0.3239,0.6577,31.7,2.3,767,3,0.3925,0,0.3789491653442383,9,9,9,0.1111111111111111
U2311,P04918,A1997,56+,Male,Other,Finance,6.0,PhD,91,21,Machine Learning,Article,0.0948,0.4872,0.5516,8.5,7.7,332,5,0.3778,0,0.37435558438301086,10,10,10,0.1
U2311,P00167,A0733,56+,Male,Other,Finance,6.0,PhD,91,21,Software,Text,0.1091,0.3526,0.8466,35.1,2.7,191,2,0.4816,0,0.30831411480903625,11,11,11,0.09090909090909091
U2311,P01627,A0307,56+,Male,Other,Finance,6.0,PhD,91,21,Machine Learning,Video,0.2097,0.2949,0.3424,13.1,9.2,332,4,0.2651,1,0.28392061591148376,12,12,12,0.08333333333333333
U2311,P04872,A0268,56+,Male,Other,Finance,6.0,PhD,91,21,Design,Image,0.3881,0.1987,0.6181,48.6,3.5,196,2,0.361,1,0.23221656680107117,13,13,13,0.07692307692307693
U2311,P01164,A1547,56+,Male,Other,Finance,6.0,PhD,91,21,Design,Image,0.3714,0.4679,0.1406,50.6,7.8,246,3,0.2672,1,0.22931011021137238,14,14,14,0.07142857142857142
U2313,P04783,A0684,26-35,Male,Mumbai,Design,8.3,Masters,366,29,Finance,Text,0.7102,0.3212,0.8296,20.3,5.9,359,4,0.6631,1,0.7616650462150574,1,1,1,1.0
U2313,P02629,A1673,26-35,Male,Mumbai,Design,8.3,Masters,366,29,AI,Article,0.2919,0.5393,0.5886,30.4,7.9,216,3,0.5726,0,0.6632741093635559,2,2,2,0.5
U2313,P03560,A0571,26-35,Male,Mumbai,Design,8.3,Masters,366,29,Machine Learning,Job Opportunity,0.3168,0.8085,0.3371,63.0,8.2,328,1,0.6059,1,0.6461801528930664,3,3,3,0.3333333333333333
U2313,P03151,A1774,26-35,Male,Mumbai,Design,8.3,Masters,366,29,Design,Job Opportunity,0.2811,0.5579,0.5102,2.4,1.8,267,4,0.5692,1,0.6340248584747314,4,4,4,0.25
U2313,P02554,A1079,26-35,Male,Mumbai,Design,8.3,Masters,366,29,Data Science,Image,0.3173,0.7109,0.7166,144.5,9.4,532,2,0.5246,1,0.5971877574920654,5,5,5,0.2
U2319,P04340,A0563,26-35,Male,Delhi,Engineering,8.9,Diploma,390,15,AI,Article,0.2162,0.7251,0.8568,3.4,3.4,209,5,0.6531,0,0.68903648853302,1,1,1,1.0
U2319,P00423,A1503,26-35,Male,Delhi,Engineering,8.9,Diploma,390,15,Finance,Text,0.5311,0.3801,0.8493,17.9,14.2,179,4,0.572,1,0.5744132995605469,3,3,2,0.5
U2319,P04709,A1618,26-35,Male,Delhi,Engineering,8.9,Diploma,390,15,Marketing,Text,0.3373,0.384,0.4381,16.9,3.2,450,1,0.4462,1,0.4228646457195282,5,5,3,0.3333333333333333
U2319,P02992,A0521,26-35,Male,Delhi,Engineering,8.9,Diploma,390,15,Finance,Text,0.4897,0.4406,0.5251,41.2,2.7,154,4,0.4081,1,0.41323143243789673,6,6,4,0.25
U2319,P01124,A0735,26-35,Male,Delhi,Engineering,8.9,Diploma,390,15,Design,Video,0.2135,0.7563,0.7121,20.8,8.3,321,2,0.6675,1,0.6738952994346619,2,2,5,0.2
U2319,P02192,A0567,26-35,Male,Delhi,Engineering,8.9,Diploma,390,15,Software,Article,0.6025,0.5377,0.5414,23.4,7.8,213,2,0.593,0,0.5589943528175354,4,4,6,0.16666666666666666
U2319,P00575,A0851,26-35,Male,Delhi,Engineering,8.9,Diploma,390,15,Machine Learning,Article,0.2976,0.3916,0.6229,31.0,9.8,493,2,0.4568,0,0.4077705144882202,7,7,7,0.14285714285714285
U2319,P01212,A1783,26-35,Male,Delhi,Engineering,8.9,Diploma,390,15,Machine Learning,Text,0.5353,0.446,0.3314,41.0,11.2,124,2,0.4065,0,0.3903360068798065,8,8,8,0.125
U2319,P02574,A0676,26-35,Male,Delhi,Engineering,8.9,Diploma,390,15,Software,Video,0.4042,0.3108,0.7171,98.6,6.8,623,2,0.3547,0,0.33305954933166504,9,9,9,0.1111111111111111
U2319,P00546,A1893,26-35,Male,Delhi,Engineering,8.9,Diploma,390,15,Software,Video,0.5601,0.246,0.6375,16.3,1.1,711,3,0.4593,1,0.29992151260375977,10,10,10,0.1
U2320,P01369,A0549,46-55,Male,Bengaluru,Data Science,3.6,Masters,89,21,Design,Article,0.6901,0.6761,0.7391,3.8,1.2,238,4,0.7454,1,0.7271295189857483,1,1,1,1.0
U2320,P00653,A1692,46-55,Male,Bengaluru,Data Science,3.6,Masters,89,21,Finance,Job Opportunity,0.4042,0.8387,0.5155,20.3,8.0,434,3,0.6688,0,0.680299699306488,3,3,2,0.5
U2320,P00132,A0231,46-55,Male,Bengaluru,Data Science,3.6,Masters,89,21,Career,Job Opportunity,0.7599,0.403,0.3989,2.4,2.8,85,3,0.5418,0,0.617784857749939,5,5,3,0.3333333333333333
U2320,P02265,A0795,46-55,Male,Bengaluru,Data Science,3.6,Masters,89,21,Software,Text,0.3666,0.8384,0.4079,0.5,0.8,376,2,0.6827,1,0.6059231162071228,6,6,4,0.25
U2320,P01300,A0721,46-55,Male,Bengaluru,Data Science,3.6,Masters,89,21,Leadership,Article,0.7138,0.5787,0.797,34.2,8.7,1360,1,0.7596,1,0.7082416415214539,2,2,5,0.2
U2320,P01721,A1497,46-55,Male,Bengaluru,Data Science,3.6,Masters,89,21,Machine Learning,Article,0.4994,0.6329,0.6412,23.3,14.7,431,2,0.6716,1,0.6559968590736389,4,4,6,0.16666666666666666
U2320,P00020,A1665,46-55,Male,Bengaluru,Data Science,3.6,Masters,89,21,Finance,Article,0.1589,0.5222,0.9708,15.4,18.3,230,3,0.6486,1,0.6038433909416199,7,7,7,0.14285714285714285
U2320,P02322,A0342,46-55,Male,Bengaluru,Data Science,3.6,Masters,89,21,AI,Text,0.6364,0.3849,0.7701,17.7,8.6,678,2,0.6534,0,0.6005678772926331,8,8,8,0.125
U2320,P04435,A1673,46-55,Male,Bengaluru,Data Science,3.6,Masters,89,21,Leadership,Job Opportunity,0.4463,0.4898,0.5517,12.6,11.4,858,2,0.5755,1,0.5701672434806824,9,9,9,0.1111111111111111
U2320,P01405,A0082,46-55,Male,Bengaluru,Data Science,3.6,Masters,89,21,Finance,Text,0.2138,0.609,0.6484,0.1,7.6,551,4,0.5723,1,0.5384736061096191,10,10,10,0.1
U2320,P02807,A0170,46-55,Male,Bengaluru,Data Science,3.6,Masters,89,21,Finance,Text,0.3289,0.4893,0.7196,23.1,4.0,67,2,0.5928,1,0.5338021516799927,11,11,11,0.09090909090909091
U2320,P00457,A1168,46-55,Male,Bengaluru,Data Science,3.6,Masters,89,21,Design,Video,0.5147,0.6718,0.4275,26.7,2.2,248,3,0.5719,1,0.5110545754432678,12,12,12,0.08333333333333333
U2320,P03369,A1153,46-55,Male,Bengaluru,Data Science,3.6,Masters,89,21,Marketing,Article,0.5612,0.3363,0.7381,30.1,1.7,266,3,0.5425,1,0.4356953501701355,13,13,13,0.07692307692307693
U2320,P02200,A1660,46-55,Male,Bengaluru,Data Science,3.6,Masters,89,21,Machine Learning,Image,0.5522,0.4159,0.2225,9.2,5.6,242,4,0.373,1,0.3372672498226166,14,14,14,0.07142857142857142
U2320,P01223,A0793,46-55,Male,Bengaluru,Data Science,3.6,Masters,89,21,Design,Job Opportunity,0.3286,0.1944,0.785,45.1,8.8,344,3,0.3991,1,0.3030227720737457,15,15,15,0.06666666666666667
U2320,P03432,A0901,46-55,Male,Bengaluru,Data Science,3.6,Masters,89,21,Career,Article,0.245,0.3916,0.5143,50.4,5.1,527,3,0.3522,0,0.3003966212272644,16,16,16,0.0625
U2320,P03243,A0714,46-55,Male,Bengaluru,Data Science,3.6,Masters,89,21,Finance,Article,0.3115,0.3029,0.31,35.2,4.3,146,4,0.2555,0,0.2799639403820038,17,17,17,0.058823529411764705
U2320,P04229,A1636,46-55,Male,Bengaluru,Data Science,3.6,Masters,89,21,Software,Video,0.055,0.412,0.2688,79.2,5.7,502,3,0.1938,0,0.2298412024974823,18,18,18,0.05555555555555555
U2320,P02358,A0815,46-55,Male,Bengaluru,Data Science,3.6,Masters,89,21,Career,Text,0.0865,0.647,0.3695,94.2,1.1,139,4,0.269,0,0.21194849908351898,19,19,19,0.05263157894736842
U2320,P04461,A1029,46-55,Male,Bengaluru,Data Science,3.6,Masters,89,21,Finance,Job Opportunity,0.7452,0.4075,0.6845,231.6,5.0,1133,1,0.2834,0,0.21095770597457886,20,20,20,0.05
U2320,P02162,A1545,46-55,Male,Bengaluru,Data Science,3.6,Masters,89,21,Machine Learning,Text,0.6637,0.4008,0.5812,172.0,8.2,529,1,0.3253,1,0.17045150697231293,21,21,21,0.047619047619047616
U2323,P00271,A1831,26-35,Female,Mumbai,Marketing,4.5,Bachelors,230,20,Software,Article,0.5403,0.7608,0.6795,21.6,2.0,282,1,0.7645,0,0.7627133727073669,1,1,1,1.0
U2323,P01998,A0134,26-35,Female,Mumbai,Marketing,4.5,Bachelors,230,20,Design,Image,0.186,0.3155,0.9696,5.8,2.0,152,3,0.5639,1,0.5304438471794128,3,3,2,0.5
U2323,P04561,A1228,26-35,Female,Mumbai,Marketing,4.5,Bachelors,230,20,Machine Learning,Job Opportunity,0.7306,0.1312,0.7627,64.0,1.6,134,1,0.4825,1,0.44395026564598083,5,5,3,0.3333333333333333
U2323,P02712,A0304,26-35,Female,Mumbai,Marketing,4.5,Bachelors,230,20,Machine Learning,Article,0.2899,0.8704,0.488,50.9,9.9,225,2,0.6062,0,0.7090156078338623,2,2,4,0.25
U2323,P03688,A0895,26-35,Female,Mumbai,Marketing,4.5,Bachelors,230,20,Career,Video,0.6091,0.564,0.5082,61.7,5.6,379,2,0.5294,1,0.5105801224708557,4,4,5,0.2
U2323,P00798,A0436,26-35,Female,Mumbai,Marketing,4.5,Bachelors,230,20,Marketing,Text,0.0957,0.2264,0.6494,17.9,5.9,389,4,0.3118,0,0.33298206329345703,6,6,6,0.16666666666666666
U2323,P01213,A0943,26-35,Female,Mumbai,Marketing,4.5,Bachelors,230,20,Career,Article,0.0918,0.2334,0.4398,18.0,3.3,173,5,0.2194,1,0.20023904740810394,7,7,7,0.14285714285714285
U2328,P00087,A0913,18-25,Female,Pune,Computer Science,7.0,Masters,352,14,Leadership,Image,0.4262,0.7298,0.7664,0.8,5.7,765,3,0.7121,0,0.8181817531585693,1,1,1,1.0
U2328,P00556,A0182,18-25,Female,Pune,Computer Science,7.0,Masters,352,14,Software,Text,0.6132,0.8426,0.4981,15.3,4.0,1059,2,0.7098,1,0.6890524625778198,5,5,2,0.5
U2328,P01756,A0921,18-25,Female,Pune,Computer Science,7.0,Masters,352,14,Leadership,Text,0.4278,0.34,0.76,6.0,1.4,195,3,0.5188,0,0.6046856641769409,7,7,3,0.3333333333333333
U2328,P04255,A0205,18-25,Female,Pune,Computer Science,7.0,Masters,352,14,Data Science,Text,0.4028,0.3371,0.8339,59.7,2.0,472,4,0.4032,0,0.38746100664138794,8,8,4,0.25
U2328,P01693,A0455,18-25,Female,Pune,Computer Science,7.0,Masters,352,14,Machine Learning,Text,0.1781,0.8171,0.8034,13.1,5.5,993,2,0.7113,1,0.7265960574150085,2,2,5,0.2
U2328,P00705,A0174,18-25,Female,Pune,Computer Science,7.0,Masters,352,14,Career,Video,0.3289,0.5476,0.6686,4.4,11.5,108,1,0.6222,1,0.7180307507514954,3,3,6,0.16666666666666666
U2328,P01380,A1570,18-25,Female,Pune,Computer Science,7.0,Masters,352,14,AI,Job Opportunity,0.4003,0.5805,0.5938,15.8,10.0,696,1,0.6047,0,0.6999890208244324,4,4,7,0.14285714285714285
U2328,P01567,A0873,18-25,Female,Pune,Computer Science,7.0,Masters,352,14,Machine Learning,Video,0.4501,0.6866,0.5028,25.5,6.4,95,1,0.6129,0,0.6536657810211182,6,6,8,0.125
U2328,P04266,A0561,18-25,Female,Pune,Computer Science,7.0,Masters,352,14,Marketing,Article,0.1571,0.3254,0.618,19.4,1.1,3018,3,0.3542,1,0.3713970184326172,9,9,9,0.1111111111111111
U2328,P02097,A1405,18-25,Female,Pune,Computer Science,7.0,Masters,352,14,AI,Video,0.1314,0.4233,0.1704,8.6,0.9,830,1,0.3,0,0.2937995493412018,10,10,10,0.1
U2331,P01900,A0285,26-35,Female,Delhi,Design,7.5,Bachelors,513,10,Data Science,Text,0.2891,0.7967,0.8087,5.0,4.9,367,5,0.6432,1,0.6229033470153809,4,4,1,1.0
U2331,P01706,A0831,26-35,Female,Delhi,Design,7.5,Bachelors,513,10,Leadership,Job Opportunity,0.3525,0.9807,0.9306,61.7,4.9,285,4,0.7131,1,0.5857013463973999,5,5,2,0.5
U2331,P01928,A1080,26-35,Female,Delhi,Design,7.5,Bachelors,513,10,Career,Text,0.4533,0.4578,0.79,34.4,4.5,199,4,0.4887,0,0.5460158586502075,6,6,3,0.3333333333333333
U2331,P02022,A1814,26-35,Female,Delhi,Design,7.5,Bachelors,513,10,AI,Image,0.3854,0.7112,0.5906,96.8,3.6,194,3,0.4204,0,0.49384650588035583,7,7,4,0.25
U2331,P02903,A0893,26-35,Female,Delhi,Design,7.5,Bachelors,513,10,Design,Text,0.2604,0.635,0.9642,0.2,6.6,145,2,0.7164,1,0.7388923168182373,1,1,5,0.2
U2331,P01185,A1337,26-35,Female,Delhi,Design,7.5,Bachelors,513,10,Software,Video,0.4745,0.9642,0.5719,31.9,4.9,396,2,0.711,1,0.7337101697921753,2,2,6,0.16666666666666666
U2331,P04058,A0320,26-35,Female,Delhi,Design,7.5,Bachelors,513,10,AI,Text,0.3456,0.4609,0.7382,8.7,5.7,636,2,0.5548,0,0.629857063293457,3,3,7,0.14285714285714285
U2331,P02224,A1747,26-35,Female,Delhi,Design,7.5,Bachelors,513,10,Career,Text,0.3661,0.4806,0.5145,45.6,11.0,331,2,0.4029,0,0.4888155162334442,8,8,8,0.125
U2331,P01692,A0712,26-35,Female,Delhi,Design,7.5,Bachelors,513,10,Software,Text,0.3342,0.4799,0.6778,52.3,5.7,118,2,0.4487,0,0.48138394951820374,9,9,9,0.1111111111111111
U2331,P00270,A0730,26-35,Female,Delhi,Design,7.5,Bachelors,513,10,Career,Text,0.1384,0.5571,0.9156,68.5,5.9,110,3,0.4695,0,0.4793599843978882,10,10,10,0.1
U2331,P00634,A0597,26-35,Female,Delhi,Design,7.5,Bachelors,513,10,AI,Job Opportunity,0.1332,0.4846,0.729,27.6,4.9,172,4,0.403,1,0.4453672170639038,11,11,11,0.09090909090909091
U2331,P04802,A0366,26-35,Female,Delhi,Design,7.5,Bachelors,513,10,Software,Job Opportunity,0.317,0.2947,0.46,11.8,12.2,392,3,0.3162,0,0.35842251777648926,12,12,12,0.08333333333333333
U2331,P03768,A0283,26-35,Female,Delhi,Design,7.5,Bachelors,513,10,Finance,Job Opportunity,0.4647,0.2142,0.2785,83.6,5.5,381,2,0.179,1,0.29065993428230286,13,13,13,0.07692307692307693
U2346,P02436,A1328,18-25,Male,Pune,Marketing,3.2,Masters,174,23,Leadership,Image,0.4003,0.8429,0.8925,33.9,9.9,877,3,0.7765,1,0.7984955906867981,2,2,1,1.0
U2346,P03694,A0773,18-25,Male,Pune,Marketing,3.2,Masters,174,23,Machine Learning,Job Opportunity,0.3901,0.508,0.4172,7.2,6.0,493,2,0.525,1,0.510505199432373,5,5,2,0.5
U2346,P03598,A1107,18-25,Male,Pune,Marketing,3.2,Masters,174,23,Leadership,Text,0.1825,0.5081,0.4049,14.7,9.5,360,3,0.416,0,0.37902283668518066,7,7,3,0.3333333333333333
U2346,P01324,A0085,18-25,Male,Pune,Marketing,3.2,Masters,174,23,Career,Text,0.0657,0.3771,0.3963,23.9,6.7,824,5,0.2539,0,0.23818813264369965,8,8,4,0.25
U2346,P02560,A1369,18-25,Male,Pune,Marketing,3.2,Masters,174,23,Software,Text,0.5077,0.7919,0.8471,7.9,7.6,156,1,0.8392,1,0.8228302597999573,1,1,5,0.2
U2346,P01389,A0772,18-25,Male,Pune,Marketing,3.2,Masters,174,23,Software,Text,0.0979,0.8178,0.9508,61.8,7.9,451,2,0.7044,1,0.7713978886604309,3,3,6,0.16666666666666666
U2346,P00959,A1287,18-25,Male,Pune,Marketing,3.2,Masters,174,23,Leadership,Article,0.3144,0.4506,0.822,27.0,4.8,394,2,0.6063,0,0.6364802718162537,4,4,7,0.14285714285714285
U2346,P00665,A0663,18-25,Male,Pune,Marketing,3.2,Masters,174,23,Data Science,Article,0.7352,0.5018,0.658,74.8,6.0,324,2,0.5832,0,0.5023711323738098,6,6,8,0.125
U2346,P00689,A1253,18-25,Male,Pune,Marketing,3.2,Masters,174,23,Career,Image,0.253,0.163,0.3801,9.6,0.7,117,3,0.2783,0,0.2208193838596344,9,9,9,0.1111111111111111
U2348,P00669,A0700,46-55,Female,Mumbai,Computer Science,16.5,Bachelors,443,22,AI,Job Opportunity,0.2007,0.5521,0.7975,33.3,5.5,474,3,0.6154,1,0.6928422451019287,2,2,1,1.0
U2348,P01530,A0583,46-55,Female,Mumbai,Computer Science,16.5,Bachelors,443,22,Software,Text,0.1675,0.6774,0.6706,14.3,7.5,156,4,0.6202,1,0.6575822234153748,3,3,2,0.5
U2348,P02897,A0321,46-55,Female,Mumbai,Computer Science,16.5,Bachelors,443,22,Marketing,Video,0.678,0.6112,0.3453,29.4,2.9,229,1,0.6538,1,0.6280763745307922,4,4,3,0.3333333333333333
U2348,P00888,A0104,46-55,Female,Mumbai,Computer Science,16.5,Bachelors,443,22,Finance,Article,0.1145,0.6248,0.5874,19.9,7.1,97,3,0.5673,1,0.6118520498275757,5,5,4,0.25
U2348,P03695,A1201,46-55,Female,Mumbai,Computer Science,16.5,Bachelors,443,22,Leadership,Image,0.4628,0.4605,0.9417,36.0,4.5,1221,2,0.7168,1,0.8218305110931396,1,1,5,0.2
U2348,P01880,A1325,46-55,Female,Mumbai,Computer Science,16.5,Bachelors,443,22,Leadership,Video,0.4138,0.3722,0.7075,19.9,3.7,605,1,0.6362,1,0.6115441918373108,6,6,6,0.16666666666666666
U2348,P04607,A1022,46-55,Female,Mumbai,Computer Science,16.5,Bachelors,443,22,Leadership,Video,0.2742,0.7647,0.2392,10.0,10.0,233,1,0.6162,1,0.6034626960754395,7,7,7,0.14285714285714285
U2348,P00152,A1385,46-55,Female,Mumbai,Computer Science,16.5,Bachelors,443,22,Leadership,Text,0.4907,0.7127,0.7174,78.0,13.3,198,4,0.6193,0,0.6015112400054932,8,8,8,0.125
U2348,P00734,A0033,46-55,Female,Mumbai,Computer Science,16.5,Bachelors,443,22,Machine Learning,Image,0.3833,0.3374,0.7286,15.8,4.2,670,2,0.5974,1,0.5598193407058716,9,9,9,0.1111111111111111
U2348,P03495,A1548,46-55,Female,Mumbai,Computer Science,16.5,Bachelors,443,22,Career,Job Opportunity,0.2981,0.2133,0.6804,25.7,4.4,1731,3,0.4406,1,0.48816949129104614,10,10,10,0.1
U2348,P00892,A1486,46-55,Female,Mumbai,Computer Science,16.5,Bachelors,443,22,Finance,Job Opportunity,0.1794,0.2859,0.3016,24.2,6.2,205,4,0.2717,0,0.39025890827178955,11,11,11,0.09090909090909091
U2348,P03544,A0377,46-55,Female,Mumbai,Computer Science,16.5,Bachelors,443,22,Design,Text,0.0885,0.3876,0.3654,7.3,6.9,407,4,0.3455,1,0.3155566453933716,12,12,12,0.08333333333333333
U2365,P04624,A0916,36-45,Female,Pune,Engineering,4.1,Diploma,179,18,Machine Learning,Article,0.5337,0.7303,0.6484,9.4,6.6,167,4,0.663,1,0.6698089838027954,1,1,1,1.0
U2365,P04156,A1797,36-45,Female,Pune,Engineering,4.1,Diploma,179,18,Data Science,Image,0.0659,0.6443,0.7695,34.7,6.3,496,3,0.5308,1,0.5468714237213135,2,2,2,0.5
U2365,P01499,A0377,36-45,Female,Pune,Engineering,4.1,Diploma,179,18,Finance,Text,0.5404,0.3467,0.6545,2.1,7.7,124,3,0.5289,0,0.4565320909023285,3,3,3,0.3333333333333333
U2365,P01229,A0051,36-45,Female,Pune,Engineering,4.1,Diploma,179,18,Machine Learning,Article,0.3496,0.7101,0.1876,40.4,8.3,781,2,0.4164,1,0.43385037779808044,5,5,4,0.25
U2365,P04543,A0408,36-45,Female,Pune,Engineering,4.1,Diploma,179,18,Leadership,Article,0.4696,0.5375,0.5145,101.8,7.6,409,2,0.3808,1,0.4477826654911041,4,4,5,0.2
U2365,P02374,A1748,36-45,Female,Pune,Engineering,4.1,Diploma,179,18,Marketing,Article,0.521,0.2412,0.6718,14.7,6.9,142,2,0.4855,0,0.42808979749679565,6,6,6,0.16666666666666666
U2365,P00004,A1668,36-45,Female,Pune,Engineering,4.1,Diploma,179,18,Data Science,Text,0.367,0.5973,0.4558,33.5,3.8,336,2,0.4918,0,0.4102940559387207,7,7,7,0.14285714285714285
U2365,P00226,A0082,36-45,Female,Pune,Engineering,4.1,Diploma,179,18,Design,Video,0.1708,0.4184,0.442,40.2,5.0,994,1,0.365,1,0.35074886679649353,8,8,8,0.125
U2365,P01273,A0645,36-45,Female,Pune,Engineering,4.1,Diploma,179,18,AI,Video,0.1864,0.8218,0.1583,7.8,1.3,931,3,0.447,1,0.3260335624217987,9,9,9,0.1111111111111111
U2365,P00949,A1955,36-45,Female,Pune,Engineering,4.1,Diploma,179,18,Machine Learning,Article,0.1621,0.2941,0.3956,26.6,18.7,288,2,0.2866,0,0.26816195249557495,10,10,10,0.1
U2372,P01288,A1578,26-35,Female,Pune,Finance,5.1,Bachelors,104,14,AI,Article,0.528,0.596,0.8741,47.4,3.6,398,2,0.658,1,0.5537387728691101,4,4,1,1.0
U2372,P03293,A1100,26-35,Female,Pune,Finance,5.1,Bachelors,104,14,Software,Article,0.2718,0.3739,0.6477,11.7,17.8,637,4,0.3939,1,0.48193180561065674,7,7,2,0.5
U2372,P02795,A0276,26-35,Female,Pune,Finance,5.1,Bachelors,104,14,Finance,Text,0.3355,0.3692,0.4882,17.4,18.5,618,4,0.3347,0,0.42506539821624756,8,8,3,0.3333333333333333
U2372,P00302,A0569,26-35,Female,Pune,Finance,5.1,Bachelors,104,14,Software,Job Opportunity,0.2373,0.3952,0.5101,39.8,4.7,578,4,0.2921,0,0.3792914152145386,9,9,4,0.25
U2372,P01229,A1335,26-35,Female,Pune,Finance,5.1,Bachelors,104,14,Machine Learning,Article,0.3496,0.7837,0.6953,40.4,8.3,781,1,0.6716,0,0.6991060376167297,1,1,5,0.2
U2372,P00664,A0302,26-35,Female,Pune,Finance,5.1,Bachelors,104,14,Leadership,Article,0.3338,0.6344,0.5869,12.3,6.8,578,2,0.5769,1,0.5904072523117065,2,2,6,0.16666666666666666
U2372,P01347,A1834,26-35,Female,Pune,Finance,5.1,Bachelors,104,14,Marketing,Article,0.3049,0.7019,0.4752,18.5,11.1,364,2,0.5433,0,0.5588326454162598,3,3,7,0.14285714285714285
U2372,P04614,A0627,26-35,Female,Pune,Finance,5.1,Bachelors,104,14,Marketing,Video,0.3841,0.6802,0.5321,21.8,4.3,476,2,0.5714,0,0.549652636051178,5,5,8,0.125
U2372,P01968,A1398,26-35,Female,Pune,Finance,5.1,Bachelors,104,14,Marketing,Article,0.2696,0.4994,0.6509,35.6,4.7,191,1,0.5054,1,0.525118887424469,6,6,9,0.1111111111111111
U2372,P00584,A0237,26-35,Female,Pune,Finance,5.1,Bachelors,104,14,Finance,Article,0.0706,0.2078,0.4354,6.3,8.4,662,2,0.2607,0,0.24089401960372925,10,10,10,0.1
U2376,P04142,A1205,18-25,Female,Hyderabad,Computer Science,8.7,Diploma,216,23,Software,Job Opportunity,0.2492,0.8408,0.6264,2.4,5.9,643,5,0.6611,1,0.6982488632202148,1,1,1,1.0
U2376,P00767,A1588,18-25,Female,Hyderabad,Computer Science,8.7,Diploma,216,23,AI,Job Opportunity,0.6094,0.7611,0.3817,27.8,3.1,244,1,0.6913,0,0.6830593347549438,2,2,2,0.5
U2376,P02007,A1200,18-25,Female,Hyderabad,Computer Science,8.7,Diploma,216,23,Career,Text,0.0574,0.6931,0.6974,89.0,4.2,985,3,0.4625,1,0.63539719581604,3,3,3,0.3333333333333333
U2376,P00039,A1933,18-25,Female,Hyderabad,Computer Science,8.7,Diploma,216,23,AI,Text,0.1957,0.5785,0.7705,86.6,4.9,200,3,0.4791,0,0.5523513555526733,6,6,4,0.25
U2376,P04607,A0728,18-25,Female,Hyderabad,Computer Science,8.7,Diploma,216,23,Leadership,Video,0.2742,0.8081,0.4689,10.0,10.0,233,2,0.6664,1,0.5956211090087891,4,4,5,0.2
U2376,P03343,A1636,18-25,Female,Hyderabad,Computer Science,8.7,Diploma,216,23,Data Science,Article,0.6977,0.4932,0.6116,15.5,5.8,237,2,0.6741,1,0.5915969610214233,5,5,6,0.16666666666666666
U2376,P01561,A0027,18-25,Female,Hyderabad,Computer Science,8.7,Diploma,216,23,AI,Job Opportunity,0.6053,0.5436,0.57,88.7,11.2,2666,3,0.4849,1,0.525326669216156,7,7,7,0.14285714285714285
U2376,P00542,A1272,18-25,Female,Hyderabad,Computer Science,8.7,Diploma,216,23,Marketing,Text,0.3874,0.5513,0.5947,79.1,6.3,744,4,0.4265,1,0.4470784366130829,8,8,8,0.125
U2376,P03959,A0771,18-25,Female,Hyderabad,Computer Science,8.7,Diploma,216,23,Machine Learning,Job Opportunity,0.051,0.2893,0.582,2.4,12.9,254,2,0.4163,0,0.430171400308609,9,9,9,0.1111111111111111
U2376,P00639,A0132,18-25,Female,Hyderabad,Computer Science,8.7,Diploma,216,23,Machine Learning,Image,0.3719,0.2611,0.7617,49.1,9.3,356,2,0.4726,0,0.39648178219795227,10,10,10,0.1
U2376,P02936,A0934,18-25,Female,Hyderabad,Computer Science,8.7,Diploma,216,23,Data Science,Article,0.5636,0.5101,0.4351,21.9,7.0,295,5,0.4679,1,0.39046332240104675,11,11,11,0.09090909090909091
U2376,P01519,A0629,18-25,Female,Hyderabad,Computer Science,8.7,Diploma,216,23,Data Science,Article,0.2384,0.338,0.344,1.3,8.7,183,2,0.394,0,0.3588905930519104,12,12,12,0.08333333333333333
U2376,P04732,A0132,18-25,Female,Hyderabad,Computer Science,8.7,Diploma,216,23,Software,Video,0.4487,0.1838,0.3854,20.6,7.0,220,5,0.2726,0,0.22080844640731812,13,13,13,0.07692307692307693
U2389,P01608,A0627,36-45,Male,Bengaluru,Computer Science,5.4,Masters,646,18,AI,Job Opportunity,0.2278,0.6476,0.6518,3.9,2.4,394,3,0.6125,0,0.6120315790176392,1,1,1,1.0
U2389,P04703,A0498,36-45,Male,Bengaluru,Computer Science,5.4,Masters,646,18,Career,Video,0.0892,0.6537,0.7614,1.3,14.1,186,3,0.6283,1,0.5760397911071777,2,2,2,0.5
U2389,P04582,A0924,36-45,Male,Bengaluru,Computer Science,5.4,Masters,646,18,Finance,Text,0.1088,0.6217,0.642,8.9,0.7,93,4,0.5222,1,0.447293758392334,4,4,3,0.3333333333333333
U2389,P02047,A0681,36-45,Male,Bengaluru,Computer Science,5.4,Masters,646,18,Leadership,Text,0.4491,0.175,0.0619,1.0,10.7,272,1,0.2762,0,0.4210508465766907,5,5,4,0.25
U2389,P02253,A0155,36-45,Male,Bengaluru,Computer Science,5.4,Masters,646,18,Leadership,Video,0.2046,0.4645,0.7476,13.2,5.5,202,2,0.5707,1,0.5699361562728882,3,3,5,0.2
U2389,P01389,A1700,36-45,Male,Bengaluru,Computer Science,5.4,Masters,646,18,Software,Text,0.0979,0.5753,0.4434,61.8,7.9,451,3,0.3437,1,0.39331018924713135,6,6,6,0.16666666666666666
U2389,P03060,A0347,36-45,Male,Bengaluru,Computer Science,5.4,Masters,646,18,Marketing,Article,0.2961,0.4511,0.3774,23.9,11.6,361,1,0.4437,1,0.3866424858570099,7,7,7,0.14285714285714285
U2389,P00104,A0480,36-45,Male,Bengaluru,Computer Science,5.4,Masters,646,18,Career,Video,0.3501,0.2314,0.2861,3.4,6.5,525,3,0.2979,0,0.3578956425189972,8,8,8,0.125
U2389,P01141,A1256,36-45,Male,Bengaluru,Computer Science,5.4,Masters,646,18,AI,Text,0.4942,0.2821,0.3978,18.0,1.7,581,3,0.3718,1,0.24201583862304688,9,9,9,0.1111111111111111
U2389,P00398,A0272,36-45,Male,Bengaluru,Computer Science,5.4,Masters,646,18,Software,Job Opportunity,0.4346,0.3358,0.3906,91.4,1.6,282,3,0.2531,0,0.20484091341495514,10,10,10,0.1
U2389,P04372,A1509,36-45,Male,Bengaluru,Computer Science,5.4,Masters,646,18,Marketing,Video,0.1284,0.5553,0.2602,77.9,3.0,158,2,0.2761,0,0.1883997768163681,11,11,11,0.09090909090909091
U2404,P04844,A1886,46-55,Male,Ahmedabad,Computer Science,7.2,Bachelors,355,19,Career,Text,0.4279,0.6868,0.9537,2.9,5.9,271,3,0.7757,1,0.8019176721572876,1,1,1,1.0
U2404,P03948,A1698,46-55,Male,Ahmedabad,Computer Science,7.2,Bachelors,355,19,Software,Job Opportunity,0.2482,0.6889,0.6326,29.5,1.1,416,1,0.6339,0,0.7735913991928101,3,3,2,0.5
U2404,P03951,A0695,46-55,Male,Ahmedabad,Computer Science,7.2,Bachelors,355,19,Finance,Text,0.3027,0.5245,0.5965,1.3,0.7,1781,1,0.6093,1,0.7313214540481567,4,4,3,0.3333333333333333
U2404,P03936,A0810,46-55,Male,Ahmedabad,Computer Science,7.2,Bachelors,355,19,Machine Learning,Text,0.279,0.4783,0.9327,4.6,13.8,223,3,0.6482,0,0.7118416428565979,5,5,4,0.25
U2404,P02795,A0067,46-55,Male,Ahmedabad,Computer Science,7.2,Bachelors,355,19,Finance,Text,0.3355,0.8559,0.702,17.4,18.5,618,2,0.7434,0,0.789207398891449,2,2,5,0.2
U2404,P02430,A0734,46-55,Male,Ahmedabad,Computer Science,7.2,Bachelors,355,19,Finance,Article,0.0768,0.881,0.5227,2.6,4.3,125,2,0.6554,0,0.5634064674377441,6,6,6,0.16666666666666666
U2404,P03287,A0235,46-55,Male,Ahmedabad,Computer Science,7.2,Bachelors,355,19,Software,Text,0.184,0.5234,0.8201,76.5,7.0,245,4,0.4256,1,0.4824907183647156,7,7,7,0.14285714285714285
U2404,P03386,A0810,46-55,Male,Ahmedabad,Computer Science,7.2,Bachelors,355,19,Career,Text,0.0725,0.6184,0.4048,42.1,9.5,1040,1,0.4321,1,0.4186911880970001,8,8,8,0.125
U2404,P01144,A1792,46-55,Male,Ahmedabad,Computer Science,7.2,Bachelors,355,19,Data Science,Job Opportunity,0.3936,0.3441,0.6003,16.5,7.5,311,4,0.4203,0,0.3891046643257141,9,9,9,0.1111111111111111
U2413,P04192,A1519,26-35,Male,Hyderabad,HR,5.7,Bachelors,541,20,Leadership,Text,0.5711,0.9503,0.9201,1.9,4.8,939,5,0.8408,1,0.8386930823326111,1,1,1,1.0
U2413,P04587,A1716,26-35,Male,Hyderabad,HR,5.7,Bachelors,541,20,Software,Video,0.0705,0.7334,0.7345,35.2,3.4,502,2,0.6197,0,0.5996275544166565,2,2,2,0.5
U2413,P02206,A1219,26-35,Male,Hyderabad,HR,5.7,Bachelors,541,20,Leadership,Job Opportunity,0.4664,0.4998,0.8721,52.2,7.7,429,4,0.5731,0,0.5759701728820801,3,3,3,0.3333333333333333
U2413,P04343,A0911,26-35,Male,Hyderabad,HR,5.7,Bachelors,541,20,AI,Video,0.2405,0.599,0.8036,5.3,3.2,143,4,0.6232,1,0.575132429599762,4,4,4,0.25
U2413,P00444,A1889,26-35,Male,Hyderabad,HR,5.7,Bachelors,541,20,Finance,Video,0.3588,0.4506,0.4375,8.0,4.4,468,4,0.4237,0,0.42689648270606995,5,5,5,0.2
U2413,P02322,A1255,26-35,Male,Hyderabad,HR,5.7,Bachelors,541,20,AI,Text,0.6364,0.3104,0.6947,17.7,8.6,678,2,0.5835,0,0.40502312779426575,6,6,6,0.16666666666666666
U2413,P02748,A0350,26-35,Male,Hyderabad,HR,5.7,Bachelors,541,20,AI,Video,0.2373,0.2831,0.6425,24.5,3.4,106,3,0.3942,0,0.3174757957458496,7,7,7,0.14285714285714285
U2415,P03766,A0583,26-35,Female,Mumbai,Other,3.9,Masters,70,20,Data Science,Text,0.2122,0.6921,0.8189,21.5,9.0,463,3,0.6555,0,0.712939441204071,1,1,1,1.0
U2415,P04972,A0280,26-35,Female,Mumbai,Other,3.9,Masters,70,20,Data Science,Article,0.6645,0.6104,0.4365,2.2,4.0,84,4,0.5871,1,0.5206975340843201,5,5,2,0.5
U2415,P02819,A0613,26-35,Female,Mumbai,Other,3.9,Masters,70,20,Leadership,Video,0.1658,0.3757,0.7832,18.2,7.5,671,4,0.449,1,0.4993884861469269,6,6,3,0.3333333333333333
U2415,P00099,A1467,26-35,Female,Mumbai,Other,3.9,Masters,70,20,Software,Text,0.1968,0.4361,0.5726,15.0,6.8,580,3,0.4373,0,0.4722164571285248,7,7,4,0.25
U2415,P03848,A0010,26-35,Female,Mumbai,Other,3.9,Masters,70,20,Machine Learning,Article,0.3829,0.7563,0.6432,42.1,8.1,228,2,0.6516,1,0.6566782593727112,2,2,5,0.2
U2415,P03453,A0623,26-35,Female,Mumbai,Other,3.9,Masters,70,20,Design,Article,0.3789,0.4129,0.7417,6.1,21.5,797,2,0.5964,0,0.6562573313713074,3,3,6,0.16666666666666666
U2415,P02482,A1004,26-35,Female,Mumbai,Other,3.9,Masters,70,20,Career,Video,0.7673,0.2358,0.8312,31.8,8.3,785,1,0.6318,0,0.5455715656280518,4,4,7,0.14285714285714285
U2415,P03384,A0366,26-35,Female,Mumbai,Other,3.9,Masters,70,20,Design,Article,0.1791,0.3931,0.6565,38.0,5.8,583,1,0.4653,0,0.4443199932575226,8,8,8,0.125
U2415,P01859,A1955,26-35,Female,Mumbai,Other,3.9,Masters,70,20,Finance,Text,0.4796,0.4576,0.9012,140.1,15.8,747,3,0.4157,1,0.4252125322818756,9,9,9,0.1111111111111111
U2415,P02812,A1331,26-35,Female,Mumbai,Other,3.9,Masters,70,20,Software,Job Opportunity,0.3285,0.307,0.4681,7.1,9.4,634,4,0.352,0,0.3627362549304962,10,10,10,0.1
U2415,P01019,A0440,26-35,Female,Mumbai,Other,3.9,Masters,70,20,Finance,Text,0.4635,0.1534,0.7651,43.4,1.6,185,5,0.3353,1,0.3492303490638733,11,11,11,0.09090909090909091
U2416,P01699,A1135,18-25,Male,Ahmedabad,Engineering,3.3,Masters,261,11,Finance,Video,0.2424,0.7318,0.6284,37.9,2.6,1631,1,0.5726,1,0.637507975101471,4,4,1,1.0
U2416,P02582,A1566,18-25,Male,Ahmedabad,Engineering,3.3,Masters,261,11,Data Science,Video,0.6151,0.4564,0.4992,14.8,6.3,180,3,0.4643,0,0.5376051068305969,6,6,2,0.5
U2416,P04351,A0930,18-25,Male,Ahmedabad,Engineering,3.3,Masters,261,11,Software,Text,0.1671,0.8407,0.5055,5.8,9.4,129,3,0.5537,1,0.5050860643386841,7,7,3,0.3333333333333333
U2416,P04816,A1294,18-25,Male,Ahmedabad,Engineering,3.3,Masters,261,11,Career,Text,0.0507,0.5241,0.7103,5.7,3.3,291,3,0.451,0,0.4885655641555786,8,8,4,0.25
U2416,P01758,A1135,18-25,Male,Ahmedabad,Engineering,3.3,Masters,261,11,Finance,Text,0.6292,0.6346,0.868,51.5,8.5,294,2,0.6665,1,0.7110093832015991,1,1,5,0.2
U2416,P01540,A1820,18-25,Male,Ahmedabad,Engineering,3.3,Masters,261,11,Data Science,Article,0.3165,0.6751,0.7135,17.2,5.1,1425,2,0.6085,1,0.7085831165313721,2,2,6,0.16666666666666666
U2416,P00572,A1732,18-25,Male,Ahmedabad,Engineering,3.3,Masters,261,11,Career,Text,0.4906,0.3573,0.872,0.0,16.2,165,1,0.6304,1,0.6882261037826538,3,3,7,0.14285714285714285
U2416,P01233,A1858,18-25,Male,Ahmedabad,Engineering,3.3,Masters,261,11,Machine Learning,Job Opportunity,0.0342,0.7819,0.7965,48.3,9.3,244,2,0.5588,1,0.5377569794654846,5,5,8,0.125
U2416,P01231,A0882,18-25,Male,Ahmedabad,Engineering,3.3,Masters,261,11,Design,Video,0.4557,0.6659,0.4219,10.0,4.5,299,2,0.5344,1,0.4715942442417145,9,9,9,0.1111111111111111
U2416,P04328,A0481,18-25,Male,Ahmedabad,Engineering,3.3,Masters,261,11,Marketing,Video,0.3652,0.6796,0.1463,0.1,3.7,863,1,0.4517,1,0.4173975884914398,10,10,10,0.1
U2416,P03760,A0150,18-25,Male,Ahmedabad,Engineering,3.3,Masters,261,11,Design,Text,0.214,0.4453,0.7553,2.9,6.8,425,5,0.4168,0,0.3516640365123749,11,11,11,0.09090909090909091
U2416,P00981,A1703,18-25,Male,Ahmedabad,Engineering,3.3,Masters,261,11,Marketing,Text,0.3237,0.6844,0.5237,62.5,5.9,104,2,0.4458,0,0.3045530617237091,12,12,12,0.08333333333333333
U2416,P00744,A1446,18-25,Male,Ahmedabad,Engineering,3.3,Masters,261,11,Machine Learning,Image,0.2017,0.4827,0.5483,100.4,3.2,619,3,0.2411,0,0.1921703964471817,13,13,13,0.07692307692307693
U2418,P02617,A1219,26-35,Female,Ahmedabad,Marketing,2.8,Bachelors,137,15,AI,Text,0.7272,0.4881,0.5688,10.0,2.6,1082,4,0.5323,0,0.5652929544448853,2,2,1,1.0
U2418,P04202,A0450,26-35,Female,Ahmedabad,Marketing,2.8,Bachelors,137,15,Marketing,Video,0.4514,0.5892,0.6462,38.6,8.5,499,3,0.5152,0,0.5628566741943359,3,3,2,0.5
U2418,P01942,A1638,26-35,Female,Ahmedabad,Marketing,2.8,Bachelors,137,15,Leadership,Image,0.131,0.4247,0.8265,10.5,2.1,701,3,0.4777,1,0.5285007357597351,4,4,3,0.3333333333333333
U2418,P00071,A0662,26-35,Female,Ahmedabad,Marketing,2.8,Bachelors,137,15,Software,Video,0.7928,0.6225,0.5481,45.1,11.2,268,3,0.5706,0,0.5259013772010803,5,5,4,0.25
U2418,P04588,A0327,26-35,Female,Ahmedabad,Marketing,2.8,Bachelors,137,15,AI,Job Opportunity,0.662,0.8863,0.827,5.8,4.9,390,2,0.8301,0,0.7760018706321716,1,1,5,0.2
U2418,P01786,A1943,26-35,Female,Ahmedabad,Marketing,2.8,Bachelors,137,15,Design,Job Opportunity,0.3816,0.6495,0.5957,64.6,8.4,253,3,0.4528,1,0.5027891993522644,6,6,6,0.16666666666666666
U2418,P04149,A1348,26-35,Female,Ahmedabad,Marketing,2.8,Bachelors,137,15,Software,Article,0.6748,0.3589,0.623,37.2,8.5,166,2,0.4869,1,0.4944332540035248,7,7,7,0.14285714285714285
U2418,P00124,A0969,26-35,Female,Ahmedabad,Marketing,2.8,Bachelors,137,15,Career,Video,0.6333,0.3767,0.3766,2.3,6.0,382,1,0.482,1,0.49094194173812866,8,8,8,0.125
U2418,P03840,A1217,26-35,Female,Ahmedabad,Marketing,2.8,Bachelors,137,15,Leadership,Image,0.1173,0.4844,0.4652,7.4,5.9,516,2,0.3907,0,0.4374646246433258,9,9,9,0.1111111111111111
U2418,P03222,A0916,26-35,Female,Ahmedabad,Marketing,2.8,Bachelors,137,15,Marketing,Article,0.5417,0.3461,0.7305,43.4,3.0,1171,5,0.382,0,0.41437456011772156,10,10,10,0.1
U2418,P03067,A2000,26-35,Female,Ahmedabad,Marketing,2.8,Bachelors,137,15,Leadership,Text,0.3396,0.5154,0.6029,178.4,3.4,129,2,0.2189,0,0.2186122089624405,11,11,11,0.09090909090909091
U2419,P03664,A0675,18-25,Male,Bengaluru,HR,7.6,Diploma,260,25,Leadership,Text,0.1816,0.7122,0.8632,10.7,1.3,489,2,0.7627,1,0.7783833146095276,1,1,1,1.0
U2419,P03539,A0674,18-25,Male,Bengaluru,HR,7.6,Diploma,260,25,Marketing,Article,0.2656,0.7648,0.2635,8.3,2.2,1186,1,0.6213,1,0.4627910554409027,3,3,2,0.5
U2419,P02402,A0639,18-25,Male,Bengaluru,HR,7.6,Diploma,260,25,Software,Job Opportunity,0.3666,0.5074,0.6456,7.3,4.2,246,2,0.65,0,0.5722292065620422,2,2,3,0.3333333333333333
U2419,P02670,A0118,18-25,Male,Bengaluru,HR,7.6,Diploma,260,25,AI,Video,0.0554,0.3178,0.5789,27.8,0.9,199,1,0.4378,1,0.34655681252479553,4,4,4,0.25
U2421,P03389,A1578,18-25,Male,Delhi,Engineering,13.0,Masters,496,18,Finance,Image,0.624,0.6119,0.8725,4.7,11.2,498,3,0.7809,1,0.7982744574546814,1,1,1,1.0
U2421,P02527,A1649,18-25,Male,Delhi,Engineering,13.0,Masters,496,18,Marketing,Article,0.27,0.2638,0.4855,27.7,1.9,394,1,0.4021,1,0.45758432149887085,4,4,2,0.5
U2421,P01574,A0742,18-25,Male,Delhi,Engineering,13.0,Masters,496,18,Machine Learning,Text,0.5427,0.4255,0.4263,7.5,4.3,492,4,0.4744,1,0.41055676341056824,5,5,3,0.3333333333333333
U2421,P03977,A0520,18-25,Male,Delhi,Engineering,13.0,Masters,496,18,Machine Learning,Article,0.5393,0.5991,0.9228,14.0,6.0,1545,2,0.7847,1,0.707938551902771,2,2,4,0.25
U2421,P02684,A1879,18-25,Male,Delhi,Engineering,13.0,Masters,496,18,AI,Article,0.4329,0.3958,0.8491,10.2,5.5,392,1,0.6909,0,0.6711647510528564,3,3,5,0.2
U2421,P04603,A0085,18-25,Male,Delhi,Engineering,13.0,Masters,496,18,AI,Job Opportunity,0.1382,0.3906,0.348,22.9,6.2,378,3,0.3222,0,0.34997403621673584,6,6,6,0.16666666666666666
U2421,P03405,A0549,18-25,Male,Delhi,Engineering,13.0,Masters,496,18,AI,Article,0.2427,0.1658,0.5719,34.5,1.3,945,4,0.2849,0,0.2282506674528122,7,7,7,0.14285714285714285
U2424,P04705,A0710,18-25,Male,Other,Computer Science,2.2,Bachelors,375,27,Software,Article,0.2607,0.5466,0.8274,20.6,6.1,249,3,0.6309,0,0.6856078505516052,2,2,1,1.0
U2424,P02021,A0550,18-25,Male,Other,Computer Science,2.2,Bachelors,375,27,Finance,Text,0.3648,0.5242,0.9161,18.1,6.1,77,3,0.6849,1,0.6611805558204651,3,3,2,0.5
U2424,P02977,A1603,18-25,Male,Other,Computer Science,2.2,Bachelors,375,27,Leadership,Video,0.4608,0.5273,0.7584,9.5,6.5,90,4,0.6362,0,0.6459265947341919,4,4,3,0.3333333333333333
U2424,P00941,A0336,18-25,Male,Other,Computer Science,2.2,Bachelors,375,27,Software,Text,0.2246,0.5532,0.7108,23.5,1.6,536,2,0.603,1,0.61805659532547,5,5,4,0.25
U2424,P01039,A1203,18-25,Male,Other,Computer Science,2.2,Bachelors,375,27,Finance,Text,0.3819,0.646,0.7243,0.6,5.0,141,2,0.7277,1,0.7512502074241638,1,1,5,0.2
U2424,P03703,A1495,18-25,Male,Other,Computer Science,2.2,Bachelors,375,27,Leadership,Image,0.3573,0.6947,0.373,42.4,6.6,281,4,0.4655,0,0.5420012474060059,6,6,6,0.16666666666666666
U2424,P02199,A0733,18-25,Male,Other,Computer Science,2.2,Bachelors,375,27,Data Science,Article,0.458,0.5539,0.2784,18.6,4.7,881,2,0.4951,0,0.45547357201576233,7,7,7,0.14285714285714285
U2424,P00226,A1323,18-25,Male,Other,Computer Science,2.2,Bachelors,375,27,Design,Video,0.1708,0.6367,0.4284,40.2,5.0,994,2,0.4781,0,0.4466148614883423,8,8,8,0.125
U2424,P01957,A0988,18-25,Male,Other,Computer Science,2.2,Bachelors,375,27,Machine Learning,Text,0.5518,0.432,0.3946,19.2,19.0,395,4,0.4434,0,0.432494193315506,9,9,9,0.1111111111111111
U2424,P04317,A0405,18-25,Male,Other,Computer Science,2.2,Bachelors,375,27,AI,Job Opportunity,0.3149,0.3518,0.5998,19.3,1.1,209,2,0.4899,0,0.3912084996700287,10,10,10,0.1
U2424,P01659,A1369,18-25,Male,Other,Computer Science,2.2,Bachelors,375,27,Marketing,Text,0.1569,0.2544,0.4147,45.3,7.8,483,2,0.2826,1,0.22568804025650024,11,11,11,0.09090909090909091
U2427,P03570,A1146,18-25,Female,Kolkata,HR,4.6,PhD,973,19,Leadership,Text,0.5462,0.8033,0.7019,4.5,1.8,141,1,0.7994,1,0.7424879670143127,1,1,1,1.0
U2427,P02144,A0776,18-25,Female,Kolkata,HR,4.6,PhD,973,19,Software,Image,0.5266,0.844,0.6284,12.8,4.3,140,4,0.7029,0,0.6420610547065735,2,2,2,0.5
U2427,P03887,A1749,18-25,Female,Kolkata,HR,4.6,PhD,973,19,Machine Learning,Video,0.458,0.6076,0.9528,4.5,16.5,209,4,0.7173,1,0.5971786379814148,3,3,3,0.3333333333333333
U2427,P04030,A1495,18-25,Female,Kolkata,HR,4.6,PhD,973,19,Data Science,Job Opportunity,0.1269,0.6501,0.76,25.6,3.6,115,3,0.5708,0,0.5544584393501282,4,4,4,0.25
U2427,P01487,A1532,18-25,Female,Kolkata,HR,4.6,PhD,973,19,Machine Learning,Text,0.5274,0.7897,0.2024,15.0,1.8,483,2,0.5675,0,0.5536375045776367,5,5,5,0.2
U2427,P02673,A0924,18-25,Female,Kolkata,HR,4.6,PhD,973,19,Leadership,Video,0.3813,0.5061,0.3423,4.7,7.3,93,1,0.4985,1,0.5439286231994629,6,6,6,0.16666666666666666
U2427,P04326,A1243,18-25,Female,Kolkata,HR,4.6,PhD,973,19,Machine Learning,Article,0.4287,0.5399,0.2205,6.2,1.8,113,2,0.4415,0,0.4399797022342682,7,7,7,0.14285714285714285
U2427,P02273,A1280,18-25,Female,Kolkata,HR,4.6,PhD,973,19,Software,Job Opportunity,0.8078,0.3582,0.2802,6.1,10.4,502,4,0.416,0,0.43299612402915955,8,8,8,0.125
U2427,P03548,A0420,18-25,Female,Kolkata,HR,4.6,PhD,973,19,Leadership,Video,0.1037,0.605,0.4174,32.9,9.2,73,2,0.4155,0,0.4278545081615448,9,9,9,0.1111111111111111
U2427,P03548,A1929,18-25,Female,Kolkata,HR,4.6,PhD,973,19,Leadership,Video,0.1037,0.3615,0.6541,32.9,9.2,73,1,0.4265,1,0.3137670159339905,10,10,10,0.1
U2427,P02285,A1979,18-25,Female,Kolkata,HR,4.6,PhD,973,19,Data Science,Video,0.6772,0.3287,0.5632,74.8,8.9,302,3,0.3821,0,0.25514647364616394,11,11,11,0.09090909090909091
U2436,P02958,A0623,56+,Male,Kolkata,Marketing,5.9,Bachelors,110,12,Machine Learning,Image,0.2567,0.3739,0.8086,5.6,4.8,377,3,0.4917,0,0.5157767534255981,1,1,1,1.0
U2436,P03979,A1910,56+,Male,Kolkata,Marketing,5.9,Bachelors,110,12,Machine Learning,Text,0.2444,0.58,0.6236,29.8,2.5,734,3,0.4644,0,0.4995097517967224,3,3,2,0.5
U2436,P00178,A1420,56+,Male,Kolkata,Marketing,5.9,Bachelors,110,12,Software,Text,0.6211,0.2931,0.6358,0.4,2.0,288,3,0.4885,1,0.42759934067726135,4,4,3,0.3333333333333333
U2436,P04582,A0401,56+,Male,Kolkata,Marketing,5.9,Bachelors,110,12,Finance,Text,0.1088,0.497,0.7448,8.9,0.7,93,3,0.4789,1,0.3916419446468353,5,5,4,0.25
U2436,P03275,A1398,56+,Male,Kolkata,Marketing,5.9,Bachelors,110,12,Data Science,Article,0.3402,0.1643,0.8239,15.7,4.7,90,2,0.4291,1,0.5142350196838379,2,2,5,0.2
U2436,P00684,A1928,56+,Male,Kolkata,Marketing,5.9,Bachelors,110,12,Machine Learning,Video,0.2285,0.3215,0.5564,4.7,12.3,212,2,0.3869,1,0.3416578769683838,6,6,6,0.16666666666666666
U2436,P03539,A1701,56+,Male,Kolkata,Marketing,5.9,Bachelors,110,12,Marketing,Article,0.2656,0.5101,0.4332,8.3,2.2,1186,4,0.368,1,0.2778448164463043,7,7,7,0.14285714285714285
U2436,P03741,A0510,56+,Male,Kolkata,Marketing,5.9,Bachelors,110,12,Leadership,Text,0.5719,0.1395,0.431,15.4,3.9,237,5,0.2431,1,0.1971716731786728,8,8,8,0.125
U2445,P03122,A0160,26-35,Female,Ahmedabad,Data Science,3.1,Diploma,346,18,Career,Text,0.1239,0.9082,0.7476,37.2,9.5,121,3,0.6475,0,0.681667149066925,1,1,1,1.0
U2445,P04483,A0336,26-35,Female,Ahmedabad,Data Science,3.1,Diploma,346,18,Finance,Text,0.223,0.4397,0.7303,31.4,9.9,223,3,0.4494,1,0.49836161732673645,4,4,2,0.5
U2445,P02963,A0918,26-35,Female,Ahmedabad,Data Science,3.1,Diploma,346,18,Data Science,Article,0.1202,0.6929,0.5404,9.5,4.1,203,3,0.5106,1,0.4317033886909485,8,8,3,0.3333333333333333
U2445,P04875,A0223,26-35,Female,Ahmedabad,Data Science,3.1,Diploma,346,18,Finance,Text,0.4868,0.2193,0.436,57.0,3.2,413,2,0.2832,0,0.2235577553510666,9,9,4,0.25
U2445,P02440,A0699,26-35,Female,Ahmedabad,Data Science,3.1,Diploma,346,18,Design,Job Opportunity,0.1971,0.4139,0.5956,14.1,4.7,43,1,0.4716,0,0.5673626065254211,2,2,5,0.2
U2445,P04271,A0217,26-35,Female,Ahmedabad,Data Science,3.1,Diploma,346,18,Finance,Article,0.3771,0.5835,0.7131,7.9,7.1,221,2,0.6325,1,0.5547033548355103,3,3,6,0.16666666666666666
U2445,P00634,A1064,26-35,Female,Ahmedabad,Data Science,3.1,Diploma,346,18,AI,Job Opportunity,0.1332,0.2498,0.8335,27.6,4.9,172,1,0.4462,0,0.45416444540023804,5,5,7,0.14285714285714285
U2445,P01780,A0879,26-35,Female,Ahmedabad,Data Science,3.1,Diploma,346,18,Software,Video,0.4664,0.3502,0.8217,17.2,6.4,343,2,0.5707,0,0.45184552669525146,6,6,8,0.125
U2445,P04999,A0692,26-35,Female,Ahmedabad,Data Science,3.1,Diploma,346,18,Design,Article,0.2118,0.3632,0.4664,19.4,5.2,30,2,0.3564,1,0.4484280049800873,7,7,9,0.1111111111111111
U2445,P02578,A1710,26-35,Female,Ahmedabad,Data Science,3.1,Diploma,346,18,Finance,Image,0.1866,0.3926,0.4723,67.6,9.6,3385,2,0.2818,0,0.18097583949565887,10,10,10,0.1
U2445,P02956,A1492,26-35,Female,Ahmedabad,Data Science,3.1,Diploma,346,18,Career,Video,0.2654,0.7078,0.1104,97.9,2.6,993,3,0.2304,0,0.1251353621482849,11,11,11,0.09090909090909091
U2449,P03836,A0957,26-35,Male,Mumbai,Engineering,3.2,Diploma,250,15,Leadership,Text,0.8258,0.8293,0.9364,12.8,10.1,937,3,0.8535,1,0.8454406261444092,1,1,1,1.0
U2449,P00438,A0394,26-35,Male,Mumbai,Engineering,3.2,Diploma,250,15,AI,Job Opportunity,0.6049,0.8521,0.439,54.0,5.5,905,2,0.627,1,0.6474294066429138,2,2,2,0.5
U2449,P00875,A1003,26-35,Male,Mumbai,Engineering,3.2,Diploma,250,15,Data Science,Video,0.5349,0.5881,0.4855,47.8,3.6,376,1,0.5432,0,0.516390860080719,3,3,3,0.3333333333333333
U2449,P03321,A0298,26-35,Male,Mumbai,Engineering,3.2,Diploma,250,15,Software,Article,0.1582,0.5282,0.6998,53.8,2.1,163,3,0.4244,1,0.38081642985343933,4,4,4,0.25
U2449,P03926,A0659,26-35,Male,Mumbai,Engineering,3.2,Diploma,250,15,Career,Video,0.1327,0.2789,0.7781,11.1,4.6,495,5,0.3505,1,0.34252694249153137,5,5,5,0.2
U2449,P01535,A1333,26-35,Male,Mumbai,Engineering,3.2,Diploma,250,15,Data Science,Video,0.1725,0.47,0.5202,6.5,11.9,242,3,0.4177,1,0.33271312713623047,6,6,6,0.16666666666666666
U2449,P03264,A0098,26-35,Male,Mumbai,Engineering,3.2,Diploma,250,15,Career,Text,0.319,0.4986,0.6077,73.9,1.2,330,2,0.4075,0,0.3300568163394928,7,7,7,0.14285714285714285
U2449,P04032,A1119,26-35,Male,Mumbai,Engineering,3.2,Diploma,250,15,Machine Learning,Article,0.2472,0.2881,0.6001,10.7,11.6,180,4,0.3448,0,0.3253468871116638,8,8,8,0.125
U2449,P01882,A0107,26-35,Male,Mumbai,Engineering,3.2,Diploma,250,15,Finance,Video,0.2289,0.1985,0.5473,18.5,7.9,388,2,0.3245,1,0.3034243881702423,9,9,9,0.1111111111111111
U2449,P03807,A0318,26-35,Male,Mumbai,Engineering,3.2,Diploma,250,15,AI,Video,0.1029,0.6534,0.4173,66.4,3.5,173,2,0.3621,1,0.19513839483261108,10,10,10,0.1
U2453,P01199,A1201,36-45,Female,Mumbai,Finance,3.8,Bachelors,72,17,Data Science,Article,0.346,0.9178,0.7503,25.4,3.5,1078,2,0.7591,1,0.738634467124939,1,1,1,1.0
U2453,P00316,A1599,36-45,Female,Mumbai,Finance,3.8,Bachelors,72,17,Machine Learning,Article,0.2218,0.7362,0.8673,10.0,3.7,102,2,0.7251,1,0.700454592704773,2,2,2,0.5
U2453,P03609,A0337,36-45,Female,Mumbai,Finance,3.8,Bachelors,72,17,Machine Learning,Video,0.4804,0.8157,0.6424,1.5,9.7,432,4,0.6983,1,0.6774798035621643,3,3,3,0.3333333333333333
U2453,P01240,A1565,36-45,Female,Mumbai,Finance,3.8,Bachelors,72,17,Finance,Article,0.0567,0.6947,0.7002,6.7,4.4,539,3,0.5788,0,0.569233238697052,4,4,4,0.25
U2453,P03995,A1912,36-45,Female,Mumbai,Finance,3.8,Bachelors,72,17,Leadership,Video,0.3908,0.7377,0.2391,27.1,1.0,948,2,0.4885,0,0.47876426577568054,5,5,5,0.2
U2453,P03374,A1898,36-45,Female,Mumbai,Finance,3.8,Bachelors,72,17,Career,Job Opportunity,0.4085,0.4392,0.3118,73.9,17.1,1051,2,0.2944,0,0.3740573227405548,6,6,6,0.16666666666666666
U2454,P04125,A1722,36-45,Male,Other,Computer Science,6.3,Bachelors,429,19,Career,Job Opportunity,0.2482,0.8471,0.4508,54.6,7.8,622,3,0.5185,1,0.6973678469657898,3,3,1,1.0
U2454,P04423,A0991,36-45,Male,Other,Computer Science,6.3,Bachelors,429,19,Design,Text,0.4184,0.7718,0.2835,54.0,15.6,173,2,0.4903,1,0.6635728478431702,4,4,2,0.5
U2454,P01011,A1778,36-45,Male,Other,Computer Science,6.3,Bachelors,429,19,AI,Image,0.3081,0.813,0.7376,5.5,9.6,1069,3,0.7216,1,0.6533135175704956,5,5,3,0.3333333333333333
U2454,P01809,A1906,36-45,Male,Other,Computer Science,6.3,Bachelors,429,19,Finance,Text,0.4071,0.4053,0.6388,4.0,0.2,366,2,0.5547,1,0.573760449886322,7,7,4,0.25
U2454,P01669,A1756,36-45,Male,Other,Computer Science,6.3,Bachelors,429,19,Software,Image,0.615,0.8487,0.8924,7.3,7.7,593,2,0.8507,1,0.8437766432762146,1,1,5,0.2
U2454,P02778,A0619,36-45,Male,Other,Computer Science,6.3,Bachelors,429,19,Data Science,Image,0.3316,0.7452,0.9267,10.8,23.4,668,1,0.7992,1,0.7385843992233276,2,2,6,0.16666666666666666
U2454,P02329,A1436,36-45,Male,Other,Computer Science,6.3,Bachelors,429,19,Data Science,Article,0.2435,0.4748,0.7863,32.2,6.0,146,1,0.5827,0,0.5842728614807129,6,6,7,0.14285714285714285
U2454,P01655,A0226,36-45,Male,Other,Computer Science,6.3,Bachelors,429,19,Marketing,Text,0.0438,0.8643,0.5178,74.1,7.7,233,3,0.4605,0,0.5716049075126648,8,8,8,0.125
U2454,P03500,A0802,36-45,Male,Other,Computer Science,6.3,Bachelors,429,19,Design,Article,0.1792,0.6842,0.4925,22.9,8.0,591,3,0.4992,1,0.5439328551292419,9,9,9,0.1111111111111111
U2454,P04605,A0412,36-45,Male,Other,Computer Science,6.3,Bachelors,429,19,Leadership,Text,0.3211,0.4239,0.5041,16.2,6.6,392,3,0.427,1,0.46436649560928345,10,10,10,0.1
U2454,P03764,A1959,36-45,Male,Other,Computer Science,6.3,Bachelors,429,19,Career,Video,0.1896,0.5294,0.7087,32.5,10.5,146,5,0.4328,0,0.4562316834926605,11,11,11,0.09090909090909091
U2454,P00864,A0531,36-45,Male,Other,Computer Science,6.3,Bachelors,429,19,AI,Text,0.2093,0.3565,0.5239,5.6,2.3,249,4,0.3627,0,0.40791812539100647,12,12,12,0.08333333333333333
U2454,P02947,A0222,36-45,Male,Other,Computer Science,6.3,Bachelors,429,19,Design,Job Opportunity,0.242,0.2529,0.306,8.2,1.4,659,1,0.3239,0,0.3235796391963959,13,13,13,0.07692307692307693
U2454,P02275,A0513,36-45,Male,Other,Computer Science,6.3,Bachelors,429,19,Finance,Text,0.2372,0.2942,0.2728,4.2,1.7,695,3,0.2803,0,0.2626221179962158,14,14,14,0.07142857142857142
U2461,P02638,A1980,46-55,Female,Other,Marketing,3.7,Bachelors,213,15,Machine Learning,Image,0.6169,0.3883,0.6974,21.3,5.1,1126,3,0.5181,1,0.5841485261917114,1,1,1,1.0
U2461,P03758,A1783,46-55,Female,Other,Marketing,3.7,Bachelors,213,15,Career,Job Opportunity,0.6621,0.3599,0.3033,0.5,8.5,296,2,0.4235,0,0.5409107208251953,2,2,2,0.5
U2461,P00333,A0836,46-55,Female,Other,Marketing,3.7,Bachelors,213,15,Leadership,Video,0.0551,0.7359,0.4179,73.8,13.0,156,1,0.3809,0,0.5232203602790833,3,3,3,0.3333333333333333
U2461,P02395,A0397,46-55,Female,Other,Marketing,3.7,Bachelors,213,15,Design,Image,0.1398,0.5315,0.7768,14.4,6.8,356,4,0.4735,1,0.4707891047000885,4,4,4,0.25
U2461,P00812,A1017,46-55,Female,Other,Marketing,3.7,Bachelors,213,15,Finance,Article,0.126,0.3082,0.5397,69.3,17.4,808,1,0.265,0,0.3910219967365265,5,5,5,0.2
U2461,P03254,A0760,46-55,Female,Other,Marketing,3.7,Bachelors,213,15,Software,Video,0.1351,0.7749,0.3437,34.0,4.1,296,5,0.3436,0,0.31358498334884644,6,6,6,0.16666666666666666
U2462,P02980,A0469,36-45,Male,Hyderabad,Finance,12.5,Masters,850,20,Software,Image,0.4043,0.6942,0.5214,25.6,3.1,664,2,0.6463,1,0.6286563277244568,3,3,1,1.0
U2462,P04995,A1635,36-45,Male,Hyderabad,Finance,12.5,Masters,850,20,Machine Learning,Article,0.2698,0.641,0.5777,15.0,3.3,1093,2,0.6292,1,0.540243923664093,4,4,2,0.5
U2462,P00839,A0050,36-45,Male,Hyderabad,Finance,12.5,Masters,850,20,Data Science,Text,0.435,0.5862,0.3791,44.4,10.5,101,1,0.5395,0,0.5376744270324707,5,5,3,0.3333333333333333
U2462,P02344,A1058,36-45,Male,Hyderabad,Finance,12.5,Masters,850,20,Machine Learning,Job Opportunity,0.3427,0.166,0.6554,15.7,5.5,467,3,0.4147,0,0.3907921314239502,6,6,4,0.25
U2462,P02035,A0087,36-45,Male,Hyderabad,Finance,12.5,Masters,850,20,Software,Image,0.6686,0.7545,0.894,104.9,7.6,187,2,0.7336,0,0.7790102362632751,1,1,5,0.2
U2462,P04420,A0377,36-45,Male,Hyderabad,Finance,12.5,Masters,850,20,AI,Text,0.3493,0.4162,0.7513,18.0,8.2,94,1,0.6383,0,0.6577260494232178,2,2,6,0.16666666666666666
U2462,P00971,A0865,36-45,Male,Hyderabad,Finance,12.5,Masters,850,20,Leadership,Text,0.6932,0.8027,0.1452,13.8,7.2,320,4,0.5823,0,0.3488614857196808,7,7,7,0.14285714285714285
U2462,P04686,A0906,36-45,Male,Hyderabad,Finance,12.5,Masters,850,20,Design,Job Opportunity,0.517,0.2777,0.6116,100.9,2.1,362,4,0.3067,1,0.2805173695087433,8,8,8,0.125
U2462,P03095,A0654,36-45,Male,Hyderabad,Finance,12.5,Masters,850,20,Career,Article,0.1052,0.6328,0.3869,216.7,8.3,525,3,0.1498,0,0.20895427465438843,9,9,9,0.1111111111111111
U2481,P04760,A1559,26-35,Male,Mumbai,Engineering,4.6,PhD,318,19,Design,Text,0.678,0.6314,0.6333,24.1,1.9,905,1,0.7273,1,0.6494531631469727,1,1,1,1.0
U2481,P02263,A0392,26-35,Male,Mumbai,Engineering,4.6,PhD,318,19,Data Science,Job Opportunity,0.2601,0.6088,0.778,16.8,4.7,181,5,0.5647,1,0.48076438903808594,2,2,2,0.5
U2481,P02263,A0529,26-35,Male,Mumbai,Engineering,4.6,PhD,318,19,Data Science,Job Opportunity,0.2601,0.5009,0.5093,16.8,4.7,181,3,0.462,1,0.3731846213340759,3,3,3,0.3333333333333333
U2481,P03305,A0423,26-35,Male,Mumbai,Engineering,4.6,PhD,318,19,Machine Learning,Article,0.4901,0.5094,0.3378,26.4,4.4,121,5,0.3751,0,0.3456558883190155,4,4,4,0.25
U2481,P01748,A1259,26-35,Male,Mumbai,Engineering,4.6,PhD,318,19,Machine Learning,Video,0.277,0.2849,0.5245,15.8,1.6,188,2,0.4009,1,0.33219626545906067,5,5,5,0.2
U2481,P00902,A0586,26-35,Male,Mumbai,Engineering,4.6,PhD,318,19,Leadership,Job Opportunity,0.0558,0.1288,0.5401,55.8,9.8,719,4,0.1808,0,0.18131689727306366,6,6,6,0.16666666666666666
U2486,P02765,A1618,26-35,Female,Ahmedabad,Marketing,7.6,Masters,422,19,Finance,Image,0.3709,0.657,0.5979,3.2,1.3,328,1,0.6791,1,0.7513449192047119,1,1,1,1.0
U2486,P00720,A0211,26-35,Female,Ahmedabad,Marketing,7.6,Masters,422,19,Marketing,Image,0.4493,0.5773,0.8549,18.0,2.8,45,3,0.6759,0,0.7289299964904785,2,2,2,0.5
U2486,P02077,A0284,26-35,Female,Ahmedabad,Marketing,7.6,Masters,422,19,Marketing,Text,0.1451,0.656,0.7982,36.5,3.8,414,2,0.609,1,0.7098267674446106,3,3,3,0.3333333333333333
U2486,P01766,A1058,26-35,Female,Ahmedabad,Marketing,7.6,Masters,422,19,Design,Text,0.2392,0.864,0.6551,45.2,3.4,566,1,0.6856,0,0.662446916103363,4,4,4,0.25
U2486,P04661,A1255,26-35,Female,Ahmedabad,Marketing,7.6,Masters,422,19,Finance,Image,0.4289,0.7122,0.4001,40.8,6.6,771,2,0.5391,1,0.6039195656776428,5,5,5,0.2
U2486,P02436,A1125,26-35,Female,Ahmedabad,Marketing,7.6,Masters,422,19,Leadership,Image,0.4003,0.3469,0.9208,33.9,9.9,877,2,0.583,0,0.5981758236885071,6,6,6,0.16666666666666666
U2486,P01759,A1162,26-35,Female,Ahmedabad,Marketing,7.6,Masters,422,19,Software,Text,0.1758,0.4256,0.6737,11.7,6.1,1125,3,0.4683,1,0.5729055404663086,7,7,7,0.14285714285714285
U2486,P02862,A0451,26-35,Female,Ahmedabad,Marketing,7.6,Masters,422,19,Software,Job Opportunity,0.6673,0.5371,0.5186,35.6,0.8,736,4,0.5129,0,0.5043293833732605,8,8,8,0.125
U2486,P01860,A1917,26-35,Female,Ahmedabad,Marketing,7.6,Masters,422,19,Software,Job Opportunity,0.1502,0.2866,0.2921,3.2,4.2,710,2,0.2924,0,0.3807792067527771,9,9,9,0.1111111111111111
U2493,P02491,A0108,18-25,Male,Bengaluru,Computer Science,3.5,Masters,1449,13,Data Science,Article,0.6902,0.6904,0.7363,112.6,14.7,677,5,0.4842,1,0.684991180896759,1,1,1,1.0
U2493,P02148,A0596,18-25,Male,Bengaluru,Computer Science,3.5,Masters,1449,13,Marketing,Job Opportunity,0.7204,0.418,0.698,1.1,3.6,125,4,0.5944,1,0.6195358037948608,2,2,2,0.5
U2493,P03823,A0190,18-25,Male,Bengaluru,Computer Science,3.5,Masters,1449,13,Design,Text,0.461,0.5003,0.6567,20.1,3.2,1033,2,0.5743,0,0.6185929179191589,3,3,3,0.3333333333333333
U2493,P03803,A0065,18-25,Male,Bengaluru,Computer Science,3.5,Masters,1449,13,Data Science,Article,0.1777,0.4225,0.8215,1.5,3.6,500,5,0.4678,1,0.5797345638275146,4,4,4,0.25
U2493,P04342,A0617,18-25,Male,Bengaluru,Computer Science,3.5,Masters,1449,13,Software,Article,0.443,0.4758,0.7604,49.8,8.2,300,3,0.5098,0,0.5467581748962402,5,5,5,0.2
U2493,P03223,A1658,18-25,Male,Bengaluru,Computer Science,3.5,Masters,1449,13,Design,Article,0.1447,0.204,0.4117,12.8,5.0,617,4,0.2211,0,0.5218672156333923,6,6,6,0.16666666666666666
U2493,P03728,A0195,18-25,Male,Bengaluru,Computer Science,3.5,Masters,1449,13,Leadership,Video,0.3203,0.8993,0.488,16.1,5.6,235,4,0.6053,1,0.5207778811454773,7,7,7,0.14285714285714285
U2493,P02286,A0767,18-25,Male,Bengaluru,Computer Science,3.5,Masters,1449,13,Machine Learning,Article,0.2057,0.6009,0.6701,28.5,1.6,216,4,0.4788,0,0.5025745630264282,8,8,8,0.125
U2493,P04313,A1982,18-25,Male,Bengaluru,Computer Science,3.5,Masters,1449,13,Finance,Job Opportunity,0.3683,0.277,0.3333,33.3,2.4,211,3,0.2622,0,0.38330742716789246,9,9,9,0.1111111111111111
U2496,P04737,A1959,26-35,Male,Pune,Finance,9.8,Masters,151,17,Software,Article,0.1528,0.689,0.6866,8.5,3.1,329,4,0.5834,0,0.5017147660255432,4,4,1,1.0
U2496,P01748,A1923,26-35,Male,Pune,Finance,9.8,Masters,151,17,Machine Learning,Video,0.277,0.3767,0.8355,15.8,1.6,188,4,0.5109,0,0.4897499680519104,5,5,2,0.5
U2496,P04820,A1021,26-35,Male,Pune,Finance,9.8,Masters,151,17,Software,Video,0.5252,0.5435,0.3645,17.9,1.9,106,3,0.4907,0,0.44556766748428345,6,6,3,0.3333333333333333
U2496,P03941,A0480,26-35,Male,Pune,Finance,9.8,Masters,151,17,Career,Article,0.4261,0.4961,0.4034,35.0,6.6,348,3,0.4227,0,0.4324682354927063,7,7,4,0.25
U2496,P02526,A1695,26-35,Male,Pune,Finance,9.8,Masters,151,17,AI,Video,0.4077,0.6902,0.9678,88.3,4.3,294,1,0.7004,0,0.6696126461029053,1,1,5,0.2
U2496,P02565,A0531,26-35,Male,Pune,Finance,9.8,Masters,151,17,Software,Article,0.3918,0.626,0.8018,69.6,8.0,684,2,0.6084,1,0.6394687294960022,2,2,6,0.16666666666666666
U2496,P00333,A1468,26-35,Male,Pune,Finance,9.8,Masters,151,17,Leadership,Video,0.0551,0.7599,0.6531,73.8,13.0,156,1,0.5453,0,0.6322086453437805,3,3,7,0.14285714285714285
U2496,P03828,A0977,26-35,Male,Pune,Finance,9.8,Masters,151,17,Marketing,Image,0.5162,0.6138,0.359,12.7,2.3,554,4,0.4989,0,0.40421679615974426,8,8,8,0.125
U2496,P02175,A1349,26-35,Male,Pune,Finance,9.8,Masters,151,17,Machine Learning,Text,0.6331,0.4329,0.3407,1.3,3.2,1069,4,0.4557,1,0.36659079790115356,9,9,9,0.1111111111111111
U2496,P03618,A1448,26-35,Male,Pune,Finance,9.8,Masters,151,17,Career,Job Opportunity,0.1908,0.5629,0.2404,44.0,3.6,285,2,0.3416,0,0.33917418122291565,10,10,10,0.1
U2498,P01583,A0679,18-25,Male,Other,Other,9.0,Bachelors,174,22,Career,Text,0.5808,0.7391,0.5966,20.5,9.3,424,3,0.7011,1,0.755639374256134,1,1,1,1.0
U2498,P00178,A0564,18-25,Male,Other,Other,9.0,Bachelors,174,22,Software,Text,0.6211,0.8596,0.3766,0.4,2.0,288,5,0.6603,1,0.7008312344551086,3,3,2,0.5
U2498,P02684,A1773,18-25,Male,Other,Other,9.0,Bachelors,174,22,AI,Article,0.4329,0.576,0.8359,10.2,5.5,392,4,0.6732,1,0.6673359274864197,4,4,3,0.3333333333333333
U2498,P01417,A0684,18-25,Male,Other,Other,9.0,Bachelors,174,22,Finance,Job Opportunity,0.2573,0.4996,0.7971,6.1,5.1,172,3,0.6163,0,0.6283609867095947,5,5,4,0.25
U2498,P02335,A0439,18-25,Male,Other,Other,9.0,Bachelors,174,22,Software,Image,0.3255,0.9469,0.6449,36.7,6.3,1387,1,0.7685,0,0.7290522456169128,2,2,5,0.2
U2498,P03687,A0061,18-25,Male,Other,Other,9.0,Bachelors,174,22,Finance,Article,0.3616,0.4457,0.6403,4.9,1.5,862,3,0.5557,1,0.5931715965270996,6,6,6,0.16666666666666666
U2498,P02433,A1447,18-25,Male,Other,Other,9.0,Bachelors,174,22,Machine Learning,Video,0.2677,0.5211,0.6274,18.9,6.5,389,5,0.4694,0,0.47156408429145813,7,7,7,0.14285714285714285
U2498,P01220,A0685,18-25,Male,Other,Other,9.0,Bachelors,174,22,AI,Job Opportunity,0.2591,0.5176,0.3743,13.2,11.4,475,1,0.499,1,0.4518558382987976,8,8,8,0.125
U2498,P02465,A0736,18-25,Male,Other,Other,9.0,Bachelors,174,22,Leadership,Article,0.1414,0.3618,0.4134,53.8,4.4,307,3,0.2762,0,0.22310706973075867,9,9,9,0.1111111111111111
U2498,P01447,A0911,18-25,Male,Other,Other,9.0,Bachelors,174,22,AI,Text,0.1094,0.3852,0.5095,96.3,1.8,168,2,0.2693,0,0.20477820932865143,10,10,10,0.1
U2499,P02976,A1256,36-45,Male,Pune,Marketing,2.3,Masters,403,16,Data Science,Job Opportunity,0.2724,0.7714,0.6719,49.6,3.9,356,3,0.5694,1,0.5843954086303711,3,3,1,1.0
U2499,P03459,A1077,36-45,Male,Pune,Marketing,2.3,Masters,403,16,Career,Job Opportunity,0.2817,0.5885,0.5684,6.1,3.2,339,3,0.524,0,0.5067442655563354,4,4,2,0.5
U2499,P03080,A1908,36-45,Male,Pune,Marketing,2.3,Masters,403,16,Finance,Text,0.3987,0.4725,0.7444,20.4,6.6,506,2,0.5763,0,0.6149474382400513,1,1,3,0.3333333333333333
U2499,P01858,A0701,36-45,Male,Pune,Marketing,2.3,Masters,403,16,Leadership,Text,0.4522,0.6028,0.7981,65.5,5.0,407,2,0.5884,0,0.5887460708618164,2,2,4,0.25
U2499,P03617,A0092,36-45,Male,Pune,Marketing,2.3,Masters,403,16,AI,Text,0.466,0.3738,0.3383,26.5,2.7,279,2,0.3647,0,0.3084090054035187,5,5,5,0.2
U2503,P04937,A0639,56+,Male,Mumbai,Marketing,11.6,Bachelors,169,18,Software,Article,0.13,0.7876,0.8993,16.9,4.8,288,4,0.708,1,0.67622971534729,2,2,1,1.0
U2503,P04817,A1065,56+,Male,Mumbai,Marketing,11.6,Bachelors,169,18,Career,Job Opportunity,0.3731,0.3788,0.7955,11.4,2.0,308,1,0.6441,0,0.6646260023117065,3,3,2,0.5
U2503,P02476,A0374,56+,Male,Mumbai,Marketing,11.6,Bachelors,169,18,Design,Job Opportunity,0.3515,0.7815,0.7895,52.3,1.9,665,3,0.6851,1,0.6619588136672974,4,4,3,0.3333333333333333
U2503,P03573,A1794,56+,Male,Mumbai,Marketing,11.6,Bachelors,169,18,Machine Learning,Article,0.5406,0.3592,0.5696,10.0,3.6,384,2,0.5586,0,0.4960247576236725,6,6,4,0.25
U2503,P03357,A0257,56+,Male,Mumbai,Marketing,11.6,Bachelors,169,18,Software,Job Opportunity,0.4766,0.6264,0.7079,9.6,5.8,566,2,0.7186,0,0.7248613834381104,1,1,5,0.2
U2503,P04167,A1110,56+,Male,Mumbai,Marketing,11.6,Bachelors,169,18,Marketing,Image,0.4601,0.5683,0.5494,3.9,5.8,1124,2,0.641,1,0.6445816159248352,5,5,6,0.16666666666666666
U2503,P00027,A1046,56+,Male,Mumbai,Marketing,11.6,Bachelors,169,18,Marketing,Video,0.7049,0.3502,0.7883,105.8,1.6,456,3,0.4684,0,0.3823525309562683,7,7,7,0.14285714285714285
U2503,P00290,A0878,56+,Male,Mumbai,Marketing,11.6,Bachelors,169,18,Leadership,Image,0.2392,0.3613,0.5943,42.8,4.6,310,3,0.3912,1,0.37413936853408813,8,8,8,0.125
U2503,P01389,A1162,56+,Male,Mumbai,Marketing,11.6,Bachelors,169,18,Software,Text,0.0979,0.3097,0.7792,61.8,7.9,451,3,0.3685,1,0.33797574043273926,9,9,9,0.1111111111111111
U2503,P00874,A1197,56+,Male,Mumbai,Marketing,11.6,Bachelors,169,18,Design,Video,0.2318,0.4719,0.4639,69.6,5.0,307,3,0.3395,1,0.32654258608818054,10,10,10,0.1
U2511,P00233,A1937,26-35,Male,Delhi,Data Science,13.9,Masters,300,20,Career,Article,0.447,0.6774,0.2652,3.1,5.9,271,2,0.5927,0,0.7064658403396606,1,1,1,1.0
U2511,P02887,A1022,26-35,Male,Delhi,Data Science,13.9,Masters,300,20,Design,Text,0.7024,0.9552,0.464,22.8,2.1,518,3,0.7794,0,0.7041138410568237,2,2,2,0.5
U2511,P02175,A1489,26-35,Male,Delhi,Data Science,13.9,Masters,300,20,Machine Learning,Text,0.6331,0.9518,0.4078,1.3,3.2,1069,1,0.8199,1,0.7005228400230408,3,3,3,0.3333333333333333
U2511,P01965,A1401,26-35,Male,Delhi,Data Science,13.9,Masters,300,20,Design,Video,0.358,0.4287,0.8716,4.7,16.4,209,3,0.661,1,0.6914266347885132,4,4,4,0.25
U2511,P04152,A1112,26-35,Male,Delhi,Data Science,13.9,Masters,300,20,Marketing,Job Opportunity,0.1999,0.6712,0.5637,7.8,4.4,236,2,0.6366,0,0.6876217126846313,5,5,5,0.2
U2511,P03156,A1663,26-35,Male,Delhi,Data Science,13.9,Masters,300,20,Design,Text,0.3012,0.704,0.4052,9.7,6.0,198,3,0.5801,1,0.6304178833961487,6,6,6,0.16666666666666666
U2511,P03059,A0627,26-35,Male,Delhi,Data Science,13.9,Masters,300,20,Data Science,Text,0.2212,0.59,0.4865,30.3,5.8,263,3,0.4951,0,0.5457256436347961,7,7,7,0.14285714285714285
U2511,P03036,A1247,26-35,Male,Delhi,Data Science,13.9,Masters,300,20,Marketing,Article,0.2862,0.3208,0.5723,22.2,14.3,331,1,0.4961,0,0.4861738979816437,8,8,8,0.125
U2511,P02725,A0889,26-35,Male,Delhi,Data Science,13.9,Masters,300,20,Finance,Job Opportunity,0.613,0.4401,0.4514,36.5,11.9,420,3,0.5006,1,0.47052663564682007,9,9,9,0.1111111111111111
U2511,P03275,A0158,26-35,Male,Delhi,Data Science,13.9,Masters,300,20,Data Science,Article,0.3402,0.4671,0.5404,15.7,4.7,90,4,0.486,1,0.46628764271736145,10,10,10,0.1
U2511,P04027,A0095,26-35,Male,Delhi,Data Science,13.9,Masters,300,20,Design,Video,0.2086,0.6248,0.3,14.2,2.2,84,1,0.527,1,0.4635167419910431,11,11,11,0.09090909090909091
U2511,P00460,A1223,26-35,Male,Delhi,Data Science,13.9,Masters,300,20,Career,Video,0.0745,0.2092,0.7621,27.7,2.3,435,2,0.4199,1,0.36422932147979736,12,12,12,0.08333333333333333
U2511,P02648,A1472,26-35,Male,Delhi,Data Science,13.9,Masters,300,20,Marketing,Text,0.598,0.6774,0.3819,152.0,5.1,244,3,0.3585,1,0.2638561725616455,13,13,13,0.07692307692307693
U2511,P01915,A1193,26-35,Male,Delhi,Data Science,13.9,Masters,300,20,Data Science,Text,0.5916,0.2015,0.6358,58.7,4.5,87,2,0.4421,0,0.18032534420490265,14,14,14,0.07142857142857142
U2512,P01896,A0279,26-35,Male,Pune,Other,4.6,Bachelors,286,17,Marketing,Job Opportunity,0.3757,0.8402,0.7709,35.1,1.7,46,3,0.7049,0,0.7372888922691345,1,1,1,1.0
U2512,P02242,A1707,26-35,Male,Pune,Other,4.6,Bachelors,286,17,Software,Article,0.3564,0.6552,0.4263,11.5,2.1,40,3,0.5207,1,0.4596967101097107,3,3,2,0.5
U2512,P04885,A1850,26-35,Male,Pune,Other,4.6,Bachelors,286,17,Marketing,Job Opportunity,0.1084,0.5793,0.45,30.6,3.7,247,2,0.4196,1,0.4408843517303467,4,4,3,0.3333333333333333
U2512,P04776,A1721,26-35,Male,Pune,Other,4.6,Bachelors,286,17,Design,Video,0.6173,0.6396,0.6403,42.1,5.3,134,2,0.6428,1,0.5491252541542053,2,2,4,0.25
U2512,P04207,A1045,26-35,Male,Pune,Other,4.6,Bachelors,286,17,Finance,Video,0.1896,0.7128,0.5338,54.7,1.8,321,2,0.4954,1,0.43140530586242676,5,5,5,0.2
U2512,P03485,A1089,26-35,Male,Pune,Other,4.6,Bachelors,286,17,Machine Learning,Text,0.3399,0.2957,0.6971,32.5,6.7,716,3,0.4105,1,0.3785156309604645,6,6,6,0.16666666666666666
U2514,P00953,A1762,18-25,Male,Other,Computer Science,6.0,Diploma,527,14,Finance,Text,0.522,0.8732,0.616,21.3,6.2,247,3,0.7002,0,0.7859496474266052,1,1,1,1.0
U2514,P03236,A0319,18-25,Male,Other,Computer Science,6.0,Diploma,527,14,Machine Learning,Article,0.3942,0.7641,0.8292,6.0,9.7,424,3,0.726,1,0.6907790899276733,2,2,2,0.5
U2514,P03448,A0399,18-25,Male,Other,Computer Science,6.0,Diploma,527,14,Leadership,Video,0.5001,0.7233,0.8692,69.7,3.1,257,2,0.6676,1,0.6512945890426636,3,3,3,0.3333333333333333
U2514,P01324,A1394,18-25,Male,Other,Computer Science,6.0,Diploma,527,14,Career,Text,0.0657,0.7608,0.6785,23.9,6.7,824,3,0.5515,1,0.6382124423980713,4,4,4,0.25
U2514,P03625,A1970,18-25,Male,Other,Computer Science,6.0,Diploma,527,14,Finance,Text,0.2157,0.5336,0.875,12.2,7.9,44,5,0.5213,1,0.5871747732162476,5,5,5,0.2
U2514,P01362,A1881,18-25,Male,Other,Computer Science,6.0,Diploma,527,14,Design,Image,0.4839,0.7396,0.3288,31.3,9.2,471,1,0.5575,1,0.5826318264007568,6,6,6,0.16666666666666666
U2514,P00739,A1959,18-25,Male,Other,Computer Science,6.0,Diploma,527,14,Machine Learning,Video,0.2691,0.4753,0.7841,16.4,3.5,353,1,0.5888,0,0.5776034593582153,7,7,7,0.14285714285714285
U2514,P02435,A0715,18-25,Male,Other,Computer Science,6.0,Diploma,527,14,Leadership,Text,0.5389,0.37,0.8499,13.6,2.4,227,2,0.6106,0,0.57231205701828,8,8,8,0.125
U2514,P01355,A0696,18-25,Male,Other,Computer Science,6.0,Diploma,527,14,Finance,Video,0.4652,0.6313,0.7652,128.3,5.5,184,2,0.4575,0,0.5258874297142029,9,9,9,0.1111111111111111
U2514,P02740,A0479,18-25,Male,Other,Computer Science,6.0,Diploma,527,14,Data Science,Job Opportunity,0.3805,0.1835,0.6464,39.0,6.4,197,3,0.315,1,0.2866513133049011,10,10,10,0.1
U2517,P02299,A0909,18-25,Male,Other,Other,3.3,Diploma,141,20,Finance,Article,0.0765,0.8095,0.9798,29.1,10.4,552,3,0.7078,1,0.6902986168861389,3,3,1,1.0
U2517,P03901,A1611,18-25,Male,Other,Other,3.3,Diploma,141,20,Career,Article,0.3714,0.4944,0.8642,10.0,1.9,270,1,0.6889,1,0.6880477666854858,4,4,2,0.5
U2517,P01096,A0334,18-25,Male,Other,Other,3.3,Diploma,141,20,Design,Text,0.6027,0.544,0.9002,38.2,3.2,288,1,0.728,1,0.674601674079895,6,6,3,0.3333333333333333
U2517,P02373,A0040,18-25,Male,Other,Other,3.3,Diploma,141,20,Leadership,Job Opportunity,0.224,0.4965,0.6886,0.3,1.6,231,1,0.6026,1,0.664280354976654,7,7,4,0.25
U2517,P02585,A0043,18-25,Male,Other,Other,3.3,Diploma,141,20,Design,Job Opportunity,0.1665,0.8676,0.6431,15.1,5.9,55,2,0.6834,1,0.7599684596061707,1,1,5,0.2
U2517,P00278,A0855,18-25,Male,Other,Other,3.3,Diploma,141,20,Leadership,Text,0.2328,0.8951,0.6213,33.6,7.5,567,1,0.699,1,0.7531625032424927,2,2,6,0.16666666666666666
U2517,P01583,A0495,18-25,Male,Other,Other,3.3,Diploma,141,20,Career,Text,0.5808,0.6049,0.7725,20.5,9.3,424,1,0.7324,1,0.6879069805145264,5,5,7,0.14285714285714285
U2517,P00558,A1406,18-25,Male,Other,Other,3.3,Diploma,141,20,Design,Article,0.293,0.7013,0.6916,31.4,4.0,140,1,0.6588,0,0.6260233521461487,8,8,8,0.125
U2517,P01556,A1087,18-25,Male,Other,Other,3.3,Diploma,141,20,Software,Text,0.2123,0.5485,0.6401,1.0,4.7,302,2,0.5719,1,0.5605624914169312,9,9,9,0.1111111111111111
U2517,P01769,A1197,18-25,Male,Other,Other,3.3,Diploma,141,20,Career,Text,0.1661,0.5713,0.6525,1.3,4.8,305,3,0.5431,0,0.5455061197280884,10,10,10,0.1
U2517,P02861,A1632,18-25,Male,Other,Other,3.3,Diploma,141,20,Finance,Job Opportunity,0.2708,0.6285,0.5762,21.9,4.9,217,3,0.527,1,0.5405030846595764,11,11,11,0.09090909090909091
U2517,P00036,A0166,18-25,Male,Other,Other,3.3,Diploma,141,20,AI,Article,0.2584,0.5601,0.5673,40.4,7.4,210,3,0.4488,0,0.438850075006485,12,12,12,0.08333333333333333
U2517,P04873,A0252,18-25,Male,Other,Other,3.3,Diploma,141,20,Marketing,Job Opportunity,0.2339,0.5868,0.4534,85.7,1.3,291,3,0.3241,0,0.2944731116294861,13,13,13,0.07692307692307693
U2521,P03708,A1895,18-25,Male,Hyderabad,Finance,13.1,PhD,540,22,Finance,Article,0.7611,0.669,0.9046,69.3,3.4,117,1,0.8063,1,0.7487160563468933,1,1,1,1.0
U2521,P00718,A1913,18-25,Male,Hyderabad,Finance,13.1,PhD,540,22,AI,Article,0.3908,0.5561,0.7629,9.2,3.4,292,2,0.7116,1,0.6959661245346069,3,3,2,0.5
U2521,P01634,A1288,18-25,Male,Hyderabad,Finance,13.1,PhD,540,22,Marketing,Job Opportunity,0.4756,0.2349,0.8835,26.1,10.8,944,4,0.5409,1,0.624528706073761,5,5,3,0.3333333333333333
U2521,P04454,A1130,18-25,Male,Hyderabad,Finance,13.1,PhD,540,22,AI,Video,0.3117,0.7339,0.3815,5.2,5.9,265,3,0.6048,1,0.617536723613739,6,6,4,0.25
U2521,P03382,A1156,18-25,Male,Hyderabad,Finance,13.1,PhD,540,22,Marketing,Video,0.6856,0.8138,0.4736,35.5,4.9,1006,1,0.7632,1,0.7395514845848083,2,2,5,0.2
U2521,P04743,A0916,18-25,Male,Hyderabad,Finance,13.1,PhD,540,22,Leadership,Article,0.2845,0.5562,0.7405,16.5,4.7,188,2,0.6659,1,0.6536706686019897,4,4,6,0.16666666666666666
U2521,P00672,A0379,18-25,Male,Hyderabad,Finance,13.1,PhD,540,22,Software,Video,0.384,0.3907,0.5732,2.8,2.6,637,2,0.5729,1,0.6142376065254211,7,7,7,0.14285714285714285
U2521,P01220,A0230,18-25,Male,Hyderabad,Finance,13.1,PhD,540,22,AI,Job Opportunity,0.2591,0.7478,0.3668,13.2,11.4,475,2,0.6074,0,0.5482908487319946,8,8,8,0.125
U2521,P04278,A1752,18-25,Male,Hyderabad,Finance,13.1,PhD,540,22,Career,Job Opportunity,0.5013,0.3944,0.5688,8.5,3.4,486,2,0.5931,0,0.5090692639350891,9,9,9,0.1111111111111111
U2521,P01833,A0489,18-25,Male,Hyderabad,Finance,13.1,PhD,540,22,Career,Article,0.4979,0.3487,0.5805,32.3,2.8,186,1,0.56,1,0.4673502445220947,10,10,10,0.1
U2521,P02293,A0295,18-25,Male,Hyderabad,Finance,13.1,PhD,540,22,Leadership,Job Opportunity,0.3658,0.5391,0.3439,15.6,2.7,73,3,0.487,1,0.43150991201400757,11,11,11,0.09090909090909091
U2521,P03657,A0695,18-25,Male,Hyderabad,Finance,13.1,PhD,540,22,Software,Video,0.5924,0.5491,0.1381,52.6,7.8,396,3,0.3945,0,0.35757696628570557,12,12,12,0.08333333333333333
U2521,P00701,A1975,18-25,Male,Hyderabad,Finance,13.1,PhD,540,22,Data Science,Image,0.0664,0.3762,0.1438,22.7,9.8,55,2,0.2741,0,0.2254011332988739,13,13,13,0.07692307692307693
U2521,P02216,A1343,18-25,Male,Hyderabad,Finance,13.1,PhD,540,22,Leadership,Article,0.0931,0.1788,0.4761,13.0,7.9,1083,5,0.2522,1,0.20016783475875854,14,14,14,0.07142857142857142
U2524,P01177,A0247,36-45,Female,Bengaluru,Computer Science,6.1,Diploma,154,21,Data Science,Job Opportunity,0.2079,0.7214,0.7377,4.9,3.0,147,3,0.6819,1,0.716292142868042,1,1,1,1.0
U2524,P04002,A0292,36-45,Female,Bengaluru,Computer Science,6.1,Diploma,154,21,Machine Learning,Image,0.2987,0.7095,0.8984,59.5,5.0,330,3,0.6626,1,0.6775934100151062,2,2,2,0.5
U2524,P01136,A0950,36-45,Female,Bengaluru,Computer Science,6.1,Diploma,154,21,Machine Learning,Article,0.3521,0.3405,0.9549,8.8,4.0,463,4,0.5908,0,0.6051865816116333,4,4,3,0.3333333333333333
U2524,P04679,A0512,36-45,Female,Bengaluru,Computer Science,6.1,Diploma,154,21,Finance,Article,0.6435,0.6439,0.3859,29.7,7.8,299,2,0.6035,1,0.5703914761543274,5,5,4,0.25
U2524,P01028,A1424,36-45,Female,Bengaluru,Computer Science,6.1,Diploma,154,21,Career,Video,0.5911,0.5245,0.9773,12.2,9.7,257,1,0.802,1,0.6660997271537781,3,3,5,0.2
U2524,P02223,A1473,36-45,Female,Bengaluru,Computer Science,6.1,Diploma,154,21,Marketing,Job Opportunity,0.0424,0.3409,0.822,7.7,14.2,491,2,0.5176,0,0.5171905159950256,6,6,6,0.16666666666666666
U2524,P04852,A0227,36-45,Female,Bengaluru,Computer Science,6.1,Diploma,154,21,Marketing,Text,0.0526,0.6176,0.6823,18.3,6.3,326,1,0.6089,1,0.49355006217956543,7,7,7,0.14285714285714285
U2524,P02159,A1343,36-45,Female,Bengaluru,Computer Science,6.1,Diploma,154,21,Design,Article,0.1529,0.394,0.8474,82.8,14.6,198,3,0.4038,0,0.40250036120414734,8,8,8,0.125
U2524,P01959,A1280,36-45,Female,Bengaluru,Computer Science,6.1,Diploma,154,21,Marketing,Job Opportunity,0.2862,0.5527,0.5826,11.9,5.4,1049,5,0.4829,0,0.3977215588092804,9,9,9,0.1111111111111111
U2524,P04830,A1091,36-45,Female,Bengaluru,Computer Science,6.1,Diploma,154,21,Machine Learning,Text,0.1036,0.3593,0.5151,17.8,7.5,115,4,0.3345,0,0.2872336208820343,10,10,10,0.1
U2524,P01891,A0533,36-45,Female,Bengaluru,Computer Science,6.1,Diploma,154,21,AI,Image,0.289,0.331,0.7469,55.4,1.7,630,3,0.4213,1,0.24316959083080292,11,11,11,0.09090909090909091
U2524,P04850,A1410,36-45,Female,Bengaluru,Computer Science,6.1,Diploma,154,21,Design,Text,0.3282,0.3054,0.2304,4.7,6.4,525,4,0.2833,0,0.21797877550125122,12,12,12,0.08333333333333333
U2536,P00273,A0914,26-35,Female,Delhi,Data Science,4.1,Bachelors,321,15,Leadership,Article,0.5309,0.8413,0.7325,16.2,14.1,254,3,0.7414,1,0.7197121381759644,1,1,1,1.0
U2536,P02375,A0072,26-35,Female,Delhi,Data Science,4.1,Bachelors,321,15,Leadership,Article,0.4112,0.5507,0.8473,0.4,2.3,1585,3,0.6597,0,0.6546626091003418,2,2,2,0.5
U2536,P00085,A0146,26-35,Female,Delhi,Data Science,4.1,Bachelors,321,15,Machine Learning,Article,0.7497,0.6205,0.6532,24.2,7.0,1097,3,0.6578,0,0.6500806212425232,3,3,3,0.3333333333333333
U2536,P04693,A0973,26-35,Female,Delhi,Data Science,4.1,Bachelors,321,15,Data Science,Job Opportunity,0.3622,0.7443,0.2801,51.6,2.8,381,1,0.4704,1,0.5532968044281006,4,4,4,0.25
U2536,P03153,A1664,26-35,Female,Delhi,Data Science,4.1,Bachelors,321,15,Design,Video,0.4577,0.6467,0.6946,67.3,13.5,132,4,0.4951,1,0.5514996647834778,5,5,5,0.2
U2536,P03199,A1864,26-35,Female,Delhi,Data Science,4.1,Bachelors,321,15,Leadership,Job Opportunity,0.4768,0.4577,0.4742,9.2,3.0,282,2,0.4934,1,0.5280812978744507,6,6,6,0.16666666666666666
U2536,P04260,A0106,26-35,Female,Delhi,Data Science,4.1,Bachelors,321,15,AI,Text,0.1699,0.4826,0.4732,24.1,9.8,179,4,0.3329,0,0.33259594440460205,7,7,7,0.14285714285714285
U2536,P00972,A1969,26-35,Female,Delhi,Data Science,4.1,Bachelors,321,15,Marketing,Article,0.1486,0.1876,0.5422,9.6,8.7,412,5,0.2305,1,0.2521473467350006,8,8,8,0.125
U2536,P03390,A1458,26-35,Female,Delhi,Data Science,4.1,Bachelors,321,15,Finance,Article,0.1007,0.4341,0.5713,73.6,7.7,166,3,0.2754,0,0.22270594537258148,9,9,9,0.1111111111111111
U2547,P00629,A0629,56+,Female,Chennai,Design,8.6,Bachelors,477,16,Design,Text,0.666,0.8655,0.9017,7.7,5.6,618,3,0.8433,1,0.8255517482757568,1,1,1,1.0
U2547,P03989,A0715,56+,Female,Chennai,Design,8.6,Bachelors,477,16,Career,Text,0.4194,0.8767,0.7388,9.0,6.1,437,3,0.759,1,0.8085346221923828,2,2,2,0.5
U2547,P02639,A1433,56+,Female,Chennai,Design,8.6,Bachelors,477,16,Career,Text,0.2561,0.829,0.933,1.1,6.7,129,4,0.7568,1,0.7612982988357544,3,3,3,0.3333333333333333
U2547,P04532,A1824,56+,Female,Chennai,Design,8.6,Bachelors,477,16,Design,Text,0.2221,0.5407,0.7421,7.6,3.8,114,1,0.6306,1,0.7157192230224609,5,5,4,0.25
U2547,P04616,A1773,56+,Female,Chennai,Design,8.6,Bachelors,477,16,Career,Text,0.2243,0.6924,0.7504,24.8,5.3,416,2,0.6427,0,0.7445148229598999,4,4,5,0.2
U2547,P04993,A0880,56+,Female,Chennai,Design,8.6,Bachelors,477,16,Leadership,Job Opportunity,0.2264,0.657,0.7971,7.1,6.3,243,5,0.5865,1,0.6242267489433289,6,6,6,0.16666666666666666
U2547,P02776,A0495,56+,Female,Chennai,Design,8.6,Bachelors,477,16,Leadership,Text,0.3928,0.567,0.7187,20.0,5.5,178,4,0.5612,1,0.5752734541893005,7,7,7,0.14285714285714285
U2547,P02483,A0865,56+,Female,Chennai,Design,8.6,Bachelors,477,16,Finance,Text,0.2289,0.4991,0.4594,27.7,6.7,372,1,0.4545,1,0.5697398781776428,8,8,8,0.125
U2547,P03399,A0076,56+,Female,Chennai,Design,8.6,Bachelors,477,16,Software,Image,0.561,0.214,0.3906,0.7,6.1,296,3,0.3663,0,0.4468294382095337,9,9,9,0.1111111111111111
U2547,P03022,A0343,56+,Female,Chennai,Design,8.6,Bachelors,477,16,Finance,Article,0.4589,0.3875,0.4297,0.8,2.9,94,5,0.3757,1,0.3725649416446686,10,10,10,0.1
U2547,P03690,A1065,56+,Female,Chennai,Design,8.6,Bachelors,477,16,AI,Job Opportunity,0.3517,0.3428,0.6608,70.0,5.3,254,2,0.3809,1,0.3300550878047943,11,11,11,0.09090909090909091
U2547,P02978,A1888,56+,Female,Chennai,Design,8.6,Bachelors,477,16,Machine Learning,Article,0.4095,0.5744,0.4211,67.5,14.1,170,3,0.3831,1,0.3208492398262024,12,12,12,0.08333333333333333
U2547,P03503,A1217,56+,Female,Chennai,Design,8.6,Bachelors,477,16,Marketing,Text,0.092,0.5639,0.3166,13.2,4.3,463,1,0.4182,0,0.3173390030860901,13,13,13,0.07692307692307693
U2547,P02469,A0767,56+,Female,Chennai,Design,8.6,Bachelors,477,16,Software,Article,0.5488,0.3717,0.4379,120.6,2.0,211,5,0.2002,0,0.269787460565567,14,14,14,0.07142857142857142
U2547,P02877,A1438,56+,Female,Chennai,Design,8.6,Bachelors,477,16,Data Science,Text,0.0193,0.6165,0.438,52.8,0.3,171,4,0.3089,0,0.1859143078327179,15,15,15,0.06666666666666667
U2552,P02398,A0322,26-35,Male,Hyderabad,Business,10.8,Masters,143,21,Marketing,Video,0.4257,0.7872,0.4088,14.9,6.0,124,3,0.6352,0,0.7135801315307617,1,1,1,1.0
U2552,P03047,A0799,26-35,Male,Hyderabad,Business,10.8,Masters,143,21,Data Science,Image,0.2495,0.5816,0.9317,28.6,5.3,114,3,0.6746,0,0.6629976630210876,2,2,2,0.5
U2552,P01415,A1809,26-35,Male,Hyderabad,Business,10.8,Masters,143,21,Marketing,Text,0.6167,0.4939,0.5648,2.5,13.5,805,3,0.6324,0,0.6198068261146545,3,3,3,0.3333333333333333
U2552,P04226,A0460,26-35,Male,Hyderabad,Business,10.8,Masters,143,21,Career,Article,0.6388,0.0647,0.743,30.1,5.9,515,3,0.4479,0,0.41174590587615967,4,4,4,0.25
U2552,P02179,A0167,26-35,Male,Hyderabad,Business,10.8,Masters,143,21,Marketing,Video,0.4781,0.3537,0.3298,31.2,3.3,82,4,0.3431,0,0.3210851550102234,5,5,5,0.2
U2552,P04012,A0428,26-35,Male,Hyderabad,Business,10.8,Masters,143,21,AI,Image,0.2312,0.0656,0.6628,35.9,12.7,116,3,0.3018,0,0.3120550513267517,6,6,6,0.16666666666666666
U2553,P01839,A0705,36-45,Male,Kolkata,Design,8.4,Bachelors,189,18,Software,Image,0.5857,0.8338,0.8364,30.9,2.4,137,3,0.783,1,0.80952388048172,2,2,1,1.0
U2553,P00244,A1160,36-45,Male,Kolkata,Design,8.4,Bachelors,189,18,Software,Text,0.4587,0.7328,0.7341,38.2,2.0,910,1,0.725,1,0.7890075445175171,4,4,2,0.5
U2553,P02938,A0595,36-45,Male,Kolkata,Design,8.4,Bachelors,189,18,Marketing,Article,0.4284,0.5467,0.7918,6.0,8.8,1239,3,0.6591,1,0.723129153251648,6,6,3,0.3333333333333333
U2553,P03011,A1173,36-45,Male,Kolkata,Design,8.4,Bachelors,189,18,Finance,Image,0.6624,0.412,0.5873,2.8,1.9,223,1,0.6423,0,0.7151148319244385,7,7,4,0.25
U2553,P02062,A0147,36-45,Male,Kolkata,Design,8.4,Bachelors,189,18,AI,Text,0.5747,0.9018,0.9478,13.5,4.9,388,2,0.866,1,0.8566396832466125,1,1,5,0.2
U2553,P01694,A0252,36-45,Male,Kolkata,Design,8.4,Bachelors,189,18,Leadership,Text,0.4921,0.4851,0.8366,4.6,18.4,862,2,0.695,1,0.8038367629051208,3,3,6,0.16666666666666666
U2553,P01470,A0246,36-45,Male,Kolkata,Design,8.4,Bachelors,189,18,Data Science,Article,0.2888,0.7731,0.704,18.9,8.5,138,2,0.6977,1,0.733084499835968,5,5,7,0.14285714285714285
U2553,P02647,A0196,36-45,Male,Kolkata,Design,8.4,Bachelors,189,18,Design,Article,0.0753,0.7185,0.6457,5.3,0.9,424,1,0.6529,0,0.6991347074508667,8,8,8,0.125
U2553,P04834,A0417,36-45,Male,Kolkata,Design,8.4,Bachelors,189,18,Software,Job Opportunity,0.6658,0.481,0.6346,11.9,12.4,543,4,0.5853,0,0.6249997615814209,9,9,9,0.1111111111111111
U2553,P02548,A1904,36-45,Male,Kolkata,Design,8.4,Bachelors,189,18,Design,Job Opportunity,0.2966,0.6127,0.2592,31.8,4.4,118,1,0.4488,0,0.5518268942832947,10,10,10,0.1
U2553,P04818,A0628,36-45,Male,Kolkata,Design,8.4,Bachelors,189,18,AI,Article,0.3233,0.4274,0.5049,13.2,8.6,401,3,0.4402,0,0.5239660739898682,11,11,11,0.09090909090909091
U2553,P03092,A0414,36-45,Male,Kolkata,Design,8.4,Bachelors,189,18,Software,Image,0.247,0.4002,0.6325,14.0,3.0,469,3,0.4581,1,0.5208874344825745,12,12,12,0.08333333333333333
U2553,P02559,A0386,36-45,Male,Kolkata,Design,8.4,Bachelors,189,18,Data Science,Text,0.2267,0.3415,0.4186,0.6,2.2,1187,1,0.4245,1,0.5061972141265869,13,13,13,0.07692307692307693
U2553,P02132,A1740,36-45,Male,Kolkata,Design,8.4,Bachelors,189,18,Marketing,Article,0.1483,0.1241,0.8205,24.8,10.8,639,2,0.3857,1,0.430134117603302,14,14,14,0.07142857142857142
U2553,P04156,A1719,36-45,Male,Kolkata,Design,8.4,Bachelors,189,18,Data Science,Image,0.0659,0.3171,0.0973,34.7,6.3,496,2,0.1856,0,0.11820095032453537,15,15,15,0.06666666666666667
U2556,P00881,A0337,36-45,Female,Mumbai,Finance,7.4,Bachelors,280,17,Machine Learning,Text,0.6399,0.6699,0.4763,24.4,4.6,229,3,0.6101,1,0.6652135848999023,1,1,1,1.0
U2556,P00035,A0476,36-45,Female,Mumbai,Finance,7.4,Bachelors,280,17,Career,Text,0.5338,0.6159,0.7964,10.5,5.7,663,4,0.6788,0,0.6463119387626648,2,2,2,0.5
U2556,P02950,A1976,36-45,Female,Mumbai,Finance,7.4,Bachelors,280,17,Career,Article,0.3986,0.4164,0.8606,15.4,8.0,275,3,0.5988,0,0.6205119490623474,3,3,3,0.3333333333333333
U2556,P00029,A1755,36-45,Female,Mumbai,Finance,7.4,Bachelors,280,17,Data Science,Job Opportunity,0.0481,0.4197,0.7917,1.7,2.6,187,2,0.5359,1,0.5529144406318665,4,4,4,0.25
U2556,P02285,A1332,36-45,Female,Mumbai,Finance,7.4,Bachelors,280,17,Data Science,Video,0.6772,0.535,0.4767,74.8,8.9,302,1,0.5191,1,0.5498992800712585,5,5,5,0.2
U2556,P03228,A0195,36-45,Female,Mumbai,Finance,7.4,Bachelors,280,17,Leadership,Text,0.5827,0.2223,0.5315,3.1,12.6,354,2,0.471,1,0.5194835662841797,6,6,6,0.16666666666666666
U2556,P04899,A0104,36-45,Female,Mumbai,Finance,7.4,Bachelors,280,17,Finance,Article,0.5554,0.2086,0.7676,33.8,0.8,203,5,0.3994,1,0.3802289366722107,7,7,7,0.14285714285714285
U2556,P02943,A0958,36-45,Female,Mumbai,Finance,7.4,Bachelors,280,17,Career,Article,0.5891,0.1481,0.5569,7.2,5.7,550,2,0.4385,1,0.358328640460968,8,8,8,0.125
U2556,P02240,A1605,36-45,Female,Mumbai,Finance,7.4,Bachelors,280,17,Marketing,Text,0.1504,0.6034,0.6087,99.2,5.6,72,5,0.2979,1,0.26572492718696594,9,9,9,0.1111111111111111
U2574,P04714,A1573,46-55,Female,Bengaluru,Business,6.1,Bachelors,254,19,Career,Video,0.1295,0.2153,0.4198,42.9,4.2,680,2,0.2502,0,0.20522022247314453,4,4,1,1.0
U2574,P04186,A1707,46-55,Female,Bengaluru,Business,6.1,Bachelors,254,19,Machine Learning,Text,0.9119,0.8009,0.5058,22.4,6.0,265,1,0.7981,0,0.7757550477981567,1,1,2,0.5
U2574,P03283,A1102,46-55,Female,Bengaluru,Business,6.1,Bachelors,254,19,Leadership,Text,0.2742,0.3791,0.8409,9.1,9.6,335,2,0.5928,1,0.6060892939567566,2,2,3,0.3333333333333333
U2574,P02510,A0335,46-55,Female,Bengaluru,Business,6.1,Bachelors,254,19,AI,Text,0.1313,0.7354,0.6907,43.9,8.6,264,2,0.598,1,0.6013150215148926,3,3,4,0.25
U2584,P04711,A1973,18-25,Female,Mumbai,Finance,4.6,Bachelors,199,22,Data Science,Video,0.2924,0.7524,0.5631,13.4,11.0,444,3,0.6333,0,0.6931865215301514,2,2,1,1.0
U2584,P03393,A0240,18-25,Female,Mumbai,Finance,4.6,Bachelors,199,22,AI,Video,0.371,0.759,0.9261,6.1,10.7,3553,5,0.743,1,0.6531496047973633,3,3,2,0.5
U2584,P03048,A1285,18-25,Female,Mumbai,Finance,4.6,Bachelors,199,22,Software,Text,0.2138,0.6474,0.5781,13.7,6.8,225,3,0.5679,1,0.5796470046043396,4,4,3,0.3333333333333333
U2584,P01512,A1660,18-25,Female,Mumbai,Finance,4.6,Bachelors,199,22,Marketing,Article,0.4961,0.3978,0.7394,38.0,6.2,499,5,0.4761,0,0.5114279985427856,6,6,4,0.25
U2584,P01850,A1541,18-25,Female,Mumbai,Finance,4.6,Bachelors,199,22,Data Science,Job Opportunity,0.7378,0.6521,0.9495,5.7,6.0,505,1,0.8599,1,0.8039448261260986,1,1,5,0.2
U2584,P03961,A1981,18-25,Female,Mumbai,Finance,4.6,Bachelors,199,22,Career,Image,0.3338,0.4935,0.4707,59.6,10.7,121,1,0.452,0,0.5553941130638123,5,5,6,0.16666666666666666
U2584,P00714,A0778,18-25,Female,Mumbai,Finance,4.6,Bachelors,199,22,Machine Learning,Article,0.5412,0.3925,0.7189,83.7,10.9,404,1,0.5157,0,0.47931069135665894,7,7,7,0.14285714285714285
U2584,P00454,A1531,18-25,Female,Mumbai,Finance,4.6,Bachelors,199,22,Machine Learning,Text,0.4032,0.5806,0.4634,21.5,5.2,871,5,0.4577,1,0.39598193764686584,8,8,8,0.125
U2584,P01360,A0271,18-25,Female,Mumbai,Finance,4.6,Bachelors,199,22,Design,Article,0.1895,0.6711,0.1196,7.0,5.4,117,1,0.4571,1,0.3909893035888672,9,9,9,0.1111111111111111
U2584,P02172,A1973,18-25,Female,Mumbai,Finance,4.6,Bachelors,199,22,Leadership,Text,0.1723,0.3282,0.4343,19.3,5.9,788,3,0.3318,0,0.3093007802963257,10,10,10,0.1
U2588,P00861,A0037,18-25,Male,Bengaluru,Data Science,4.1,Masters,591,16,Design,Video,0.7168,0.9359,0.5957,16.4,1.4,287,3,0.7868,0,0.7587012648582458,1,1,1,1.0
U2588,P00900,A0107,18-25,Male,Bengaluru,Data Science,4.1,Masters,591,16,Machine Learning,Text,0.1176,0.4203,0.7965,7.0,2.7,930,1,0.5725,0,0.5977274179458618,2,2,2,0.5
U2588,P03175,A1661,18-25,Male,Bengaluru,Data Science,4.1,Masters,591,16,Design,Article,0.5329,0.6557,0.4876,5.0,1.9,226,1,0.6706,1,0.5944254398345947,3,3,3,0.3333333333333333
U2588,P01087,A1130,18-25,Male,Bengaluru,Data Science,4.1,Masters,591,16,Marketing,Article,0.527,0.8306,0.4142,15.9,10.2,296,4,0.6111,1,0.5587366223335266,4,4,4,0.25
U2588,P04841,A1836,18-25,Male,Bengaluru,Data Science,4.1,Masters,591,16,Career,Video,0.1618,0.4128,0.7066,0.6,2.5,328,4,0.4587,0,0.46437081694602966,5,5,5,0.2
U2588,P02149,A0938,18-25,Male,Bengaluru,Data Science,4.1,Masters,591,16,Machine Learning,Job Opportunity,0.3049,0.6504,0.3295,49.5,4.2,265,3,0.3928,1,0.45791223645210266,6,6,6,0.16666666666666666
U2588,P00633,A0114,18-25,Male,Bengaluru,Data Science,4.1,Masters,591,16,Marketing,Article,0.2806,0.544,0.3736,15.8,8.8,138,2,0.4501,1,0.3724687993526459,7,7,7,0.14285714285714285
U2588,P00808,A1489,18-25,Male,Bengaluru,Data Science,4.1,Masters,591,16,Machine Learning,Text,0.0885,0.2025,0.8082,19.0,12.0,498,3,0.3748,0,0.2624024748802185,8,8,8,0.125
U2590,P00117,A0867,26-35,Female,Hyderabad,Data Science,3.9,Masters,223,21,Data Science,Article,0.1108,0.7676,0.903,18.3,3.9,389,2,0.7273,1,0.6754721403121948,1,1,1,1.0
U2590,P03923,A0399,26-35,Female,Hyderabad,Data Science,3.9,Masters,223,21,AI,Text,0.3174,0.6679,0.4835,13.4,5.0,521,3,0.551,0,0.5945482850074768,2,2,2,0.5
U2590,P03865,A0941,26-35,Female,Hyderabad,Data Science,3.9,Masters,223,21,Machine Learning,Image,0.664,0.5638,0.4425,0.9,12.6,102,3,0.6007,0,0.5914214849472046,3,3,3,0.3333333333333333
U2590,P03928,A0270,26-35,Female,Hyderabad,Data Science,3.9,Masters,223,21,Finance,Image,0.3248,0.5813,0.5277,28.7,9.0,232,3,0.4981,0,0.5393361449241638,4,4,4,0.25
U2590,P00272,A0419,26-35,Female,Hyderabad,Data Science,3.9,Masters,223,21,Leadership,Article,0.114,0.7926,0.5115,41.3,1.4,1583,2,0.5461,0,0.535830020904541,5,5,5,0.2
U2590,P04487,A1683,26-35,Female,Hyderabad,Data Science,3.9,Masters,223,21,Machine Learning,Text,0.3007,0.8406,0.5283,92.3,5.5,95,4,0.4618,0,0.52306067943573,6,6,6,0.16666666666666666
U2590,P02585,A0233,26-35,Female,Hyderabad,Data Science,3.9,Masters,223,21,Design,Job Opportunity,0.1665,0.4653,0.4788,15.1,5.9,55,2,0.4359,1,0.47151467204093933,7,7,7,0.14285714285714285
U2590,P00416,A0566,26-35,Female,Hyderabad,Data Science,3.9,Masters,223,21,Career,Article,0.4371,0.2754,0.6669,15.0,6.9,749,1,0.5276,1,0.39452603459358215,8,8,8,0.125
U2590,P00850,A1970,26-35,Female,Hyderabad,Data Science,3.9,Masters,223,21,Career,Video,0.2846,0.297,0.6148,19.2,7.3,190,5,0.3416,1,0.29295921325683594,9,9,9,0.1111111111111111
U2590,P00898,A1204,26-35,Female,Hyderabad,Data Science,3.9,Masters,223,21,AI,Article,0.184,0.2885,0.3865,11.1,1.9,72,3,0.3,0,0.2579929530620575,10,10,10,0.1
U2590,P02568,A0916,26-35,Female,Hyderabad,Data Science,3.9,Masters,223,21,Software,Article,0.204,0.6018,0.142,13.8,6.6,2056,5,0.2899,1,0.1774618774652481,11,11,11,0.09090909090909091
U2590,P03227,A1742,26-35,Female,Hyderabad,Data Science,3.9,Masters,223,21,Machine Learning,Job Opportunity,0.2014,0.4541,0.3413,121.6,8.5,44,3,0.1888,0,0.11812470853328705,12,12,12,0.08333333333333333
U2595,P03086,A0767,26-35,Female,Mumbai,Finance,4.7,Masters,975,21,Data Science,Text,0.6215,0.6536,0.8167,6.0,2.9,390,4,0.7448,1,0.6011412739753723,1,1,1,1.0
U2595,P00752,A1623,26-35,Female,Mumbai,Finance,4.7,Masters,975,21,Finance,Video,0.6272,0.576,0.3314,14.6,7.5,121,5,0.4746,0,0.48726579546928406,2,2,2,0.5
U2595,P04332,A0708,26-35,Female,Mumbai,Finance,4.7,Masters,975,21,Software,Text,0.6127,0.6288,0.3146,8.4,1.9,447,4,0.5347,1,0.4851273000240326,3,3,3,0.3333333333333333
U2595,P02795,A1165,26-35,Female,Mumbai,Finance,4.7,Masters,975,21,Finance,Text,0.3355,0.5322,0.248,17.4,18.5,618,3,0.3979,1,0.4743686318397522,4,4,4,0.25
U2595,P01179,A0105,26-35,Female,Mumbai,Finance,4.7,Masters,975,21,AI,Text,0.1776,0.8203,0.2052,16.2,6.2,154,5,0.417,1,0.4236273467540741,5,5,5,0.2
U2595,P00522,A0980,26-35,Female,Mumbai,Finance,4.7,Masters,975,21,Machine Learning,Text,0.2996,0.4292,0.2351,7.6,4.7,460,1,0.415,1,0.32915687561035156,6,6,6,0.16666666666666666
U2597,P00720,A0315,18-25,Female,Hyderabad,Finance,5.0,Masters,159,10,Marketing,Image,0.4493,0.2522,0.7625,18.0,2.8,45,1,0.4889,1,0.7120654582977295,1,1,1,1.0
U2597,P04668,A0916,18-25,Female,Hyderabad,Finance,5.0,Masters,159,10,Finance,Video,0.457,0.7246,0.1746,7.3,10.0,89,1,0.4988,1,0.5830996632575989,2,2,2,0.5
U2597,P00742,A0796,18-25,Female,Hyderabad,Finance,5.0,Masters,159,10,Machine Learning,Article,0.304,0.6297,0.6023,2.5,3.5,114,3,0.5356,1,0.5703351497650146,3,3,3,0.3333333333333333
U2597,P04118,A0931,18-25,Female,Hyderabad,Finance,5.0,Masters,159,10,Leadership,Article,0.0529,0.4565,0.8936,19.6,25.0,600,3,0.4696,0,0.5452423691749573,4,4,4,0.25
U2597,P01372,A0369,18-25,Female,Hyderabad,Finance,5.0,Masters,159,10,Career,Article,0.37,0.3813,0.481,1.9,9.7,684,1,0.4444,1,0.49614986777305603,5,5,5,0.2
U2597,P00863,A0914,18-25,Female,Hyderabad,Finance,5.0,Masters,159,10,Software,Image,0.2887,0.5975,0.6577,3.0,7.0,813,4,0.5054,1,0.41154730319976807,6,6,6,0.16666666666666666
U2597,P01678,A0941,18-25,Female,Hyderabad,Finance,5.0,Masters,159,10,Software,Text,0.2092,0.191,0.7566,10.5,4.3,343,3,0.345,1,0.35355374217033386,7,7,7,0.14285714285714285
U2597,P01868,A1201,18-25,Female,Hyderabad,Finance,5.0,Masters,159,10,Data Science,Image,0.7032,0.3648,0.3822,58.8,5.6,345,2,0.3446,1,0.31167492270469666,8,8,8,0.125
U2597,P01588,A0740,18-25,Female,Hyderabad,Finance,5.0,Masters,159,10,Career,Article,0.2012,0.557,0.5582,47.4,9.1,226,3,0.3658,0,0.3007482886314392,9,9,9,0.1111111111111111
U2597,P00609,A1245,18-25,Female,Hyderabad,Finance,5.0,Masters,159,10,Software,Video,0.3345,0.3432,0.6135,23.7,7.4,249,5,0.3084,0,0.27206432819366455,10,10,10,0.1
U2598,P04876,A0191,26-35,Male,Hyderabad,Marketing,16.4,Diploma,346,13,Software,Image,0.3851,0.5561,0.6075,6.8,1.8,297,3,0.5843,0,0.6475945115089417,2,2,1,1.0
U2598,P03731,A0675,26-35,Male,Hyderabad,Marketing,16.4,Diploma,346,13,Machine Learning,Video,0.5186,0.6443,0.6607,45.9,5.7,481,5,0.5452,1,0.5981613993644714,3,3,2,0.5
U2598,P03522,A1229,26-35,Male,Hyderabad,Marketing,16.4,Diploma,346,13,Machine Learning,Job Opportunity,0.2991,0.5389,0.6304,8.9,4.4,162,5,0.4934,1,0.5336694121360779,6,6,3,0.3333333333333333
U2598,P03401,A0162,26-35,Male,Hyderabad,Marketing,16.4,Diploma,346,13,Career,Image,0.2115,0.644,0.4413,4.0,10.4,3967,3,0.5163,0,0.5246551036834717,7,7,4,0.25
U2598,P03258,A0457,26-35,Male,Hyderabad,Marketing,16.4,Diploma,346,13,Leadership,Article,0.2912,0.5874,0.7508,54.6,4.4,1408,2,0.5723,1,0.6573067903518677,1,1,5,0.2
U2598,P01918,A1565,26-35,Male,Hyderabad,Marketing,16.4,Diploma,346,13,AI,Image,0.6605,0.4161,0.5089,30.2,7.6,129,1,0.5668,1,0.5676455497741699,4,4,6,0.16666666666666666
U2598,P03946,A0792,26-35,Male,Hyderabad,Marketing,16.4,Diploma,346,13,AI,Image,0.2577,0.5122,0.8347,4.6,11.2,88,2,0.6562,1,0.550990879535675,5,5,7,0.14285714285714285
U2598,P01234,A1301,26-35,Male,Hyderabad,Marketing,16.4,Diploma,346,13,Marketing,Job Opportunity,0.2284,0.3507,0.3871,8.3,10.5,363,1,0.4087,0,0.3814859092235565,8,8,8,0.125
U2598,P01354,A1178,26-35,Male,Hyderabad,Marketing,16.4,Diploma,346,13,Design,Video,0.5027,0.2076,0.832,120.9,1.2,444,4,0.2915,0,0.33737558126449585,9,9,9,0.1111111111111111
U2598,P02412,A1389,26-35,Male,Hyderabad,Marketing,16.4,Diploma,346,13,AI,Video,0.1138,0.1892,0.3564,127.6,4.9,63,4,0.0984,0,0.07725513726472855,10,10,10,0.1
U2607,P03207,A0429,26-35,Male,Delhi,Engineering,9.4,Masters,265,14,Leadership,Image,0.403,0.6772,0.6351,1.0,2.3,136,1,0.7075,1,0.8061394095420837,1,1,1,1.0
U2607,P00418,A1455,26-35,Male,Delhi,Engineering,9.4,Masters,265,14,Finance,Job Opportunity,0.2877,0.6255,0.498,3.9,5.8,83,4,0.5017,1,0.5326268076896667,4,4,2,0.5
U2607,P03744,A0110,26-35,Male,Delhi,Engineering,9.4,Masters,265,14,Machine Learning,Text,0.1817,0.8689,0.7647,75.9,3.7,302,4,0.5633,1,0.43373802304267883,6,6,3,0.3333333333333333
U2607,P02646,A1191,26-35,Male,Delhi,Engineering,9.4,Masters,265,14,Machine Learning,Text,0.2838,0.5973,0.5054,21.6,12.9,352,5,0.4224,0,0.4263255000114441,7,7,4,0.25
U2607,P01906,A0137,26-35,Male,Delhi,Engineering,9.4,Masters,265,14,Career,Article,0.385,0.7695,0.5396,45.6,5.6,716,1,0.6292,1,0.6660690903663635,2,2,5,0.2
U2607,P03957,A0285,26-35,Male,Delhi,Engineering,9.4,Masters,265,14,Career,Video,0.0733,0.5168,0.9333,14.5,5.7,197,2,0.6151,1,0.5672311186790466,3,3,6,0.16666666666666666
U2607,P02096,A0222,26-35,Male,Delhi,Engineering,9.4,Masters,265,14,Finance,Video,0.5167,0.3721,0.5048,1.6,6.7,720,2,0.5105,0,0.5241535305976868,5,5,7,0.14285714285714285
U2607,P00501,A1923,26-35,Male,Delhi,Engineering,9.4,Masters,265,14,Leadership,Text,0.3437,0.3615,0.3601,11.6,6.9,556,1,0.4096,0,0.37115034461021423,8,8,8,0.125
U2608,P01197,A0423,18-25,Female,Chennai,Finance,7.7,PhD,153,18,Machine Learning,Text,0.1022,0.5621,0.7946,6.3,4.7,1233,3,0.5774,1,0.588878333568573,1,1,1,1.0
U2608,P04032,A0452,18-25,Female,Chennai,Finance,7.7,PhD,153,18,Machine Learning,Article,0.2472,0.7768,0.2839,10.7,11.6,180,2,0.5319,0,0.5685381889343262,2,2,2,0.5
U2608,P04541,A1021,18-25,Female,Chennai,Finance,7.7,PhD,153,18,Leadership,Job Opportunity,0.1939,0.8603,0.9121,41.6,4.6,749,4,0.6893,1,0.554844856262207,3,3,3,0.3333333333333333
U2608,P02577,A1965,18-25,Female,Chennai,Finance,7.7,PhD,153,18,Finance,Text,0.3009,0.4536,0.678,84.1,3.3,218,1,0.4386,0,0.5357111692428589,4,4,4,0.25
U2608,P02166,A0172,18-25,Female,Chennai,Finance,7.7,PhD,153,18,Leadership,Article,0.2699,0.4996,0.8405,3.8,6.7,270,5,0.5522,0,0.5207901000976562,5,5,5,0.2
U2608,P00679,A1470,18-25,Female,Chennai,Finance,7.7,PhD,153,18,Data Science,Video,0.3295,0.605,0.7662,111.0,4.0,393,1,0.5055,0,0.5181547403335571,6,6,6,0.16666666666666666
U2608,P00247,A0978,18-25,Female,Chennai,Finance,7.7,PhD,153,18,Data Science,Image,0.289,0.494,0.3766,7.5,3.5,126,1,0.4803,1,0.5057394504547119,7,7,7,0.14285714285714285
U2608,P01059,A0918,18-25,Female,Chennai,Finance,7.7,PhD,153,18,Leadership,Text,0.787,0.268,0.836,37.5,7.1,246,5,0.5095,1,0.4687224328517914,8,8,8,0.125
U2625,P03817,A1903,26-35,Male,Bengaluru,HR,2.9,Bachelors,91,17,Leadership,Image,0.74,0.7545,0.2791,3.6,3.1,523,1,0.6867,0,0.6770195364952087,1,1,1,1.0
U2625,P01163,A0647,26-35,Male,Bengaluru,HR,2.9,Bachelors,91,17,Data Science,Text,0.2758,0.7114,0.6591,4.3,2.5,526,3,0.6384,0,0.6196504831314087,2,2,2,0.5
U2625,P02734,A1163,26-35,Male,Bengaluru,HR,2.9,Bachelors,91,17,Leadership,Video,0.3322,0.5293,0.6129,3.5,2.1,56,5,0.4836,0,0.5888486504554749,3,3,3,0.3333333333333333
U2625,P01747,A0931,26-35,Male,Bengaluru,HR,2.9,Bachelors,91,17,Software,Video,0.0973,0.1923,0.8978,13.6,1.0,248,2,0.449,0,0.5741657614707947,4,4,4,0.25
U2625,P04521,A1967,26-35,Male,Bengaluru,HR,2.9,Bachelors,91,17,Machine Learning,Article,0.2345,0.5452,0.8701,50.4,3.1,265,2,0.577,1,0.5549169182777405,5,5,5,0.2
U2625,P00214,A1654,26-35,Male,Bengaluru,HR,2.9,Bachelors,91,17,Machine Learning,Job Opportunity,0.2853,0.7037,0.3609,5.9,5.0,122,3,0.5109,1,0.5364390015602112,6,6,6,0.16666666666666666
U2625,P01807,A1329,26-35,Male,Bengaluru,HR,2.9,Bachelors,91,17,Machine Learning,Image,0.3949,0.4635,0.6439,49.1,3.3,140,3,0.455,0,0.492911696434021,7,7,7,0.14285714285714285
U2625,P04001,A1011,26-35,Male,Bengaluru,HR,2.9,Bachelors,91,17,Data Science,Video,0.3103,0.697,0.487,78.8,4.5,351,3,0.4229,0,0.42081108689308167,8,8,8,0.125
U2625,P00530,A1431,26-35,Male,Bengaluru,HR,2.9,Bachelors,91,17,Machine Learning,Image,0.1204,0.7338,0.3674,23.0,1.7,224,4,0.4175,1,0.38678982853889465,9,9,9,0.1111111111111111
U2625,P02759,A0615,26-35,Male,Bengaluru,HR,2.9,Bachelors,91,17,Marketing,Article,0.5342,0.1253,0.7365,77.8,5.1,495,2,0.3439,0,0.3181343376636505,10,10,10,0.1
U2638,P00638,A0787,18-25,Female,Bengaluru,Engineering,1.3,Masters,1319,14,Marketing,Text,0.1901,0.7105,0.6045,17.2,6.7,720,3,0.5459,0,0.6347440481185913,1,1,1,1.0
U2638,P01606,A0247,18-25,Female,Bengaluru,Engineering,1.3,Masters,1319,14,Design,Job Opportunity,0.2837,0.6197,0.3815,36.8,7.7,187,3,0.3941,0,0.6054672002792358,2,2,2,0.5
U2638,P02125,A1430,18-25,Female,Bengaluru,Engineering,1.3,Masters,1319,14,Finance,Article,0.5722,0.6015,0.1522,39.5,5.2,376,4,0.3339,0,0.47103622555732727,3,3,3,0.3333333333333333
U2638,P02956,A0580,18-25,Female,Bengaluru,Engineering,1.3,Masters,1319,14,Career,Video,0.2654,0.5895,0.6186,97.9,2.6,993,2,0.3854,1,0.4591585397720337,4,4,4,0.25
U2638,P02729,A1563,18-25,Female,Bengaluru,Engineering,1.3,Masters,1319,14,AI,Job Opportunity,0.2837,0.5792,0.3473,8.9,4.1,549,5,0.3529,0,0.4440978169441223,5,5,5,0.2
U2638,P02408,A0560,18-25,Female,Bengaluru,Engineering,1.3,Masters,1319,14,Data Science,Text,0.2852,0.2393,0.293,0.2,13.2,424,1,0.3128,0,0.4266214370727539,6,6,6,0.16666666666666666
U2638,P04060,A1789,18-25,Female,Bengaluru,Engineering,1.3,Masters,1319,14,Machine Learning,Video,0.072,0.6545,0.3867,100.6,5.8,689,1,0.3026,0,0.34056058526039124,7,7,7,0.14285714285714285
U2638,P03693,A0184,18-25,Female,Bengaluru,Engineering,1.3,Masters,1319,14,Data Science,Job Opportunity,0.2107,0.582,0.1446,38.8,12.7,115,2,0.2943,0,0.3385566174983978,8,8,8,0.125
U2638,P02438,A1075,18-25,Female,Bengaluru,Engineering,1.3,Masters,1319,14,Machine Learning,Article,0.8016,0.8955,0.4983,171.9,3.1,2037,2,0.4847,0,0.326764315366745,9,9,9,0.1111111111111111
U2638,P00965,A0728,18-25,Female,Bengaluru,Engineering,1.3,Masters,1319,14,AI,Video,0.3366,0.2501,0.5403,20.3,1.0,276,2,0.3591,0,0.3216265141963959,10,10,10,0.1
U2638,P03902,A1418,18-25,Female,Bengaluru,Engineering,1.3,Masters,1319,14,AI,Text,0.1838,0.1264,0.5667,1.5,4.4,467,2,0.3101,0,0.3005944788455963,11,11,11,0.09090909090909091
U2639,P01576,A1444,46-55,Male,Pune,Business,10.4,Masters,119,18,Design,Text,0.0894,0.8483,0.6587,0.1,3.2,457,1,0.7366,1,0.7341955900192261,1,1,1,1.0
U2639,P03669,A1789,46-55,Male,Pune,Business,10.4,Masters,119,18,Marketing,Video,0.3829,0.5886,0.5418,10.3,2.5,493,1,0.6345,1,0.6364820003509521,2,2,2,0.5
U2639,P01946,A1096,46-55,Male,Pune,Business,10.4,Masters,119,18,Leadership,Article,0.2296,0.7996,0.7894,55.5,3.1,290,2,0.6758,1,0.5564961433410645,3,3,3,0.3333333333333333
U2639,P01130,A0198,46-55,Male,Pune,Business,10.4,Masters,119,18,Finance,Image,0.5847,0.5685,0.4847,119.5,16.1,59,3,0.3782,1,0.5175986886024475,4,4,4,0.25
U2639,P00403,A1138,46-55,Male,Pune,Business,10.4,Masters,119,18,Finance,Text,0.2427,0.6303,0.3059,52.9,8.7,54,3,0.3726,1,0.45478326082229614,5,5,5,0.2
U2639,P03581,A0903,46-55,Male,Pune,Business,10.4,Masters,119,18,Leadership,Article,0.1657,0.4992,0.616,10.7,9.7,562,5,0.4346,1,0.4497424066066742,6,6,6,0.16666666666666666
U2639,P01333,A0781,46-55,Male,Pune,Business,10.4,Masters,119,18,Marketing,Article,0.4837,0.4015,0.3834,89.3,11.3,93,3,0.2946,1,0.41143596172332764,7,7,7,0.14285714285714285
U2639,P03929,A0018,46-55,Male,Pune,Business,10.4,Masters,119,18,Software,Article,0.2961,0.4561,0.392,9.5,6.6,1042,3,0.4214,1,0.3116075396537781,8,8,8,0.125
U2639,P02235,A0720,46-55,Male,Pune,Business,10.4,Masters,119,18,Machine Learning,Text,0.1515,0.5616,0.828,108.1,7.5,426,5,0.3606,0,0.2790469825267792,9,9,9,0.1111111111111111
U2644,P00265,A1565,46-55,Male,Bengaluru,Design,7.2,Bachelors,950,13,Marketing,Job Opportunity,0.3255,0.5231,0.9007,27.3,3.0,560,2,0.6442,1,0.6937123537063599,1,1,1,1.0
U2644,P04289,A0719,46-55,Male,Bengaluru,Design,7.2,Bachelors,950,13,AI,Text,0.3041,0.5087,0.8467,15.7,6.8,990,3,0.6016,1,0.6708695888519287,2,2,2,0.5
U2644,P04203,A1147,46-55,Male,Bengaluru,Design,7.2,Bachelors,950,13,Design,Image,0.3809,0.5389,0.7563,49.9,2.4,115,1,0.5962,1,0.6553301811218262,3,3,3,0.3333333333333333
U2644,P04858,A0152,46-55,Male,Bengaluru,Design,7.2,Bachelors,950,13,Leadership,Text,0.2797,0.698,0.5342,34.8,8.3,647,2,0.5523,0,0.6245936155319214,4,4,4,0.25
U2644,P00547,A1548,46-55,Male,Bengaluru,Design,7.2,Bachelors,950,13,Design,Article,0.3278,0.442,0.4462,36.0,6.8,1111,2,0.3993,1,0.5006493926048279,5,5,5,0.2
U2644,P03095,A1596,46-55,Male,Bengaluru,Design,7.2,Bachelors,950,13,Career,Article,0.1052,0.2323,0.8915,216.7,8.3,525,1,0.1637,0,0.19571135938167572,6,6,6,0.16666666666666666
U2648,P04430,A1399,36-45,Male,Delhi,Finance,2.1,Bachelors,159,16,Career,Text,0.3486,0.7804,0.4416,15.2,8.1,91,3,0.5658,1,0.629858672618866,1,1,1,1.0
U2648,P00659,A0389,36-45,Male,Delhi,Finance,2.1,Bachelors,159,16,Career,Video,0.6546,0.4034,0.5623,4.5,9.2,173,3,0.5345,1,0.5664836168289185,2,2,2,0.5
U2648,P03513,A0274,36-45,Male,Delhi,Finance,2.1,Bachelors,159,16,Data Science,Video,0.13,0.5482,0.776,24.0,1.6,174,2,0.5468,0,0.4917011260986328,3,3,3,0.3333333333333333
U2648,P01699,A0562,36-45,Male,Delhi,Finance,2.1,Bachelors,159,16,Finance,Video,0.2424,0.7435,0.4414,37.9,2.6,1631,2,0.5055,0,0.49116218090057373,4,4,4,0.25
U2648,P00398,A0284,36-45,Male,Delhi,Finance,2.1,Bachelors,159,16,Software,Job Opportunity,0.4346,0.4356,0.4043,91.4,1.6,282,1,0.3223,1,0.4410368800163269,5,5,5,0.2
U2648,P04687,A0400,36-45,Male,Delhi,Finance,2.1,Bachelors,159,16,AI,Job Opportunity,0.5251,0.7234,0.3743,85.6,2.8,227,3,0.4176,1,0.32433652877807617,6,6,6,0.16666666666666666
U2651,P04460,A1225,56+,Female,Bengaluru,Finance,4.7,Masters,74,18,Data Science,Job Opportunity,0.682,0.6606,0.8071,14.5,12.0,933,3,0.7512,1,0.7105398178100586,1,1,1,1.0
U2651,P01365,A0527,56+,Female,Bengaluru,Finance,4.7,Masters,74,18,Marketing,Job Opportunity,0.4237,0.6548,0.8281,28.1,2.7,379,2,0.704,1,0.6904258131980896,2,2,2,0.5
U2651,P01161,A1910,56+,Female,Bengaluru,Finance,4.7,Masters,74,18,Leadership,Image,0.3978,0.3827,0.8352,0.1,11.7,56,3,0.5986,0,0.6660082340240479,3,3,3,0.3333333333333333
U2651,P04668,A1126,56+,Female,Bengaluru,Finance,4.7,Masters,74,18,Finance,Video,0.457,0.4855,0.56,7.3,10.0,89,4,0.5038,0,0.5581493377685547,5,5,4,0.25
U2651,P04921,A0942,56+,Female,Bengaluru,Finance,4.7,Masters,74,18,Data Science,Job Opportunity,0.3327,0.2166,0.5144,1.4,12.3,169,1,0.4256,1,0.595920979976654,4,4,5,0.2
U2651,P02781,A1090,56+,Female,Bengaluru,Finance,4.7,Masters,74,18,AI,Video,0.3672,0.3254,0.8715,10.8,12.5,277,1,0.6195,0,0.5292568802833557,6,6,6,0.16666666666666666
U2651,P03199,A0401,56+,Female,Bengaluru,Finance,4.7,Masters,74,18,Leadership,Job Opportunity,0.4768,0.5851,0.5293,9.2,3.0,282,4,0.5421,1,0.5106518864631653,7,7,7,0.14285714285714285
U2651,P01571,A1433,56+,Female,Bengaluru,Finance,4.7,Masters,74,18,Design,Image,0.2929,0.4734,0.3357,7.8,10.5,418,3,0.3906,0,0.42332762479782104,8,8,8,0.125
U2651,P01443,A0279,56+,Female,Bengaluru,Finance,4.7,Masters,74,18,Marketing,Text,0.1513,0.1307,0.4363,99.7,8.3,256,3,0.1358,0,0.2325267791748047,9,9,9,0.1111111111111111
U2653,P02545,A1033,36-45,Female,Other,Design,3.1,Masters,495,21,Leadership,Job Opportunity,0.4174,0.8159,0.3948,51.5,23.6,528,3,0.5253,0,0.7787890434265137,1,1,1,1.0
U2653,P03650,A1061,36-45,Female,Other,Design,3.1,Masters,495,21,Software,Image,0.2931,0.7827,0.8212,20.2,3.0,308,5,0.6488,1,0.7351185083389282,2,2,2,0.5
U2653,P01077,A1859,36-45,Female,Other,Design,3.1,Masters,495,21,Data Science,Video,0.3216,0.311,0.8466,19.1,3.4,940,3,0.5034,0,0.5490059852600098,3,3,3,0.3333333333333333
U2653,P01478,A0133,36-45,Female,Other,Design,3.1,Masters,495,21,Leadership,Video,0.512,0.5174,0.1687,1.9,3.5,155,3,0.4064,1,0.5327894687652588,4,4,4,0.25
U2653,P01203,A1141,36-45,Female,Other,Design,3.1,Masters,495,21,Data Science,Video,0.0645,0.6429,0.4818,14.6,4.7,202,3,0.4527,0,0.4952305853366852,5,5,5,0.2
U2656,P02704,A0659,46-55,Male,Delhi,Design,2.5,Bachelors,695,21,Machine Learning,Article,0.1249,0.6687,0.8702,29.1,3.5,101,2,0.6659,1,0.7773703336715698,1,1,1,1.0
U2656,P00309,A0918,46-55,Male,Delhi,Design,2.5,Bachelors,695,21,Data Science,Image,0.5807,0.8298,0.4441,9.4,5.8,691,1,0.7458,1,0.7204610705375671,2,2,2,0.5
U2656,P02170,A1285,46-55,Male,Delhi,Design,2.5,Bachelors,695,21,Career,Article,0.2595,0.1678,0.1721,16.6,3.8,186,4,0.1808,0,0.1942664533853531,5,5,3,0.3333333333333333
U2656,P02405,A0698,46-55,Male,Delhi,Design,2.5,Bachelors,695,21,Marketing,Article,0.5799,0.7797,0.4899,7.6,5.1,182,2,0.7186,1,0.6862034797668457,3,3,4,0.25
U2656,P01906,A1563,46-55,Male,Delhi,Design,2.5,Bachelors,695,21,Career,Article,0.385,0.4077,0.6656,45.6,5.6,716,2,0.4935,0,0.5105432868003845,4,4,5,0.2
U2656,P01283,A1782,46-55,Male,Delhi,Design,2.5,Bachelors,695,21,AI,Text,0.3535,0.1274,0.5137,78.2,2.7,619,2,0.2423,1,0.18143585324287415,6,6,6,0.16666666666666666
U2664,P03037,A1210,18-25,Male,Other,Finance,5.8,Bachelors,133,16,Career,Job Opportunity,0.2318,0.8212,0.5178,25.8,1.1,647,1,0.6265,0,0.7091728448867798,1,1,1,1.0
U2664,P00783,A1845,18-25,Male,Other,Finance,5.8,Bachelors,133,16,Finance,Article,0.2904,0.3494,0.8361,2.2,0.6,93,2,0.5592,0,0.5755738019943237,3,3,2,0.5
U2664,P02626,A1412,18-25,Male,Other,Finance,5.8,Bachelors,133,16,Software,Video,0.5245,0.4842,0.7422,83.6,4.3,62,4,0.4242,0,0.5265464186668396,4,4,3,0.3333333333333333
U2664,P03972,A0474,18-25,Male,Other,Finance,5.8,Bachelors,133,16,Design,Article,0.2706,0.2529,0.6634,11.2,0.9,72,3,0.3841,1,0.3565565049648285,6,6,4,0.25
U2664,P00438,A0478,18-25,Male,Other,Finance,5.8,Bachelors,133,16,AI,Job Opportunity,0.6049,0.7097,0.8739,54.0,5.5,905,2,0.722,1,0.6510496735572815,2,2,5,0.2
U2664,P00071,A0430,18-25,Male,Other,Finance,5.8,Bachelors,133,16,Software,Video,0.7928,0.4154,0.5391,45.1,11.2,268,2,0.5186,0,0.44089800119400024,5,5,6,0.16666666666666666
U2664,P01837,A0138,18-25,Male,Other,Finance,5.8,Bachelors,133,16,Finance,Article,0.2284,0.6248,0.3121,56.0,1.1,1017,2,0.3542,1,0.35640060901641846,7,7,7,0.14285714285714285
U2664,P01874,A0904,18-25,Male,Other,Finance,5.8,Bachelors,133,16,Finance,Article,0.0923,0.45,0.7502,53.1,4.8,60,4,0.3562,0,0.3326057493686676,8,8,8,0.125
U2664,P00337,A0947,18-25,Male,Other,Finance,5.8,Bachelors,133,16,Machine Learning,Video,0.1572,0.329,0.2164,7.0,0.8,136,3,0.2366,0,0.17781564593315125,9,9,9,0.1111111111111111
U2681,P01481,A1118,36-45,Female,Mumbai,Finance,3.4,Bachelors,297,23,Design,Job Opportunity,0.7332,0.7462,0.7005,13.0,4.9,338,4,0.7569,0,0.8149978518486023,1,1,1,1.0
U2681,P02000,A0091,36-45,Female,Mumbai,Finance,3.4,Bachelors,297,23,Software,Article,0.2877,0.7785,0.581,72.5,12.3,107,3,0.5402,0,0.600709855556488,4,4,2,0.5
U2681,P04417,A1342,36-45,Female,Mumbai,Finance,3.4,Bachelors,297,23,Finance,Video,0.1556,0.5448,0.8207,15.3,9.3,169,3,0.6019,0,0.5837180018424988,5,5,3,0.3333333333333333
U2681,P00205,A0273,36-45,Female,Mumbai,Finance,3.4,Bachelors,297,23,Finance,Text,0.6746,0.6133,0.5534,30.7,1.9,105,3,0.6327,1,0.5181438326835632,6,6,4,0.25
U2681,P02353,A0121,36-45,Female,Mumbai,Finance,3.4,Bachelors,297,23,Machine Learning,Article,0.2422,0.2599,0.779,1.0,5.1,471,1,0.5603,1,0.6520070433616638,2,2,5,0.2
U2681,P01045,A1559,36-45,Female,Mumbai,Finance,3.4,Bachelors,297,23,Software,Article,0.4679,0.6367,0.5954,24.3,6.4,476,2,0.6493,1,0.6327080726623535,3,3,6,0.16666666666666666
U2681,P01094,A1747,36-45,Female,Mumbai,Finance,3.4,Bachelors,297,23,AI,Text,0.3802,0.4423,0.6004,17.3,9.9,362,4,0.4838,0,0.5099652409553528,7,7,7,0.14285714285714285
U2681,P03499,A1333,36-45,Female,Mumbai,Finance,3.4,Bachelors,297,23,Data Science,Job Opportunity,0.1072,0.5429,0.7669,46.9,13.7,418,3,0.503,1,0.43373075127601624,8,8,8,0.125
U2681,P04103,A0819,36-45,Female,Mumbai,Finance,3.4,Bachelors,297,23,Design,Article,0.0885,0.1935,0.7406,86.7,5.2,489,2,0.2808,1,0.32228806614875793,9,9,9,0.1111111111111111
U2693,P04067,A0835,46-55,Male,Mumbai,Computer Science,7.1,Diploma,62,21,Data Science,Text,0.3375,0.9324,0.5714,43.1,4.4,186,3,0.6837,0,0.7326952815055847,1,1,1,1.0
U2693,P00417,A1526,46-55,Male,Mumbai,Computer Science,7.1,Diploma,62,21,Data Science,Text,0.0651,0.5821,0.8657,68.5,6.3,216,3,0.517,1,0.6266470551490784,4,4,2,0.5
U2693,P02872,A0846,46-55,Male,Mumbai,Computer Science,7.1,Diploma,62,21,Software,Video,0.1705,0.4443,0.7073,4.0,3.2,120,1,0.6023,0,0.5833252668380737,5,5,3,0.3333333333333333
U2693,P00786,A1166,46-55,Male,Mumbai,Computer Science,7.1,Diploma,62,21,Machine Learning,Image,0.2386,0.6654,0.2137,4.4,17.6,173,2,0.4899,0,0.49537646770477295,6,6,4,0.25
U2693,P02486,A1085,46-55,Male,Mumbai,Computer Science,7.1,Diploma,62,21,Software,Text,0.1863,0.5379,0.7811,7.9,6.3,690,2,0.6419,0,0.6732960343360901,2,2,5,0.2
U2693,P03990,A1839,46-55,Male,Mumbai,Computer Science,7.1,Diploma,62,21,Data Science,Video,0.1383,0.8482,0.6007,9.3,6.6,536,2,0.6971,0,0.6672508716583252,3,3,6,0.16666666666666666
U2693,P00126,A0275,46-55,Male,Mumbai,Computer Science,7.1,Diploma,62,21,Finance,Job Opportunity,0.054,0.62,0.4036,19.2,15.0,174,3,0.4354,1,0.48448267579078674,7,7,7,0.14285714285714285
U2693,P01305,A0635,46-55,Male,Mumbai,Computer Science,7.1,Diploma,62,21,Machine Learning,Job Opportunity,0.1168,0.4188,0.6209,7.9,7.2,91,2,0.4992,1,0.42582863569259644,8,8,8,0.125
U2693,P01602,A0537,46-55,Male,Mumbai,Computer Science,7.1,Diploma,62,21,Marketing,Article,0.4581,0.4851,0.3283,12.0,5.1,390,4,0.4291,1,0.38123229146003723,9,9,9,0.1111111111111111
U2693,P00750,A0212,46-55,Male,Mumbai,Computer Science,7.1,Diploma,62,21,Career,Video,0.4889,0.4079,0.3531,0.9,3.4,207,3,0.4638,1,0.35865792632102966,10,10,10,0.1
U2701,P03009,A1103,36-45,Female,Delhi,Finance,8.6,Bachelors,124,10,AI,Video,0.5201,0.7878,0.7639,3.2,3.9,97,1,0.7839,0,0.8045022487640381,1,1,1,1.0
U2701,P03781,A1193,36-45,Female,Delhi,Finance,8.6,Bachelors,124,10,AI,Job Opportunity,0.4481,0.7389,0.7072,38.6,3.7,175,2,0.6461,1,0.6981921792030334,4,4,2,0.5
U2701,P03424,A0374,36-45,Female,Delhi,Finance,8.6,Bachelors,124,10,Machine Learning,Job Opportunity,0.5154,0.4377,0.7743,71.0,1.6,122,5,0.3866,1,0.4912054240703583,5,5,3,0.3333333333333333
U2701,P02027,A0739,36-45,Female,Delhi,Finance,8.6,Bachelors,124,10,Marketing,Image,0.1472,0.5656,0.7147,5.4,1.0,167,2,0.5505,1,0.47622671723365784,6,6,4,0.25
U2701,P01062,A1188,36-45,Female,Delhi,Finance,8.6,Bachelors,124,10,AI,Article,0.7067,0.8543,0.7987,5.6,9.4,340,2,0.823,1,0.7085925936698914,2,2,5,0.2
U2701,P02285,A0964,36-45,Female,Delhi,Finance,8.6,Bachelors,124,10,Data Science,Video,0.6772,0.8379,0.8218,74.8,8.9,302,1,0.7478,0,0.7052159905433655,3,3,6,0.16666666666666666
U2701,P00780,A1774,36-45,Female,Delhi,Finance,8.6,Bachelors,124,10,Leadership,Article,0.3607,0.7696,0.6341,111.7,4.0,126,3,0.4324,1,0.4615504741668701,7,7,7,0.14285714285714285
U2701,P02946,A1977,36-45,Female,Delhi,Finance,8.6,Bachelors,124,10,Design,Text,0.4248,0.5532,0.5435,35.8,6.5,538,2,0.4872,1,0.4594697058200836,8,8,8,0.125
U2701,P02498,A0847,36-45,Female,Delhi,Finance,8.6,Bachelors,124,10,Career,Job Opportunity,0.2311,0.3502,0.7013,7.4,4.7,622,3,0.4244,0,0.40926292538642883,9,9,9,0.1111111111111111
U2701,P01442,A0251,36-45,Female,Delhi,Finance,8.6,Bachelors,124,10,Machine Learning,Text,0.2966,0.3364,0.6243,13.6,6.2,125,2,0.4229,1,0.3482571542263031,10,10,10,0.1
U2701,P00448,A1974,36-45,Female,Delhi,Finance,8.6,Bachelors,124,10,Marketing,Text,0.3894,0.1931,0.7117,40.4,4.2,129,2,0.3633,1,0.3183423578739166,11,11,11,0.09090909090909091
U2701,P02354,A1979,36-45,Female,Delhi,Finance,8.6,Bachelors,124,10,Data Science,Text,0.162,0.5675,0.5548,89.8,16.7,424,4,0.272,0,0.266582727432251,12,12,12,0.08333333333333333
U2716,P00266,A1710,18-25,Male,Mumbai,Business,3.0,Masters,1579,17,AI,Article,0.0821,0.7032,0.7723,6.8,8.4,758,3,0.6336,0,0.5802030563354492,1,1,1,1.0
U2716,P02071,A1414,18-25,Male,Mumbai,Business,3.0,Masters,1579,17,Software,Article,0.3835,0.4363,0.9102,44.4,3.5,452,2,0.6008,1,0.5398861169815063,2,2,2,0.5
U2716,P03953,A1259,18-25,Male,Mumbai,Business,3.0,Masters,1579,17,Career,Job Opportunity,0.493,0.7525,0.3067,22.1,7.0,177,3,0.5459,0,0.50823575258255,3,3,3,0.3333333333333333
U2716,P03284,A0570,18-25,Male,Mumbai,Business,3.0,Masters,1579,17,Data Science,Job Opportunity,0.2158,0.4748,0.8457,0.8,7.8,1442,4,0.5697,1,0.4967249929904938,4,4,4,0.25
U2716,P03924,A1770,18-25,Male,Mumbai,Business,3.0,Masters,1579,17,AI,Text,0.0736,0.7087,0.8227,52.0,3.3,682,2,0.5995,1,0.484450101852417,5,5,5,0.2
U2716,P00215,A0228,18-25,Male,Mumbai,Business,3.0,Masters,1579,17,Finance,Video,0.5149,0.2242,0.3044,18.5,13.1,938,1,0.3628,0,0.3812849819660187,6,6,6,0.16666666666666666
U2716,P03492,A1901,18-25,Male,Mumbai,Business,3.0,Masters,1579,17,Finance,Video,0.2814,0.3499,0.7449,88.1,6.0,192,3,0.346,0,0.2320662885904312,7,7,7,0.14285714285714285
U2730,P04610,A1176,46-55,Male,Bengaluru,Computer Science,3.5,Bachelors,627,20,Machine Learning,Article,0.461,0.735,0.6324,2.0,4.0,21,1,0.76,1,0.8086659908294678,1,1,1,1.0
U2730,P02927,A0724,46-55,Male,Bengaluru,Computer Science,3.5,Bachelors,627,20,Finance,Article,0.7267,0.9144,0.7627,27.2,4.0,463,3,0.8269,0,0.7931340932846069,2,2,2,0.5
U2730,P01814,A1558,46-55,Male,Bengaluru,Computer Science,3.5,Bachelors,627,20,Design,Article,0.643,0.2391,0.7974,15.9,3.5,170,3,0.5671,1,0.6012195348739624,6,6,3,0.3333333333333333
U2730,P00085,A0149,46-55,Male,Bengaluru,Computer Science,3.5,Bachelors,627,20,Machine Learning,Article,0.7497,0.7588,0.2052,24.2,7.0,1097,4,0.5557,1,0.5925098061561584,7,7,4,0.25
U2730,P04143,A1545,46-55,Male,Bengaluru,Computer Science,3.5,Bachelors,627,20,Leadership,Job Opportunity,0.0329,0.8635,0.7024,2.5,5.0,298,2,0.7158,1,0.7566006183624268,3,3,5,0.2
U2730,P02199,A0115,46-55,Male,Bengaluru,Computer Science,3.5,Bachelors,627,20,Data Science,Article,0.458,0.6865,0.6519,18.6,4.7,881,2,0.6948,1,0.6773483157157898,4,4,6,0.16666666666666666
U2730,P00331,A1176,46-55,Male,Bengaluru,Computer Science,3.5,Bachelors,627,20,Finance,Text,0.3675,0.4239,0.7754,36.4,7.4,738,1,0.5976,0,0.6639571189880371,5,5,7,0.14285714285714285
U2730,P02738,A0529,46-55,Male,Bengaluru,Computer Science,3.5,Bachelors,627,20,Machine Learning,Video,0.3323,0.683,0.447,21.4,4.2,153,3,0.544,1,0.5774004459381104,8,8,8,0.125
U2730,P04833,A1686,46-55,Male,Bengaluru,Computer Science,3.5,Bachelors,627,20,Finance,Text,0.2361,0.5893,0.4864,14.2,4.5,135,2,0.5344,1,0.5656328797340393,9,9,9,0.1111111111111111
U2730,P00529,A0326,46-55,Male,Bengaluru,Computer Science,3.5,Bachelors,627,20,Software,Article,0.3191,0.4586,0.5864,55.9,1.7,171,4,0.388,0,0.41885945200920105,10,10,10,0.1
U2730,P03134,A0546,46-55,Male,Bengaluru,Computer Science,3.5,Bachelors,627,20,Leadership,Article,0.3122,0.304,0.6926,12.4,7.4,422,3,0.4715,1,0.3821621835231781,11,11,11,0.09090909090909091
U2730,P01309,A0279,46-55,Male,Bengaluru,Computer Science,3.5,Bachelors,627,20,Software,Text,0.2494,0.3144,0.6191,31.4,3.2,150,4,0.3614,1,0.3792806565761566,12,12,12,0.08333333333333333
U2730,P01890,A1253,46-55,Male,Bengaluru,Computer Science,3.5,Bachelors,627,20,AI,Article,0.4169,0.6194,0.5172,150.8,10.3,646,4,0.2883,0,0.31968754529953003,13,13,13,0.07692307692307693
U2731,P01331,A0330,18-25,Male,Delhi,Business,2.3,Bachelors,105,18,Machine Learning,Video,0.1751,0.6432,0.9442,8.0,2.9,448,2,0.7095,1,0.5375347137451172,1,1,1,1.0
U2731,P02927,A0947,18-25,Male,Delhi,Business,2.3,Bachelors,105,18,Finance,Article,0.7267,0.4194,0.518,27.2,4.0,463,3,0.511,1,0.5073158144950867,2,2,2,0.5
U2731,P01144,A0636,18-25,Male,Delhi,Business,2.3,Bachelors,105,18,Data Science,Job Opportunity,0.3936,0.2682,0.4668,16.5,7.5,311,1,0.4094,0,0.3598078489303589,3,3,3,0.3333333333333333
U2731,P00681,A0615,18-25,Male,Delhi,Business,2.3,Bachelors,105,18,Design,Image,0.0409,0.2902,0.642,36.0,6.9,66,3,0.3039,0,0.3244190514087677,4,4,4,0.25
U2731,P04917,A0286,18-25,Male,Delhi,Business,2.3,Bachelors,105,18,Data Science,Job Opportunity,0.3701,0.2903,0.7301,11.6,7.3,2033,4,0.4375,1,0.2980247735977173,5,5,5,0.2
U2743,P00655,A1300,18-25,Female,Mumbai,Other,9.7,Masters,306,24,Finance,Video,0.5879,0.6801,0.858,90.7,1.9,1703,2,0.7047,1,0.7167163491249084,1,1,1,1.0
U2743,P03412,A1768,18-25,Female,Mumbai,Other,9.7,Masters,306,24,Machine Learning,Image,0.4923,0.7182,0.4669,2.7,0.8,263,2,0.7068,1,0.6991294026374817,2,2,2,0.5
U2743,P02505,A0975,18-25,Female,Mumbai,Other,9.7,Masters,306,24,Finance,Video,0.4491,0.4962,0.9516,30.4,0.9,314,2,0.7292,0,0.6878429055213928,3,3,3,0.3333333333333333
U2743,P03437,A1886,18-25,Female,Mumbai,Other,9.7,Masters,306,24,Software,Text,0.3736,0.5198,0.6904,7.5,3.9,472,3,0.6374,1,0.5948766469955444,5,5,4,0.25
U2743,P01489,A1022,18-25,Female,Mumbai,Other,9.7,Masters,306,24,Career,Article,0.2499,0.7111,0.5363,17.2,7.7,663,2,0.6459,1,0.6278113722801208,4,4,5,0.2
U2743,P00630,A0202,18-25,Female,Mumbai,Other,9.7,Masters,306,24,Marketing,Job Opportunity,0.6708,0.6674,0.2903,72.9,12.2,204,4,0.4632,0,0.5426475405693054,6,6,6,0.16666666666666666
U2743,P02309,A0525,18-25,Female,Mumbai,Other,9.7,Masters,306,24,Software,Text,0.2084,0.7113,0.2742,13.3,7.1,375,3,0.5028,1,0.46303558349609375,7,7,7,0.14285714285714285
U2743,P02490,A0045,18-25,Female,Mumbai,Other,9.7,Masters,306,24,Machine Learning,Video,0.701,0.5764,0.225,41.0,8.2,743,2,0.527,1,0.44777950644493103,8,8,8,0.125
U2743,P04222,A1701,18-25,Female,Mumbai,Other,9.7,Masters,306,24,Machine Learning,Article,0.3185,0.4722,0.2,43.4,4.6,329,3,0.329,1,0.3924359083175659,9,9,9,0.1111111111111111
U2743,P00150,A0609,18-25,Female,Mumbai,Other,9.7,Masters,306,24,Finance,Text,0.2915,0.2456,0.6278,29.3,8.4,154,3,0.412,0,0.3732553720474243,10,10,10,0.1
U2743,P01198,A1883,18-25,Female,Mumbai,Other,9.7,Masters,306,24,Career,Text,0.4185,0.2807,0.4133,117.7,9.1,817,1,0.2774,0,0.2686724364757538,11,11,11,0.09090909090909091
U2743,P04269,A1682,18-25,Female,Mumbai,Other,9.7,Masters,306,24,Software,Text,0.2893,0.2717,0.429,111.1,4.2,494,3,0.2145,0,0.17944400012493134,12,12,12,0.08333333333333333
U2745,P01507,A1264,26-35,Female,Pune,Finance,1.4,Bachelors,271,23,Career,Article,0.3573,0.6927,0.6367,35.4,2.6,575,1,0.6585,1,0.7210270762443542,2,2,1,1.0
U2745,P04922,A0814,26-35,Female,Pune,Finance,1.4,Bachelors,271,23,Design,Video,0.3424,0.7554,0.4183,14.8,3.4,358,1,0.6363,0,0.6911488771438599,4,4,2,0.5
U2745,P01793,A0902,26-35,Female,Pune,Finance,1.4,Bachelors,271,23,Design,Text,0.0711,0.7619,0.6891,21.9,1.7,538,3,0.6029,0,0.663361668586731,5,5,3,0.3333333333333333
U2745,P02887,A1615,26-35,Female,Pune,Finance,1.4,Bachelors,271,23,Design,Text,0.7024,0.6533,0.4774,22.8,2.1,518,2,0.6587,1,0.6563073396682739,6,6,4,0.25
U2745,P00364,A0884,26-35,Female,Pune,Finance,1.4,Bachelors,271,23,Design,Job Opportunity,0.3466,0.6308,0.722,19.5,5.0,235,1,0.6886,1,0.7539625763893127,1,1,5,0.2
U2745,P02028,A1498,26-35,Female,Pune,Finance,1.4,Bachelors,271,23,Data Science,Job Opportunity,0.4927,0.6527,0.5191,23.6,9.8,125,1,0.6503,0,0.6977007389068604,3,3,6,0.16666666666666666
U2745,P02475,A0128,26-35,Female,Pune,Finance,1.4,Bachelors,271,23,AI,Text,0.5388,0.4631,0.5632,33.5,7.1,477,1,0.5714,1,0.6424155235290527,7,7,7,0.14285714285714285
U2745,P00752,A0787,26-35,Female,Pune,Finance,1.4,Bachelors,271,23,Finance,Video,0.6272,0.6846,0.3743,14.6,7.5,121,3,0.5981,0,0.6224924921989441,8,8,8,0.125
U2745,P03416,A1485,26-35,Female,Pune,Finance,1.4,Bachelors,271,23,Finance,Text,0.4252,0.5186,0.6564,5.5,6.7,165,4,0.5661,0,0.5577800273895264,9,9,9,0.1111111111111111
U2745,P01194,A0606,26-35,Female,Pune,Finance,1.4,Bachelors,271,23,Data Science,Job Opportunity,0.3897,0.2079,0.1936,53.1,21.5,246,2,0.2138,1,0.5389657616615295,10,10,10,0.1
U2745,P01388,A1554,26-35,Female,Pune,Finance,1.4,Bachelors,271,23,Marketing,Article,0.122,0.5703,0.6898,5.0,7.2,549,2,0.5882,1,0.5182372331619263,11,11,11,0.09090909090909091
U2745,P02690,A1607,26-35,Female,Pune,Finance,1.4,Bachelors,271,23,Machine Learning,Image,0.3791,0.1565,0.7875,4.8,3.7,561,3,0.4624,0,0.477964848279953,12,12,12,0.08333333333333333
U2745,P00056,A1142,26-35,Female,Pune,Finance,1.4,Bachelors,271,23,AI,Job Opportunity,0.1179,0.3292,0.7833,18.3,6.6,470,3,0.4483,1,0.4187704920768738,13,13,13,0.07692307692307693
U2745,P00218,A1208,26-35,Female,Pune,Finance,1.4,Bachelors,271,23,Finance,Text,0.5273,0.2893,0.3311,35.1,2.8,188,2,0.352,0,0.30713966488838196,14,14,14,0.07142857142857142
U2746,P03679,A0808,36-45,Male,Bengaluru,Business,8.3,Masters,100,15,Career,Job Opportunity,0.3355,0.7223,0.875,2.7,3.5,154,3,0.744,1,0.8041865229606628,1,1,1,1.0
U2746,P04324,A1932,36-45,Male,Bengaluru,Business,8.3,Masters,100,15,Career,Article,0.6431,0.7287,0.6719,51.0,3.6,297,2,0.6935,1,0.6400721669197083,4,4,2,0.5
U2746,P00317,A1586,36-45,Male,Bengaluru,Business,8.3,Masters,100,15,Design,Article,0.3463,0.8712,0.6368,4.8,1.9,469,4,0.6953,1,0.6184541583061218,5,5,3,0.3333333333333333
U2746,P04809,A1614,36-45,Male,Bengaluru,Business,8.3,Masters,100,15,Leadership,Text,0.2449,0.8028,0.6186,6.1,9.4,238,4,0.6307,1,0.5832322239875793,6,6,4,0.25
U2746,P04072,A0635,36-45,Male,Bengaluru,Business,8.3,Masters,100,15,Software,Job Opportunity,0.3305,0.7416,0.8848,9.7,9.5,208,2,0.7669,1,0.7376183271408081,2,2,5,0.2
U2746,P01039,A0604,36-45,Male,Bengaluru,Business,8.3,Masters,100,15,Finance,Text,0.3819,0.414,0.7006,0.6,5.0,141,2,0.5871,1,0.7053199410438538,3,3,6,0.16666666666666666
U2746,P01709,A1843,36-45,Male,Bengaluru,Business,8.3,Masters,100,15,Leadership,Job Opportunity,0.3565,0.4775,0.6634,34.9,10.0,1954,2,0.5283,1,0.5074419379234314,7,7,7,0.14285714285714285
U2746,P02651,A1466,36-45,Male,Bengaluru,Business,8.3,Masters,100,15,Leadership,Job Opportunity,0.4126,0.6332,0.8892,46.2,3.0,1203,4,0.6271,0,0.5027770400047302,8,8,8,0.125
U2746,P00971,A0774,36-45,Male,Bengaluru,Business,8.3,Masters,100,15,Leadership,Text,0.6932,0.4678,0.2922,13.8,7.2,320,4,0.4358,0,0.4644146263599396,9,9,9,0.1111111111111111
U2746,P00065,A1354,36-45,Male,Bengaluru,Business,8.3,Masters,100,15,Marketing,Text,0.0777,0.712,0.7254,86.1,6.9,141,4,0.4283,0,0.4183814227581024,10,10,10,0.1
U2746,P03010,A0914,36-45,Male,Bengaluru,Business,8.3,Masters,100,15,AI,Text,0.5176,0.3504,0.8859,74.0,3.7,204,2,0.5254,0,0.37748366594314575,11,11,11,0.09090909090909091
U2748,P00208,A1578,18-25,Female,Ahmedabad,Computer Science,3.1,Masters,113,24,Software,Text,0.7095,0.5183,0.6168,8.2,6.4,106,5,0.5902,0,0.6239849925041199,3,3,1,1.0
U2748,P01274,A0325,18-25,Female,Ahmedabad,Computer Science,3.1,Masters,113,24,Leadership,Article,0.4554,0.613,0.2082,2.5,9.3,278,3,0.4715,1,0.5578385591506958,4,4,2,0.5
U2748,P04726,A0215,18-25,Female,Ahmedabad,Computer Science,3.1,Masters,113,24,AI,Text,0.4203,0.7176,0.4815,48.7,12.4,467,3,0.5378,0,0.5471096038818359,5,5,3,0.3333333333333333
U2748,P00839,A0698,18-25,Female,Ahmedabad,Computer Science,3.1,Masters,113,24,Data Science,Text,0.435,0.7357,0.4713,44.4,10.5,101,5,0.4902,1,0.5132642984390259,6,6,4,0.25
U2748,P00369,A1500,18-25,Female,Ahmedabad,Computer Science,3.1,Masters,113,24,Leadership,Text,0.5602,0.5606,0.9095,13.4,6.3,292,2,0.7561,0,0.665789783000946,1,1,5,0.2
U2748,P00137,A0790,18-25,Female,Ahmedabad,Computer Science,3.1,Masters,113,24,Design,Text,0.4416,0.7276,0.5441,51.6,9.3,471,1,0.6314,0,0.6507713794708252,2,2,6,0.16666666666666666
U2748,P02110,A1518,18-25,Female,Ahmedabad,Computer Science,3.1,Masters,113,24,Design,Article,0.0759,0.5522,0.5512,39.9,5.4,373,1,0.4727,1,0.5025108456611633,7,7,7,0.14285714285714285
U2748,P00748,A1124,18-25,Female,Ahmedabad,Computer Science,3.1,Masters,113,24,Design,Article,0.1036,0.5273,0.8048,89.8,3.0,827,2,0.4435,0,0.46748828887939453,8,8,8,0.125
U2748,P03713,A1209,18-25,Female,Ahmedabad,Computer Science,3.1,Masters,113,24,Design,Article,0.1485,0.3386,0.6067,43.0,3.8,89,2,0.3735,1,0.3320475220680237,9,9,9,0.1111111111111111
U2748,P00887,A0867,18-25,Female,Ahmedabad,Computer Science,3.1,Masters,113,24,Design,Text,0.144,0.5944,0.0947,29.3,1.6,129,5,0.2384,0,0.24089695513248444,10,10,10,0.1
U2748,P02437,A1519,18-25,Female,Ahmedabad,Computer Science,3.1,Masters,113,24,AI,Article,0.1179,0.1746,0.1735,56.9,4.1,20,2,0.151,0,0.22860930860042572,11,11,11,0.09090909090909091
U2751,P04507,A0097,18-25,Male,Chennai,Business,1.4,Masters,164,15,Career,Article,0.1676,0.8535,0.2746,10.8,5.1,386,2,0.5094,0,0.4656466841697693,4,4,1,1.0
U2751,P01614,A0039,18-25,Male,Chennai,Business,1.4,Masters,164,15,Machine Learning,Text,0.2603,0.651,0.7096,109.0,2.0,949,2,0.4228,0,0.40604543685913086,5,5,2,0.5
U2751,P03439,A1976,18-25,Male,Chennai,Business,1.4,Masters,164,15,Career,Article,0.0762,0.4951,0.3978,9.6,0.9,227,1,0.394,0,0.3928207755088806,6,6,3,0.3333333333333333
U2751,P02112,A0774,18-25,Male,Chennai,Business,1.4,Masters,164,15,AI,Text,0.3785,0.3012,0.6721,15.0,18.0,311,5,0.3583,0,0.34097084403038025,7,7,4,0.25
U2751,P00066,A0113,18-25,Male,Chennai,Business,1.4,Masters,164,15,Marketing,Article,0.2825,0.7259,0.6713,9.6,12.3,755,2,0.644,0,0.7073799967765808,1,1,5,0.2
U2751,P02787,A0207,18-25,Male,Chennai,Business,1.4,Masters,164,15,Leadership,Video,0.3921,0.5386,0.8365,2.3,8.8,526,2,0.6633,1,0.6917358636856079,2,2,6,0.16666666666666666
U2751,P04734,A0800,18-25,Male,Chennai,Business,1.4,Masters,164,15,Career,Article,0.1212,0.5719,0.7944,10.3,19.8,434,2,0.5772,1,0.6335648894309998,3,3,7,0.14285714285714285
U2751,P04924,A0803,18-25,Male,Chennai,Business,1.4,Masters,164,15,AI,Video,0.5842,0.3209,0.2969,79.7,6.7,1795,2,0.253,0,0.2395978420972824,8,8,8,0.125
U2761,P03449,A0054,36-45,Male,Hyderabad,Finance,6.1,Masters,482,16,Machine Learning,Video,0.2927,0.8668,0.5118,27.5,3.9,142,1,0.6719,0,0.6199685335159302,1,1,1,1.0
U2761,P01423,A0222,36-45,Male,Hyderabad,Finance,6.1,Masters,482,16,Leadership,Text,0.4457,0.655,0.4946,36.4,3.6,1471,2,0.5575,0,0.5787342190742493,2,2,2,0.5
U2761,P01113,A0249,36-45,Male,Hyderabad,Finance,6.1,Masters,482,16,Machine Learning,Video,0.6665,0.4308,0.7575,6.8,4.8,470,4,0.6104,1,0.5059015154838562,4,4,3,0.3333333333333333
U2761,P00328,A0971,36-45,Male,Hyderabad,Finance,6.1,Masters,482,16,Machine Learning,Text,0.3698,0.7081,0.3394,51.0,7.8,132,2,0.4683,1,0.497615247964859,5,5,4,0.25
U2761,P01380,A0695,36-45,Male,Hyderabad,Finance,6.1,Masters,482,16,AI,Job Opportunity,0.4003,0.3306,0.8645,15.8,10.0,696,2,0.5807,0,0.5097155570983887,3,3,5,0.2
U2761,P02694,A1731,36-45,Male,Hyderabad,Finance,6.1,Masters,482,16,Marketing,Article,0.453,0.6081,0.6375,25.3,5.9,90,4,0.554,1,0.4969503879547119,6,6,6,0.16666666666666666
U2761,P04217,A0258,36-45,Male,Hyderabad,Finance,6.1,Masters,482,16,Leadership,Video,0.586,0.3284,0.7435,18.5,9.6,170,2,0.574,0,0.48787721991539,7,7,7,0.14285714285714285
U2761,P01223,A1252,36-45,Male,Hyderabad,Finance,6.1,Masters,482,16,Design,Job Opportunity,0.3286,0.6409,0.6232,45.1,8.8,344,4,0.4907,1,0.4774666726589203,8,8,8,0.125
U2761,P00541,A1175,36-45,Male,Hyderabad,Finance,6.1,Masters,482,16,Marketing,Video,0.3537,0.399,0.8252,70.8,9.0,497,1,0.5086,1,0.44223150610923767,9,9,9,0.1111111111111111
U2761,P03230,A1776,36-45,Male,Hyderabad,Finance,6.1,Masters,482,16,AI,Image,0.1185,0.2626,0.5886,17.7,6.9,247,1,0.3836,0,0.3981761932373047,10,10,10,0.1
U2761,P02389,A1962,36-45,Male,Hyderabad,Finance,6.1,Masters,482,16,Software,Article,0.3753,0.5337,0.4595,29.1,4.4,91,3,0.4451,1,0.37685659527778625,11,11,11,0.09090909090909091
U2761,P02211,A0077,36-45,Male,Hyderabad,Finance,6.1,Masters,482,16,Machine Learning,Text,0.1576,0.4396,0.4489,2.7,9.8,379,3,0.3882,0,0.37181079387664795,12,12,12,0.08333333333333333
U2761,P00010,A0229,36-45,Male,Hyderabad,Finance,6.1,Masters,482,16,AI,Video,0.3913,0.4838,0.4409,47.8,2.7,265,4,0.3512,1,0.349232941865921,13,13,13,0.07692307692307693
U2778,P00463,A0877,26-35,Male,Kolkata,Finance,2.2,Masters,641,13,Software,Text,0.6937,0.7078,0.34,36.1,5.5,228,3,0.515,0,0.6460596919059753,1,1,1,1.0
U2778,P02516,A0754,26-35,Male,Kolkata,Finance,2.2,Masters,641,13,AI,Image,0.5115,0.5796,0.9127,34.5,5.4,428,3,0.6433,1,0.6288040280342102,3,3,2,0.5
U2778,P04014,A1980,26-35,Male,Kolkata,Finance,2.2,Masters,641,13,Marketing,Video,0.6378,0.7457,0.6798,78.3,1.9,572,1,0.6398,1,0.6051746010780334,4,4,3,0.3333333333333333
U2778,P03451,A0664,26-35,Male,Kolkata,Finance,2.2,Masters,641,13,Career,Video,0.176,0.6879,0.6151,14.7,4.3,1353,4,0.4899,1,0.5749939680099487,5,5,4,0.25
U2778,P01854,A0567,26-35,Male,Kolkata,Finance,2.2,Masters,641,13,AI,Article,0.5443,0.5551,0.9477,33.7,4.4,99,1,0.7115,1,0.6409841775894165,2,2,5,0.2
U2778,P02643,A1746,26-35,Male,Kolkata,Finance,2.2,Masters,641,13,Design,Text,0.1214,0.5046,0.6914,3.4,10.1,257,1,0.5357,1,0.5600334405899048,6,6,6,0.16666666666666666
U2778,P01397,A1431,26-35,Male,Kolkata,Finance,2.2,Masters,641,13,Career,Article,0.4882,0.6087,0.8826,62.2,2.0,166,4,0.5546,0,0.5283777117729187,7,7,7,0.14285714285714285
U2778,P02582,A0722,26-35,Male,Kolkata,Finance,2.2,Masters,641,13,Data Science,Video,0.6151,0.3916,0.1365,14.8,6.3,180,1,0.3602,0,0.329710990190506,8,8,8,0.125
U2778,P04705,A1994,26-35,Male,Kolkata,Finance,2.2,Masters,641,13,Software,Article,0.2607,0.3689,0.3349,20.6,6.1,249,3,0.2732,1,0.2794198989868164,9,9,9,0.1111111111111111
U2780,P02975,A0877,18-25,Male,Delhi,Other,0.3,Masters,954,16,Data Science,Video,0.3443,0.8521,0.852,40.9,3.2,243,3,0.7094,1,0.6323429346084595,2,2,1,1.0
U2780,P04452,A1016,18-25,Male,Delhi,Other,0.3,Masters,954,16,Design,Job Opportunity,0.3409,0.6053,0.9164,10.4,4.5,291,4,0.6499,1,0.5803872346878052,3,3,2,0.5
U2780,P02633,A0125,18-25,Male,Delhi,Other,0.3,Masters,954,16,Leadership,Text,0.2113,0.6708,0.461,15.7,2.4,563,1,0.5449,0,0.5026997327804565,5,5,3,0.3333333333333333
U2780,P00771,A1735,18-25,Male,Delhi,Other,0.3,Masters,954,16,Career,Video,0.2848,0.538,0.4963,15.0,1.8,250,2,0.4828,0,0.4963187575340271,6,6,4,0.25
U2780,P02341,A0681,18-25,Male,Delhi,Other,0.3,Masters,954,16,Career,Article,0.3146,0.5736,0.8378,25.6,5.2,782,2,0.6297,0,0.6620107293128967,1,1,5,0.2
U2780,P03417,A1261,18-25,Male,Delhi,Other,0.3,Masters,954,16,Marketing,Job Opportunity,0.3114,0.5524,0.6711,6.4,12.3,135,2,0.5879,1,0.5153536796569824,4,4,6,0.16666666666666666
U2780,P04869,A0095,18-25,Male,Delhi,Other,0.3,Masters,954,16,Marketing,Article,0.7006,0.0774,0.5254,6.4,8.2,346,4,0.3375,0,0.48765408992767334,7,7,7,0.14285714285714285
U2780,P04452,A1658,18-25,Male,Delhi,Other,0.3,Masters,954,16,Design,Job Opportunity,0.3409,0.0438,0.6173,10.4,4.5,291,2,0.3202,0,0.32769206166267395,8,8,8,0.125
U2780,P03663,A1265,18-25,Male,Delhi,Other,0.3,Masters,954,16,Career,Job Opportunity,0.1853,0.1913,0.5822,16.5,1.9,100,4,0.2694,0,0.24136744439601898,9,9,9,0.1111111111111111
U2780,P01983,A1582,18-25,Male,Delhi,Other,0.3,Masters,954,16,Software,Article,0.3262,0.2798,0.3496,11.0,6.5,140,2,0.3193,0,0.20887169241905212,10,10,10,0.1
U2780,P01445,A1611,18-25,Male,Delhi,Other,0.3,Masters,954,16,AI,Video,0.4326,0.2816,0.1942,25.0,14.9,345,4,0.2188,0,0.1970849633216858,11,11,11,0.09090909090909091
U2796,P02636,A0387,26-35,Female,Hyderabad,Engineering,2.9,Diploma,241,14,AI,Text,0.5906,0.4741,0.6898,1.8,3.5,405,1,0.6529,1,0.5872247815132141,1,1,1,1.0
U2796,P04724,A0681,26-35,Female,Hyderabad,Engineering,2.9,Diploma,241,14,Marketing,Image,0.4604,0.4409,0.7798,76.1,10.5,98,3,0.4307,1,0.5491572618484497,2,2,2,0.5
U2796,P03999,A1637,26-35,Female,Hyderabad,Engineering,2.9,Diploma,241,14,Marketing,Video,0.3355,0.5563,0.9085,76.2,1.2,406,1,0.5725,0,0.5304036140441895,3,3,3,0.3333333333333333
U2796,P02625,A1290,26-35,Female,Hyderabad,Engineering,2.9,Diploma,241,14,Leadership,Video,0.653,0.4675,0.68,11.3,10.7,222,3,0.5829,0,0.529970109462738,4,4,4,0.25
U2796,P02760,A1571,26-35,Female,Hyderabad,Engineering,2.9,Diploma,241,14,Software,Article,0.3755,0.4443,0.4053,14.1,6.5,433,1,0.4387,0,0.4388177990913391,5,5,5,0.2
U2796,P01411,A1412,26-35,Female,Hyderabad,Engineering,2.9,Diploma,241,14,Leadership,Image,0.4263,0.5707,0.5383,54.3,8.6,234,2,0.4593,0,0.4277750849723816,6,6,6,0.16666666666666666
U2796,P04595,A0660,26-35,Female,Hyderabad,Engineering,2.9,Diploma,241,14,Career,Article,0.5222,0.5927,0.2245,14.7,4.5,295,3,0.4109,1,0.41646674275398254,7,7,7,0.14285714285714285
U2796,P00331,A0717,26-35,Female,Hyderabad,Engineering,2.9,Diploma,241,14,Finance,Text,0.3675,0.5061,0.401,36.4,7.4,738,3,0.3595,1,0.297279953956604,8,8,8,0.125
U2798,P02132,A1802,26-35,Female,Hyderabad,Finance,8.1,PhD,182,11,Marketing,Article,0.1483,0.8018,0.4412,24.8,10.8,639,1,0.5487,1,0.4473525881767273,3,3,1,1.0
U2798,P01480,A1707,26-35,Female,Hyderabad,Finance,8.1,PhD,182,11,Machine Learning,Text,0.2949,0.6771,0.4225,44.4,6.8,234,3,0.4155,1,0.4412972033023834,4,4,2,0.5
U2798,P03152,A1030,26-35,Female,Hyderabad,Finance,8.1,PhD,182,11,Marketing,Job Opportunity,0.1678,0.3167,0.2595,2.5,3.0,532,1,0.2924,0,0.22028206288814545,6,6,3,0.3333333333333333
U2798,P04844,A0774,26-35,Female,Hyderabad,Finance,8.1,PhD,182,11,Career,Text,0.4279,0.6243,0.7369,2.9,5.9,271,2,0.6673,0,0.7241978049278259,1,1,4,0.25
U2798,P04350,A0509,26-35,Female,Hyderabad,Finance,8.1,PhD,182,11,Data Science,Article,0.4934,0.4555,0.788,20.5,8.6,88,1,0.6239,1,0.7210938930511475,2,2,5,0.2
U2798,P03286,A0224,26-35,Female,Hyderabad,Finance,8.1,PhD,182,11,Leadership,Video,0.0888,0.1571,0.6335,61.2,5.0,81,1,0.2453,1,0.2218261957168579,5,5,6,0.16666666666666666
U2801,P00532,A0225,56+,Male,Mumbai,Engineering,2.8,Masters,452,15,Finance,Text,0.4176,0.8617,0.7771,14.1,11.4,273,4,0.7244,1,0.7213107943534851,3,3,1,1.0
U2801,P02283,A1013,56+,Male,Mumbai,Engineering,2.8,Masters,452,15,Software,Job Opportunity,0.7025,0.8036,0.441,2.4,2.7,371,2,0.7203,1,0.6808233857154846,5,5,2,0.5
U2801,P01913,A0913,56+,Male,Mumbai,Engineering,2.8,Masters,452,15,Marketing,Image,0.1097,0.496,0.915,31.1,4.2,1245,3,0.5312,0,0.661335289478302,6,6,3,0.3333333333333333
U2801,P04367,A1559,56+,Male,Mumbai,Engineering,2.8,Masters,452,15,AI,Job Opportunity,0.2693,0.5206,0.761,1.3,4.6,185,3,0.5809,1,0.6299857497215271,7,7,4,0.25
U2801,P01567,A1803,56+,Male,Mumbai,Engineering,2.8,Masters,452,15,Machine Learning,Video,0.4501,0.7574,0.7683,25.5,6.4,95,1,0.746,1,0.8270668387413025,1,1,5,0.2
U2801,P04835,A1138,56+,Male,Mumbai,Engineering,2.8,Masters,452,15,Design,Video,0.2682,0.6203,0.4987,5.8,20.5,804,1,0.5751,1,0.7359293699264526,2,2,6,0.16666666666666666
U2801,P00772,A1769,56+,Male,Mumbai,Engineering,2.8,Masters,452,15,Data Science,Image,0.31,0.646,0.9376,36.5,4.1,322,1,0.711,0,0.6845607757568359,4,4,7,0.14285714285714285
U2801,P02459,A0725,56+,Male,Mumbai,Engineering,2.8,Masters,452,15,Leadership,Job Opportunity,0.231,0.5915,0.9639,12.0,1.9,548,4,0.6354,1,0.6186761260032654,8,8,8,0.125
U2801,P04640,A0440,56+,Male,Mumbai,Engineering,2.8,Masters,452,15,Career,Text,0.2429,0.7121,0.5963,43.8,11.9,325,2,0.5474,1,0.598131537437439,9,9,9,0.1111111111111111
U2801,P00637,A0768,56+,Male,Mumbai,Engineering,2.8,Masters,452,15,Leadership,Video,0.1757,0.6945,0.9216,45.7,4.4,365,3,0.6199,1,0.5933346152305603,10,10,10,0.1
U2801,P00272,A0529,56+,Male,Mumbai,Engineering,2.8,Masters,452,15,Leadership,Article,0.114,0.1122,0.8016,41.3,1.4,1583,3,0.2865,0,0.44630634784698486,11,11,11,0.09090909090909091
U2801,P03987,A0213,56+,Male,Mumbai,Engineering,2.8,Masters,452,15,AI,Text,0.2176,0.2859,0.526,29.0,4.5,418,3,0.3055,0,0.36497440934181213,12,12,12,0.08333333333333333
U2801,P02201,A0549,56+,Male,Mumbai,Engineering,2.8,Masters,452,15,Design,Text,0.229,0.3394,0.418,50.2,10.2,2295,3,0.2583,0,0.3014511466026306,13,13,13,0.07692307692307693
U2801,P01376,A1475,56+,Male,Mumbai,Engineering,2.8,Masters,452,15,AI,Text,0.0362,0.3274,0.2928,16.8,3.8,237,1,0.2736,0,0.2741064727306366,14,14,14,0.07142857142857142
U2803,P03682,A1924,18-25,Female,Mumbai,Engineering,5.0,Bachelors,1097,21,Software,Text,0.6647,0.7475,0.6196,19.5,9.0,466,3,0.7313,1,0.7203034162521362,2,2,1,1.0
U2803,P00227,A1509,18-25,Female,Mumbai,Engineering,5.0,Bachelors,1097,21,Design,Article,0.2317,0.5668,0.7642,1.0,9.5,407,4,0.6053,1,0.6256797313690186,3,3,2,0.5
U2803,P01368,A0457,18-25,Female,Mumbai,Engineering,5.0,Bachelors,1097,21,Career,Job Opportunity,0.1053,0.5988,0.8423,4.5,2.9,137,5,0.5811,1,0.6183643937110901,4,4,3,0.3333333333333333
U2803,P00124,A0183,18-25,Female,Mumbai,Engineering,5.0,Bachelors,1097,21,Career,Video,0.6333,0.7575,0.2261,2.3,6.0,382,3,0.6119,1,0.6181979775428772,5,5,4,0.25
U2803,P00318,A1523,18-25,Female,Mumbai,Engineering,5.0,Bachelors,1097,21,Marketing,Text,0.5151,0.7357,0.7999,2.7,4.4,555,2,0.7997,1,0.8253329396247864,1,1,5,0.2
U2803,P03042,A0249,18-25,Female,Mumbai,Engineering,5.0,Bachelors,1097,21,Design,Job Opportunity,0.0494,0.5033,0.5603,61.9,7.9,307,1,0.4149,1,0.5301395654678345,6,6,6,0.16666666666666666
U2803,P00375,A1231,18-25,Female,Mumbai,Engineering,5.0,Bachelors,1097,21,Marketing,Job Opportunity,0.5594,0.6556,0.2367,86.8,8.6,557,2,0.4116,0,0.3854794502258301,7,7,7,0.14285714285714285
U2803,P03829,A0204,18-25,Female,Mumbai,Engineering,5.0,Bachelors,1097,21,Finance,Video,0.4088,0.3502,0.6474,29.9,2.9,259,5,0.4084,0,0.3549842834472656,8,8,8,0.125
U2803,P03393,A0880,18-25,Female,Mumbai,Engineering,5.0,Bachelors,1097,21,AI,Video,0.371,0.4088,0.7961,6.1,10.7,3553,3,0.6007,1,0.34074866771698,9,9,9,0.1111111111111111
U2806,P02024,A1476,18-25,Female,Pune,Engineering,3.4,Bachelors,344,12,Machine Learning,Image,0.4191,0.8238,0.602,9.4,2.0,797,3,0.6532,1,0.6747066974639893,1,1,1,1.0
U2806,P00695,A1980,18-25,Female,Pune,Engineering,3.4,Bachelors,344,12,Design,Image,0.4241,0.6904,0.9838,60.0,10.7,573,3,0.6493,1,0.5489382743835449,2,2,2,0.5
U2806,P00941,A1582,18-25,Female,Pune,Engineering,3.4,Bachelors,344,12,Software,Text,0.2246,0.7962,0.683,23.5,1.6,536,4,0.5644,1,0.5489041209220886,3,3,3,0.3333333333333333
U2806,P02640,A0206,18-25,Female,Pune,Engineering,3.4,Bachelors,344,12,Software,Article,0.4774,0.5469,0.321,2.0,2.2,167,1,0.4962,0,0.48581957817077637,4,4,4,0.25
U2806,P03810,A1390,18-25,Female,Pune,Engineering,3.4,Bachelors,344,12,AI,Image,0.427,0.148,0.706,35.6,17.4,912,3,0.3224,1,0.47429123520851135,5,5,5,0.2
U2806,P00796,A0142,18-25,Female,Pune,Engineering,3.4,Bachelors,344,12,Finance,Article,0.2594,0.4958,0.9021,56.8,2.1,283,2,0.5156,0,0.46808314323425293,6,6,6,0.16666666666666666
U2806,P02459,A0150,18-25,Female,Pune,Engineering,3.4,Bachelors,344,12,Leadership,Job Opportunity,0.231,0.3561,0.5828,12.0,1.9,548,2,0.3935,0,0.38661834597587585,7,7,7,0.14285714285714285
U2808,P01466,A1862,36-45,Female,Kolkata,Marketing,2.2,Bachelors,120,19,Marketing,Job Opportunity,0.4759,0.6515,0.8301,8.6,10.2,218,3,0.7038,0,0.7090641856193542,1,1,1,1.0
U2808,P01410,A0902,36-45,Female,Kolkata,Marketing,2.2,Bachelors,120,19,AI,Text,0.5033,0.9179,0.5858,23.4,2.9,114,2,0.7359,1,0.7065039873123169,2,2,2,0.5
U2808,P00097,A0400,36-45,Female,Kolkata,Marketing,2.2,Bachelors,120,19,Design,Job Opportunity,0.2171,0.7533,0.8166,40.5,10.2,306,3,0.6239,0,0.6782214641571045,3,3,3,0.3333333333333333
U2808,P00944,A1958,36-45,Female,Kolkata,Marketing,2.2,Bachelors,120,19,Career,Text,0.2217,0.7538,0.7406,40.9,6.5,591,3,0.5938,1,0.6434713006019592,4,4,4,0.25
U2808,P04875,A0120,36-45,Female,Kolkata,Marketing,2.2,Bachelors,120,19,Finance,Text,0.4868,0.5481,0.5671,57.0,3.2,413,1,0.5241,1,0.6316989064216614,5,5,5,0.2
U2808,P01205,A0212,36-45,Female,Kolkata,Marketing,2.2,Bachelors,120,19,Data Science,Video,0.2896,0.588,0.6213,12.0,7.7,482,1,0.6014,1,0.6189739108085632,6,6,6,0.16666666666666666
U2808,P02556,A1395,36-45,Female,Kolkata,Marketing,2.2,Bachelors,120,19,Machine Learning,Text,0.6487,0.8912,0.3395,12.1,8.3,1004,2,0.6906,1,0.6114127039909363,7,7,7,0.14285714285714285
U2808,P04622,A0042,36-45,Female,Kolkata,Marketing,2.2,Bachelors,120,19,Design,Video,0.5209,0.5522,0.7034,8.9,9.4,169,4,0.5911,0,0.6091504096984863,8,8,8,0.125
U2808,P02767,A0300,36-45,Female,Kolkata,Marketing,2.2,Bachelors,120,19,Data Science,Video,0.4274,0.6014,0.5452,6.2,5.1,218,1,0.6241,1,0.6060732007026672,9,9,9,0.1111111111111111
U2808,P00839,A1413,36-45,Female,Kolkata,Marketing,2.2,Bachelors,120,19,Data Science,Text,0.435,0.7366,0.3694,44.4,10.5,101,2,0.5128,0,0.5976257920265198,10,10,10,0.1
U2808,P02284,A1698,36-45,Female,Kolkata,Marketing,2.2,Bachelors,120,19,AI,Job Opportunity,0.2345,0.6281,0.5517,42.5,2.2,171,1,0.5172,1,0.5726356506347656,11,11,11,0.09090909090909091
U2808,P00388,A0882,36-45,Female,Kolkata,Marketing,2.2,Bachelors,120,19,AI,Image,0.2861,0.3748,0.567,1.1,4.5,455,2,0.4616,1,0.5181686282157898,12,12,12,0.08333333333333333
U2808,P00461,A1641,36-45,Female,Kolkata,Marketing,2.2,Bachelors,120,19,Design,Video,0.1877,0.6553,0.4717,25.0,8.6,220,4,0.422,0,0.45497119426727295,13,13,13,0.07692307692307693
U2808,P00237,A1416,36-45,Female,Kolkata,Marketing,2.2,Bachelors,120,19,Data Science,Text,0.6572,0.301,0.8579,104.0,7.2,801,1,0.477,1,0.3415708839893341,14,14,14,0.07142857142857142
U2808,P03344,A1302,36-45,Female,Kolkata,Marketing,2.2,Bachelors,120,19,Leadership,Article,0.1022,0.3709,0.3977,4.3,12.9,117,4,0.2814,0,0.32155051827430725,15,15,15,0.06666666666666667
U2812,P01722,A1735,46-55,Male,Other,Marketing,4.0,Diploma,246,24,Leadership,Video,0.11,0.8971,0.7815,39.4,4.6,309,3,0.688,1,0.695118248462677,1,1,1,1.0
U2812,P00919,A1613,46-55,Male,Other,Marketing,4.0,Diploma,246,24,Software,Video,0.3668,0.8534,0.4085,63.5,9.0,362,4,0.5073,1,0.6208820343017578,3,3,2,0.5
U2812,P02892,A1620,46-55,Male,Other,Marketing,4.0,Diploma,246,24,Finance,Image,0.4351,0.667,0.3692,9.5,4.0,489,3,0.5564,1,0.5320131778717041,4,4,3,0.3333333333333333
U2812,P02625,A0827,46-55,Male,Other,Marketing,4.0,Diploma,246,24,Leadership,Video,0.653,0.4223,0.6735,11.3,10.7,222,4,0.5866,1,0.43226903676986694,5,5,4,0.25
U2812,P04959,A0368,46-55,Male,Other,Marketing,4.0,Diploma,246,24,AI,Video,0.7178,0.7019,0.5698,4.8,4.9,657,2,0.7532,1,0.6576849222183228,2,2,5,0.2
U2812,P01127,A1059,46-55,Male,Other,Marketing,4.0,Diploma,246,24,Leadership,Video,0.3414,0.4072,0.4086,1.4,0.9,452,3,0.4343,0,0.33557072281837463,6,6,6,0.16666666666666666
U2812,P01994,A0914,46-55,Male,Other,Marketing,4.0,Diploma,246,24,Marketing,Image,0.0447,0.379,0.8034,21.5,3.1,1853,5,0.4021,0,0.2490444779396057,7,7,7,0.14285714285714285
U2812,P02076,A1906,46-55,Male,Other,Marketing,4.0,Diploma,246,24,Machine Learning,Text,0.1633,0.292,0.2093,6.5,3.7,136,5,0.2091,0,0.15838074684143066,8,8,8,0.125
U2818,P02776,A1221,26-35,Male,Kolkata,Data Science,7.8,Masters,584,18,Leadership,Text,0.3928,0.7376,0.8288,20.0,5.5,178,3,0.7223,0,0.7232298851013184,2,2,1,1.0
U2818,P04800,A1702,26-35,Male,Kolkata,Data Science,7.8,Masters,584,18,Leadership,Article,0.6957,0.9064,0.8122,42.3,6.5,1252,3,0.8053,1,0.7195351123809814,3,3,2,0.5
U2818,P03646,A1021,26-35,Male,Kolkata,Data Science,7.8,Masters,584,18,Data Science,Video,0.2118,0.5151,0.8829,2.0,4.4,106,3,0.6336,1,0.6342574954032898,5,5,3,0.3333333333333333
U2818,P01991,A1520,26-35,Male,Kolkata,Data Science,7.8,Masters,584,18,Leadership,Article,0.176,0.8834,0.3465,6.5,14.5,596,2,0.6051,0,0.5378066897392273,7,7,4,0.25
U2818,P01565,A0098,26-35,Male,Kolkata,Data Science,7.8,Masters,584,18,Data Science,Video,0.2988,0.6884,0.7599,5.4,5.2,156,2,0.7076,0,0.7259693741798401,1,1,5,0.2
U2818,P02811,A0488,26-35,Male,Kolkata,Data Science,7.8,Masters,584,18,Career,Text,0.114,0.5834,0.6939,28.1,4.2,402,2,0.544,1,0.6443074345588684,4,4,6,0.16666666666666666
U2818,P04807,A0921,26-35,Male,Kolkata,Data Science,7.8,Masters,584,18,Software,Job Opportunity,0.4479,0.6171,0.5602,28.6,10.2,71,2,0.5939,0,0.5727132558822632,6,6,7,0.14285714285714285
U2818,P00831,A1015,26-35,Male,Kolkata,Data Science,7.8,Masters,584,18,Machine Learning,Video,0.3196,0.5261,0.4109,32.1,4.2,173,5,0.3509,0,0.4229613244533539,8,8,8,0.125
U2818,P02641,A0485,26-35,Male,Kolkata,Data Science,7.8,Masters,584,18,Finance,Article,0.1517,0.5,0.5834,44.3,5.5,571,5,0.3416,1,0.3992987275123596,9,9,9,0.1111111111111111
U2818,P04099,A1949,26-35,Male,Kolkata,Data Science,7.8,Masters,584,18,Design,Video,0.4606,0.3945,0.0889,92.8,5.1,183,3,0.183,0,0.2056085169315338,10,10,10,0.1
U2818,P01227,A0944,26-35,Male,Kolkata,Data Science,7.8,Masters,584,18,Career,Article,0.1084,0.1466,0.6311,66.5,8.1,368,3,0.2232,0,0.17578889429569244,11,11,11,0.09090909090909091
U2830,P04803,A0600,36-45,Female,Other,Computer Science,10.9,PhD,370,20,Machine Learning,Video,0.4906,0.4478,0.9605,7.6,3.8,252,2,0.7265,1,0.6936146020889282,1,1,1,1.0
U2830,P01351,A1079,36-45,Female,Other,Computer Science,10.9,PhD,370,20,Machine Learning,Video,0.1983,0.9022,0.6282,13.2,6.6,775,3,0.6952,1,0.6888861656188965,3,3,2,0.5
U2830,P00105,A1832,36-45,Female,Other,Computer Science,10.9,PhD,370,20,AI,Job Opportunity,0.3253,0.5798,0.7257,6.0,11.5,352,3,0.6324,1,0.6211872696876526,4,4,3,0.3333333333333333
U2830,P02867,A0501,36-45,Female,Other,Computer Science,10.9,PhD,370,20,AI,Text,0.1032,0.7393,0.5598,95.1,1.6,154,1,0.4707,1,0.542961835861206,5,5,4,0.25
U2830,P03825,A1487,36-45,Female,Other,Computer Science,10.9,PhD,370,20,Marketing,Job Opportunity,0.1428,0.6725,0.5935,1.6,6.9,528,2,0.6149,1,0.6915287971496582,2,2,5,0.2
U2830,P02210,A0983,36-45,Female,Other,Computer Science,10.9,PhD,370,20,Design,Video,0.2086,0.452,0.7764,74.3,8.0,62,2,0.4572,0,0.5213229656219482,6,6,6,0.16666666666666666
U2830,P04975,A1098,36-45,Female,Other,Computer Science,10.9,PhD,370,20,Leadership,Article,0.2337,0.5682,0.3745,1.4,6.0,582,2,0.4971,0,0.47943204641342163,7,7,7,0.14285714285714285
U2830,P00937,A0761,36-45,Female,Other,Computer Science,10.9,PhD,370,20,Marketing,Article,0.4256,0.3669,0.6205,14.8,9.5,471,2,0.527,0,0.44905751943588257,8,8,8,0.125
U2830,P00093,A0385,36-45,Female,Other,Computer Science,10.9,PhD,370,20,Data Science,Article,0.1304,0.4047,0.566,19.7,4.5,433,4,0.3698,1,0.3914265036582947,9,9,9,0.1111111111111111
U2830,P02836,A0129,36-45,Female,Other,Computer Science,10.9,PhD,370,20,Data Science,Job Opportunity,0.3426,0.3355,0.472,40.1,3.8,287,2,0.3773,0,0.38947635889053345,10,10,10,0.1
U2830,P01220,A0932,36-45,Female,Other,Computer Science,10.9,PhD,370,20,AI,Job Opportunity,0.2591,0.4352,0.2564,13.2,11.4,475,1,0.3978,1,0.337523490190506,11,11,11,0.09090909090909091
U2830,P01743,A0981,36-45,Female,Other,Computer Science,10.9,PhD,370,20,Leadership,Text,0.273,0.3313,0.5363,8.1,6.2,427,4,0.3821,0,0.25653499364852905,12,12,12,0.08333333333333333
U2830,P02510,A1831,36-45,Female,Other,Computer Science,10.9,PhD,370,20,AI,Text,0.1313,0.5479,0.1225,43.9,8.6,264,2,0.2823,0,0.2506764531135559,13,13,13,0.07692307692307693
U2830,P01795,A1940,36-45,Female,Other,Computer Science,10.9,PhD,370,20,Finance,Video,0.2626,0.1639,0.6604,6.3,2.1,423,4,0.354,0,0.17406237125396729,14,14,14,0.07142857142857142
U2836,P04834,A1595,36-45,Male,Mumbai,Business,6.4,Masters,225,27,Software,Job Opportunity,0.6658,0.4551,0.8371,11.9,12.4,543,4,0.7096,1,0.7781495451927185,1,1,1,1.0
U2836,P03175,A0197,36-45,Male,Mumbai,Business,6.4,Masters,225,27,Design,Article,0.5329,0.6762,0.8368,5.0,1.9,226,5,0.7529,0,0.7603572010993958,2,2,2,0.5
U2836,P01142,A1822,36-45,Male,Mumbai,Business,6.4,Masters,225,27,Marketing,Video,0.5936,0.6837,0.426,23.7,1.2,1452,1,0.7043,0,0.5843498110771179,3,3,3,0.3333333333333333
U2836,P02315,A0702,36-45,Male,Mumbai,Business,6.4,Masters,225,27,AI,Job Opportunity,0.2953,0.4921,0.4776,9.7,2.6,253,2,0.5563,0,0.5120958089828491,4,4,4,0.25
U2836,P02362,A0092,36-45,Male,Mumbai,Business,6.4,Masters,225,27,Leadership,Job Opportunity,0.5666,0.3619,0.4358,4.2,4.2,634,2,0.559,1,0.4878663420677185,5,5,5,0.2
U2836,P03085,A1830,36-45,Male,Mumbai,Business,6.4,Masters,225,27,Finance,Image,0.42,0.2354,0.7115,27.1,8.6,261,2,0.527,0,0.4668647050857544,6,6,6,0.16666666666666666
U2836,P03588,A0169,36-45,Male,Mumbai,Business,6.4,Masters,225,27,Career,Article,0.4015,0.5234,0.4184,20.0,7.2,233,3,0.5231,0,0.46377745270729065,7,7,7,0.14285714285714285
U2836,P01897,A1858,36-45,Male,Mumbai,Business,6.4,Masters,225,27,Machine Learning,Video,0.4233,0.3601,0.8973,115.0,5.4,82,4,0.429,0,0.3887350261211395,8,8,8,0.125
U2836,P04440,A1196,36-45,Male,Mumbai,Business,6.4,Masters,225,27,Data Science,Text,0.3051,0.4818,0.5444,48.4,1.0,109,3,0.4726,0,0.38521450757980347,9,9,9,0.1111111111111111
U2836,P04876,A1423,36-45,Male,Mumbai,Business,6.4,Masters,225,27,Software,Image,0.3851,0.3544,0.3705,6.8,1.8,297,2,0.4727,1,0.31067386269569397,10,10,10,0.1
U2836,P04667,A1965,36-45,Male,Mumbai,Business,6.4,Masters,225,27,Software,Article,0.5339,0.3009,0.5189,59.4,3.7,75,2,0.4449,1,0.25696805119514465,11,11,11,0.09090909090909091
U2837,P01380,A0926,36-45,Female,Hyderabad,Marketing,4.1,Diploma,131,14,AI,Job Opportunity,0.4003,0.3741,0.8898,15.8,10.0,696,3,0.5511,1,0.5748925805091858,2,2,1,1.0
U2837,P02193,A0575,36-45,Female,Hyderabad,Marketing,4.1,Diploma,131,14,Marketing,Article,0.4339,0.7046,0.4872,17.2,6.6,745,3,0.5517,1,0.530510663986206,3,3,2,0.5
U2837,P03033,A1799,36-45,Female,Hyderabad,Marketing,4.1,Diploma,131,14,Data Science,Video,0.5685,0.5057,0.4383,17.1,7.0,720,3,0.4689,1,0.41129982471466064,5,5,3,0.3333333333333333
U2837,P02387,A0579,36-45,Female,Hyderabad,Marketing,4.1,Diploma,131,14,Finance,Job Opportunity,0.4322,0.3632,0.3463,36.7,4.1,464,2,0.3224,0,0.25357505679130554,6,6,4,0.25
U2837,P02882,A1493,36-45,Female,Hyderabad,Marketing,4.1,Diploma,131,14,Design,Article,0.1628,0.5968,0.7645,10.4,5.4,258,1,0.6176,1,0.5936025381088257,1,1,5,0.2
U2837,P01990,A0298,36-45,Female,Hyderabad,Marketing,4.1,Diploma,131,14,Design,Video,0.1091,0.552,0.619,10.4,13.9,289,1,0.5209,1,0.519660234451294,4,4,6,0.16666666666666666
U2837,P04951,A0637,36-45,Female,Hyderabad,Marketing,4.1,Diploma,131,14,Leadership,Image,0.2941,0.452,0.2756,7.9,8.2,708,3,0.3237,0,0.24024859070777893,7,7,7,0.14285714285714285
U2837,P03136,A0104,36-45,Female,Hyderabad,Marketing,4.1,Diploma,131,14,AI,Image,0.3727,0.2485,0.2001,6.5,0.3,305,2,0.2603,0,0.1633506715297699,8,8,8,0.125
U2837,P04632,A0164,36-45,Female,Hyderabad,Marketing,4.1,Diploma,131,14,Design,Text,0.1694,0.3201,0.6788,119.2,2.9,315,4,0.1865,0,0.138626828789711,9,9,9,0.1111111111111111
U2847,P00175,A1949,18-25,Female,Kolkata,Engineering,3.8,Masters,108,27,Software,Video,0.1933,0.7269,0.7813,3.4,2.7,506,2,0.7345,1,0.7210423946380615,3,3,1,1.0
U2847,P04366,A0992,18-25,Female,Kolkata,Engineering,3.8,Masters,108,27,Data Science,Image,0.5078,0.8297,0.6112,16.1,1.5,244,4,0.7147,1,0.6553716063499451,4,4,2,0.5
U2847,P01593,A0627,18-25,Female,Kolkata,Engineering,3.8,Masters,108,27,Machine Learning,Job Opportunity,0.1669,0.8593,0.8828,26.5,6.7,289,5,0.7008,1,0.6242402791976929,5,5,3,0.3333333333333333
U2847,P01549,A0529,18-25,Female,Kolkata,Engineering,3.8,Masters,108,27,Machine Learning,Text,0.1617,0.348,0.9509,15.3,0.6,307,2,0.6031,0,0.5667356252670288,6,6,4,0.25
U2847,P00083,A0848,18-25,Female,Kolkata,Engineering,3.8,Masters,108,27,Software,Video,0.4199,0.4729,0.976,20.3,4.6,267,2,0.7221,0,0.7392391562461853,1,1,5,0.2
U2847,P01990,A0774,18-25,Female,Kolkata,Engineering,3.8,Masters,108,27,Design,Video,0.1091,0.5099,0.9691,10.4,13.9,289,2,0.6801,1,0.7280765175819397,2,2,6,0.16666666666666666
U2847,P03968,A0643,18-25,Female,Kolkata,Engineering,3.8,Masters,108,27,Finance,Image,0.1797,0.2854,0.8768,17.1,5.2,268,1,0.575,1,0.5186824798583984,7,7,7,0.14285714285714285
U2847,P01253,A0129,18-25,Female,Kolkata,Engineering,3.8,Masters,108,27,Machine Learning,Image,0.4683,0.6339,0.3047,14.8,1.3,158,3,0.5257,0,0.5135334134101868,8,8,8,0.125
U2847,P02040,A1082,18-25,Female,Kolkata,Engineering,3.8,Masters,108,27,Leadership,Video,0.3061,0.62,0.3689,1.9,6.7,472,2,0.5594,0,0.49195683002471924,9,9,9,0.1111111111111111
U2847,P02685,A1613,18-25,Female,Kolkata,Engineering,3.8,Masters,108,27,Leadership,Text,0.2481,0.4282,0.5772,44.6,2.8,107,1,0.4835,1,0.4785324037075043,10,10,10,0.1
U2847,P00538,A1349,18-25,Female,Kolkata,Engineering,3.8,Masters,108,27,Marketing,Text,0.322,0.2997,0.6184,38.8,6.5,783,1,0.4687,0,0.44184720516204834,11,11,11,0.09090909090909091
U2847,P00354,A1444,18-25,Female,Kolkata,Engineering,3.8,Masters,108,27,Software,Image,0.4321,0.3207,0.6114,9.8,12.2,461,3,0.4995,0,0.42782509326934814,12,12,12,0.08333333333333333
U2847,P04177,A1214,18-25,Female,Kolkata,Engineering,3.8,Masters,108,27,Career,Article,0.524,0.3232,0.2451,21.8,3.7,234,2,0.3811,1,0.35153916478157043,13,13,13,0.07692307692307693
U2847,P01764,A0370,18-25,Female,Kolkata,Engineering,3.8,Masters,108,27,Finance,Video,0.3571,0.2657,0.6104,18.9,3.9,133,5,0.3707,1,0.31492599844932556,14,14,14,0.07142857142857142
U2847,P00323,A0434,18-25,Female,Kolkata,Engineering,3.8,Masters,108,27,Leadership,Video,0.0723,0.3309,0.6331,4.4,9.5,829,4,0.3948,0,0.30823060870170593,15,15,15,0.06666666666666667
U2851,P04135,A1954,26-35,Female,Bengaluru,Computer Science,16.5,Bachelors,113,13,Marketing,Text,0.4319,0.4132,0.6289,23.1,4.0,279,2,0.5366,0,0.6299964189529419,2,2,1,1.0
U2851,P00002,A1033,26-35,Female,Bengaluru,Computer Science,16.5,Bachelors,113,13,Career,Video,0.4864,0.6622,0.3918,12.2,9.8,333,3,0.5643,1,0.6135826706886292,3,3,2,0.5
U2851,P01829,A1834,26-35,Female,Bengaluru,Computer Science,16.5,Bachelors,113,13,Marketing,Article,0.2689,0.7045,0.6932,16.8,3.2,160,4,0.6106,1,0.5850386023521423,4,4,3,0.3333333333333333
U2851,P02209,A1485,26-35,Female,Bengaluru,Computer Science,16.5,Bachelors,113,13,AI,Text,0.278,0.7494,0.2894,12.6,5.0,390,4,0.4742,0,0.5442968010902405,5,5,4,0.25
U2851,P02741,A1110,26-35,Female,Bengaluru,Computer Science,16.5,Bachelors,113,13,Finance,Article,0.1967,0.5599,0.8184,12.2,6.5,644,2,0.6435,1,0.6439276933670044,1,1,5,0.2
U2851,P00163,A0835,26-35,Female,Bengaluru,Computer Science,16.5,Bachelors,113,13,Marketing,Article,0.3283,0.5567,0.3831,27.1,6.7,301,1,0.5,1,0.4900129437446594,6,6,6,0.16666666666666666
U2851,P00292,A1350,26-35,Female,Bengaluru,Computer Science,16.5,Bachelors,113,13,Finance,Text,0.1319,0.7448,0.3097,32.2,6.2,532,1,0.4986,1,0.42596539855003357,7,7,7,0.14285714285714285
U2851,P02086,A0381,26-35,Female,Bengaluru,Computer Science,16.5,Bachelors,113,13,Career,Article,0.1534,0.3541,0.3742,5.9,7.8,161,2,0.3605,1,0.31531524658203125,8,8,8,0.125
U2851,P00812,A0628,26-35,Female,Bengaluru,Computer Science,16.5,Bachelors,113,13,Finance,Article,0.126,0.1226,0.5578,69.3,17.4,808,3,0.1992,1,0.28110256791114807,9,9,9,0.1111111111111111
U2854,P00223,A0904,26-35,Male,Hyderabad,Business,1.9,Bachelors,243,22,Finance,Job Opportunity,0.0788,0.7035,0.8073,28.6,9.1,303,4,0.5837,1,0.6352174282073975,2,2,1,1.0
U2854,P04063,A0171,26-35,Male,Hyderabad,Business,1.9,Bachelors,243,22,Leadership,Text,0.5729,0.5302,0.7415,31.2,9.0,349,3,0.63,0,0.6334166526794434,3,3,2,0.5
U2854,P01395,A1340,26-35,Male,Hyderabad,Business,1.9,Bachelors,243,22,Design,Job Opportunity,0.4923,0.6978,0.4468,5.1,0.7,330,2,0.6495,1,0.614316999912262,4,4,3,0.3333333333333333
U2854,P00934,A1877,26-35,Male,Hyderabad,Business,1.9,Bachelors,243,22,Career,Article,0.5765,0.6271,0.8566,132.6,4.0,542,1,0.5926,1,0.5736434459686279,5,5,4,0.25
U2854,P04299,A0623,26-35,Male,Hyderabad,Business,1.9,Bachelors,243,22,Leadership,Article,0.3154,0.6661,0.7581,16.6,10.8,269,2,0.6891,1,0.7224671840667725,1,1,5,0.2
U2854,P01553,A1517,26-35,Male,Hyderabad,Business,1.9,Bachelors,243,22,AI,Article,0.3311,0.5983,0.5168,12.9,11.0,1391,3,0.5416,1,0.5562776327133179,6,6,6,0.16666666666666666
U2854,P04580,A1046,26-35,Male,Hyderabad,Business,1.9,Bachelors,243,22,Leadership,Article,0.193,0.9482,0.2033,22.7,1.2,368,2,0.5581,1,0.5190794467926025,7,7,7,0.14285714285714285
U2854,P00081,A1688,26-35,Male,Hyderabad,Business,1.9,Bachelors,243,22,Data Science,Article,0.2549,0.4335,0.508,11.6,7.9,388,2,0.4698,0,0.5148873329162598,8,8,8,0.125
U2854,P03082,A1778,26-35,Male,Hyderabad,Business,1.9,Bachelors,243,22,Finance,Video,0.191,0.6114,0.4501,20.7,6.9,359,3,0.4659,1,0.48162102699279785,9,9,9,0.1111111111111111
U2854,P00511,A1280,26-35,Male,Hyderabad,Business,1.9,Bachelors,243,22,Software,Text,0.3853,0.3924,0.3278,10.9,5.1,196,4,0.3497,1,0.31032437086105347,10,10,10,0.1
U2854,P00146,A1054,26-35,Male,Hyderabad,Business,1.9,Bachelors,243,22,Data Science,Video,0.274,0.4546,0.381,10.2,4.8,505,5,0.3424,0,0.2759145200252533,11,11,11,0.09090909090909091
U2857,P04424,A0909,36-45,Female,Other,Data Science,3.6,Bachelors,357,16,Machine Learning,Video,0.1289,0.6651,0.8108,46.9,4.4,325,3,0.5262,0,0.5619534850120544,2,2,1,1.0
U2857,P01761,A1580,36-45,Female,Other,Data Science,3.6,Bachelors,357,16,Finance,Text,0.3227,0.5387,0.6428,47.1,2.6,169,3,0.4447,0,0.3979600667953491,3,3,2,0.5
U2857,P02268,A1565,36-45,Female,Other,Data Science,3.6,Bachelors,357,16,Career,Video,0.5281,0.3674,0.6725,19.3,1.7,230,2,0.5161,0,0.3975882828235626,4,4,3,0.3333333333333333
U2857,P01877,A1127,36-45,Female,Other,Data Science,3.6,Bachelors,357,16,Software,Text,0.3319,0.4938,0.8553,10.8,5.0,223,2,0.6178,1,0.6333320140838623,1,1,4,0.25
U2857,P01213,A1165,36-45,Female,Other,Data Science,3.6,Bachelors,357,16,Career,Article,0.0918,0.7036,0.2197,18.0,3.3,173,2,0.3769,0,0.39119991660118103,5,5,5,0.2
U2857,P04309,A1749,36-45,Female,Other,Data Science,3.6,Bachelors,357,16,AI,Text,0.1749,0.6418,0.485,42.9,10.3,177,2,0.4297,0,0.3693088889122009,6,6,6,0.16666666666666666
U2857,P02359,A1183,36-45,Female,Other,Data Science,3.6,Bachelors,357,16,Leadership,Text,0.0786,0.6006,0.5196,90.2,12.6,124,1,0.3405,1,0.30102622509002686,7,7,7,0.14285714285714285
U2861,P03780,A1475,26-35,Female,Delhi,Other,3.6,Masters,250,23,Career,Job Opportunity,0.5292,0.8427,0.975,8.4,8.5,778,4,0.8305,1,0.8601013422012329,1,1,1,1.0
U2861,P00672,A1027,26-35,Female,Delhi,Other,3.6,Masters,250,23,Software,Video,0.384,0.6646,0.2535,2.8,2.6,637,3,0.5054,0,0.6125935316085815,2,2,2,0.5
U2861,P02801,A1338,26-35,Female,Delhi,Other,3.6,Masters,250,23,Software,Job Opportunity,0.3341,0.5088,0.441,12.3,2.0,499,1,0.5394,1,0.5767635107040405,3,3,3,0.3333333333333333
U2861,P04182,A1014,26-35,Female,Delhi,Other,3.6,Masters,250,23,Finance,Job Opportunity,0.3993,0.583,0.779,56.3,8.3,488,3,0.5843,0,0.5708653330802917,4,4,4,0.25
U2861,P01400,A1021,26-35,Female,Delhi,Other,3.6,Masters,250,23,Design,Article,0.4352,0.6062,0.4427,4.9,6.2,48,3,0.5661,1,0.5105985403060913,5,5,5,0.2
U2861,P01133,A1923,26-35,Female,Delhi,Other,3.6,Masters,250,23,Software,Text,0.3254,0.6654,0.0858,1.3,5.1,478,1,0.4864,0,0.48907041549682617,6,6,6,0.16666666666666666
U2861,P01324,A0378,26-35,Female,Delhi,Other,3.6,Masters,250,23,Career,Text,0.0657,0.6954,0.3021,23.9,6.7,824,5,0.3514,0,0.40042027831077576,7,7,7,0.14285714285714285
U2864,P02746,A0544,18-25,Female,Hyderabad,HR,5.6,Bachelors,182,19,Finance,Job Opportunity,0.5643,0.8082,0.5106,8.3,0.6,1005,3,0.6939,1,0.7166375517845154,2,2,1,1.0
U2864,P03735,A0830,18-25,Female,Hyderabad,HR,5.6,Bachelors,182,19,Machine Learning,Image,0.2827,0.6009,0.6936,9.0,13.6,813,3,0.5985,0,0.5829516053199768,4,4,2,0.5
U2864,P00414,A0447,18-25,Female,Hyderabad,HR,5.6,Bachelors,182,19,Design,Job Opportunity,0.6336,0.6066,0.2865,43.5,6.8,409,4,0.4252,1,0.4718700647354126,5,5,3,0.3333333333333333
U2864,P01105,A0460,18-25,Female,Hyderabad,HR,5.6,Bachelors,182,19,Design,Article,0.2465,0.71,0.2202,25.9,8.7,232,3,0.4104,1,0.4690304100513458,6,6,4,0.25
U2864,P02852,A0866,18-25,Female,Hyderabad,HR,5.6,Bachelors,182,19,Machine Learning,Image,0.5356,0.8257,0.4989,2.7,11.3,869,1,0.7515,1,0.7685413956642151,1,1,5,0.2
U2864,P01583,A0804,18-25,Female,Hyderabad,HR,5.6,Bachelors,182,19,Career,Text,0.5808,0.4203,0.7449,20.5,9.3,424,2,0.6204,1,0.6294223070144653,3,3,6,0.16666666666666666
U2864,P00681,A0283,18-25,Female,Hyderabad,HR,5.6,Bachelors,182,19,Design,Image,0.0409,0.3315,0.5421,36.0,6.9,66,2,0.321,0,0.4071865379810333,7,7,7,0.14285714285714285
U2864,P03772,A1510,18-25,Female,Hyderabad,HR,5.6,Bachelors,182,19,Design,Video,0.2858,0.4491,0.4811,15.3,4.6,353,5,0.3607,1,0.39456090331077576,8,8,8,0.125
U2864,P02076,A1116,18-25,Female,Hyderabad,HR,5.6,Bachelors,182,19,Machine Learning,Text,0.1633,0.5661,0.2292,6.5,3.7,136,1,0.4229,1,0.39016860723495483,9,9,9,0.1111111111111111
U2864,P02699,A0670,18-25,Female,Hyderabad,HR,5.6,Bachelors,182,19,Data Science,Article,0.1588,0.3279,0.9442,59.9,20.3,223,1,0.499,1,0.324886679649353,10,10,10,0.1
U2864,P02751,A0503,18-25,Female,Hyderabad,HR,5.6,Bachelors,182,19,Leadership,Article,0.158,0.1958,0.2656,50.6,3.2,100,3,0.1668,0,0.1308765411376953,11,11,11,0.09090909090909091
U2865,P00692,A1708,26-35,Female,Mumbai,Finance,7.9,Bachelors,170,18,Marketing,Article,0.5064,0.7311,0.6828,17.5,4.0,342,3,0.7024,1,0.7064746022224426,1,1,1,1.0
U2865,P02780,A0037,26-35,Female,Mumbai,Finance,7.9,Bachelors,170,18,Design,Video,0.1395,0.5812,0.6585,3.2,2.8,421,1,0.6197,1,0.653639018535614,2,2,2,0.5
U2865,P00789,A1098,26-35,Female,Mumbai,Finance,7.9,Bachelors,170,18,Marketing,Video,0.1015,0.5263,0.8543,29.8,7.3,84,3,0.549,1,0.592271089553833,6,6,3,0.3333333333333333
U2865,P00652,A0564,26-35,Female,Mumbai,Finance,7.9,Bachelors,170,18,Data Science,Text,0.5807,0.5839,0.4894,14.7,4.2,849,3,0.5841,1,0.5570524334907532,8,8,4,0.25
U2865,P02882,A1129,26-35,Female,Mumbai,Finance,7.9,Bachelors,170,18,Design,Article,0.1628,0.613,0.8694,10.4,5.4,258,2,0.6788,0,0.6468487977981567,3,3,5,0.2
U2865,P01933,A0694,26-35,Female,Mumbai,Finance,7.9,Bachelors,170,18,Marketing,Job Opportunity,0.1333,0.8246,0.4707,32.6,5.4,446,1,0.602,1,0.6131607294082642,4,4,6,0.16666666666666666
U2865,P03950,A0057,26-35,Female,Mumbai,Finance,7.9,Bachelors,170,18,Leadership,Article,0.2639,0.6453,0.6807,18.6,4.3,433,2,0.6313,0,0.6102480292320251,5,5,7,0.14285714285714285
U2865,P03917,A0226,26-35,Female,Mumbai,Finance,7.9,Bachelors,170,18,Software,Article,0.4159,0.596,0.5112,29.8,4.4,98,1,0.5887,0,0.5754035115242004,7,7,8,0.125
U2865,P02411,A1887,26-35,Female,Mumbai,Finance,7.9,Bachelors,170,18,Software,Article,0.4395,0.4341,0.6748,25.2,4.7,546,3,0.5289,0,0.5554670095443726,9,9,9,0.1111111111111111
U2865,P04106,A1923,26-35,Female,Mumbai,Finance,7.9,Bachelors,170,18,AI,Video,0.1393,0.6129,0.5709,28.9,1.5,90,1,0.5491,0,0.5280839800834656,10,10,10,0.1
U2865,P02633,A1442,26-35,Female,Mumbai,Finance,7.9,Bachelors,170,18,Leadership,Text,0.2113,0.2481,0.7625,15.7,2.4,563,3,0.4299,1,0.5068937540054321,11,11,11,0.09090909090909091
U2865,P02358,A0190,26-35,Female,Mumbai,Finance,7.9,Bachelors,170,18,Career,Text,0.0865,0.5466,0.7125,94.2,1.1,139,1,0.4316,1,0.45730283856391907,12,12,12,0.08333333333333333
U2865,P03534,A0817,26-35,Female,Mumbai,Finance,7.9,Bachelors,170,18,Software,Job Opportunity,0.6177,0.3078,0.727,50.2,12.3,556,4,0.4546,0,0.4151618778705597,13,13,13,0.07692307692307693
U2865,P01812,A1044,26-35,Female,Mumbai,Finance,7.9,Bachelors,170,18,Software,Video,0.0763,0.5148,0.438,12.1,8.6,715,3,0.3965,0,0.3228854835033417,14,14,14,0.07142857142857142
U2865,P02195,A1467,26-35,Female,Mumbai,Finance,7.9,Bachelors,170,18,Marketing,Video,0.032,0.341,0.9958,54.7,18.3,293,2,0.4803,0,0.2822408676147461,15,15,15,0.06666666666666667
U2865,P01323,A1720,26-35,Female,Mumbai,Finance,7.9,Bachelors,170,18,Finance,Text,0.0965,0.4261,0.4713,58.6,7.1,455,3,0.291,0,0.27709439396858215,16,16,16,0.0625
U2865,P01789,A1469,26-35,Female,Mumbai,Finance,7.9,Bachelors,170,18,AI,Text,0.1671,0.2316,0.6418,105.6,4.4,186,2,0.239,0,0.24612011015415192,17,17,17,0.058823529411764705
U2873,P01362,A0011,18-25,Male,Mumbai,Engineering,6.8,Bachelors,533,19,Design,Image,0.4839,0.8859,0.5232,31.3,9.2,471,3,0.6923,1,0.7362210154533386,1,1,1,1.0
U2873,P00202,A1991,18-25,Male,Mumbai,Engineering,6.8,Bachelors,533,19,Leadership,Video,0.4733,0.7899,0.6064,16.9,2.3,436,3,0.7035,1,0.7259238958358765,2,2,2,0.5
U2873,P04904,A0666,18-25,Male,Mumbai,Engineering,6.8,Bachelors,533,19,Marketing,Image,0.6763,0.7206,0.6368,59.6,10.6,340,3,0.659,1,0.6611148118972778,4,4,3,0.3333333333333333
U2873,P04502,A1569,18-25,Male,Mumbai,Engineering,6.8,Bachelors,533,19,Design,Text,0.6569,0.4769,0.6043,1.5,2.6,344,2,0.6659,0,0.6506271958351135,5,5,4,0.25
U2873,P01606,A0288,18-25,Male,Mumbai,Engineering,6.8,Bachelors,533,19,Design,Job Opportunity,0.2837,0.8563,0.4909,36.8,7.7,187,2,0.6371,1,0.6651266813278198,3,3,5,0.2
U2873,P03739,A1421,18-25,Male,Mumbai,Engineering,6.8,Bachelors,533,19,Marketing,Article,0.2896,0.7886,0.4412,14.4,4.6,153,2,0.6292,0,0.6222625374794006,6,6,6,0.16666666666666666
U2873,P04886,A1301,18-25,Male,Mumbai,Engineering,6.8,Bachelors,533,19,Marketing,Text,0.5942,0.3077,0.6235,33.3,20.1,475,2,0.5151,1,0.4594351649284363,7,7,7,0.14285714285714285
U2873,P04767,A1338,18-25,Male,Mumbai,Engineering,6.8,Bachelors,533,19,Machine Learning,Image,0.1538,0.5842,0.4175,18.7,7.5,195,4,0.4099,1,0.4397372901439667,8,8,8,0.125
U2873,P00795,A0581,18-25,Male,Mumbai,Engineering,6.8,Bachelors,533,19,Finance,Image,0.4524,0.3973,0.5555,95.9,2.6,1412,3,0.3402,0,0.42396092414855957,9,9,9,0.1111111111111111
U2873,P03349,A1975,18-25,Male,Mumbai,Engineering,6.8,Bachelors,533,19,Marketing,Article,0.4957,0.1405,0.5733,11.6,8.4,143,4,0.365,1,0.38975855708122253,10,10,10,0.1
U2873,P00574,A1630,18-25,Male,Mumbai,Engineering,6.8,Bachelors,533,19,Design,Text,0.5933,0.1512,0.5646,30.6,1.3,239,2,0.4178,0,0.26802611351013184,11,11,11,0.09090909090909091
U2873,P04540,A0767,18-25,Male,Mumbai,Engineering,6.8,Bachelors,533,19,AI,Video,0.2967,0.1017,0.5001,47.7,5.2,100,5,0.1988,0,0.20806726813316345,12,12,12,0.08333333333333333
U2874,P02856,A0853,18-25,Male,Kolkata,Computer Science,5.2,Masters,200,21,Machine Learning,Article,0.327,0.8902,0.4128,12.3,11.8,439,3,0.6382,0,0.7296484708786011,1,1,1,1.0
U2874,P04753,A1568,18-25,Male,Kolkata,Computer Science,5.2,Masters,200,21,AI,Video,0.4119,0.7628,0.2153,8.9,8.3,558,1,0.5884,0,0.575771689414978,2,2,2,0.5
U2874,P02780,A0378,18-25,Male,Kolkata,Computer Science,5.2,Masters,200,21,Design,Video,0.1395,0.6089,0.8349,3.2,2.8,421,5,0.5815,1,0.5642058849334717,3,3,3,0.3333333333333333
U2874,P04180,A0594,18-25,Male,Kolkata,Computer Science,5.2,Masters,200,21,Finance,Article,0.6094,0.4614,0.4046,13.0,8.4,107,3,0.5002,0,0.5079665184020996,6,6,4,0.25
U2874,P00705,A0124,18-25,Male,Kolkata,Computer Science,5.2,Masters,200,21,Career,Video,0.3289,0.1547,0.7815,4.4,11.5,108,2,0.4796,0,0.5362759232521057,4,4,5,0.2
U2874,P02365,A1178,18-25,Male,Kolkata,Computer Science,5.2,Masters,200,21,AI,Text,0.2275,0.0696,0.8117,6.3,20.3,88,2,0.419,1,0.511725902557373,5,5,6,0.16666666666666666
U2874,P01886,A1193,18-25,Male,Kolkata,Computer Science,5.2,Masters,200,21,Design,Article,0.3352,0.2671,0.8301,7.1,5.6,212,4,0.4878,0,0.49310988187789917,7,7,7,0.14285714285714285
U2874,P02269,A1642,18-25,Male,Kolkata,Computer Science,5.2,Masters,200,21,Marketing,Article,0.4095,0.6622,0.6885,130.7,3.1,311,3,0.4314,0,0.20818912982940674,8,8,8,0.125
U2877,P00326,A0494,18-25,Female,Ahmedabad,HR,2.0,Bachelors,409,15,Finance,Text,0.3694,0.5369,0.5846,18.6,3.1,731,1,0.5442,1,0.6620875597000122,2,2,1,1.0
U2877,P00940,A0462,18-25,Female,Ahmedabad,HR,2.0,Bachelors,409,15,Career,Article,0.4898,0.9208,0.4809,10.7,2.4,496,3,0.6692,1,0.6334163546562195,3,3,2,0.5
U2877,P00204,A1402,18-25,Female,Ahmedabad,HR,2.0,Bachelors,409,15,Design,Article,0.4299,0.3784,0.7913,26.3,1.2,52,4,0.4568,1,0.6167703866958618,4,4,3,0.3333333333333333
U2877,P03099,A1540,18-25,Female,Ahmedabad,HR,2.0,Bachelors,409,15,Machine Learning,Text,0.4563,0.5617,0.4928,3.1,5.3,194,3,0.5076,0,0.5268431901931763,6,6,4,0.25
U2877,P04186,A1984,18-25,Female,Ahmedabad,HR,2.0,Bachelors,409,15,Machine Learning,Text,0.9119,0.7452,0.534,22.4,6.0,265,1,0.7454,0,0.7275250554084778,1,1,5,0.2
U2877,P02243,A1088,18-25,Female,Ahmedabad,HR,2.0,Bachelors,409,15,Finance,Text,0.6137,0.5091,0.5763,16.7,4.2,99,2,0.565,1,0.5655736923217773,5,5,6,0.16666666666666666
U2877,P03849,A0603,18-25,Female,Ahmedabad,HR,2.0,Bachelors,409,15,Career,Text,0.0524,0.5196,0.6175,20.4,20.5,105,3,0.3955,1,0.5135856866836548,7,7,7,0.14285714285714285
U2877,P01211,A1301,18-25,Female,Ahmedabad,HR,2.0,Bachelors,409,15,Leadership,Image,0.4939,0.5831,0.2028,1.8,5.3,476,3,0.4091,0,0.48983702063560486,8,8,8,0.125
U2877,P03194,A1846,18-25,Female,Ahmedabad,HR,2.0,Bachelors,409,15,Data Science,Article,0.4833,0.5888,0.5532,63.7,10.5,93,4,0.4019,0,0.4359253942966461,9,9,9,0.1111111111111111
U2877,P04719,A0021,18-25,Female,Ahmedabad,HR,2.0,Bachelors,409,15,Machine Learning,Video,0.3181,0.4323,0.4152,20.5,6.1,312,3,0.3427,0,0.30783340334892273,10,10,10,0.1
U2877,P03909,A0939,18-25,Female,Ahmedabad,HR,2.0,Bachelors,409,15,AI,Article,0.2342,0.1591,0.5508,49.6,7.9,1367,4,0.1943,0,0.27870258688926697,11,11,11,0.09090909090909091
U2879,P01035,A0513,26-35,Female,Mumbai,Computer Science,4.1,Masters,726,11,Career,Text,0.5533,0.7108,0.8815,31.7,11.7,169,3,0.7065,1,0.7345972061157227,2,2,1,1.0
U2879,P04428,A1469,26-35,Female,Mumbai,Computer Science,4.1,Masters,726,11,Design,Article,0.3007,0.6971,0.7993,33.0,5.7,193,3,0.6042,1,0.6300873756408691,3,3,2,0.5
U2879,P04728,A1362,26-35,Female,Mumbai,Computer Science,4.1,Masters,726,11,Machine Learning,Image,0.913,0.7161,0.4739,12.2,4.0,546,3,0.6787,1,0.6093829870223999,4,4,3,0.3333333333333333
U2879,P02046,A0406,26-35,Female,Mumbai,Computer Science,4.1,Masters,726,11,Design,Text,0.4695,0.7854,0.4891,33.8,3.3,214,3,0.5626,1,0.5984136462211609,5,5,4,0.25
U2879,P02684,A1933,26-35,Female,Mumbai,Computer Science,4.1,Masters,726,11,AI,Article,0.4329,0.7617,0.7677,10.2,5.5,392,1,0.7477,1,0.758441150188446,1,1,5,0.2
U2879,P00855,A1480,26-35,Female,Mumbai,Computer Science,4.1,Masters,726,11,Machine Learning,Video,0.2585,0.6025,0.6178,14.2,2.0,134,1,0.5718,1,0.5467774868011475,6,6,6,0.16666666666666666
U2879,P03046,A0876,26-35,Female,Mumbai,Computer Science,4.1,Masters,726,11,AI,Text,0.7386,0.6537,0.4575,58.0,4.4,169,2,0.5416,0,0.4915533661842346,7,7,7,0.14285714285714285
U2879,P04508,A0903,26-35,Female,Mumbai,Computer Science,4.1,Masters,726,11,Leadership,Job Opportunity,0.3236,0.462,0.9777,50.6,1.7,285,4,0.5026,1,0.384416788816452,8,8,8,0.125
U2879,P02903,A0773,26-35,Female,Mumbai,Computer Science,4.1,Masters,726,11,Design,Text,0.2604,0.3193,0.5983,0.2,6.6,145,1,0.4511,1,0.3420924246311188,9,9,9,0.1111111111111111
U2882,P04973,A1853,18-25,Male,Other,HR,12.7,Bachelors,118,14,Marketing,Text,0.5764,0.6922,0.9512,68.2,3.7,421,2,0.7229,0,0.7771818041801453,1,1,1,1.0
U2882,P01756,A0262,18-25,Male,Other,HR,12.7,Bachelors,118,14,Leadership,Text,0.4278,0.5516,0.9518,6.0,1.4,195,2,0.7336,1,0.7268925309181213,2,2,2,0.5
U2882,P02449,A0453,18-25,Male,Other,HR,12.7,Bachelors,118,14,AI,Text,0.4632,0.5961,0.459,43.2,1.6,258,2,0.5014,1,0.5993250012397766,3,3,3,0.3333333333333333
U2882,P03432,A1611,18-25,Male,Other,HR,12.7,Bachelors,118,14,Career,Article,0.245,0.4108,0.8443,50.4,5.1,527,3,0.4656,0,0.553371787071228,4,4,4,0.25
U2882,P00603,A1494,18-25,Male,Other,HR,12.7,Bachelors,118,14,Software,Text,0.1329,0.3275,0.75,38.3,5.5,280,2,0.4107,1,0.5164439082145691,5,5,5,0.2
U2882,P01790,A0309,18-25,Male,Other,HR,12.7,Bachelors,118,14,Finance,Article,0.2398,0.3721,0.5298,18.1,1.3,1532,4,0.3482,0,0.4451002776622772,6,6,6,0.16666666666666666
U2882,P01098,A0820,18-25,Male,Other,HR,12.7,Bachelors,118,14,Software,Video,0.2632,0.7005,0.4587,6.5,2.4,376,5,0.4744,0,0.428227961063385,7,7,7,0.14285714285714285
U2882,P00470,A0564,18-25,Male,Other,HR,12.7,Bachelors,118,14,Career,Image,0.3543,0.5306,0.6126,61.0,3.9,802,4,0.4045,1,0.41657254099845886,8,8,8,0.125
U2882,P00115,A0379,18-25,Male,Other,HR,12.7,Bachelors,118,14,Machine Learning,Text,0.2011,0.5786,0.9124,64.3,2.2,121,5,0.4736,0,0.3947919011116028,9,9,9,0.1111111111111111
U2882,P03995,A0196,18-25,Male,Other,HR,12.7,Bachelors,118,14,Leadership,Video,0.3908,0.1737,0.7769,27.1,1.0,948,4,0.3753,1,0.3530535399913788,10,10,10,0.1
U2882,P01946,A1958,18-25,Male,Other,HR,12.7,Bachelors,118,14,Leadership,Article,0.2296,0.2942,0.5924,55.5,3.1,290,4,0.2715,1,0.20061832666397095,11,11,11,0.09090909090909091
U2885,P04092,A0290,26-35,Male,Pune,Data Science,4.8,Masters,408,25,Marketing,Image,0.0507,0.8905,0.645,36.6,1.2,174,2,0.6736,1,0.6269247531890869,4,4,1,1.0
U2885,P01762,A1845,26-35,Male,Pune,Data Science,4.8,Masters,408,25,Career,Text,0.3307,0.5032,0.9087,66.8,2.7,1015,2,0.6142,0,0.622961699962616,5,5,2,0.5
U2885,P04366,A1948,26-35,Male,Pune,Data Science,4.8,Masters,408,25,Data Science,Image,0.5078,0.9143,0.4463,16.1,1.5,244,2,0.7505,1,0.6195981502532959,6,6,3,0.3333333333333333
U2885,P03871,A1071,26-35,Male,Pune,Data Science,4.8,Masters,408,25,Leadership,Article,0.4019,0.3803,0.7898,41.1,1.9,2777,1,0.6061,1,0.6088716983795166,7,7,4,0.25
U2885,P03043,A0596,26-35,Male,Pune,Data Science,4.8,Masters,408,25,Machine Learning,Article,0.734,0.446,0.757,9.3,8.0,543,2,0.7303,1,0.7208364009857178,1,1,5,0.2
U2885,P03703,A1381,26-35,Male,Pune,Data Science,4.8,Masters,408,25,Leadership,Image,0.3573,0.8453,0.5023,42.4,6.6,281,2,0.6643,1,0.6973313093185425,2,2,6,0.16666666666666666
U2885,P01012,A0341,26-35,Male,Pune,Data Science,4.8,Masters,408,25,Machine Learning,Article,0.5464,0.4911,0.8211,9.8,4.2,345,2,0.7281,1,0.6364922523498535,3,3,7,0.14285714285714285
U2885,P04143,A1314,26-35,Male,Pune,Data Science,4.8,Masters,408,25,Leadership,Job Opportunity,0.0329,0.2022,0.5968,2.5,5.0,298,1,0.4132,1,0.5565973520278931,8,8,8,0.125
U2885,P02257,A1370,26-35,Male,Pune,Data Science,4.8,Masters,408,25,Data Science,Text,0.0349,0.4743,0.8987,45.6,16.7,157,5,0.4611,0,0.39696556329727173,9,9,9,0.1111111111111111
U2885,P04249,A1256,26-35,Male,Pune,Data Science,4.8,Masters,408,25,Marketing,Text,0.0862,0.3505,0.2677,0.3,0.9,34,4,0.2835,1,0.32994702458381653,10,10,10,0.1
U2885,P03774,A0755,26-35,Male,Pune,Data Science,4.8,Masters,408,25,AI,Text,0.2176,0.621,0.5169,119.0,2.0,1056,1,0.4067,0,0.32857653498649597,11,11,11,0.09090909090909091
U2885,P01111,A0842,26-35,Male,Pune,Data Science,4.8,Masters,408,25,AI,Image,0.2722,0.2397,0.4515,96.6,1.5,604,4,0.1975,0,0.132185161113739,12,12,12,0.08333333333333333
U2888,P03645,A0712,56+,Male,Hyderabad,Computer Science,2.0,PhD,217,12,Marketing,Text,0.7154,0.9295,0.9565,23.6,1.7,392,4,0.8227,1,0.7306985259056091,2,2,1,1.0
U2888,P00635,A0155,56+,Male,Hyderabad,Computer Science,2.0,PhD,217,12,Machine Learning,Job Opportunity,0.3564,0.9572,0.6053,1.2,3.8,686,4,0.6851,0,0.6812148690223694,3,3,2,0.5
U2888,P04637,A1686,56+,Male,Hyderabad,Computer Science,2.0,PhD,217,12,AI,Text,0.4683,0.5979,0.7761,1.1,2.6,278,2,0.6755,0,0.627755880355835,4,4,3,0.3333333333333333
U2888,P02152,A0181,56+,Male,Hyderabad,Computer Science,2.0,PhD,217,12,Career,Video,0.5777,0.2898,0.844,10.7,25.0,1083,3,0.5364,0,0.5527713894844055,6,6,4,0.25
U2888,P02503,A1282,56+,Male,Hyderabad,Computer Science,2.0,PhD,217,12,Career,Article,0.741,0.8087,0.7178,21.8,7.5,456,1,0.7892,1,0.7470585703849792,1,1,5,0.2
U2888,P00526,A0346,56+,Male,Hyderabad,Computer Science,2.0,PhD,217,12,Leadership,Article,0.2047,0.7052,0.8939,54.0,6.0,414,2,0.607,1,0.5853757858276367,5,5,6,0.16666666666666666
U2888,P02048,A1462,56+,Male,Hyderabad,Computer Science,2.0,PhD,217,12,Career,Image,0.6665,0.5327,0.6738,23.4,5.4,448,2,0.615,1,0.549147367477417,7,7,7,0.14285714285714285
U2888,P02423,A1297,56+,Male,Hyderabad,Computer Science,2.0,PhD,217,12,Machine Learning,Text,0.2592,0.5847,0.8989,16.4,2.3,193,2,0.6371,1,0.5472937822341919,8,8,8,0.125
U2888,P02790,A1003,56+,Male,Hyderabad,Computer Science,2.0,PhD,217,12,Design,Article,0.3475,0.4882,0.7591,4.3,6.3,183,3,0.5489,0,0.5376065373420715,9,9,9,0.1111111111111111
U2888,P02682,A1191,56+,Male,Hyderabad,Computer Science,2.0,PhD,217,12,Finance,Article,0.2904,0.5627,0.6525,2.4,5.2,358,3,0.5291,1,0.5341801047325134,10,10,10,0.1
U2888,P01786,A1198,56+,Male,Hyderabad,Computer Science,2.0,PhD,217,12,Design,Job Opportunity,0.3816,0.4423,0.6073,64.6,8.4,253,2,0.385,0,0.4663408398628235,11,11,11,0.09090909090909091
U2888,P00185,A1582,56+,Male,Hyderabad,Computer Science,2.0,PhD,217,12,Marketing,Job Opportunity,0.3382,0.05,0.7045,14.6,5.6,502,3,0.2962,0,0.3864057660102844,12,12,12,0.08333333333333333
U2888,P00539,A0067,56+,Male,Hyderabad,Computer Science,2.0,PhD,217,12,AI,Article,0.586,0.4364,0.4564,3.6,4.0,1976,5,0.398,0,0.3338676691055298,13,13,13,0.07692307692307693
U2888,P04444,A0567,56+,Male,Hyderabad,Computer Science,2.0,PhD,217,12,Leadership,Image,0.2364,0.3581,0.7161,5.9,5.7,290,5,0.37,0,0.29359671473503113,14,14,14,0.07142857142857142
U2896,P03308,A0852,18-25,Female,Mumbai,Computer Science,4.7,Bachelors,142,23,Machine Learning,Job Opportunity,0.2891,0.8867,0.8194,36.6,3.9,431,2,0.7714,1,0.8017694354057312,1,1,1,1.0
U2896,P00375,A1973,18-25,Female,Mumbai,Computer Science,4.7,Bachelors,142,23,Marketing,Job Opportunity,0.5594,0.844,0.4923,86.8,8.6,557,3,0.5843,1,0.7347038984298706,2,2,2,0.5
U2896,P01209,A1927,18-25,Female,Mumbai,Computer Science,4.7,Bachelors,142,23,Leadership,Text,0.47,0.6781,0.437,28.2,8.8,330,4,0.5387,0,0.5829703211784363,4,4,3,0.3333333333333333
U2896,P00473,A1721,18-25,Female,Mumbai,Computer Science,4.7,Bachelors,142,23,Machine Learning,Article,0.0836,0.841,0.4948,64.0,1.9,234,3,0.4995,1,0.5480701923370361,5,5,4,0.25
U2896,P00874,A0411,18-25,Female,Mumbai,Computer Science,4.7,Bachelors,142,23,Design,Video,0.2318,0.4799,0.8168,69.6,5.0,307,2,0.5178,0,0.6131646037101746,3,3,5,0.2
U2896,P02721,A0083,18-25,Female,Mumbai,Computer Science,4.7,Bachelors,142,23,Finance,Job Opportunity,0.3192,0.4732,0.7322,31.0,7.1,309,4,0.5148,1,0.5040676593780518,6,6,6,0.16666666666666666
U2896,P01474,A0893,18-25,Female,Mumbai,Computer Science,4.7,Bachelors,142,23,Design,Article,0.1475,0.5986,0.6839,31.1,5.0,182,2,0.574,0,0.4640272855758667,7,7,7,0.14285714285714285
U2896,P02737,A1100,18-25,Female,Mumbai,Computer Science,4.7,Bachelors,142,23,Software,Article,0.5265,0.7607,0.7207,121.3,4.7,853,2,0.5939,1,0.4353048801422119,8,8,8,0.125
U2896,P04941,A1096,18-25,Female,Mumbai,Computer Science,4.7,Bachelors,142,23,Software,Text,0.3778,0.1971,0.4559,1.9,2.4,280,3,0.3692,0,0.39950257539749146,9,9,9,0.1111111111111111
U2896,P01942,A0829,18-25,Female,Mumbai,Computer Science,4.7,Bachelors,142,23,Leadership,Image,0.131,0.3313,0.6504,10.5,2.1,701,2,0.4634,0,0.3504653871059418,10,10,10,0.1
U2896,P00978,A1739,18-25,Female,Mumbai,Computer Science,4.7,Bachelors,142,23,Design,Text,0.3075,0.3765,0.4224,28.9,1.1,599,2,0.402,0,0.32751667499542236,11,11,11,0.09090909090909091
U2905,P03278,A1126,26-35,Male,Other,Data Science,9.2,Bachelors,402,23,Software,Text,0.7018,0.7202,0.9573,29.0,3.2,132,2,0.8399,1,0.8264924883842468,1,1,1,1.0
U2905,P01128,A0505,26-35,Male,Other,Data Science,9.2,Bachelors,402,23,Software,Article,0.6116,0.8213,0.9235,106.5,3.6,283,3,0.7218,1,0.7559240460395813,2,2,2,0.5
U2905,P00830,A1128,26-35,Male,Other,Data Science,9.2,Bachelors,402,23,Marketing,Image,0.6835,0.9335,0.5149,5.9,0.9,68,3,0.7969,1,0.7539671659469604,3,3,3,0.3333333333333333
U2905,P02336,A1522,26-35,Male,Other,Data Science,9.2,Bachelors,402,23,Design,Text,0.3251,0.4926,0.9673,21.5,3.7,885,2,0.7038,1,0.7213797569274902,4,4,4,0.25
U2905,P00385,A1776,26-35,Male,Other,Data Science,9.2,Bachelors,402,23,Machine Learning,Video,0.471,0.9651,0.4341,3.3,6.3,475,2,0.7703,1,0.7038058638572693,5,5,5,0.2
U2905,P01712,A1631,26-35,Male,Other,Data Science,9.2,Bachelors,402,23,Machine Learning,Article,0.1149,0.4717,0.9018,13.3,1.8,193,3,0.6026,1,0.6618241667747498,6,6,6,0.16666666666666666
U2905,P00164,A1213,26-35,Male,Other,Data Science,9.2,Bachelors,402,23,Finance,Video,0.4426,0.6338,0.5178,2.4,8.7,410,2,0.6605,1,0.6575955748558044,7,7,7,0.14285714285714285
U2905,P03866,A1918,26-35,Male,Other,Data Science,9.2,Bachelors,402,23,Machine Learning,Article,0.3296,0.8441,0.6259,18.0,0.1,786,3,0.7091,0,0.6208152770996094,8,8,8,0.125
U2905,P01894,A1745,26-35,Male,Other,Data Science,9.2,Bachelors,402,23,Design,Job Opportunity,0.4597,0.558,0.5038,31.3,8.8,598,2,0.569,1,0.6122375130653381,9,9,9,0.1111111111111111
U2905,P02746,A1476,26-35,Male,Other,Data Science,9.2,Bachelors,402,23,Finance,Job Opportunity,0.5643,0.3408,0.8744,8.3,0.6,1005,4,0.6254,0,0.6051082015037537,10,10,10,0.1
U2905,P02222,A1878,26-35,Male,Other,Data Science,9.2,Bachelors,402,23,Leadership,Article,0.375,0.5696,0.469,6.5,5.1,364,4,0.5218,0,0.5056475400924683,11,11,11,0.09090909090909091
U2905,P01567,A0042,26-35,Male,Other,Data Science,9.2,Bachelors,402,23,Machine Learning,Video,0.4501,0.4638,0.4307,25.5,6.4,95,3,0.4678,0,0.40989425778388977,12,12,12,0.08333333333333333
U2905,P00683,A1200,26-35,Male,Other,Data Science,9.2,Bachelors,402,23,Marketing,Job Opportunity,0.3852,0.2986,0.4007,20.7,1.8,301,2,0.3981,1,0.31179356575012207,13,13,13,0.07692307692307693
U2905,P03083,A0890,26-35,Male,Other,Data Science,9.2,Bachelors,402,23,Machine Learning,Image,0.1566,0.28,0.23,3.0,8.0,761,3,0.2728,0,0.24627560377120972,14,14,14,0.07142857142857142
U2906,P03940,A0553,36-45,Female,Delhi,Engineering,6.9,PhD,1189,29,Software,Text,0.459,0.8139,0.9023,29.6,2.0,223,5,0.7789,1,0.8538838624954224,2,2,1,1.0
U2906,P03105,A0697,36-45,Female,Delhi,Engineering,6.9,PhD,1189,29,Data Science,Text,0.398,0.6935,0.9493,24.5,1.0,236,3,0.7911,1,0.8422383666038513,3,3,2,0.5
U2906,P03337,A0376,36-45,Female,Delhi,Engineering,6.9,PhD,1189,29,AI,Image,0.4742,0.5113,0.9606,36.3,4.7,503,4,0.6997,1,0.8279035687446594,4,4,3,0.3333333333333333
U2906,P02215,A1715,36-45,Female,Delhi,Engineering,6.9,PhD,1189,29,AI,Job Opportunity,0.6287,0.5566,0.6449,34.4,17.9,309,3,0.6715,1,0.7464432716369629,5,5,4,0.25
U2906,P04844,A1040,36-45,Female,Delhi,Engineering,6.9,PhD,1189,29,Career,Text,0.4279,0.6534,0.941,2.9,5.9,271,2,0.8282,1,0.8675611019134521,1,1,5,0.2
U2906,P00011,A0549,36-45,Female,Delhi,Engineering,6.9,PhD,1189,29,Data Science,Image,0.5914,0.743,0.5514,26.2,2.8,188,2,0.7472,1,0.7268773913383484,6,6,6,0.16666666666666666
U2906,P02351,A1923,36-45,Female,Delhi,Engineering,6.9,PhD,1189,29,Marketing,Text,0.4569,0.516,0.7449,83.6,2.9,780,2,0.5869,0,0.7258588671684265,7,7,7,0.14285714285714285
U2906,P04771,A1709,36-45,Female,Delhi,Engineering,6.9,PhD,1189,29,Finance,Text,0.708,0.7798,0.4718,8.5,6.7,68,3,0.7616,0,0.7070890069007874,8,8,8,0.125
U2906,P00821,A0928,36-45,Female,Delhi,Engineering,6.9,PhD,1189,29,Leadership,Article,0.2174,0.7822,0.7397,31.2,11.4,307,3,0.7111,1,0.651931881904602,9,9,9,0.1111111111111111
U2906,P02851,A1267,36-45,Female,Delhi,Engineering,6.9,PhD,1189,29,Data Science,Video,0.7053,0.2294,0.8684,78.5,5.9,203,2,0.575,1,0.46228209137916565,10,10,10,0.1
U2906,P00703,A1345,36-45,Female,Delhi,Engineering,6.9,PhD,1189,29,AI,Text,0.0815,0.4006,0.2812,86.6,6.9,288,4,0.2035,0,0.2010948210954666,11,11,11,0.09090909090909091
U2920,P00208,A1182,36-45,Male,Chennai,Marketing,1.5,Masters,600,10,Software,Text,0.7095,0.7715,0.7115,8.2,6.4,106,3,0.7297,1,0.7730305790901184,1,1,1,1.0
U2920,P00904,A0873,36-45,Male,Chennai,Marketing,1.5,Masters,600,10,Machine Learning,Job Opportunity,0.7539,0.4411,0.4198,2.6,3.1,835,1,0.5473,1,0.6953672766685486,2,2,2,0.5
U2920,P03842,A1502,36-45,Male,Chennai,Marketing,1.5,Masters,600,10,Marketing,Image,0.4224,0.6787,0.7592,16.7,3.0,279,2,0.6535,1,0.6726430058479309,3,3,3,0.3333333333333333
U2920,P02532,A1940,36-45,Male,Chennai,Marketing,1.5,Masters,600,10,Machine Learning,Image,0.4748,0.3532,0.8803,6.4,4.3,786,5,0.4849,0,0.6340580582618713,4,4,4,0.25
U2920,P04025,A1830,36-45,Male,Chennai,Marketing,1.5,Masters,600,10,Data Science,Text,0.5771,0.4603,0.7842,115.1,22.2,279,3,0.376,0,0.5181964039802551,5,5,5,0.2
U2920,P00113,A1323,36-45,Male,Chennai,Marketing,1.5,Masters,600,10,Software,Text,0.3844,0.5284,0.6858,68.0,6.9,296,2,0.4395,1,0.4790799915790558,6,6,6,0.16666666666666666
U2920,P04786,A1031,36-45,Male,Chennai,Marketing,1.5,Masters,600,10,Leadership,Article,0.485,0.6379,0.4647,72.8,1.6,72,3,0.3876,0,0.41478094458580017,7,7,7,0.14285714285714285
U2920,P02097,A0581,36-45,Male,Chennai,Marketing,1.5,Masters,600,10,AI,Video,0.1314,0.5455,0.4077,8.6,0.9,830,5,0.2943,0,0.3279559314250946,8,8,8,0.125
U2920,P00004,A1801,36-45,Male,Chennai,Marketing,1.5,Masters,600,10,Data Science,Text,0.367,0.5886,0.3108,33.5,3.8,336,3,0.3468,0,0.3139849603176117,9,9,9,0.1111111111111111
U2920,P01932,A1275,36-45,Male,Chennai,Marketing,1.5,Masters,600,10,Data Science,Text,0.4288,0.3472,0.2537,24.5,8.7,269,4,0.2309,0,0.27078503370285034,10,10,10,0.1
U2920,P02760,A1366,36-45,Male,Chennai,Marketing,1.5,Masters,600,10,Software,Article,0.3755,0.2858,0.1978,14.1,6.5,433,4,0.1984,1,0.18422426283359528,11,11,11,0.09090909090909091
U2928,P00986,A0400,26-35,Female,Other,Engineering,4.9,Bachelors,173,21,Machine Learning,Job Opportunity,0.4452,0.6773,0.724,5.1,3.7,184,1,0.7433,1,0.7706867456436157,1,1,1,1.0
U2928,P04979,A1434,26-35,Female,Other,Engineering,4.9,Bachelors,173,21,Data Science,Text,0.1456,0.654,0.8712,3.5,2.7,194,2,0.6942,1,0.7132899165153503,2,2,2,0.5
U2928,P01822,A0626,26-35,Female,Other,Engineering,4.9,Bachelors,173,21,Marketing,Text,0.6597,0.6605,0.4479,12.0,4.2,591,1,0.6772,0,0.6958727836608887,3,3,3,0.3333333333333333
U2928,P04909,A0901,26-35,Female,Other,Engineering,4.9,Bachelors,173,21,Design,Text,0.4877,0.8833,0.3831,13.4,6.5,4238,3,0.6493,0,0.6247867345809937,4,4,4,0.25
U2928,P03710,A1908,26-35,Female,Other,Engineering,4.9,Bachelors,173,21,Data Science,Text,0.5282,0.1946,0.5713,16.7,2.9,529,3,0.3957,1,0.3422641456127167,5,5,5,0.2
U2928,P03857,A0750,26-35,Female,Other,Engineering,4.9,Bachelors,173,21,Data Science,Job Opportunity,0.1404,0.6296,0.2251,16.3,2.1,1013,4,0.3328,0,0.3135829269886017,6,6,6,0.16666666666666666
U2935,P02417,A1829,36-45,Male,Kolkata,Business,5.4,Masters,333,16,Data Science,Video,0.3252,0.5531,0.8378,10.3,3.9,118,1,0.6839,1,0.6934990882873535,1,1,1,1.0
U2935,P03790,A0934,36-45,Male,Kolkata,Business,5.4,Masters,333,16,Leadership,Job Opportunity,0.2547,0.4416,0.9602,37.1,14.7,123,3,0.551,1,0.4737706780433655,2,2,2,0.5
U2935,P00339,A0432,36-45,Male,Kolkata,Business,5.4,Masters,333,16,AI,Video,0.0737,0.5954,0.5383,27.2,5.7,290,3,0.4195,1,0.46398788690567017,3,3,3,0.3333333333333333
U2935,P01810,A0395,36-45,Male,Kolkata,Business,5.4,Masters,333,16,Design,Video,0.2419,0.4509,0.5522,3.9,2.5,726,3,0.4456,0,0.4315653145313263,5,5,4,0.25
U2935,P02934,A0262,36-45,Male,Kolkata,Business,5.4,Masters,333,16,Design,Article,0.6203,0.1199,0.5156,6.9,9.2,178,1,0.4279,1,0.4518481492996216,4,4,5,0.2
U2935,P04309,A0807,36-45,Male,Kolkata,Business,5.4,Masters,333,16,AI,Text,0.1749,0.3889,0.9302,42.9,10.3,177,4,0.4463,0,0.41471296548843384,6,6,6,0.16666666666666666
U2935,P01982,A1514,36-45,Male,Kolkata,Business,5.4,Masters,333,16,Leadership,Text,0.6254,0.0868,0.9292,18.7,8.4,2632,4,0.4669,1,0.33443379402160645,7,7,7,0.14285714285714285
U2935,P04669,A1167,36-45,Male,Kolkata,Business,5.4,Masters,333,16,AI,Article,0.2436,0.2865,0.4414,33.6,13.6,101,3,0.2746,0,0.2554413676261902,8,8,8,0.125
U2937,P01494,A1455,26-35,Male,Delhi,Business,7.3,Bachelors,204,24,Leadership,Job Opportunity,0.3758,0.3926,0.7544,12.0,1.8,242,2,0.6191,1,0.6370906233787537,6,6,1,1.0
U2937,P02976,A1695,26-35,Male,Delhi,Business,7.3,Bachelors,204,24,Data Science,Job Opportunity,0.2724,0.4861,0.6379,49.6,3.9,356,1,0.5474,0,0.5381324291229248,7,7,2,0.5
U2937,P04741,A0217,26-35,Male,Delhi,Business,7.3,Bachelors,204,24,Software,Video,0.1561,0.4322,0.7525,113.1,4.3,1026,3,0.35,0,0.4501352906227112,9,9,3,0.3333333333333333
U2937,P00478,A1315,26-35,Male,Delhi,Business,7.3,Bachelors,204,24,Software,Image,0.6018,0.4419,0.3255,9.5,5.0,1189,4,0.466,1,0.40968626737594604,10,10,4,0.25
U2937,P02612,A1045,26-35,Male,Delhi,Business,7.3,Bachelors,204,24,Finance,Article,0.2112,0.6729,0.5478,20.7,25.0,746,2,0.6093,0,0.7657986879348755,1,1,5,0.2
U2937,P04874,A1168,26-35,Male,Delhi,Business,7.3,Bachelors,204,24,Career,Text,0.3192,0.606,0.7859,14.1,10.4,721,1,0.7344,1,0.7312509417533875,2,2,6,0.16666666666666666
U2937,P04294,A1664,26-35,Male,Delhi,Business,7.3,Bachelors,204,24,Career,Article,0.3336,0.6325,0.4978,6.9,5.2,410,2,0.628,1,0.6965216994285583,3,3,7,0.14285714285714285
U2937,P03651,A1158,26-35,Male,Delhi,Business,7.3,Bachelors,204,24,Design,Text,0.3051,0.7904,0.5153,57.4,18.0,190,1,0.6373,0,0.6923006176948547,4,4,8,0.125
U2937,P00643,A0881,26-35,Male,Delhi,Business,7.3,Bachelors,204,24,Machine Learning,Video,0.2427,0.6263,0.7058,61.9,12.3,368,2,0.5805,1,0.6845840215682983,5,5,9,0.1111111111111111
U2937,P00858,A0166,26-35,Male,Delhi,Business,7.3,Bachelors,204,24,Software,Text,0.2523,0.2711,0.5926,11.2,11.3,130,2,0.4596,1,0.46934956312179565,8,8,10,0.1
U2937,P03040,A1471,26-35,Male,Delhi,Business,7.3,Bachelors,204,24,Design,Text,0.2087,0.3302,0.3024,25.5,1.2,220,2,0.332,1,0.28188490867614746,11,11,11,0.09090909090909091
U2943,P04035,A0169,36-45,Male,Mumbai,Data Science,4.1,Bachelors,474,14,Finance,Image,0.0861,0.9134,0.6061,4.6,3.9,325,2,0.6783,0,0.7058934569358826,1,1,1,1.0
U2943,P00660,A0495,36-45,Male,Mumbai,Data Science,4.1,Bachelors,474,14,Data Science,Job Opportunity,0.1765,0.7094,0.7937,71.7,1.5,156,2,0.5546,1,0.566580593585968,3,3,2,0.5
U2943,P02857,A0751,36-45,Male,Mumbai,Data Science,4.1,Bachelors,474,14,Data Science,Text,0.2769,0.9351,0.3994,35.4,6.2,313,2,0.599,1,0.4851064383983612,5,5,3,0.3333333333333333
U2943,P00737,A1809,36-45,Male,Mumbai,Data Science,4.1,Bachelors,474,14,Finance,Text,0.5719,0.6587,0.2664,46.5,5.7,74,2,0.4646,0,0.4827737510204315,6,6,4,0.25
U2943,P02095,A0071,36-45,Male,Mumbai,Data Science,4.1,Bachelors,474,14,Leadership,Job Opportunity,0.6454,0.7225,0.6914,33.0,4.9,424,2,0.7103,0,0.6734251976013184,2,2,5,0.2
U2943,P03944,A0288,36-45,Male,Mumbai,Data Science,4.1,Bachelors,474,14,AI,Image,0.4544,0.3544,0.7537,4.3,6.3,2570,1,0.6026,0,0.4946530759334564,4,4,6,0.16666666666666666
U2943,P01833,A0422,36-45,Male,Mumbai,Data Science,4.1,Bachelors,474,14,Career,Article,0.4979,0.3514,0.8377,32.3,2.8,186,3,0.5292,1,0.4312232434749603,7,7,7,0.14285714285714285
U2943,P02791,A1588,36-45,Male,Mumbai,Data Science,4.1,Bachelors,474,14,Software,Job Opportunity,0.0572,0.3604,0.2855,5.1,2.8,127,1,0.3077,0,0.4145538806915283,8,8,8,0.125
U2943,P02964,A0297,36-45,Male,Mumbai,Data Science,4.1,Bachelors,474,14,Finance,Video,0.3612,0.5154,0.4153,14.7,8.8,569,4,0.3983,1,0.41281694173812866,9,9,9,0.1111111111111111
U2943,P02868,A0066,36-45,Male,Mumbai,Data Science,4.1,Bachelors,474,14,Design,Article,0.3908,0.5264,0.4493,12.2,6.6,908,4,0.4304,0,0.4122940003871918,10,10,10,0.1
U2943,P02110,A1335,36-45,Male,Mumbai,Data Science,4.1,Bachelors,474,14,Design,Article,0.0759,0.544,0.5308,39.9,5.4,373,3,0.3671,0,0.3797014057636261,11,11,11,0.09090909090909091
U2965,P03978,A0853,18-25,Female,Bengaluru,Data Science,10.1,Bachelors,293,20,Finance,Video,0.4653,0.7439,0.8706,3.0,11.9,372,3,0.7975,0,0.8190382122993469,1,1,1,1.0
U2965,P00571,A0166,18-25,Female,Bengaluru,Data Science,10.1,Bachelors,293,20,Career,Image,0.172,0.7843,0.5102,22.2,3.4,592,2,0.6208,1,0.6017294526100159,2,2,2,0.5
U2965,P00988,A0098,18-25,Female,Bengaluru,Data Science,10.1,Bachelors,293,20,Machine Learning,Article,0.213,0.3621,0.9377,42.1,7.9,125,3,0.5327,1,0.5699849724769592,3,3,3,0.3333333333333333
U2965,P01259,A1385,18-25,Female,Bengaluru,Data Science,10.1,Bachelors,293,20,Leadership,Article,0.1162,0.596,0.7443,44.0,3.7,192,2,0.5692,1,0.5642527341842651,4,4,4,0.25
U2965,P02310,A1191,18-25,Female,Bengaluru,Data Science,10.1,Bachelors,293,20,Machine Learning,Article,0.3439,0.7676,0.6161,109.7,11.8,285,2,0.5321,1,0.5618336796760559,5,5,5,0.2
U2965,P02663,A1348,18-25,Female,Bengaluru,Data Science,10.1,Bachelors,293,20,Data Science,Article,0.101,0.5932,0.5931,19.6,9.9,400,1,0.5804,0,0.5252465605735779,6,6,6,0.16666666666666666
U2965,P03904,A1477,18-25,Female,Bengaluru,Data Science,10.1,Bachelors,293,20,Data Science,Image,0.2686,0.5062,0.4976,14.6,15.4,256,2,0.5206,1,0.5057533383369446,7,7,7,0.14285714285714285
U2965,P00486,A0763,18-25,Female,Bengaluru,Data Science,10.1,Bachelors,293,20,Career,Video,0.2524,0.7517,0.4263,11.9,2.9,192,3,0.5807,1,0.49828121066093445,8,8,8,0.125
U2965,P03851,A0685,18-25,Female,Bengaluru,Data Science,10.1,Bachelors,293,20,Finance,Article,0.2507,0.6912,0.4675,48.1,2.3,608,4,0.4634,1,0.4665728211402893,9,9,9,0.1111111111111111
U2965,P00299,A0990,18-25,Female,Bengaluru,Data Science,10.1,Bachelors,293,20,Machine Learning,Image,0.1118,0.3632,0.851,35.5,9.4,508,2,0.5143,1,0.45681872963905334,10,10,10,0.1
U2965,P04618,A1059,18-25,Female,Bengaluru,Data Science,10.1,Bachelors,293,20,Finance,Text,0.4779,0.6706,0.5054,88.0,11.9,407,2,0.5168,1,0.4505001902580261,11,11,11,0.09090909090909091
U2965,P00191,A1489,18-25,Female,Bengaluru,Data Science,10.1,Bachelors,293,20,Leadership,Job Opportunity,0.3333,0.3375,0.6706,23.3,7.1,261,4,0.4454,0,0.3821907341480255,12,12,12,0.08333333333333333
U2965,P01834,A1016,18-25,Female,Bengaluru,Data Science,10.1,Bachelors,293,20,Data Science,Article,0.0589,0.4078,0.5096,11.6,6.0,86,2,0.4254,0,0.2811787724494934,13,13,13,0.07692307692307693
U2965,P00593,A1699,18-25,Female,Bengaluru,Data Science,10.1,Bachelors,293,20,Career,Text,0.4311,0.264,0.3706,40.7,7.7,298,3,0.3147,0,0.2808263599872589,14,14,14,0.07142857142857142
U2965,P01547,A1203,18-25,Female,Bengaluru,Data Science,10.1,Bachelors,293,20,Software,Job Opportunity,0.325,0.2623,0.55,76.1,1.6,74,2,0.3216,0,0.214275062084198,15,15,15,0.06666666666666667
U2972,P02148,A0158,36-45,Male,Bengaluru,Data Science,4.3,Bachelors,101,17,Marketing,Job Opportunity,0.7204,0.8659,0.4108,1.1,3.6,125,1,0.7775,1,0.7492469549179077,1,1,1,1.0
U2972,P02451,A1749,36-45,Male,Bengaluru,Data Science,4.3,Bachelors,101,17,Finance,Image,0.5849,0.5111,0.458,23.7,8.2,1044,3,0.508,0,0.5274080634117126,4,4,2,0.5
U2972,P03916,A1952,36-45,Male,Bengaluru,Data Science,4.3,Bachelors,101,17,Software,Video,0.4252,0.4296,0.5864,13.1,3.1,94,3,0.4991,1,0.507753312587738,5,5,3,0.3333333333333333
U2972,P03835,A1677,36-45,Male,Bengaluru,Data Science,4.3,Bachelors,101,17,Design,Article,0.187,0.3957,0.5903,15.3,3.6,601,1,0.4789,0,0.5010130405426025,6,6,4,0.25
U2972,P01117,A1570,36-45,Male,Bengaluru,Data Science,4.3,Bachelors,101,17,Marketing,Job Opportunity,0.3489,0.6482,0.7726,89.1,7.7,355,2,0.5469,1,0.6122425198554993,2,2,5,0.2
U2972,P00349,A1798,36-45,Male,Bengaluru,Data Science,4.3,Bachelors,101,17,Data Science,Article,0.419,0.2288,0.8571,4.2,7.7,606,2,0.5621,0,0.5276806950569153,3,3,6,0.16666666666666666
U2972,P03370,A1456,36-45,Male,Bengaluru,Data Science,4.3,Bachelors,101,17,Software,Text,0.3596,0.6671,0.3727,10.9,4.2,321,2,0.5458,1,0.4708765745162964,7,7,7,0.14285714285714285
U2972,P01960,A0611,36-45,Male,Bengaluru,Data Science,4.3,Bachelors,101,17,Software,Text,0.5166,0.583,0.618,19.7,4.8,337,5,0.5361,0,0.4658663868904114,8,8,8,0.125
U2972,P00995,A0878,36-45,Male,Bengaluru,Data Science,4.3,Bachelors,101,17,Leadership,Job Opportunity,0.3887,0.4759,0.4691,28.1,21.5,160,4,0.4012,1,0.4498656988143921,9,9,9,0.1111111111111111
U2972,P00984,A0288,36-45,Male,Bengaluru,Data Science,4.3,Bachelors,101,17,Leadership,Text,0.1568,0.4391,0.638,9.3,5.9,87,3,0.4597,0,0.39270082116127014,10,10,10,0.1
U2972,P00935,A1238,36-45,Male,Bengaluru,Data Science,4.3,Bachelors,101,17,Data Science,Image,0.3472,0.5644,0.2956,35.8,3.2,1002,4,0.3485,0,0.35689881443977356,11,11,11,0.09090909090909091
U2972,P03906,A1833,36-45,Male,Bengaluru,Data Science,4.3,Bachelors,101,17,Leadership,Image,0.1602,0.4805,0.3195,1.8,6.7,155,4,0.3348,1,0.3423602879047394,12,12,12,0.08333333333333333
U2972,P03900,A0624,36-45,Male,Bengaluru,Data Science,4.3,Bachelors,101,17,Marketing,Job Opportunity,0.331,0.4358,0.5362,155.1,8.0,690,3,0.2115,0,0.28323566913604736,13,13,13,0.07692307692307693
U2976,P01428,A1846,36-45,Male,Mumbai,Data Science,5.9,Bachelors,150,16,Finance,Text,0.4422,0.6845,0.7283,5.7,22.0,246,3,0.6934,1,0.6995850205421448,1,1,1,1.0
U2976,P04317,A1879,36-45,Male,Mumbai,Data Science,5.9,Bachelors,150,16,AI,Job Opportunity,0.3149,0.7606,0.6162,19.3,1.1,209,4,0.5984,1,0.6564181447029114,2,2,2,0.5
U2976,P04910,A1117,36-45,Male,Mumbai,Data Science,5.9,Bachelors,150,16,AI,Article,0.544,0.6745,0.6874,28.3,1.9,139,4,0.6289,1,0.6094659566879272,3,3,3,0.3333333333333333
U2976,P00407,A0212,36-45,Male,Mumbai,Data Science,5.9,Bachelors,150,16,Machine Learning,Video,0.3083,0.6713,0.6798,69.9,1.2,326,3,0.5115,1,0.5584513545036316,4,4,4,0.25
U2976,P03884,A1714,36-45,Male,Mumbai,Data Science,5.9,Bachelors,150,16,Career,Job Opportunity,0.5923,0.5848,0.3672,77.1,3.3,111,1,0.4642,0,0.5221523642539978,5,5,5,0.2
U2976,P04859,A0597,36-45,Male,Mumbai,Data Science,5.9,Bachelors,150,16,Finance,Article,0.5116,0.3958,0.6616,0.5,3.4,75,5,0.4958,0,0.5002512335777283,6,6,6,0.16666666666666666
U2976,P03352,A0071,36-45,Male,Mumbai,Data Science,5.9,Bachelors,150,16,Software,Article,0.7398,0.2789,0.7627,83.6,9.0,150,1,0.5068,1,0.4093080461025238,7,7,7,0.14285714285714285
U2976,P04967,A1105,36-45,Male,Mumbai,Data Science,5.9,Bachelors,150,16,AI,Text,0.3551,0.2778,0.6144,32.2,3.1,146,1,0.4406,0,0.3949110209941864,8,8,8,0.125
U2976,P04905,A1558,36-45,Male,Mumbai,Data Science,5.9,Bachelors,150,16,Design,Article,0.1015,0.3019,0.3795,38.4,3.8,100,2,0.2595,0,0.28648239374160767,9,9,9,0.1111111111111111
U2976,P04114,A0711,36-45,Male,Mumbai,Data Science,5.9,Bachelors,150,16,Design,Text,0.2051,0.4883,0.4511,45.5,5.9,744,4,0.3193,1,0.282269150018692,10,10,10,0.1
U2976,P00719,A0223,36-45,Male,Mumbai,Data Science,5.9,Bachelors,150,16,Career,Text,0.2387,0.4816,0.4412,23.8,7.8,265,5,0.3304,0,0.2631482183933258,11,11,11,0.09090909090909091
U2976,P03079,A0610,36-45,Male,Mumbai,Data Science,5.9,Bachelors,150,16,Career,Video,0.2153,0.3144,0.4534,88.3,4.5,263,2,0.2365,0,0.23140154778957367,12,12,12,0.08333333333333333
U2977,P01826,A1154,36-45,Female,Mumbai,Computer Science,7.7,Bachelors,317,17,Career,Job Opportunity,0.5205,0.7826,0.3535,10.3,9.0,846,2,0.6414,0,0.6719323992729187,3,3,1,1.0
U2977,P04856,A1780,36-45,Female,Mumbai,Computer Science,7.7,Bachelors,317,17,Machine Learning,Video,0.414,0.5937,0.9342,2.0,1.3,992,4,0.7068,1,0.6301261782646179,4,4,2,0.5
U2977,P00642,A0706,36-45,Female,Mumbai,Computer Science,7.7,Bachelors,317,17,Machine Learning,Text,0.5678,0.209,0.8522,20.2,3.1,2081,5,0.4662,1,0.4861640930175781,7,7,3,0.3333333333333333
U2977,P04311,A0798,36-45,Female,Mumbai,Computer Science,7.7,Bachelors,317,17,Marketing,Text,0.3869,0.6682,0.4699,53.1,5.1,982,5,0.4185,0,0.44106853008270264,9,9,4,0.25
U2977,P01274,A0815,36-45,Female,Mumbai,Computer Science,7.7,Bachelors,317,17,Leadership,Article,0.4554,0.61,0.6598,2.5,9.3,278,1,0.7063,1,0.7401871085166931,1,1,5,0.2
U2977,P02789,A0837,36-45,Female,Mumbai,Computer Science,7.7,Bachelors,317,17,Machine Learning,Job Opportunity,0.4357,0.6251,0.802,98.0,11.6,355,1,0.59,1,0.675380527973175,2,2,6,0.16666666666666666
U2977,P01659,A0777,36-45,Female,Mumbai,Computer Science,7.7,Bachelors,317,17,Marketing,Text,0.1569,0.394,0.913,45.3,7.8,483,2,0.5188,1,0.6061772704124451,5,5,7,0.14285714285714285
U2977,P04756,A1839,36-45,Female,Mumbai,Computer Science,7.7,Bachelors,317,17,Data Science,Article,0.1181,0.6594,0.5853,10.6,9.0,1069,1,0.602,0,0.5737102031707764,6,6,8,0.125
U2977,P03055,A0147,36-45,Female,Mumbai,Computer Science,7.7,Bachelors,317,17,Finance,Video,0.3224,0.3796,0.6232,21.2,9.1,130,2,0.4822,0,0.46641525626182556,8,8,9,0.1111111111111111
U2977,P03552,A1153,36-45,Female,Mumbai,Computer Science,7.7,Bachelors,317,17,Leadership,Job Opportunity,0.3325,0.5911,0.3852,41.9,5.0,226,3,0.4164,1,0.4073871672153473,10,10,10,0.1
U2977,P01717,A1655,36-45,Female,Mumbai,Computer Science,7.7,Bachelors,317,17,Career,Video,0.3637,0.419,0.3931,67.9,4.6,330,3,0.3011,1,0.29355907440185547,11,11,11,0.09090909090909091
U2977,P03793,A0376,36-45,Female,Mumbai,Computer Science,7.7,Bachelors,317,17,Career,Job Opportunity,0.3993,0.5078,0.1404,12.8,5.5,157,4,0.3222,0,0.28835248947143555,12,12,12,0.08333333333333333
U2977,P03750,A0062,36-45,Female,Mumbai,Computer Science,7.7,Bachelors,317,17,Career,Text,0.0657,0.3013,0.802,73.5,2.5,627,5,0.2661,0,0.19794297218322754,13,13,13,0.07692307692307693
U2980,P03230,A1744,46-55,Female,Hyderabad,Business,9.2,Bachelors,253,22,AI,Image,0.1185,0.4614,0.9348,17.7,6.9,247,4,0.5699,0,0.6540047526359558,3,3,1,1.0
U2980,P02976,A0164,46-55,Female,Hyderabad,Business,9.2,Bachelors,253,22,Data Science,Job Opportunity,0.2724,0.5663,0.6843,49.6,3.9,356,2,0.5596,0,0.5793917775154114,6,6,2,0.5
U2980,P04033,A0454,46-55,Female,Hyderabad,Business,9.2,Bachelors,253,22,Marketing,Text,0.3302,0.603,0.411,9.6,2.2,178,1,0.5895,1,0.5506036281585693,7,7,3,0.3333333333333333
U2980,P02039,A0731,46-55,Female,Hyderabad,Business,9.2,Bachelors,253,22,Leadership,Video,0.2049,0.9432,0.2555,10.3,2.3,140,2,0.6235,1,0.4194703698158264,8,8,4,0.25
U2980,P01314,A1653,46-55,Female,Hyderabad,Business,9.2,Bachelors,253,22,Machine Learning,Image,0.2798,0.5887,0.8115,22.3,4.9,164,2,0.6741,1,0.6909515857696533,1,1,5,0.2
U2980,P04335,A0947,46-55,Female,Hyderabad,Business,9.2,Bachelors,253,22,AI,Job Opportunity,0.5571,0.7073,0.4896,34.1,10.2,658,2,0.6519,0,0.6788116693496704,2,2,6,0.16666666666666666
U2980,P03114,A1540,46-55,Female,Hyderabad,Business,9.2,Bachelors,253,22,Data Science,Text,0.2673,0.6221,0.5898,11.1,11.6,671,2,0.6207,1,0.6226162910461426,4,4,7,0.14285714285714285
U2980,P04110,A0291,46-55,Female,Hyderabad,Business,9.2,Bachelors,253,22,Software,Text,0.2966,0.619,0.5606,8.4,5.3,289,2,0.6203,1,0.5856807231903076,5,5,8,0.125
U2980,P00390,A1454,46-55,Female,Hyderabad,Business,9.2,Bachelors,253,22,Finance,Text,0.0302,0.3371,0.6752,10.9,10.9,2170,3,0.4203,1,0.3102611303329468,9,9,9,0.1111111111111111
U2988,P04033,A1959,26-35,Male,Other,Computer Science,8.0,Bachelors,114,19,Marketing,Text,0.3302,0.966,0.7355,9.6,2.2,178,2,0.8009,1,0.8089828491210938,1,1,1,1.0
U2988,P03793,A0129,26-35,Male,Other,Computer Science,8.0,Bachelors,114,19,Career,Job Opportunity,0.3993,0.6437,0.8963,12.8,5.5,157,5,0.664,0,0.707568883895874,3,3,2,0.5
U2988,P04738,A1061,26-35,Male,Other,Computer Science,8.0,Bachelors,114,19,Data Science,Video,0.2828,0.9141,0.6695,12.2,7.3,209,4,0.6991,1,0.6690898537635803,5,5,3,0.3333333333333333
U2988,P04600,A1354,26-35,Male,Other,Computer Science,8.0,Bachelors,114,19,Leadership,Video,0.5087,0.6253,0.462,1.9,6.0,135,3,0.5924,0,0.5776706337928772,6,6,4,0.25
U2988,P02597,A0785,26-35,Male,Other,Computer Science,8.0,Bachelors,114,19,Finance,Job Opportunity,0.2287,0.7028,0.7916,33.5,5.2,509,1,0.6875,0,0.7381182909011841,2,2,5,0.2
U2988,P01877,A1938,26-35,Male,Other,Computer Science,8.0,Bachelors,114,19,Software,Text,0.3319,0.6714,0.5846,10.8,5.0,223,2,0.6315,1,0.6990920305252075,4,4,6,0.16666666666666666
U2988,P01528,A0159,26-35,Male,Other,Computer Science,8.0,Bachelors,114,19,Finance,Article,0.5763,0.3828,0.4369,43.7,4.5,802,1,0.4616,0,0.5124382972717285,7,7,7,0.14285714285714285
U2988,P01349,A0661,26-35,Male,Other,Computer Science,8.0,Bachelors,114,19,Finance,Text,0.8303,0.424,0.4526,21.3,2.4,199,4,0.5059,1,0.49447107315063477,8,8,8,0.125
U2988,P05000,A0147,26-35,Male,Other,Computer Science,8.0,Bachelors,114,19,Design,Video,0.4628,0.6062,0.2121,35.5,2.2,241,3,0.3993,0,0.4008863568305969,9,9,9,0.1111111111111111
U2988,P02483,A0751,26-35,Male,Other,Computer Science,8.0,Bachelors,114,19,Finance,Text,0.2289,0.2349,0.4074,27.7,6.7,372,2,0.2923,1,0.344767689704895,10,10,10,0.1
U2988,P00508,A0219,26-35,Male,Other,Computer Science,8.0,Bachelors,114,19,Design,Image,0.3916,0.624,0.1042,6.5,6.3,317,2,0.4322,1,0.33217883110046387,11,11,11,0.09090909090909091
U2988,P03488,A0398,26-35,Male,Other,Computer Science,8.0,Bachelors,114,19,Marketing,Image,0.4296,0.1217,0.5546,66.8,8.8,731,1,0.3053,0,0.3277212083339691,12,12,12,0.08333333333333333
U2988,P01945,A1912,26-35,Male,Other,Computer Science,8.0,Bachelors,114,19,Design,Image,0.2709,0.2282,0.3678,9.9,2.5,940,4,0.2619,1,0.19201140105724335,13,13,13,0.07692307692307693
U2989,P03312,A1962,18-25,Female,Mumbai,Business,9.6,PhD,149,15,Software,Text,0.516,0.7902,0.5874,28.8,2.7,790,4,0.6352,1,0.6848115921020508,1,1,1,1.0
U2989,P02707,A1297,18-25,Female,Mumbai,Business,9.6,PhD,149,15,Data Science,Text,0.7112,0.5263,0.8994,30.7,2.1,392,2,0.7343,1,0.6766722202301025,2,2,2,0.5
U2989,P03689,A1397,18-25,Female,Mumbai,Business,9.6,PhD,149,15,Marketing,Article,0.1557,0.7777,0.8255,6.8,2.8,649,4,0.6713,1,0.6061197519302368,4,4,3,0.3333333333333333
U2989,P02634,A0937,18-25,Female,Mumbai,Business,9.6,PhD,149,15,Leadership,Text,0.492,0.7424,0.529,16.7,2.1,735,5,0.5745,1,0.5378126502037048,5,5,4,0.25
U2989,P00185,A0536,18-25,Female,Mumbai,Business,9.6,PhD,149,15,Marketing,Job Opportunity,0.3382,0.6563,0.5179,14.6,5.6,502,1,0.617,1,0.6532191038131714,3,3,5,0.2
U2989,P04567,A1786,18-25,Female,Mumbai,Business,9.6,PhD,149,15,Career,Video,0.0368,0.6543,0.551,5.4,3.4,366,1,0.5674,0,0.5212191343307495,6,6,6,0.16666666666666666
U2989,P00005,A1139,18-25,Female,Mumbai,Business,9.6,PhD,149,15,Finance,Text,0.3171,0.1872,0.5419,7.4,14.8,168,1,0.4046,0,0.47569477558135986,7,7,7,0.14285714285714285
U2989,P01326,A0640,18-25,Female,Mumbai,Business,9.6,PhD,149,15,Career,Image,0.1777,0.633,0.6876,53.9,9.2,269,5,0.4274,0,0.31511232256889343,8,8,8,0.125
U2989,P04057,A1668,18-25,Female,Mumbai,Business,9.6,PhD,149,15,Machine Learning,Article,0.1576,0.3189,0.3331,53.6,1.1,3814,3,0.2171,0,0.18198534846305847,9,9,9,0.1111111111111111
U2990,P02268,A1201,26-35,Male,Bengaluru,Engineering,5.4,Bachelors,96,22,Career,Video,0.5281,0.1846,0.8848,19.3,1.7,230,3,0.5545,1,0.5159692168235779,2,2,1,1.0
U2990,P03945,A1640,26-35,Male,Bengaluru,Engineering,5.4,Bachelors,96,22,Machine Learning,Article,0.1307,0.4086,0.6948,18.8,4.4,588,3,0.4777,1,0.46741271018981934,3,3,2,0.5
U2990,P03114,A1555,26-35,Male,Bengaluru,Engineering,5.4,Bachelors,96,22,Data Science,Text,0.2673,0.6583,0.4152,11.1,11.6,671,1,0.6003,1,0.46085336804389954,4,4,3,0.3333333333333333
U2990,P02661,A0771,26-35,Male,Bengaluru,Engineering,5.4,Bachelors,96,22,Career,Text,0.247,0.5483,0.5166,31.1,4.5,475,4,0.4469,1,0.4535669982433319,5,5,4,0.25
U2990,P04745,A0186,26-35,Male,Bengaluru,Engineering,5.4,Bachelors,96,22,Leadership,Article,0.1582,0.6629,0.8908,0.9,5.8,457,2,0.7419,1,0.7470102310180664,1,1,5,0.2
U2990,P01744,A0901,26-35,Male,Bengaluru,Engineering,5.4,Bachelors,96,22,Design,Image,0.1967,0.3265,0.553,4.3,3.9,213,5,0.3621,0,0.3757225573062897,6,6,6,0.16666666666666666
U2990,P01164,A1795,26-35,Male,Bengaluru,Engineering,5.4,Bachelors,96,22,Design,Image,0.3714,0.3976,0.2365,50.6,7.8,246,5,0.2423,0,0.233528271317482,7,7,7,0.14285714285714285
U2990,P01399,A0112,26-35,Male,Bengaluru,Engineering,5.4,Bachelors,96,22,Leadership,Image,0.6153,0.0884,0.599,51.4,7.5,572,4,0.3207,0,0.2317642867565155,8,8,8,0.125
U2998,P02936,A0797,18-25,Female,Bengaluru,Finance,2.4,Masters,77,25,Data Science,Article,0.5636,0.7519,0.419,21.9,7.0,295,2,0.6702,0,0.6867508888244629,1,1,1,1.0
U2998,P03681,A0804,18-25,Female,Bengaluru,Finance,2.4,Masters,77,25,Marketing,Video,0.4015,0.6677,0.5788,14.1,12.4,526,3,0.638,1,0.6672186851501465,2,2,2,0.5
U2998,P03778,A0607,18-25,Female,Bengaluru,Finance,2.4,Masters,77,25,Software,Article,0.296,0.6368,0.6954,19.4,3.9,461,2,0.6625,1,0.6090599894523621,3,3,3,0.3333333333333333
U2998,P02753,A1667,18-25,Female,Bengaluru,Finance,2.4,Masters,77,25,AI,Image,0.4022,0.458,0.6452,18.9,1.1,550,3,0.5554,1,0.5209775567054749,4,4,4,0.25
U2998,P00936,A1177,18-25,Female,Bengaluru,Finance,2.4,Masters,77,25,Finance,Text,0.5303,0.5183,0.5239,56.8,6.4,635,4,0.4612,0,0.4915226101875305,5,5,5,0.2
U2998,P03052,A1148,18-25,Female,Bengaluru,Finance,2.4,Masters,77,25,AI,Article,0.403,0.5898,0.5527,71.9,7.5,119,2,0.5089,1,0.4706838130950928,6,6,6,0.16666666666666666
U2998,P01811,A0761,18-25,Female,Bengaluru,Finance,2.4,Masters,77,25,Software,Job Opportunity,0.1018,0.7011,0.5788,40.5,0.3,267,5,0.4582,1,0.46222981810569763,7,7,7,0.14285714285714285
U2998,P03428,A0861,18-25,Female,Bengaluru,Finance,2.4,Masters,77,25,Marketing,Article,0.0577,0.655,0.5844,120.0,13.6,184,1,0.3978,0,0.4161020815372467,8,8,8,0.125
U2998,P00776,A1293,18-25,Female,Bengaluru,Finance,2.4,Masters,77,25,Machine Learning,Article,0.1751,0.7489,0.3825,9.9,2.3,156,1,0.6082,1,0.40189746022224426,9,9,9,0.1111111111111111
U2998,P03428,A0935,18-25,Female,Bengaluru,Finance,2.4,Masters,77,25,Marketing,Article,0.0577,0.8273,0.4235,120.0,13.6,184,3,0.3535,0,0.3246137499809265,10,10,10,0.1
U2998,P00762,A0576,18-25,Female,Bengaluru,Finance,2.4,Masters,77,25,Finance,Text,0.0697,0.5481,0.6113,44.6,7.8,79,5,0.3807,1,0.2942277193069458,11,11,11,0.09090909090909091
