user_id,post_id,author_id,recommendation_score,interaction,rank,gender,age_group,location
U0002,P01038,A0240,0.77008265,1,1,Female,26-35,Mumbai
U0002,P04834,A1398,0.72859895,1,2,Female,26-35,Mumbai
U0002,P01579,A0041,0.687488,0,3,Female,26-35,Mumbai
U0002,P00505,A0223,0.6526519,1,4,Female,26-35,Mumbai
U0002,P01957,A0994,0.5834352,0,5,Female,26-35,Mumbai
U0002,P01573,A0710,0.46704477,1,6,Female,26-35,Mumbai
U0002,P00624,A0455,0.38608292,0,7,Female,26-35,Mumbai
U0002,P03338,A1234,0.35064754,0,8,Female,26-35,Mumbai
U0002,P04833,A1467,0.3261505,1,9,Female,26-35,Mumbai
U0002,P00461,A1560,0.26938757,0,10,Female,26-35,Mumbai
U0006,P02329,A1293,0.7401006,1,1,Female,56+,Pune
U0006,P00263,A0676,0.47982025,1,2,Female,56+,Pune
U0006,P00456,A1543,0.4796514,1,3,Female,56+,Pune
U0006,P02583,A1358,0.46234304,0,4,Female,56+,Pune
U0006,P04113,A1251,0.36786616,1,5,Female,56+,Pune
U0006,P02211,A0031,0.339711,0,6,Female,56+,Pune
U0006,P02212,A1456,0.32615927,0,7,Female,56+,Pune
U0006,P00975,A0514,0.31187877,0,8,Female,56+,Pune
U0006,P00398,A0099,0.2189324,0,9,Female,56+,Pune
U0034,P04999,A1670,0.7594921,1,1,Male,26-35,Mumbai
U0034,P03726,A0227,0.70576376,1,2,Male,26-35,Mumbai
U0034,P03818,A1829,0.61875373,1,3,Male,26-35,Mumbai
U0034,P04503,A1343,0.56549287,0,4,Male,26-35,Mumbai
U0034,P02523,A0689,0.521001,0,5,Male,26-35,Mumbai
U0034,P04247,A1786,0.49191207,0,6,Male,26-35,Mumbai
U0034,P01072,A0351,0.48595828,0,7,Male,26-35,Mumbai
U0034,P00671,A0542,0.4423164,0,8,Male,26-35,Mumbai
U0034,P03219,A1294,0.4238332,0,9,Male,26-35,Mumbai
U0034,P01285,A0569,0.23804425,1,10,Male,26-35,Mumbai
U0035,P03121,A0483,0.59425485,1,1,Female,26-35,Other
U0035,P00484,A1677,0.5610391,1,2,Female,26-35,Other
U0035,P02995,A0569,0.5480682,0,3,Female,26-35,Other
U0035,P01956,A0053,0.45870438,1,4,Female,26-35,Other
U0035,P04422,A0094,0.45380047,1,5,Female,26-35,Other
U0035,P03637,A0023,0.42658317,0,6,Female,26-35,Other
U0035,P04109,A0503,0.42319173,0,7,Female,26-35,Other
U0035,P01774,A1211,0.39806786,0,8,Female,26-35,Other
U0035,P02998,A1253,0.32320386,0,9,Female,26-35,Other
U0035,P00389,A1365,0.23619835,0,10,Female,26-35,Other
U0037,P04359,A0415,0.79656804,1,1,Female,18-25,Other
U0037,P04334,A0511,0.4172502,0,2,Female,18-25,Other
U0044,P01191,A0388,0.59131515,0,1,Male,26-35,Other
U0044,P03925,A0814,0.5454174,0,2,Male,26-35,Other
U0044,P03611,A0947,0.24975282,0,3,Male,26-35,Other
U0050,P00929,A1789,0.7016235,1,1,Male,18-25,Pune
U0050,P03140,A1403,0.5121722,0,2,Male,18-25,Pune
U0050,P04141,A1872,0.50356805,1,3,Male,18-25,Pune
U0050,P04184,A0581,0.4678023,1,4,Male,18-25,Pune
U0050,P02121,A0244,0.41592145,0,5,Male,18-25,Pune
U0050,P01599,A1430,0.36941332,1,6,Male,18-25,Pune
U0050,P02989,A0320,0.32082003,0,7,Male,18-25,Pune
U0050,P02687,A1639,0.24869967,0,8,Male,18-25,Pune
U0050,P00094,A1518,0.23739265,0,9,Male,18-25,Pune
U0050,P03095,A0482,0.10847453,0,10,Male,18-25,Pune
U0058,P04249,A0491,0.73167276,1,1,Male,26-35,Hyderabad
U0058,P03506,A0341,0.70898753,1,2,Male,26-35,Hyderabad
U0058,P00893,A1814,0.597158,0,3,Male,26-35,Hyderabad
U0058,P00620,A0941,0.5841432,1,4,Male,26-35,Hyderabad
U0058,P00786,A1911,0.55788386,1,5,Male,26-35,Hyderabad
U0058,P04328,A0102,0.47654846,1,6,Male,26-35,Hyderabad
U0058,P04463,A0565,0.3622173,1,7,Male,26-35,Hyderabad
U0058,P02203,A0096,0.3407171,0,8,Male,26-35,Hyderabad
U0058,P02961,A1507,0.19927976,0,9,Male,26-35,Hyderabad
U0067,P04720,A0080,0.78726,1,1,Male,26-35,Pune
U0067,P02851,A1413,0.67520523,1,2,Male,26-35,Pune
U0067,P00374,A1972,0.61033696,1,3,Male,26-35,Pune
U0067,P00778,A1965,0.5450696,0,4,Male,26-35,Pune
U0067,P00222,A1150,0.49794036,0,5,Male,26-35,Pune
U0067,P03007,A1661,0.4318,1,6,Male,26-35,Pune
U0067,P03899,A0841,0.43060887,1,7,Male,26-35,Pune
U0067,P03877,A0751,0.4152969,0,8,Male,26-35,Pune
U0067,P02473,A0912,0.3285124,0,9,Male,26-35,Pune
U0072,P00352,A0737,0.751372,0,1,Female,26-35,Mumbai
U0072,P00071,A0236,0.6593043,1,2,Female,26-35,Mumbai
U0072,P02639,A0360,0.6489458,1,3,Female,26-35,Mumbai
U0072,P02262,A1136,0.6407315,0,4,Female,26-35,Mumbai
U0072,P01787,A0297,0.6030874,1,5,Female,26-35,Mumbai
U0072,P02573,A0098,0.59887683,1,6,Female,26-35,Mumbai
U0072,P03777,A1711,0.5874159,1,7,Female,26-35,Mumbai
U0072,P01851,A0172,0.3367209,1,8,Female,26-35,Mumbai
U0072,P00291,A0161,0.20371296,0,9,Female,26-35,Mumbai
U0075,P00625,A1301,0.28540102,1,1,Female,18-25,Kolkata
U0080,P01003,A1576,0.715985,1,1,Male,36-45,Ahmedabad
U0080,P01369,A0191,0.63873273,1,2,Male,36-45,Ahmedabad
U0080,P04637,A1970,0.5616042,0,3,Male,36-45,Ahmedabad
U0080,P00474,A0711,0.5389137,0,4,Male,36-45,Ahmedabad
U0080,P02463,A0954,0.48735785,0,5,Male,36-45,Ahmedabad
U0080,P00578,A0246,0.45851144,0,6,Male,36-45,Ahmedabad
U0080,P04106,A1120,0.36217615,0,7,Male,36-45,Ahmedabad
U0080,P04001,A1133,0.2650716,0,8,Male,36-45,Ahmedabad
U0080,P04758,A1160,0.24929959,1,9,Male,36-45,Ahmedabad
U0089,P01860,A0030,0.7861402,1,1,Male,18-25,Bengaluru
U0089,P03381,A1312,0.77345026,1,2,Male,18-25,Bengaluru
U0089,P03792,A0062,0.7614267,1,3,Male,18-25,Bengaluru
U0089,P00457,A0832,0.6869618,0,4,Male,18-25,Bengaluru
U0089,P02457,A1132,0.57143193,1,5,Male,18-25,Bengaluru
U0089,P01214,A1215,0.43418562,0,6,Male,18-25,Bengaluru
U0097,P02677,A1341,0.49593005,1,1,Male,26-35,Mumbai
U0097,P03477,A1802,0.37255552,1,2,Male,26-35,Mumbai
U0097,P02360,A0024,0.36699292,0,3,Male,26-35,Mumbai
U0097,P03813,A0367,0.3518826,1,4,Male,26-35,Mumbai
U0097,P01427,A1422,0.3248076,1,5,Male,26-35,Mumbai
U0097,P02554,A0972,0.27477002,0,6,Male,26-35,Mumbai
U0098,P02407,A1401,0.67671597,1,1,Male,18-25,Pune
U0098,P01099,A0277,0.6362875,1,2,Male,18-25,Pune
U0098,P01317,A0095,0.5845984,1,3,Male,18-25,Pune
U0098,P04433,A1803,0.5544189,1,4,Male,18-25,Pune
U0098,P00503,A0893,0.49436274,0,5,Male,18-25,Pune
U0098,P02066,A1188,0.4742878,1,6,Male,18-25,Pune
U0098,P02918,A0143,0.45429784,1,7,Male,18-25,Pune
U0098,P04518,A0473,0.43870142,0,8,Male,18-25,Pune
U0098,P01539,A1381,0.43521577,1,9,Male,18-25,Pune
U0098,P04152,A0209,0.4147926,0,10,Male,18-25,Pune
U0111,P01110,A0674,0.8155839,1,1,Male,26-35,Mumbai
U0111,P00993,A0519,0.7834943,1,2,Male,26-35,Mumbai
U0111,P03358,A1308,0.7044897,1,3,Male,26-35,Mumbai
U0111,P03578,A1373,0.6329534,0,4,Male,26-35,Mumbai
U0111,P04785,A0760,0.63140154,1,5,Male,26-35,Mumbai
U0111,P03971,A0752,0.6239866,1,6,Male,26-35,Mumbai
U0111,P04651,A1544,0.5782078,0,7,Male,26-35,Mumbai
U0111,P03850,A1142,0.56536365,1,8,Male,26-35,Mumbai
U0111,P04296,A0096,0.489639,1,9,Male,26-35,Mumbai
U0111,P00903,A0286,0.38298202,0,10,Male,26-35,Mumbai
U0123,P04102,A1188,0.6188781,0,1,Male,18-25,Chennai
U0123,P04727,A1606,0.5989503,0,2,Male,18-25,Chennai
U0123,P00574,A0028,0.4760437,0,3,Male,18-25,Chennai
U0123,P03266,A0540,0.43427253,0,4,Male,18-25,Chennai
U0123,P03615,A0912,0.4181379,1,5,Male,18-25,Chennai
U0123,P01503,A0026,0.41542068,0,6,Male,18-25,Chennai
U0123,P01854,A1128,0.3913907,1,7,Male,18-25,Chennai
U0123,P01250,A0493,0.2405917,0,8,Male,18-25,Chennai
U0128,P04429,A1734,0.74242157,1,1,Male,18-25,Mumbai
U0128,P03667,A1582,0.6613527,1,2,Male,18-25,Mumbai
U0128,P00009,A1127,0.6276677,1,3,Male,18-25,Mumbai
U0128,P03191,A0169,0.62057835,0,4,Male,18-25,Mumbai
U0128,P02481,A1799,0.5549404,0,5,Male,18-25,Mumbai
U0128,P01662,A1038,0.466258,1,6,Male,18-25,Mumbai
U0128,P03129,A1416,0.4273868,0,7,Male,18-25,Mumbai
U0128,P01936,A0175,0.38463837,0,8,Male,18-25,Mumbai
U0128,P00497,A1644,0.3719367,0,9,Male,18-25,Mumbai
U0128,P03686,A0210,0.28333837,0,10,Male,18-25,Mumbai
U0131,P00928,A0931,0.72867113,1,1,Male,18-25,Delhi
U0131,P04658,A1593,0.6840112,0,2,Male,18-25,Delhi
U0131,P04028,A1473,0.6775277,1,3,Male,18-25,Delhi
U0131,P03071,A1891,0.59222686,1,4,Male,18-25,Delhi
U0131,P03368,A1436,0.38710812,0,5,Male,18-25,Delhi
U0131,P01446,A1890,0.37661546,1,6,Male,18-25,Delhi
U0131,P01276,A0550,0.3744864,0,7,Male,18-25,Delhi
U0133,P04073,A1866,0.8321175,1,1,Male,26-35,Chennai
U0133,P00838,A0504,0.7956411,1,2,Male,26-35,Chennai
U0133,P02708,A0708,0.5262544,0,3,Male,26-35,Chennai
U0133,P04485,A0681,0.46906787,1,4,Male,26-35,Chennai
U0133,P04014,A0238,0.43688273,0,5,Male,26-35,Chennai
U0133,P00773,A1250,0.40208733,0,6,Male,26-35,Chennai
U0133,P03281,A1772,0.35250303,0,7,Male,26-35,Chennai
U0133,P03976,A1679,0.33789283,0,8,Male,26-35,Chennai
U0133,P00827,A0697,0.30357152,0,9,Male,26-35,Chennai
U0133,P03048,A0745,0.2772832,0,10,Male,26-35,Chennai
U0137,P02165,A0179,0.7978863,1,1,Female,56+,Other
U0137,P00659,A0758,0.781118,1,2,Female,56+,Other
U0137,P02485,A1093,0.7410662,1,3,Female,56+,Other
U0137,P01002,A0301,0.7162647,0,4,Female,56+,Other
U0137,P02915,A0046,0.68322635,1,5,Female,56+,Other
U0137,P00047,A0453,0.5860132,1,6,Female,56+,Other
U0137,P02144,A0193,0.49622932,0,7,Female,56+,Other
U0137,P03427,A1176,0.45249882,1,8,Female,56+,Other
U0137,P01559,A0360,0.44641656,1,9,Female,56+,Other
U0137,P04041,A1501,0.44484615,1,10,Female,56+,Other
U0140,P01850,A0759,0.7169203,0,1,Male,18-25,Bengaluru
U0140,P03265,A0237,0.6906902,0,2,Male,18-25,Bengaluru
U0140,P03836,A0262,0.63205135,1,3,Male,18-25,Bengaluru
U0140,P02220,A1353,0.535621,0,4,Male,18-25,Bengaluru
U0140,P02574,A1841,0.49741793,0,5,Male,18-25,Bengaluru
U0140,P02966,A0449,0.464493,0,6,Male,18-25,Bengaluru
U0140,P01130,A1079,0.4318555,1,7,Male,18-25,Bengaluru
U0140,P00329,A0239,0.3388141,0,8,Male,18-25,Bengaluru
U0140,P03310,A0333,0.31994402,1,9,Male,18-25,Bengaluru
U0140,P03500,A0593,0.30607736,1,10,Male,18-25,Bengaluru
U0162,P04749,A0661,0.7584494,1,1,Female,46-55,Pune
U0162,P04627,A0256,0.6088298,1,2,Female,46-55,Pune
U0162,P03519,A1943,0.49697042,0,3,Female,46-55,Pune
U0162,P04852,A1876,0.490765,0,4,Female,46-55,Pune
U0162,P04831,A0531,0.48028105,1,5,Female,46-55,Pune
U0162,P03783,A0818,0.47993582,0,6,Female,46-55,Pune
U0162,P02466,A1710,0.43309632,0,7,Female,46-55,Pune
U0162,P04458,A0621,0.4330323,0,8,Female,46-55,Pune
U0162,P04100,A1482,0.3422312,0,9,Female,46-55,Pune
U0162,P02607,A1132,0.328052,1,10,Female,46-55,Pune
U0163,P04584,A0001,0.6110412,0,1,Male,18-25,Bengaluru
U0163,P04306,A0115,0.61021924,0,2,Male,18-25,Bengaluru
U0163,P03247,A1312,0.50314194,1,3,Male,18-25,Bengaluru
U0163,P04538,A0492,0.49169087,0,4,Male,18-25,Bengaluru
U0163,P03277,A1037,0.47970605,1,5,Male,18-25,Bengaluru
U0163,P01231,A1419,0.42642722,0,6,Male,18-25,Bengaluru
U0163,P02652,A0674,0.38411692,1,7,Male,18-25,Bengaluru
U0163,P03543,A0716,0.35251424,0,8,Male,18-25,Bengaluru
U0163,P02201,A1913,0.3413439,1,9,Male,18-25,Bengaluru
U0163,P04076,A0485,0.24899992,1,10,Male,18-25,Bengaluru
U0164,P04007,A0586,0.684185,0,1,Female,18-25,Hyderabad
U0164,P04771,A0502,0.6683958,1,2,Female,18-25,Hyderabad
U0164,P01093,A0427,0.61509925,1,3,Female,18-25,Hyderabad
U0164,P02696,A0824,0.5990068,0,4,Female,18-25,Hyderabad
U0164,P01303,A0010,0.59754026,0,5,Female,18-25,Hyderabad
U0164,P03817,A0739,0.5552803,0,6,Female,18-25,Hyderabad
U0164,P00914,A1713,0.5407128,1,7,Female,18-25,Hyderabad
U0164,P02466,A0758,0.5323377,0,8,Female,18-25,Hyderabad
U0164,P01250,A0481,0.34652483,0,9,Female,18-25,Hyderabad
U0164,P04027,A1552,0.33043453,0,10,Female,18-25,Hyderabad
U0168,P04952,A1569,0.6439363,0,1,Male,36-45,Bengaluru
U0168,P02844,A0768,0.6336153,1,2,Male,36-45,Bengaluru
U0168,P03263,A0025,0.6154417,0,3,Male,36-45,Bengaluru
U0168,P03234,A0374,0.61040163,1,4,Male,36-45,Bengaluru
U0168,P00415,A1012,0.5960277,0,5,Male,36-45,Bengaluru
U0168,P00904,A0934,0.55606365,1,6,Male,36-45,Bengaluru
U0168,P01664,A1210,0.53125256,0,7,Male,36-45,Bengaluru
U0168,P03462,A0009,0.5258212,1,8,Male,36-45,Bengaluru
U0168,P03316,A1164,0.3852593,1,9,Male,36-45,Bengaluru
U0168,P02377,A1801,0.3390082,0,10,Male,36-45,Bengaluru
U0171,P02758,A0452,0.80476373,1,1,Female,26-35,Other
U0171,P04370,A1555,0.752557,1,2,Female,26-35,Other
U0171,P03824,A0844,0.73687524,1,3,Female,26-35,Other
U0171,P01710,A1513,0.7113744,1,4,Female,26-35,Other
U0171,P04113,A1942,0.6735942,1,5,Female,26-35,Other
U0171,P03778,A1753,0.6691654,0,6,Female,26-35,Other
U0171,P00877,A1590,0.6336266,1,7,Female,26-35,Other
U0171,P01886,A1867,0.59025943,1,8,Female,26-35,Other
U0171,P03752,A1084,0.55985105,0,9,Female,26-35,Other
U0171,P01056,A0956,0.44004408,0,10,Female,26-35,Other
U0175,P01814,A0472,0.7471391,1,1,Female,18-25,Bengaluru
U0175,P00392,A0926,0.64962703,0,2,Female,18-25,Bengaluru
U0175,P00894,A1807,0.58064044,1,3,Female,18-25,Bengaluru
U0175,P00041,A1785,0.5664347,1,4,Female,18-25,Bengaluru
U0175,P02350,A0213,0.5491778,1,5,Female,18-25,Bengaluru
U0175,P03544,A0036,0.53084123,0,6,Female,18-25,Bengaluru
U0175,P01038,A1254,0.44285253,0,7,Female,18-25,Bengaluru
U0175,P02294,A1046,0.41070947,1,8,Female,18-25,Bengaluru
U0175,P02310,A0162,0.36423597,1,9,Female,18-25,Bengaluru
U0175,P03765,A0109,0.35731936,0,10,Female,18-25,Bengaluru
U0182,P03668,A1888,0.84252703,1,1,Male,46-55,Pune
U0182,P03311,A1135,0.8284145,0,2,Male,46-55,Pune
U0182,P03303,A0072,0.6678442,1,3,Male,46-55,Pune
U0182,P04116,A1064,0.533355,0,4,Male,46-55,Pune
U0182,P01861,A1112,0.5274959,1,5,Male,46-55,Pune
U0182,P01444,A1412,0.4646276,0,6,Male,46-55,Pune
U0182,P01951,A1932,0.42181984,1,7,Male,46-55,Pune
U0182,P04678,A1728,0.40690663,1,8,Male,46-55,Pune
U0182,P02119,A0289,0.36961785,0,9,Male,46-55,Pune
U0185,P00830,A1165,0.7383732,1,1,Male,36-45,Delhi
U0185,P03367,A1590,0.6406536,0,2,Male,36-45,Delhi
U0185,P02808,A0009,0.60147905,1,3,Male,36-45,Delhi
U0185,P02021,A1090,0.50137085,0,4,Male,36-45,Delhi
U0185,P04848,A0549,0.46975735,0,5,Male,36-45,Delhi
U0185,P03686,A1586,0.4645329,0,6,Male,36-45,Delhi
U0185,P03999,A1405,0.375083,0,7,Male,36-45,Delhi
U0185,P02782,A1843,0.35656804,1,8,Male,36-45,Delhi
U0185,P02290,A0089,0.27163377,0,9,Male,36-45,Delhi
U0185,P04716,A1632,0.23805447,0,10,Male,36-45,Delhi
U0187,P04097,A0639,0.8127656,1,1,Female,26-35,Chennai
U0187,P02964,A0316,0.6337915,1,2,Female,26-35,Chennai
U0187,P01972,A0483,0.5451772,1,3,Female,26-35,Chennai
U0187,P01729,A1116,0.38590676,0,4,Female,26-35,Chennai
U0187,P03627,A0902,0.37886426,1,5,Female,26-35,Chennai
U0187,P02075,A0786,0.3645234,0,6,Female,26-35,Chennai
U0188,P04161,A0719,0.8073875,0,1,Female,18-25,Delhi
U0188,P01645,A1341,0.78019655,1,2,Female,18-25,Delhi
U0188,P02310,A0026,0.7422403,1,3,Female,18-25,Delhi
U0188,P04846,A1853,0.64518774,1,4,Female,18-25,Delhi
U0188,P02104,A1465,0.4500225,0,5,Female,18-25,Delhi
U0188,P02344,A0663,0.40434298,0,6,Female,18-25,Delhi
U0188,P00798,A0359,0.14884739,0,7,Female,18-25,Delhi
U0194,P01269,A0038,0.63345706,1,1,Female,46-55,Pune
U0194,P02242,A1595,0.6117201,1,2,Female,46-55,Pune
U0194,P03801,A1438,0.6053924,1,3,Female,46-55,Pune
U0194,P01565,A1320,0.54330546,0,4,Female,46-55,Pune
U0194,P01415,A0238,0.54226303,1,5,Female,46-55,Pune
U0194,P02488,A1837,0.53352547,0,6,Female,46-55,Pune
U0194,P04447,A0037,0.51416844,0,7,Female,46-55,Pune
U0194,P03323,A0721,0.5062315,1,8,Female,46-55,Pune
U0194,P04363,A0760,0.4642484,1,9,Female,46-55,Pune
U0194,P02160,A1552,0.4615219,1,10,Female,46-55,Pune
U0201,P01042,A0883,0.6729422,1,1,Female,36-45,Pune
U0201,P01826,A1824,0.6495062,1,2,Female,36-45,Pune
U0201,P02729,A0435,0.5367423,1,3,Female,36-45,Pune
U0201,P04318,A1133,0.4740488,0,4,Female,36-45,Pune
U0201,P01204,A1419,0.42934203,0,5,Female,36-45,Pune
U0201,P01990,A1653,0.28582373,0,6,Female,36-45,Pune
U0201,P04841,A0940,0.14093082,0,7,Female,36-45,Pune
U0202,P00322,A1847,0.746716,0,1,Female,56+,Pune
U0202,P01466,A0215,0.74419934,1,2,Female,56+,Pune
U0202,P01861,A1036,0.7199076,1,3,Female,56+,Pune
U0202,P03627,A1622,0.6862507,1,4,Female,56+,Pune
U0202,P00792,A1576,0.6474431,1,5,Female,56+,Pune
U0202,P03525,A1162,0.6418537,1,6,Female,56+,Pune
U0202,P04471,A0715,0.5714398,1,7,Female,56+,Pune
U0202,P01151,A0779,0.53790915,0,8,Female,56+,Pune
U0202,P01569,A1321,0.49989793,1,9,Female,56+,Pune
U0202,P04315,A0139,0.38778687,0,10,Female,56+,Pune
U0204,P01118,A0008,0.70862937,1,1,Female,18-25,Delhi
U0204,P02169,A0934,0.67826533,0,2,Female,18-25,Delhi
U0204,P02461,A0742,0.5320382,1,3,Female,18-25,Delhi
U0204,P03053,A0057,0.51043314,0,4,Female,18-25,Delhi
U0204,P03009,A1961,0.4957709,0,5,Female,18-25,Delhi
U0204,P02190,A1244,0.4938615,0,6,Female,18-25,Delhi
U0204,P03636,A1674,0.4123738,0,7,Female,18-25,Delhi
U0204,P02816,A1705,0.39688316,1,8,Female,18-25,Delhi
U0204,P02050,A1894,0.39122847,1,9,Female,18-25,Delhi
U0208,P00782,A0331,0.77669954,1,1,Male,36-45,Delhi
U0208,P01265,A0463,0.7376062,0,2,Male,36-45,Delhi
U0208,P02845,A0259,0.7354343,1,3,Male,36-45,Delhi
U0208,P03547,A0857,0.67809594,1,4,Male,36-45,Delhi
U0208,P04074,A1211,0.64762354,1,5,Male,36-45,Delhi
U0208,P02397,A1880,0.63285345,1,6,Male,36-45,Delhi
U0208,P02421,A1364,0.626811,0,7,Male,36-45,Delhi
U0208,P03977,A1567,0.5878886,0,8,Male,36-45,Delhi
U0208,P02954,A0685,0.58088905,0,9,Male,36-45,Delhi
U0208,P02598,A1106,0.4875415,0,10,Male,36-45,Delhi
U0209,P02165,A0914,0.6824421,1,1,Male,18-25,Mumbai
U0209,P02312,A0569,0.6573597,0,2,Male,18-25,Mumbai
U0209,P00556,A1293,0.64206994,0,3,Male,18-25,Mumbai
U0209,P02587,A0712,0.60093427,0,4,Male,18-25,Mumbai
U0209,P02721,A0846,0.57832634,1,5,Male,18-25,Mumbai
U0209,P01352,A1946,0.52119094,1,6,Male,18-25,Mumbai
U0209,P00870,A0092,0.3955462,0,7,Male,18-25,Mumbai
U0209,P02530,A1445,0.39356863,1,8,Male,18-25,Mumbai
U0209,P01897,A0967,0.3317219,0,9,Male,18-25,Mumbai
U0209,P03870,A0980,0.20766275,0,10,Male,18-25,Mumbai
U0221,P00577,A0835,0.57527584,0,1,Male,26-35,Bengaluru
U0221,P02550,A1249,0.51261544,1,2,Male,26-35,Bengaluru
U0221,P02234,A1249,0.46950778,0,3,Male,26-35,Bengaluru
U0221,P03544,A1546,0.35072792,0,4,Male,26-35,Bengaluru
U0221,P01260,A1301,0.17776972,0,5,Male,26-35,Bengaluru
U0224,P01907,A0731,0.85048646,1,1,Female,56+,Mumbai
U0224,P02261,A0659,0.8118874,0,2,Female,56+,Mumbai
U0224,P00595,A1786,0.70675963,0,3,Female,56+,Mumbai
U0224,P03745,A1899,0.6329029,1,4,Female,56+,Mumbai
U0224,P03935,A1286,0.46311656,1,5,Female,56+,Mumbai
U0224,P00774,A0504,0.3861099,0,6,Female,56+,Mumbai
U0229,P03791,A0654,0.7820641,1,1,Female,36-45,Bengaluru
U0229,P03625,A0393,0.7725764,1,2,Female,36-45,Bengaluru
U0229,P02019,A1459,0.66104776,0,3,Female,36-45,Bengaluru
U0229,P01695,A1191,0.64697623,0,4,Female,36-45,Bengaluru
U0229,P00931,A0955,0.59985405,0,5,Female,36-45,Bengaluru
U0229,P02314,A1127,0.5978429,0,6,Female,36-45,Bengaluru
U0229,P01436,A0395,0.5249352,0,7,Female,36-45,Bengaluru
U0229,P02158,A0981,0.47333086,0,8,Female,36-45,Bengaluru
U0229,P00700,A0584,0.41097158,0,9,Female,36-45,Bengaluru
U0229,P04169,A1709,0.38406703,1,10,Female,36-45,Bengaluru
U0233,P04673,A1626,0.7170956,1,1,Male,56+,Kolkata
U0233,P03178,A0682,0.7055603,1,2,Male,56+,Kolkata
U0233,P00962,A1276,0.68009585,0,3,Male,56+,Kolkata
U0233,P04282,A0415,0.662475,0,4,Male,56+,Kolkata
U0233,P01802,A1712,0.6578971,1,5,Male,56+,Kolkata
U0233,P01068,A0480,0.65562594,1,6,Male,56+,Kolkata
U0233,P02149,A0061,0.41927192,1,7,Male,56+,Kolkata
U0233,P03466,A1550,0.38926435,0,8,Male,56+,Kolkata
U0233,P01282,A1984,0.24078725,1,9,Male,56+,Kolkata
U0237,P02388,A1332,0.5919043,1,1,Female,26-35,Bengaluru
U0237,P03829,A1197,0.49934128,0,2,Female,26-35,Bengaluru
U0237,P01888,A1769,0.4992885,0,3,Female,26-35,Bengaluru
U0237,P00160,A1926,0.48388013,1,4,Female,26-35,Bengaluru
U0237,P04935,A0264,0.4807946,1,5,Female,26-35,Bengaluru
U0237,P03921,A0008,0.45759347,0,6,Female,26-35,Bengaluru
U0237,P04601,A0511,0.4100935,0,7,Female,26-35,Bengaluru
U0237,P01933,A0499,0.27832624,1,8,Female,26-35,Bengaluru
U0242,P01247,A0286,0.63285,0,1,Female,36-45,Mumbai
U0242,P04241,A0143,0.57997006,1,2,Female,36-45,Mumbai
U0242,P03375,A0732,0.57645273,0,3,Female,36-45,Mumbai
U0242,P04976,A0589,0.5638769,0,4,Female,36-45,Mumbai
U0242,P00122,A0501,0.51822984,1,5,Female,36-45,Mumbai
U0242,P02090,A0123,0.49219996,1,6,Female,36-45,Mumbai
U0242,P04977,A1720,0.4574408,1,7,Female,36-45,Mumbai
U0242,P04237,A0747,0.45481125,1,8,Female,36-45,Mumbai
U0242,P01407,A1374,0.44445387,1,9,Female,36-45,Mumbai
U0242,P00600,A1407,0.43455288,1,10,Female,36-45,Mumbai
U0247,P03170,A1109,0.67081743,1,1,Male,26-35,Other
U0247,P00549,A0294,0.62733424,1,2,Male,26-35,Other
U0247,P02059,A1480,0.5629333,0,3,Male,26-35,Other
U0247,P02814,A0838,0.5403516,0,4,Male,26-35,Other
U0247,P04659,A1682,0.5207764,0,5,Male,26-35,Other
U0247,P00261,A0186,0.47665504,1,6,Male,26-35,Other
U0247,P00945,A1014,0.46054783,0,7,Male,26-35,Other
U0247,P00421,A1524,0.4340508,0,8,Male,26-35,Other
U0251,P01814,A0095,0.77052563,0,1,Female,36-45,Ahmedabad
U0251,P01400,A1540,0.65791273,1,2,Female,36-45,Ahmedabad
U0251,P02758,A0372,0.6412948,0,3,Female,36-45,Ahmedabad
U0251,P01045,A1386,0.56900454,0,4,Female,36-45,Ahmedabad
U0251,P04036,A1242,0.5070118,1,5,Female,36-45,Ahmedabad
U0251,P04403,A0728,0.46324965,0,6,Female,36-45,Ahmedabad
U0251,P04121,A0219,0.4543434,1,7,Female,36-45,Ahmedabad
U0251,P04766,A0379,0.3373419,0,8,Female,36-45,Ahmedabad
U0251,P02102,A0274,0.32898274,1,9,Female,36-45,Ahmedabad
U0251,P04761,A0561,0.3250629,0,10,Female,36-45,Ahmedabad
U0254,P02580,A0473,0.7090056,0,1,Male,18-25,Bengaluru
U0254,P00438,A0131,0.69163245,1,2,Male,18-25,Bengaluru
U0254,P02817,A0386,0.68598825,1,3,Male,18-25,Bengaluru
U0254,P00498,A0993,0.68146914,1,4,Male,18-25,Bengaluru
U0254,P00372,A1615,0.59730476,1,5,Male,18-25,Bengaluru
U0254,P01080,A1169,0.570188,1,6,Male,18-25,Bengaluru
U0254,P00347,A1214,0.5508122,1,7,Male,18-25,Bengaluru
U0254,P04473,A0498,0.54693496,0,8,Male,18-25,Bengaluru
U0254,P03578,A1575,0.29286298,0,9,Male,18-25,Bengaluru
U0254,P03499,A0157,0.11230295,1,10,Male,18-25,Bengaluru
U0269,P01972,A0443,0.7360566,0,1,Female,18-25,Mumbai
U0269,P00173,A1985,0.7186914,1,2,Female,18-25,Mumbai
U0269,P01303,A1019,0.62395996,1,3,Female,18-25,Mumbai
U0269,P03665,A0386,0.56644505,1,4,Female,18-25,Mumbai
U0269,P02946,A1285,0.551059,1,5,Female,18-25,Mumbai
U0269,P03017,A1945,0.49153706,0,6,Female,18-25,Mumbai
U0269,P04943,A1391,0.46952927,0,7,Female,18-25,Mumbai
U0269,P02151,A1351,0.42914626,0,8,Female,18-25,Mumbai
U0269,P02692,A1317,0.4178047,1,9,Female,18-25,Mumbai
U0269,P00218,A0530,0.4007565,0,10,Female,18-25,Mumbai
U0277,P02556,A1152,0.60434914,1,1,Male,26-35,Delhi
U0277,P01301,A1006,0.5868656,0,2,Male,26-35,Delhi
U0277,P04538,A1656,0.53122634,1,3,Male,26-35,Delhi
U0277,P03517,A0030,0.50750685,0,4,Male,26-35,Delhi
U0277,P00299,A0592,0.50590295,1,5,Male,26-35,Delhi
U0277,P01536,A0909,0.50144285,0,6,Male,26-35,Delhi
U0277,P02172,A0912,0.42668375,1,7,Male,26-35,Delhi
U0277,P03235,A1920,0.3311692,0,8,Male,26-35,Delhi
U0278,P00835,A0888,0.85569984,0,1,Male,26-35,Hyderabad
U0278,P04093,A1989,0.80048436,1,2,Male,26-35,Hyderabad
U0278,P01556,A1475,0.5851949,1,3,Male,26-35,Hyderabad
U0278,P04985,A1499,0.5716515,1,4,Male,26-35,Hyderabad
U0278,P04053,A1334,0.5305353,0,5,Male,26-35,Hyderabad
U0278,P01000,A1551,0.52060014,0,6,Male,26-35,Hyderabad
U0278,P00760,A1079,0.48348105,0,7,Male,26-35,Hyderabad
U0278,P01920,A1584,0.45583808,0,8,Male,26-35,Hyderabad
U0278,P02894,A0413,0.43274948,0,9,Male,26-35,Hyderabad
U0278,P01916,A1471,0.3069258,1,10,Male,26-35,Hyderabad
U0282,P03072,A1077,0.6634406,0,1,Male,18-25,Delhi
U0282,P04493,A0400,0.5889935,1,2,Male,18-25,Delhi
U0282,P04996,A0847,0.5202911,1,3,Male,18-25,Delhi
U0282,P00277,A1011,0.51266825,0,4,Male,18-25,Delhi
U0282,P04510,A1557,0.41491595,0,5,Male,18-25,Delhi
U0282,P00892,A1988,0.38157386,0,6,Male,18-25,Delhi
U0282,P01941,A1786,0.35777557,0,7,Male,18-25,Delhi
U0282,P04784,A1875,0.3430433,1,8,Male,18-25,Delhi
U0284,P01719,A0947,0.7560615,1,1,Male,18-25,Mumbai
U0284,P00650,A1460,0.7497016,1,2,Male,18-25,Mumbai
U0284,P02310,A1293,0.60708404,1,3,Male,18-25,Mumbai
U0284,P00046,A1034,0.56241524,1,4,Male,18-25,Mumbai
U0284,P02477,A1995,0.55753434,0,5,Male,18-25,Mumbai
U0284,P00867,A1103,0.555315,1,6,Male,18-25,Mumbai
U0284,P01187,A0824,0.47469184,0,7,Male,18-25,Mumbai
U0284,P01355,A1528,0.47129583,1,8,Male,18-25,Mumbai
U0284,P01822,A0568,0.44270742,0,9,Male,18-25,Mumbai
U0284,P00525,A1690,0.37560037,0,10,Male,18-25,Mumbai
U0294,P03318,A1112,0.82496315,1,1,Male,18-25,Other
U0294,P04634,A1811,0.785827,1,2,Male,18-25,Other
U0294,P04685,A0478,0.7603428,1,3,Male,18-25,Other
U0294,P04780,A0327,0.65553343,1,4,Male,18-25,Other
U0294,P03546,A1730,0.6402001,1,5,Male,18-25,Other
U0294,P02190,A1584,0.6294023,1,6,Male,18-25,Other
U0294,P00621,A0287,0.6186202,0,7,Male,18-25,Other
U0294,P02500,A0115,0.5373779,1,8,Male,18-25,Other
U0294,P04944,A0726,0.45568627,1,9,Male,18-25,Other
U0294,P00789,A0518,0.16254938,1,10,Male,18-25,Other
U0296,P02272,A1701,0.8124433,0,1,Female,46-55,Kolkata
U0296,P04730,A0964,0.7226835,1,2,Female,46-55,Kolkata
U0296,P02613,A1143,0.6908017,1,3,Female,46-55,Kolkata
U0296,P03712,A0497,0.67879725,0,4,Female,46-55,Kolkata
U0296,P01108,A1860,0.656499,0,5,Female,46-55,Kolkata
U0296,P04891,A0604,0.6216001,1,6,Female,46-55,Kolkata
U0296,P00304,A1472,0.61793345,0,7,Female,46-55,Kolkata
U0296,P00563,A1782,0.6004982,0,8,Female,46-55,Kolkata
U0296,P00612,A1973,0.5596149,1,9,Female,46-55,Kolkata
U0296,P02158,A1385,0.5588737,1,10,Female,46-55,Kolkata
U0298,P04898,A1801,0.77268875,0,1,Male,36-45,Hyderabad
U0298,P01177,A0147,0.7056468,1,2,Male,36-45,Hyderabad
U0298,P00274,A1596,0.589072,0,3,Male,36-45,Hyderabad
U0298,P02609,A0992,0.54879534,1,4,Male,36-45,Hyderabad
U0298,P01176,A1240,0.54117316,0,5,Male,36-45,Hyderabad
U0298,P04104,A1735,0.5379002,0,6,Male,36-45,Hyderabad
U0298,P01517,A1641,0.53356576,0,7,Male,36-45,Hyderabad
U0298,P00735,A1369,0.4359647,0,8,Male,36-45,Hyderabad
U0298,P01992,A1144,0.41476175,1,9,Male,36-45,Hyderabad
U0309,P01737,A0380,0.76092255,0,1,Female,18-25,Bengaluru
U0309,P00782,A0631,0.7146391,1,2,Female,18-25,Bengaluru
U0309,P04607,A0962,0.5699676,0,3,Female,18-25,Bengaluru
U0309,P03579,A1161,0.5587198,1,4,Female,18-25,Bengaluru
U0309,P04027,A1516,0.5476183,0,5,Female,18-25,Bengaluru
U0309,P02357,A0969,0.5389896,0,6,Female,18-25,Bengaluru
U0309,P04487,A1434,0.5010381,0,7,Female,18-25,Bengaluru
U0309,P00944,A0893,0.4955162,0,8,Female,18-25,Bengaluru
U0309,P03981,A0658,0.42878968,0,9,Female,18-25,Bengaluru
U0309,P01588,A0782,0.3806616,0,10,Female,18-25,Bengaluru
U0311,P03663,A1984,0.7004694,0,1,Female,26-35,Mumbai
U0311,P03873,A0351,0.6296377,0,2,Female,26-35,Mumbai
U0311,P01082,A1772,0.62924045,1,3,Female,26-35,Mumbai
U0311,P04876,A0403,0.6122605,0,4,Female,26-35,Mumbai
U0311,P00964,A0764,0.5943825,0,5,Female,26-35,Mumbai
U0311,P00001,A0422,0.53021187,1,6,Female,26-35,Mumbai
U0311,P02433,A1665,0.52056724,1,7,Female,26-35,Mumbai
U0311,P04924,A1807,0.42054728,1,8,Female,26-35,Mumbai
U0311,P03515,A1098,0.35732523,0,9,Female,26-35,Mumbai
U0311,P01502,A1249,0.3518241,1,10,Female,26-35,Mumbai
U0312,P04127,A0893,0.77215624,0,1,Female,26-35,Ahmedabad
U0312,P03356,A0020,0.7069986,0,2,Female,26-35,Ahmedabad
U0312,P00825,A1780,0.6694305,0,3,Female,26-35,Ahmedabad
U0312,P03425,A0355,0.60697114,1,4,Female,26-35,Ahmedabad
U0312,P00110,A1391,0.58872455,0,5,Female,26-35,Ahmedabad
U0312,P03528,A1186,0.5439914,1,6,Female,26-35,Ahmedabad
U0312,P01893,A1407,0.4726123,1,7,Female,26-35,Ahmedabad
U0312,P01820,A0909,0.3658749,1,8,Female,26-35,Ahmedabad
U0312,P03852,A0937,0.3260253,0,9,Female,26-35,Ahmedabad
U0312,P03572,A1680,0.32555854,0,10,Female,26-35,Ahmedabad
U0320,P03877,A1606,0.7789282,1,1,Male,56+,Hyderabad
U0320,P02426,A0520,0.67179406,1,2,Male,56+,Hyderabad
U0320,P04168,A0465,0.59404147,0,3,Male,56+,Hyderabad
U0320,P00263,A0133,0.5894124,1,4,Male,56+,Hyderabad
U0320,P03066,A1609,0.56767875,1,5,Male,56+,Hyderabad
U0320,P01677,A0589,0.5666174,0,6,Male,56+,Hyderabad
U0320,P01488,A1541,0.47385597,0,7,Male,56+,Hyderabad
U0320,P01804,A1200,0.44578105,0,8,Male,56+,Hyderabad
U0331,P01455,A1807,0.775555,0,1,Female,36-45,Bengaluru
U0331,P00137,A0387,0.72970015,1,2,Female,36-45,Bengaluru
U0331,P04570,A0414,0.6761764,1,3,Female,36-45,Bengaluru
U0331,P01694,A1298,0.6557925,1,4,Female,36-45,Bengaluru
U0331,P01528,A1230,0.61501896,0,5,Female,36-45,Bengaluru
U0331,P00349,A1126,0.61396605,1,6,Female,36-45,Bengaluru
U0331,P02886,A1166,0.5444932,1,7,Female,36-45,Bengaluru
U0331,P04653,A1537,0.5125716,0,8,Female,36-45,Bengaluru
U0331,P03079,A1477,0.51000994,0,9,Female,36-45,Bengaluru
U0331,P03375,A1212,0.4944033,1,10,Female,36-45,Bengaluru
U0335,P00967,A1439,0.8047623,1,1,Male,18-25,Chennai
U0335,P02943,A1058,0.6997078,1,2,Male,18-25,Chennai
U0335,P04347,A1768,0.659976,1,3,Male,18-25,Chennai
U0335,P01040,A1402,0.6429944,0,4,Male,18-25,Chennai
U0335,P03519,A1395,0.6413347,1,5,Male,18-25,Chennai
U0335,P02007,A0602,0.55318713,0,6,Male,18-25,Chennai
U0335,P00447,A0401,0.5454808,1,7,Male,18-25,Chennai
U0335,P04340,A0968,0.5024028,1,8,Male,18-25,Chennai
U0335,P01119,A1732,0.44379625,1,9,Male,18-25,Chennai
U0335,P03066,A0811,0.39808592,0,10,Male,18-25,Chennai
U0339,P03223,A0411,0.8244843,0,1,Male,18-25,Mumbai
U0339,P04320,A1332,0.7261622,1,2,Male,18-25,Mumbai
U0339,P03154,A0736,0.58158714,1,3,Male,18-25,Mumbai
U0339,P02539,A1067,0.5622526,1,4,Male,18-25,Mumbai
U0339,P03698,A1626,0.55780566,0,5,Male,18-25,Mumbai
U0339,P02771,A1599,0.48246154,1,6,Male,18-25,Mumbai
U0339,P03092,A0049,0.38080212,1,7,Male,18-25,Mumbai
U0339,P01579,A1973,0.30093622,1,8,Male,18-25,Mumbai
U0339,P00139,A0382,0.28395265,1,9,Male,18-25,Mumbai
U0343,P04430,A0055,0.7699818,0,1,Male,36-45,Other
U0343,P01165,A0955,0.74246585,1,2,Male,36-45,Other
U0343,P03694,A1508,0.6225943,0,3,Male,36-45,Other
U0343,P00882,A1917,0.5791262,0,4,Male,36-45,Other
U0343,P02149,A0039,0.57827055,0,5,Male,36-45,Other
U0343,P03835,A1144,0.56454486,1,6,Male,36-45,Other
U0343,P02370,A0637,0.54045093,1,7,Male,36-45,Other
U0343,P01171,A1190,0.39973757,0,8,Male,36-45,Other
U0343,P02873,A1247,0.24442126,0,9,Male,36-45,Other
U0345,P02712,A0829,0.6598258,0,1,Male,36-45,Delhi
U0345,P04301,A0330,0.6516818,0,2,Male,36-45,Delhi
U0345,P04613,A0433,0.59123087,0,3,Male,36-45,Delhi
U0345,P00447,A0628,0.5911877,0,4,Male,36-45,Delhi
U0345,P03141,A0728,0.5433619,0,5,Male,36-45,Delhi
U0345,P04856,A0848,0.52579695,0,6,Male,36-45,Delhi
U0345,P00785,A1293,0.4637935,0,7,Male,36-45,Delhi
U0345,P01385,A0161,0.43190622,0,8,Male,36-45,Delhi
U0345,P02643,A1431,0.40653273,0,9,Male,36-45,Delhi
U0345,P01949,A0224,0.39982036,1,10,Male,36-45,Delhi
U0350,P01971,A1949,0.71990365,1,1,Male,18-25,Chennai
U0350,P02100,A0203,0.7053257,0,2,Male,18-25,Chennai
U0350,P02519,A0990,0.66687715,1,3,Male,18-25,Chennai
U0350,P04142,A1650,0.5894834,1,4,Male,18-25,Chennai
U0350,P03899,A1036,0.4810863,1,5,Male,18-25,Chennai
U0350,P00075,A0153,0.3121755,0,6,Male,18-25,Chennai
U0350,P01180,A0436,0.29589713,0,7,Male,18-25,Chennai
U0363,P02632,A1021,0.6690071,1,1,Female,18-25,Pune
U0363,P01014,A0908,0.6557155,1,2,Female,18-25,Pune
U0363,P03834,A1054,0.6370726,1,3,Female,18-25,Pune
U0363,P03755,A1389,0.606398,1,4,Female,18-25,Pune
U0363,P01880,A1425,0.5424268,1,5,Female,18-25,Pune
U0363,P00724,A1362,0.53961754,0,6,Female,18-25,Pune
U0363,P04059,A0517,0.5106954,0,7,Female,18-25,Pune
U0363,P04565,A0007,0.36777088,0,8,Female,18-25,Pune
U0364,P04891,A1889,0.76486754,1,1,Female,18-25,Mumbai
U0364,P01879,A1499,0.5907904,1,2,Female,18-25,Mumbai
U0364,P04655,A1478,0.581383,1,3,Female,18-25,Mumbai
U0364,P01068,A0520,0.575324,1,4,Female,18-25,Mumbai
U0364,P01883,A0426,0.565425,0,5,Female,18-25,Mumbai
U0364,P00490,A1181,0.45729557,1,6,Female,18-25,Mumbai
U0364,P04801,A0310,0.41267377,0,7,Female,18-25,Mumbai
U0364,P02271,A1009,0.39898324,1,8,Female,18-25,Mumbai
U0364,P01294,A1434,0.36178097,1,9,Female,18-25,Mumbai
U0364,P01513,A0667,0.29992586,1,10,Female,18-25,Mumbai
U0370,P03200,A0904,0.6552838,1,1,Male,46-55,Chennai
U0370,P00643,A0937,0.6492812,0,2,Male,46-55,Chennai
U0370,P03446,A0374,0.64503974,0,3,Male,46-55,Chennai
U0370,P03896,A1005,0.5005843,1,4,Male,46-55,Chennai
U0370,P01236,A0719,0.4810301,1,5,Male,46-55,Chennai
U0370,P03448,A0106,0.313069,0,6,Male,46-55,Chennai
U0395,P03795,A1053,0.782648,1,1,Female,18-25,Hyderabad
U0395,P03598,A1038,0.7041404,1,2,Female,18-25,Hyderabad
U0395,P00139,A1289,0.66480744,1,3,Female,18-25,Hyderabad
U0395,P02752,A1475,0.5757637,1,4,Female,18-25,Hyderabad
U0395,P02059,A0021,0.49944404,0,5,Female,18-25,Hyderabad
U0395,P03499,A1730,0.49274632,0,6,Female,18-25,Hyderabad
U0395,P01312,A1947,0.48962307,0,7,Female,18-25,Hyderabad
U0397,P02839,A1724,0.8558936,0,1,Male,46-55,Kolkata
U0397,P02105,A1280,0.7910926,1,2,Male,46-55,Kolkata
U0397,P01126,A0717,0.6810565,1,3,Male,46-55,Kolkata
U0397,P02500,A0969,0.6247217,1,4,Male,46-55,Kolkata
U0397,P02305,A1330,0.5840598,0,5,Male,46-55,Kolkata
U0397,P00927,A1843,0.52967244,1,6,Male,46-55,Kolkata
U0397,P01968,A0300,0.4588914,0,7,Male,46-55,Kolkata
U0397,P00523,A1419,0.41981485,0,8,Male,46-55,Kolkata
U0397,P01142,A0903,0.3666944,0,9,Male,46-55,Kolkata
U0398,P02386,A0565,0.74385196,1,1,Male,26-35,Mumbai
U0398,P03457,A0166,0.72249925,0,2,Male,26-35,Mumbai
U0398,P00888,A0205,0.45467144,0,3,Male,26-35,Mumbai
U0398,P02899,A1102,0.45336652,0,4,Male,26-35,Mumbai
U0398,P04917,A0500,0.43168578,0,5,Male,26-35,Mumbai
U0398,P03253,A0826,0.41368097,0,6,Male,26-35,Mumbai
U0398,P00109,A1445,0.37833592,1,7,Male,26-35,Mumbai
U0398,P04820,A0193,0.3452916,0,8,Male,26-35,Mumbai
U0398,P03824,A0597,0.3417783,0,9,Male,26-35,Mumbai
U0398,P03378,A1048,0.28186482,0,10,Male,26-35,Mumbai
U0424,P00418,A0242,0.7397019,1,1,Male,18-25,Kolkata
U0424,P04768,A1422,0.6380218,0,2,Male,18-25,Kolkata
U0424,P03085,A0835,0.45304957,1,3,Male,18-25,Kolkata
U0424,P00198,A0569,0.41589206,0,4,Male,18-25,Kolkata
U0424,P02016,A0056,0.41528586,1,5,Male,18-25,Kolkata
U0424,P04649,A0375,0.27713323,0,6,Male,18-25,Kolkata
U0424,P03066,A0622,0.26545066,1,7,Male,18-25,Kolkata
U0425,P03567,A1212,0.79573846,0,1,Male,26-35,Mumbai
U0425,P04121,A1941,0.76674145,1,2,Male,26-35,Mumbai
U0425,P03872,A0774,0.74188215,1,3,Male,26-35,Mumbai
U0425,P04684,A1660,0.69305027,0,4,Male,26-35,Mumbai
U0425,P01824,A1747,0.62316895,1,5,Male,26-35,Mumbai
U0425,P02776,A0365,0.5562607,1,6,Male,26-35,Mumbai
U0425,P03784,A0911,0.44453648,0,7,Male,26-35,Mumbai
U0425,P03544,A0823,0.34679502,0,8,Male,26-35,Mumbai
U0435,P04668,A0366,0.67602783,1,1,Male,18-25,Hyderabad
U0435,P04398,A1720,0.6438991,0,2,Male,18-25,Hyderabad
U0435,P03168,A1445,0.64061815,0,3,Male,18-25,Hyderabad
U0435,P01653,A0045,0.61767095,1,4,Male,18-25,Hyderabad
U0435,P02324,A1494,0.6134372,0,5,Male,18-25,Hyderabad
U0435,P04674,A0208,0.47454044,1,6,Male,18-25,Hyderabad
U0435,P04666,A0869,0.45388088,0,7,Male,18-25,Hyderabad
U0435,P02621,A0654,0.4448634,0,8,Male,18-25,Hyderabad
U0435,P02907,A1710,0.36266682,1,9,Male,18-25,Hyderabad
U0438,P04300,A1375,0.80742687,1,1,Male,26-35,Bengaluru
U0438,P01263,A0281,0.7075522,1,2,Male,26-35,Bengaluru
U0438,P02750,A1568,0.69343114,0,3,Male,26-35,Bengaluru
U0438,P03474,A1756,0.6699874,0,4,Male,26-35,Bengaluru
U0438,P03800,A0106,0.6477684,1,5,Male,26-35,Bengaluru
U0438,P00520,A0583,0.6273288,0,6,Male,26-35,Bengaluru
U0438,P00182,A1503,0.4841442,0,7,Male,26-35,Bengaluru
U0438,P01917,A0452,0.4763156,0,8,Male,26-35,Bengaluru
U0438,P03921,A1570,0.46236077,1,9,Male,26-35,Bengaluru
U0438,P04836,A0622,0.40347502,1,10,Male,26-35,Bengaluru
U0446,P03421,A0948,0.7746581,1,1,Male,36-45,Mumbai
U0446,P03856,A1645,0.76644933,1,2,Male,36-45,Mumbai
U0446,P02492,A1325,0.7505329,0,3,Male,36-45,Mumbai
U0446,P00037,A1021,0.73858076,1,4,Male,36-45,Mumbai
U0446,P02005,A0691,0.7370572,1,5,Male,36-45,Mumbai
U0446,P01627,A0146,0.6874498,1,6,Male,36-45,Mumbai
U0446,P01552,A0954,0.6694368,0,7,Male,36-45,Mumbai
U0446,P03767,A0720,0.58243424,0,8,Male,36-45,Mumbai
U0446,P03199,A1653,0.52099293,1,9,Male,36-45,Mumbai
U0446,P02882,A1425,0.4983957,1,10,Male,36-45,Mumbai
U0449,P00352,A1278,0.7203352,0,1,Male,18-25,Chennai
U0449,P00884,A1155,0.6545179,1,2,Male,18-25,Chennai
U0449,P04259,A0798,0.64016706,0,3,Male,18-25,Chennai
U0449,P02386,A0789,0.5453965,1,4,Male,18-25,Chennai
U0449,P01340,A1209,0.53023326,1,5,Male,18-25,Chennai
U0449,P04223,A1886,0.52685654,0,6,Male,18-25,Chennai
U0449,P00854,A1642,0.15190023,0,7,Male,18-25,Chennai
U0454,P03726,A1205,0.73076975,1,1,Male,18-25,Delhi
U0454,P03823,A0322,0.6648048,1,2,Male,18-25,Delhi
U0454,P03496,A1770,0.6474411,1,3,Male,18-25,Delhi
U0454,P01397,A0230,0.62533355,0,4,Male,18-25,Delhi
U0454,P00200,A0273,0.556005,0,5,Male,18-25,Delhi
U0454,P04645,A1814,0.5319116,1,6,Male,18-25,Delhi
U0454,P02203,A1154,0.5309347,1,7,Male,18-25,Delhi
U0454,P01024,A1609,0.35181364,0,8,Male,18-25,Delhi
U0454,P02891,A0036,0.32400188,1,9,Male,18-25,Delhi
U0454,P03058,A0369,0.27372488,0,10,Male,18-25,Delhi
U0462,P01711,A1777,0.80106634,1,1,Female,18-25,Chennai
U0462,P01808,A0857,0.73303473,0,2,Female,18-25,Chennai
U0462,P03294,A1250,0.6626575,1,3,Female,18-25,Chennai
U0462,P02032,A0623,0.6131075,1,4,Female,18-25,Chennai
U0462,P02425,A0236,0.5474803,1,5,Female,18-25,Chennai
U0462,P00679,A0805,0.5154697,0,6,Female,18-25,Chennai
U0462,P04073,A0063,0.47600296,0,7,Female,18-25,Chennai
U0462,P00871,A0187,0.47084227,1,8,Female,18-25,Chennai
U0462,P03833,A0212,0.4417847,0,9,Female,18-25,Chennai
U0462,P02560,A0793,0.42834023,1,10,Female,18-25,Chennai
U0465,P02637,A0186,0.727194,1,1,Female,26-35,Pune
U0465,P03886,A0578,0.6801243,1,2,Female,26-35,Pune
U0465,P01586,A0711,0.60861987,0,3,Female,26-35,Pune
U0465,P00906,A0373,0.53249615,1,4,Female,26-35,Pune
U0465,P00741,A0791,0.5124156,1,5,Female,26-35,Pune
U0465,P03975,A0030,0.4878949,0,6,Female,26-35,Pune
U0465,P01343,A0732,0.4630689,1,7,Female,26-35,Pune
U0465,P00983,A1346,0.4492845,0,8,Female,26-35,Pune
U0465,P01244,A1343,0.41815087,0,9,Female,26-35,Pune
U0465,P03240,A0554,0.40275306,0,10,Female,26-35,Pune
U0468,P01062,A1937,0.7091117,0,1,Male,56+,Chennai
U0468,P00526,A0230,0.6490842,1,2,Male,56+,Chennai
U0468,P01098,A1426,0.62156445,1,3,Male,56+,Chennai
U0468,P00885,A0384,0.5903053,1,4,Male,56+,Chennai
U0468,P01108,A1635,0.5688221,1,5,Male,56+,Chennai
U0468,P03101,A1153,0.48111877,0,6,Male,56+,Chennai
U0468,P00078,A1564,0.47287908,0,7,Male,56+,Chennai
U0468,P03960,A1173,0.4088065,1,8,Male,56+,Chennai
U0468,P02342,A1469,0.4085366,1,9,Male,56+,Chennai
U0468,P03127,A1332,0.38057023,1,10,Male,56+,Chennai
U0471,P03482,A1387,0.6518822,0,1,Male,26-35,Bengaluru
U0471,P01303,A1296,0.5453234,0,2,Male,26-35,Bengaluru
U0471,P03369,A1204,0.5407286,0,3,Male,26-35,Bengaluru
U0471,P04189,A1775,0.46692312,1,4,Male,26-35,Bengaluru
U0471,P02942,A0487,0.41735208,0,5,Male,26-35,Bengaluru
U0471,P03730,A1044,0.20558815,1,6,Male,26-35,Bengaluru
U0478,P00531,A0004,0.75353897,1,1,Female,26-35,Bengaluru
U0478,P00718,A0586,0.70518625,1,2,Female,26-35,Bengaluru
U0478,P04075,A0764,0.66376626,1,3,Female,26-35,Bengaluru
U0478,P02161,A0555,0.59617746,1,4,Female,26-35,Bengaluru
U0478,P01870,A0468,0.56105614,0,5,Female,26-35,Bengaluru
U0478,P03037,A0553,0.5459774,1,6,Female,26-35,Bengaluru
U0478,P03523,A1369,0.5249492,1,7,Female,26-35,Bengaluru
U0478,P01944,A1444,0.5061543,0,8,Female,26-35,Bengaluru
U0478,P01377,A0293,0.50403494,0,9,Female,26-35,Bengaluru
U0478,P01896,A1062,0.3732163,1,10,Female,26-35,Bengaluru
U0479,P01983,A0779,0.6723816,1,1,Female,36-45,Delhi
U0479,P02498,A1741,0.53498787,0,2,Female,36-45,Delhi
U0479,P01780,A1021,0.524955,0,3,Female,36-45,Delhi
U0479,P02477,A1566,0.509846,1,4,Female,36-45,Delhi
U0479,P02311,A1454,0.47177708,1,5,Female,36-45,Delhi
U0479,P00943,A1486,0.33258227,0,6,Female,36-45,Delhi
U0489,P03246,A1492,0.8171201,1,1,Male,26-35,Mumbai
U0489,P01251,A1292,0.694016,1,2,Male,26-35,Mumbai
U0489,P03469,A0372,0.6769546,1,3,Male,26-35,Mumbai
U0489,P00323,A0594,0.62163925,0,4,Male,26-35,Mumbai
U0489,P04998,A0786,0.55663353,0,5,Male,26-35,Mumbai
U0489,P01961,A0729,0.5483642,0,6,Male,26-35,Mumbai
U0489,P03680,A0746,0.54784644,0,7,Male,26-35,Mumbai
U0489,P03410,A0522,0.5391413,0,8,Male,26-35,Mumbai
U0489,P03070,A1657,0.42781106,1,9,Male,26-35,Mumbai
U0489,P00647,A0347,0.31823185,1,10,Male,26-35,Mumbai
U0492,P04637,A0341,0.78347516,1,1,Male,36-45,Hyderabad
U0492,P02817,A0752,0.6619674,1,2,Male,36-45,Hyderabad
U0492,P02032,A1207,0.5674633,1,3,Male,36-45,Hyderabad
U0492,P00683,A0271,0.538102,1,4,Male,36-45,Hyderabad
U0492,P00512,A1666,0.5303448,1,5,Male,36-45,Hyderabad
U0492,P02817,A0430,0.5285779,1,6,Male,36-45,Hyderabad
U0492,P02197,A1764,0.44618925,0,7,Male,36-45,Hyderabad
U0492,P01281,A1971,0.44494945,1,8,Male,36-45,Hyderabad
U0492,P04336,A0138,0.3232682,0,9,Male,36-45,Hyderabad
U0492,P00666,A0901,0.2605269,0,10,Male,36-45,Hyderabad
U0493,P03648,A0388,0.65540314,1,1,Female,36-45,Ahmedabad
U0493,P02035,A1477,0.6280647,1,2,Female,36-45,Ahmedabad
U0493,P01863,A1057,0.56843626,0,3,Female,36-45,Ahmedabad
U0493,P03521,A1508,0.52970845,0,4,Female,36-45,Ahmedabad
U0493,P01547,A1208,0.35507876,1,5,Female,36-45,Ahmedabad
U0500,P04647,A0112,0.7413592,1,1,Female,26-35,Hyderabad
U0500,P04662,A0547,0.6659541,0,2,Female,26-35,Hyderabad
U0500,P01868,A1590,0.6266322,1,3,Female,26-35,Hyderabad
U0500,P04491,A0144,0.6123408,1,4,Female,26-35,Hyderabad
U0500,P04612,A0640,0.5569736,1,5,Female,26-35,Hyderabad
U0500,P03689,A1207,0.51986474,0,6,Female,26-35,Hyderabad
U0500,P02444,A1112,0.4824359,1,7,Female,26-35,Hyderabad
U0500,P00371,A0493,0.40472642,0,8,Female,26-35,Hyderabad
U0500,P03064,A1726,0.28005138,1,9,Female,26-35,Hyderabad
U0500,P04472,A1368,0.22218828,1,10,Female,26-35,Hyderabad
U0552,P03694,A0117,0.7544512,1,1,Female,18-25,Delhi
U0552,P02996,A1066,0.7322707,1,2,Female,18-25,Delhi
U0552,P03118,A1812,0.6719963,0,3,Female,18-25,Delhi
U0552,P00949,A1924,0.4438672,1,4,Female,18-25,Delhi
U0552,P01260,A1756,0.41765544,0,5,Female,18-25,Delhi
U0552,P00048,A1595,0.41069853,0,6,Female,18-25,Delhi
U0552,P01923,A0459,0.36932555,1,7,Female,18-25,Delhi
U0553,P01200,A0404,0.8408887,0,1,Male,18-25,Ahmedabad
U0553,P00578,A0033,0.7756326,1,2,Male,18-25,Ahmedabad
U0553,P04713,A1641,0.7556414,1,3,Male,18-25,Ahmedabad
U0553,P00248,A1604,0.6929019,1,4,Male,18-25,Ahmedabad
U0553,P01654,A0161,0.6629351,0,5,Male,18-25,Ahmedabad
U0553,P00218,A0554,0.5947879,1,6,Male,18-25,Ahmedabad
U0553,P01114,A0027,0.5791893,0,7,Male,18-25,Ahmedabad
U0553,P03066,A0289,0.48659998,0,8,Male,18-25,Ahmedabad
U0553,P00020,A1992,0.4080209,0,9,Male,18-25,Ahmedabad
U0553,P03428,A0056,0.28055283,0,10,Male,18-25,Ahmedabad
U0561,P02735,A0180,0.82302934,1,1,Female,18-25,Bengaluru
U0561,P04987,A0265,0.5692335,1,2,Female,18-25,Bengaluru
U0561,P03819,A1626,0.51872396,1,3,Female,18-25,Bengaluru
U0561,P00046,A0940,0.5130676,0,4,Female,18-25,Bengaluru
U0561,P02984,A0754,0.5110375,1,5,Female,18-25,Bengaluru
U0561,P04656,A1167,0.49196804,0,6,Female,18-25,Bengaluru
U0561,P04543,A1539,0.49003217,1,7,Female,18-25,Bengaluru
U0561,P04147,A1998,0.4611824,1,8,Female,18-25,Bengaluru
U0561,P01857,A0705,0.42210042,1,9,Female,18-25,Bengaluru
U0561,P01281,A1904,0.41255623,0,10,Female,18-25,Bengaluru
U0562,P00254,A1111,0.78647786,1,1,Male,18-25,Bengaluru
U0562,P02916,A1870,0.6359696,0,2,Male,18-25,Bengaluru
U0562,P04960,A0908,0.61454606,0,3,Male,18-25,Bengaluru
U0562,P00972,A0545,0.5090443,1,4,Male,18-25,Bengaluru
U0562,P01069,A1423,0.48636413,1,5,Male,18-25,Bengaluru
U0562,P00123,A0663,0.42199314,0,6,Male,18-25,Bengaluru
U0564,P03902,A1597,0.7797887,1,1,Male,36-45,Other
U0564,P01360,A1470,0.7183492,1,2,Male,36-45,Other
U0564,P02582,A0664,0.6415213,0,3,Male,36-45,Other
U0564,P03629,A1012,0.6243479,0,4,Male,36-45,Other
U0564,P02732,A0142,0.58102477,1,5,Male,36-45,Other
U0564,P02197,A1029,0.5676485,1,6,Male,36-45,Other
U0564,P02377,A0455,0.5376533,1,7,Male,36-45,Other
U0564,P03223,A1465,0.45759246,1,8,Male,36-45,Other
U0564,P04321,A1624,0.41991392,1,9,Male,36-45,Other
U0564,P02027,A1819,0.37116346,1,10,Male,36-45,Other
U0587,P02734,A0926,0.78000593,1,1,Male,18-25,Mumbai
U0587,P00733,A1317,0.7458782,1,2,Male,18-25,Mumbai
U0587,P03033,A0127,0.7146074,0,3,Male,18-25,Mumbai
U0587,P03684,A0347,0.6831092,1,4,Male,18-25,Mumbai
U0587,P03867,A0421,0.50000954,0,5,Male,18-25,Mumbai
U0587,P03617,A0023,0.35018438,0,6,Male,18-25,Mumbai
U0587,P01384,A0319,0.3215304,0,7,Male,18-25,Mumbai
U0587,P00036,A0724,0.3136642,1,8,Male,18-25,Mumbai
U0587,P03553,A1063,0.30062276,1,9,Male,18-25,Mumbai
U0587,P03281,A0112,0.28884163,1,10,Male,18-25,Mumbai
U0591,P03209,A0343,0.83779925,1,1,Female,46-55,Delhi
U0591,P00535,A1253,0.76685935,0,2,Female,46-55,Delhi
U0591,P04116,A0732,0.75120044,1,3,Female,46-55,Delhi
U0591,P04530,A1753,0.73625356,1,4,Female,46-55,Delhi
U0591,P03314,A0071,0.6620681,1,5,Female,46-55,Delhi
U0591,P01624,A1728,0.6182503,1,6,Female,46-55,Delhi
U0591,P00337,A0629,0.5521614,1,7,Female,46-55,Delhi
U0591,P01370,A0953,0.45314816,0,8,Female,46-55,Delhi
U0591,P02257,A0542,0.41429734,0,9,Female,46-55,Delhi
U0591,P04317,A1454,0.40478557,0,10,Female,46-55,Delhi
U0595,P00043,A1104,0.8041189,1,1,Male,18-25,Other
U0595,P04964,A1592,0.6608505,0,2,Male,18-25,Other
U0595,P03846,A0397,0.6449261,1,3,Male,18-25,Other
U0595,P00699,A0328,0.589131,0,4,Male,18-25,Other
U0595,P00269,A0296,0.55923575,0,5,Male,18-25,Other
U0595,P03072,A1976,0.5451292,0,6,Male,18-25,Other
U0595,P00565,A1187,0.44461197,1,7,Male,18-25,Other
U0595,P01643,A1190,0.26351133,0,8,Male,18-25,Other
U0595,P02469,A0046,0.24190179,0,9,Male,18-25,Other
U0604,P00656,A1845,0.64722615,0,1,Male,36-45,Mumbai
U0604,P04528,A1600,0.6283483,1,2,Male,36-45,Mumbai
U0604,P01603,A1967,0.54851395,0,3,Male,36-45,Mumbai
U0604,P04801,A1260,0.42746443,0,4,Male,36-45,Mumbai
U0604,P01870,A0652,0.3841564,0,5,Male,36-45,Mumbai
U0604,P03490,A0687,0.30613273,0,6,Male,36-45,Mumbai
U0605,P03860,A0674,0.810042,1,1,Female,56+,Chennai
U0605,P01454,A0265,0.6653557,1,2,Female,56+,Chennai
U0605,P01327,A0681,0.6234991,1,3,Female,56+,Chennai
U0605,P02080,A0413,0.57577217,0,4,Female,56+,Chennai
U0605,P03153,A1961,0.5266213,1,5,Female,56+,Chennai
U0605,P02725,A0863,0.5241639,1,6,Female,56+,Chennai
U0605,P03690,A0448,0.47142744,0,7,Female,56+,Chennai
U0605,P02931,A1127,0.45035946,1,8,Female,56+,Chennai
U0605,P03890,A0981,0.40696806,1,9,Female,56+,Chennai
U0605,P02764,A0812,0.40667397,0,10,Female,56+,Chennai
U0613,P01608,A0464,0.7537228,0,1,Female,56+,Pune
U0613,P01238,A0319,0.72913796,0,2,Female,56+,Pune
U0613,P00530,A1282,0.7263408,0,3,Female,56+,Pune
U0613,P00543,A0642,0.682701,1,4,Female,56+,Pune
U0613,P02008,A1076,0.6132793,1,5,Female,56+,Pune
U0613,P04738,A1336,0.5937309,0,6,Female,56+,Pune
U0613,P04727,A0299,0.51432675,0,7,Female,56+,Pune
U0613,P03316,A0339,0.48346126,0,8,Female,56+,Pune
U0613,P04360,A0532,0.464848,0,9,Female,56+,Pune
U0620,P04940,A0862,0.8385651,1,1,Female,18-25,Delhi
U0620,P03332,A0628,0.8384469,1,2,Female,18-25,Delhi
U0620,P02923,A1395,0.82292455,1,3,Female,18-25,Delhi
U0620,P04855,A1855,0.79333127,1,4,Female,18-25,Delhi
U0620,P04238,A0271,0.7717437,1,5,Female,18-25,Delhi
U0620,P01048,A1245,0.716861,1,6,Female,18-25,Delhi
U0620,P02706,A1481,0.69105947,1,7,Female,18-25,Delhi
U0620,P00336,A0197,0.6820401,0,8,Female,18-25,Delhi
U0620,P02511,A0027,0.65429074,0,9,Female,18-25,Delhi
U0620,P03808,A0668,0.65373546,1,10,Female,18-25,Delhi
U0621,P03282,A1225,0.5966084,1,1,Female,36-45,Kolkata
U0621,P04458,A0798,0.56524026,0,2,Female,36-45,Kolkata
U0621,P04072,A0308,0.4922281,1,3,Female,36-45,Kolkata
U0621,P03616,A1811,0.34670207,1,4,Female,36-45,Kolkata
U0621,P00117,A0584,0.32991242,0,5,Female,36-45,Kolkata
U0621,P00395,A0288,0.3201956,1,6,Female,36-45,Kolkata
U0637,P02939,A0557,0.8798096,1,1,Female,36-45,Mumbai
U0637,P00846,A0974,0.7696665,1,2,Female,36-45,Mumbai
U0637,P04300,A1996,0.7341968,1,3,Female,36-45,Mumbai
U0637,P01832,A0328,0.72568345,1,4,Female,36-45,Mumbai
U0637,P03081,A1892,0.7222109,1,5,Female,36-45,Mumbai
U0637,P04370,A1759,0.6608619,1,6,Female,36-45,Mumbai
U0637,P02970,A1163,0.65487903,1,7,Female,36-45,Mumbai
U0637,P03336,A1098,0.62676597,0,8,Female,36-45,Mumbai
U0637,P01941,A1506,0.58346623,1,9,Female,36-45,Mumbai
U0637,P01390,A0485,0.56836027,0,10,Female,36-45,Mumbai
U0638,P02938,A1765,0.82750076,0,1,Male,36-45,Chennai
U0638,P00002,A0616,0.8274664,1,2,Male,36-45,Chennai
U0638,P03155,A0964,0.7882507,0,3,Male,36-45,Chennai
U0638,P01236,A1892,0.7342439,1,4,Male,36-45,Chennai
U0638,P03561,A0449,0.7109928,1,5,Male,36-45,Chennai
U0638,P01209,A1266,0.62096566,1,6,Male,36-45,Chennai
U0638,P02774,A0417,0.4893283,0,7,Male,36-45,Chennai
U0638,P01912,A1076,0.48853806,1,8,Male,36-45,Chennai
U0638,P02551,A1138,0.41744062,0,9,Male,36-45,Chennai
U0638,P04933,A0768,0.23842259,0,10,Male,36-45,Chennai
U0642,P00904,A0871,0.78102744,1,1,Male,36-45,Kolkata
U0642,P03793,A0306,0.76307356,1,2,Male,36-45,Kolkata
U0642,P03231,A1639,0.6571219,0,3,Male,36-45,Kolkata
U0642,P04754,A0176,0.65395695,1,4,Male,36-45,Kolkata
U0642,P02069,A0598,0.6477177,1,5,Male,36-45,Kolkata
U0642,P04709,A0260,0.6169918,0,6,Male,36-45,Kolkata
U0642,P00325,A0980,0.60993546,0,7,Male,36-45,Kolkata
U0642,P02873,A0545,0.60393274,0,8,Male,36-45,Kolkata
U0642,P04922,A0189,0.5998404,0,9,Male,36-45,Kolkata
U0642,P01544,A0441,0.5589667,0,10,Male,36-45,Kolkata
U0646,P04140,A0444,0.76334465,0,1,Female,46-55,Mumbai
U0646,P02575,A0869,0.6793311,1,2,Female,46-55,Mumbai
U0646,P04597,A0741,0.6661911,1,3,Female,46-55,Mumbai
U0646,P04705,A1136,0.6436875,1,4,Female,46-55,Mumbai
U0646,P04219,A1017,0.6323884,1,5,Female,46-55,Mumbai
U0646,P00950,A0728,0.5726037,0,6,Female,46-55,Mumbai
U0646,P02926,A0215,0.5260946,0,7,Female,46-55,Mumbai
U0646,P01635,A1807,0.37733787,0,8,Female,46-55,Mumbai
U0646,P03242,A0316,0.3102087,0,9,Female,46-55,Mumbai
U0658,P02049,A0741,0.76414955,1,1,Male,26-35,Other
U0658,P04425,A1064,0.7583516,1,2,Male,26-35,Other
U0658,P02303,A1004,0.65561336,1,3,Male,26-35,Other
U0658,P02431,A1479,0.6310348,0,4,Male,26-35,Other
U0658,P00711,A1973,0.62853754,1,5,Male,26-35,Other
U0658,P01945,A0771,0.6110103,0,6,Male,26-35,Other
U0658,P01303,A0298,0.6015727,1,7,Male,26-35,Other
U0658,P00082,A1404,0.59664905,1,8,Male,26-35,Other
U0658,P02592,A1570,0.5471415,1,9,Male,26-35,Other
U0658,P01172,A1841,0.39421722,0,10,Male,26-35,Other
U0660,P02497,A0604,0.75393736,1,1,Male,26-35,Bengaluru
U0660,P01956,A1032,0.75245166,1,2,Male,26-35,Bengaluru
U0660,P02161,A0957,0.6700822,1,3,Male,26-35,Bengaluru
U0660,P04768,A0757,0.573986,1,4,Male,26-35,Bengaluru
U0660,P02562,A1251,0.55116975,0,5,Male,26-35,Bengaluru
U0660,P02619,A1611,0.48243716,1,6,Male,26-35,Bengaluru
U0660,P03779,A0423,0.45478216,0,7,Male,26-35,Bengaluru
U0664,P03199,A1525,0.76814085,1,1,Female,18-25,Ahmedabad
U0664,P01744,A1456,0.70944417,0,2,Female,18-25,Ahmedabad
U0664,P02500,A1378,0.6523292,1,3,Female,18-25,Ahmedabad
U0664,P03241,A0808,0.5799821,1,4,Female,18-25,Ahmedabad
U0664,P02551,A1216,0.5541841,1,5,Female,18-25,Ahmedabad
U0664,P00360,A1629,0.5382063,1,6,Female,18-25,Ahmedabad
U0664,P02769,A1224,0.45485377,0,7,Female,18-25,Ahmedabad
U0664,P02923,A0882,0.42991,0,8,Female,18-25,Ahmedabad
U0664,P01109,A1319,0.38751104,0,9,Female,18-25,Ahmedabad
U0664,P02114,A1218,0.25492907,0,10,Female,18-25,Ahmedabad
U0669,P00805,A1550,0.79068434,1,1,Male,26-35,Delhi
U0669,P03267,A0433,0.73161304,1,2,Male,26-35,Delhi
U0669,P02351,A1207,0.6858267,1,3,Male,26-35,Delhi
U0669,P02288,A0949,0.6419182,1,4,Male,26-35,Delhi
U0669,P01679,A1964,0.619245,1,5,Male,26-35,Delhi
U0669,P03804,A1658,0.36138684,0,6,Male,26-35,Delhi
U0669,P04849,A1266,0.33435717,0,7,Male,26-35,Delhi
U0669,P00114,A0582,0.21764967,0,8,Male,26-35,Delhi
U0682,P01181,A0798,0.6694348,1,1,Male,18-25,Other
U0682,P03093,A0483,0.57762694,1,2,Male,18-25,Other
U0682,P01565,A0444,0.5062865,1,3,Male,18-25,Other
U0682,P01853,A0733,0.48440176,0,4,Male,18-25,Other
U0682,P02164,A0771,0.43978912,0,5,Male,18-25,Other
U0682,P02538,A0868,0.42628294,1,6,Male,18-25,Other
U0682,P01621,A1901,0.37864283,1,7,Male,18-25,Other
U0682,P04493,A1488,0.36766955,0,8,Male,18-25,Other
U0682,P00923,A1451,0.34216195,0,9,Male,18-25,Other
U0682,P02429,A0849,0.2735266,1,10,Male,18-25,Other
U0701,P02362,A0841,0.75618374,1,1,Female,18-25,Delhi
U0701,P01360,A1497,0.700725,1,2,Female,18-25,Delhi
U0701,P00015,A0548,0.62055665,0,3,Female,18-25,Delhi
U0701,P03369,A0409,0.5559311,0,4,Female,18-25,Delhi
U0701,P03797,A1174,0.52521914,0,5,Female,18-25,Delhi
U0701,P03867,A0977,0.40961745,1,6,Female,18-25,Delhi
U0713,P03745,A0976,0.724437,1,1,Female,36-45,Bengaluru
U0713,P04008,A1564,0.61558115,0,2,Female,36-45,Bengaluru
U0713,P01240,A1239,0.4943816,0,3,Female,36-45,Bengaluru
U0713,P03882,A0818,0.41108295,0,4,Female,36-45,Bengaluru
U0713,P03316,A0829,0.41036576,0,5,Female,36-45,Bengaluru
U0713,P00473,A1443,0.34193522,0,6,Female,36-45,Bengaluru
U0713,P00181,A0835,0.28893968,0,7,Female,36-45,Bengaluru
U0713,P04372,A1284,0.25098327,0,8,Female,36-45,Bengaluru
U0763,P00723,A0992,0.7778886,1,1,Male,18-25,Other
U0763,P02361,A1591,0.64950824,1,2,Male,18-25,Other
U0763,P00987,A0966,0.59418464,0,3,Male,18-25,Other
U0763,P04342,A1081,0.56711787,1,4,Male,18-25,Other
U0763,P04432,A1045,0.50629896,0,5,Male,18-25,Other
U0763,P04317,A0382,0.4831692,0,6,Male,18-25,Other
U0763,P03360,A0562,0.44566035,1,7,Male,18-25,Other
U0763,P01762,A1032,0.42005658,1,8,Male,18-25,Other
U0763,P04642,A1330,0.27421984,1,9,Male,18-25,Other
U0763,P04487,A1031,0.20725596,0,10,Male,18-25,Other
U0787,P02371,A1481,0.7697543,0,1,Female,36-45,Bengaluru
U0787,P04395,A0905,0.74997914,1,2,Female,36-45,Bengaluru
U0787,P04135,A1402,0.74280506,0,3,Female,36-45,Bengaluru
U0787,P01241,A1561,0.6861399,0,4,Female,36-45,Bengaluru
U0787,P04998,A0558,0.60926473,0,5,Female,36-45,Bengaluru
U0787,P00264,A0488,0.6092463,1,6,Female,36-45,Bengaluru
U0787,P00620,A1065,0.5729708,0,7,Female,36-45,Bengaluru
U0787,P02367,A0209,0.5474188,1,8,Female,36-45,Bengaluru
U0787,P04361,A0194,0.3581113,0,9,Female,36-45,Bengaluru
U0787,P01422,A1816,0.27541834,0,10,Female,36-45,Bengaluru
U0790,P03613,A0286,0.8549007,1,1,Female,26-35,Ahmedabad
U0790,P03862,A0880,0.76459396,1,2,Female,26-35,Ahmedabad
U0790,P04803,A1451,0.7569923,1,3,Female,26-35,Ahmedabad
U0790,P04371,A1300,0.6762305,1,4,Female,26-35,Ahmedabad
U0790,P02581,A1247,0.5069433,1,5,Female,26-35,Ahmedabad
U0790,P02626,A0261,0.44827577,1,6,Female,26-35,Ahmedabad
U0791,P00708,A1912,0.7877435,0,1,Male,18-25,Bengaluru
U0791,P04728,A0309,0.75397724,1,2,Male,18-25,Bengaluru
U0791,P04935,A1802,0.72580534,1,3,Male,18-25,Bengaluru
U0791,P01092,A0220,0.6427838,0,4,Male,18-25,Bengaluru
U0791,P02940,A0176,0.6209821,1,5,Male,18-25,Bengaluru
U0791,P00940,A1063,0.5756241,1,6,Male,18-25,Bengaluru
U0791,P04910,A0567,0.23301335,0,7,Male,18-25,Bengaluru
U0791,P02822,A1921,0.18574661,0,8,Male,18-25,Bengaluru
U0793,P00554,A0926,0.70962375,1,1,Male,26-35,Chennai
U0793,P03101,A1039,0.68864477,1,2,Male,26-35,Chennai
U0793,P02875,A0810,0.48100963,1,3,Male,26-35,Chennai
U0793,P04382,A0610,0.41822666,0,4,Male,26-35,Chennai
U0793,P03103,A1423,0.38154987,0,5,Male,26-35,Chennai
U0793,P04091,A1810,0.16083832,0,6,Male,26-35,Chennai
U0797,P00140,A0922,0.7870389,1,1,Female,18-25,Kolkata
U0797,P01907,A0621,0.69004285,1,2,Female,18-25,Kolkata
U0797,P01737,A1778,0.656292,0,3,Female,18-25,Kolkata
U0797,P02746,A1655,0.62550104,1,4,Female,18-25,Kolkata
U0797,P04649,A0152,0.5759792,1,5,Female,18-25,Kolkata
U0797,P01284,A1036,0.5037861,0,6,Female,18-25,Kolkata
U0797,P02118,A1950,0.4837703,1,7,Female,18-25,Kolkata
U0797,P04823,A0976,0.46781912,0,8,Female,18-25,Kolkata
U0797,P01328,A0674,0.46625656,0,9,Female,18-25,Kolkata
U0797,P03932,A1260,0.4319317,1,10,Female,18-25,Kolkata
U0802,P04637,A0948,0.7196831,1,1,Male,26-35,Hyderabad
U0802,P04771,A1379,0.7005892,1,2,Male,26-35,Hyderabad
U0802,P04068,A1016,0.6898372,1,3,Male,26-35,Hyderabad
U0802,P00316,A0936,0.6807754,0,4,Male,26-35,Hyderabad
U0802,P00720,A0047,0.6034602,1,5,Male,26-35,Hyderabad
U0802,P03735,A0969,0.5859594,1,6,Male,26-35,Hyderabad
U0802,P04363,A0382,0.5676819,0,7,Male,26-35,Hyderabad
U0802,P01834,A0444,0.5512446,1,8,Male,26-35,Hyderabad
U0802,P04301,A1607,0.51388633,0,9,Male,26-35,Hyderabad
U0802,P01678,A1533,0.4448439,1,10,Male,26-35,Hyderabad
U0805,P00801,A1345,0.6932916,0,1,Male,18-25,Other
U0805,P00907,A1304,0.6172431,1,2,Male,18-25,Other
U0805,P04923,A1264,0.49779522,0,3,Male,18-25,Other
U0805,P01870,A1683,0.3968128,1,4,Male,18-25,Other
U0805,P03583,A0698,0.38653368,1,5,Male,18-25,Other
U0805,P04150,A0714,0.38070598,0,6,Male,18-25,Other
U0805,P04754,A0826,0.27698952,1,7,Male,18-25,Other
U0805,P00793,A0174,0.20212598,0,8,Male,18-25,Other
U0805,P01202,A1488,0.18737501,0,9,Male,18-25,Other
U0805,P03820,A1432,0.10693821,0,10,Male,18-25,Other
U0837,P03895,A0126,0.6933067,0,1,Female,36-45,Mumbai
U0837,P00206,A1402,0.6814429,1,2,Female,36-45,Mumbai
U0837,P01287,A0693,0.6020248,0,3,Female,36-45,Mumbai
U0837,P02081,A0906,0.5878068,0,4,Female,36-45,Mumbai
U0837,P04439,A1252,0.5835014,1,5,Female,36-45,Mumbai
U0837,P01431,A0352,0.51133126,1,6,Female,36-45,Mumbai
U0837,P01578,A1483,0.4778445,1,7,Female,36-45,Mumbai
U0837,P01639,A1316,0.4555705,0,8,Female,36-45,Mumbai
U0837,P01966,A0798,0.35775635,1,9,Female,36-45,Mumbai
U0837,P04413,A1181,0.30895135,0,10,Female,36-45,Mumbai
U0842,P04982,A0166,0.7276735,1,1,Female,36-45,Other
U0842,P02891,A0855,0.67510945,0,2,Female,36-45,Other
U0842,P04433,A1978,0.6541708,1,3,Female,36-45,Other
U0842,P04111,A0171,0.43989632,0,4,Female,36-45,Other
U0842,P02321,A0583,0.28797105,0,5,Female,36-45,Other
U0843,P02437,A0183,0.65589195,1,1,Female,26-35,Chennai
U0843,P03170,A0081,0.64343506,1,2,Female,26-35,Chennai
U0843,P04039,A1395,0.6310589,0,3,Female,26-35,Chennai
U0843,P02378,A1566,0.6236082,0,4,Female,26-35,Chennai
U0843,P00751,A0360,0.59193355,0,5,Female,26-35,Chennai
U0843,P02660,A0043,0.5427002,0,6,Female,26-35,Chennai
U0843,P03638,A0613,0.51710236,1,7,Female,26-35,Chennai
U0843,P02565,A0182,0.434758,1,8,Female,26-35,Chennai
U0843,P04422,A0131,0.331411,1,9,Female,26-35,Chennai
U0848,P04408,A1070,0.7632308,1,1,Female,36-45,Bengaluru
U0848,P00541,A0341,0.64945304,1,2,Female,36-45,Bengaluru
U0848,P04314,A1795,0.64504564,1,3,Female,36-45,Bengaluru
U0848,P04183,A0819,0.6245551,0,4,Female,36-45,Bengaluru
U0848,P02394,A0495,0.5976465,1,5,Female,36-45,Bengaluru
U0848,P01522,A1758,0.53295976,1,6,Female,36-45,Bengaluru
U0848,P03156,A1969,0.51709545,1,7,Female,36-45,Bengaluru
U0848,P01865,A1758,0.51127476,1,8,Female,36-45,Bengaluru
U0848,P03298,A1127,0.38162076,1,9,Female,36-45,Bengaluru
U0848,P04303,A0355,0.3794238,1,10,Female,36-45,Bengaluru
U0849,P03137,A0788,0.7713314,1,1,Male,18-25,Delhi
U0849,P00218,A0763,0.651366,1,2,Male,18-25,Delhi
U0849,P02400,A0253,0.63754284,0,3,Male,18-25,Delhi
U0849,P03160,A0929,0.6305522,0,4,Male,18-25,Delhi
U0849,P04302,A0965,0.61295867,0,5,Male,18-25,Delhi
U0849,P04416,A1439,0.48896608,1,6,Male,18-25,Delhi
U0849,P03099,A1457,0.45957047,0,7,Male,18-25,Delhi
U0849,P02643,A1224,0.44941124,1,8,Male,18-25,Delhi
U0849,P01209,A1395,0.40806124,0,9,Male,18-25,Delhi
U0849,P03884,A1474,0.3654754,1,10,Male,18-25,Delhi
U0861,P03084,A1824,0.7180445,1,1,Male,36-45,Delhi
U0861,P01297,A0936,0.71075946,1,2,Male,36-45,Delhi
U0861,P02046,A0328,0.6997826,0,3,Male,36-45,Delhi
U0861,P03252,A0301,0.6468704,0,4,Male,36-45,Delhi
U0861,P04840,A1091,0.63212794,0,5,Male,36-45,Delhi
U0861,P00935,A0435,0.5258451,0,6,Male,36-45,Delhi
U0861,P04797,A1483,0.42595816,1,7,Male,36-45,Delhi
U0861,P04849,A1405,0.30544364,0,8,Male,36-45,Delhi
U0861,P03316,A0361,0.22534436,0,9,Male,36-45,Delhi
U0877,P02936,A1918,0.76861435,1,1,Male,26-35,Mumbai
U0877,P03956,A0786,0.6685689,1,2,Male,26-35,Mumbai
U0877,P00300,A1494,0.60553235,1,3,Male,26-35,Mumbai
U0877,P04476,A1804,0.5978191,0,4,Male,26-35,Mumbai
U0877,P00725,A1832,0.54939246,0,5,Male,26-35,Mumbai
U0877,P03803,A1336,0.38825163,0,6,Male,26-35,Mumbai
U0877,P02332,A0738,0.31257892,0,7,Male,26-35,Mumbai
U0877,P01070,A0899,0.29204148,0,8,Male,26-35,Mumbai
U0879,P03410,A1539,0.8430804,1,1,Male,26-35,Chennai
U0879,P04423,A1425,0.6839367,1,2,Male,26-35,Chennai
U0879,P01843,A1527,0.663489,0,3,Male,26-35,Chennai
U0879,P00178,A1215,0.64780074,1,4,Male,26-35,Chennai
U0879,P01790,A1995,0.6374985,1,5,Male,26-35,Chennai
U0879,P01667,A0019,0.6163937,0,6,Male,26-35,Chennai
U0879,P01237,A0768,0.5815972,1,7,Male,26-35,Chennai
U0879,P02799,A0004,0.52059084,1,8,Male,26-35,Chennai
U0879,P03392,A0040,0.48777342,1,9,Male,26-35,Chennai
U0879,P03851,A1725,0.44583648,0,10,Male,26-35,Chennai
U0893,P02222,A0188,0.83534276,0,1,Male,18-25,Mumbai
U0893,P01069,A0703,0.7397937,1,2,Male,18-25,Mumbai
U0893,P00232,A1368,0.62254274,1,3,Male,18-25,Mumbai
U0893,P03338,A1664,0.5082716,0,4,Male,18-25,Mumbai
U0893,P02243,A1269,0.47613525,1,5,Male,18-25,Mumbai
U0893,P03202,A1873,0.47256622,1,6,Male,18-25,Mumbai
U0893,P02953,A1181,0.4015298,0,7,Male,18-25,Mumbai
U0893,P04861,A0312,0.33150592,0,8,Male,18-25,Mumbai
U0898,P02246,A0665,0.7205324,0,1,Male,18-25,Mumbai
U0898,P01583,A1628,0.5220328,1,2,Male,18-25,Mumbai
U0898,P01689,A0594,0.50139177,1,3,Male,18-25,Mumbai
U0898,P03616,A0886,0.49089321,0,4,Male,18-25,Mumbai
U0898,P01624,A1290,0.3759037,1,5,Male,18-25,Mumbai
U0898,P01604,A1838,0.32790187,0,6,Male,18-25,Mumbai
U0898,P00448,A0001,0.31191513,0,7,Male,18-25,Mumbai
U0898,P01575,A0317,0.24741003,0,8,Male,18-25,Mumbai
U0898,P04181,A1400,0.164169,0,9,Male,18-25,Mumbai
U0905,P04900,A0335,0.76404923,1,1,Male,56+,Pune
U0905,P00804,A1725,0.6508996,0,2,Male,56+,Pune
U0905,P01045,A1673,0.6455582,1,3,Male,56+,Pune
U0905,P01275,A0732,0.64408886,1,4,Male,56+,Pune
U0905,P01381,A0010,0.6365416,1,5,Male,56+,Pune
U0905,P02699,A0688,0.53550655,0,6,Male,56+,Pune
U0905,P03512,A0665,0.2996539,0,7,Male,56+,Pune
U0935,P02853,A0064,0.71197975,1,1,Male,36-45,Hyderabad
U0935,P04656,A0413,0.5822682,1,2,Male,36-45,Hyderabad
U0935,P02042,A1408,0.54637456,0,3,Male,36-45,Hyderabad
U0935,P02234,A1649,0.46317825,1,4,Male,36-45,Hyderabad
U0935,P02699,A1207,0.3254186,1,5,Male,36-45,Hyderabad
U0949,P04620,A0545,0.76771396,0,1,Female,46-55,Chennai
U0949,P02770,A0487,0.7076474,0,2,Female,46-55,Chennai
U0949,P03158,A1754,0.7053995,1,3,Female,46-55,Chennai
U0949,P04381,A0165,0.6914639,1,4,Female,46-55,Chennai
U0949,P04491,A0631,0.66762024,0,5,Female,46-55,Chennai
U0949,P02214,A1445,0.66455376,1,6,Female,46-55,Chennai
U0949,P04238,A1789,0.6347268,0,7,Female,46-55,Chennai
U0949,P00167,A0490,0.6017522,1,8,Female,46-55,Chennai
U0949,P04322,A1558,0.5976721,1,9,Female,46-55,Chennai
U0949,P03847,A1730,0.5609596,1,10,Female,46-55,Chennai
U0950,P01699,A0034,0.74291056,0,1,Male,26-35,Other
U0950,P03367,A0714,0.7168918,0,2,Male,26-35,Other
U0950,P04469,A1327,0.6690127,0,3,Male,26-35,Other
U0950,P04112,A0886,0.57686174,1,4,Male,26-35,Other
U0950,P04338,A0813,0.52261996,0,5,Male,26-35,Other
U0950,P00901,A1070,0.4829243,0,6,Male,26-35,Other
U0950,P02066,A1160,0.4728826,0,7,Male,26-35,Other
U0950,P02529,A0016,0.26040334,1,8,Male,26-35,Other
U0965,P02653,A0352,0.6912584,0,1,Male,56+,Mumbai
U0965,P01575,A0681,0.6799724,1,2,Male,56+,Mumbai
U0965,P00568,A1095,0.6543144,0,3,Male,56+,Mumbai
U0965,P01432,A1075,0.55615646,1,4,Male,56+,Mumbai
U0965,P04745,A1103,0.48777908,1,5,Male,56+,Mumbai
U0965,P03264,A1922,0.41724935,0,6,Male,56+,Mumbai
U0965,P04830,A0293,0.30458266,0,7,Male,56+,Mumbai
U0965,P00497,A1632,0.28347528,0,8,Male,56+,Mumbai
U0965,P00923,A1776,0.19126672,1,9,Male,56+,Mumbai
U0973,P01711,A1385,0.7216271,1,1,Male,18-25,Delhi
U0973,P00499,A0577,0.7170987,1,2,Male,18-25,Delhi
U0973,P03069,A0101,0.6741752,1,3,Male,18-25,Delhi
U0973,P00787,A1327,0.660761,1,4,Male,18-25,Delhi
U0973,P02077,A1664,0.6349093,0,5,Male,18-25,Delhi
U0973,P03536,A0731,0.6181859,0,6,Male,18-25,Delhi
U0973,P00489,A0743,0.58230203,0,7,Male,18-25,Delhi
U0973,P04681,A0175,0.581305,1,8,Male,18-25,Delhi
U0973,P03382,A0829,0.54832727,0,9,Male,18-25,Delhi
U0973,P01387,A0011,0.44687334,1,10,Male,18-25,Delhi
U0981,P01525,A1112,0.74658847,1,1,Male,56+,Other
U0981,P03749,A1118,0.7247318,0,2,Male,56+,Other
U0981,P02839,A0842,0.6949627,1,3,Male,56+,Other
U0981,P01415,A1592,0.68864316,0,4,Male,56+,Other
U0981,P02774,A1814,0.6766408,0,5,Male,56+,Other
U0981,P03805,A0243,0.6716077,1,6,Male,56+,Other
U0981,P02028,A1608,0.5803592,0,7,Male,56+,Other
U0981,P00359,A0777,0.5619296,0,8,Male,56+,Other
U0981,P01480,A0876,0.49276298,0,9,Male,56+,Other
U0981,P02978,A0802,0.41244173,0,10,Male,56+,Other
U0990,P04429,A1728,0.7955522,0,1,Female,36-45,Mumbai
U0990,P04894,A0181,0.7406002,1,2,Female,36-45,Mumbai
U0990,P02200,A1109,0.71462446,1,3,Female,36-45,Mumbai
U0990,P02114,A1526,0.6949242,0,4,Female,36-45,Mumbai
U0990,P00519,A0633,0.6915428,1,5,Female,36-45,Mumbai
U0990,P02645,A1121,0.6195825,1,6,Female,36-45,Mumbai
U0990,P01278,A0790,0.5883867,1,7,Female,36-45,Mumbai
U0990,P02696,A1837,0.5631295,0,8,Female,36-45,Mumbai
U0990,P00202,A1630,0.52926314,0,9,Female,36-45,Mumbai
U0990,P01401,A0976,0.5203675,1,10,Female,36-45,Mumbai
U0999,P01666,A1685,0.7433365,1,1,Male,56+,Ahmedabad
U0999,P00140,A0840,0.72077936,0,2,Male,56+,Ahmedabad
U0999,P02275,A1921,0.6872932,1,3,Male,56+,Ahmedabad
U0999,P00937,A1130,0.62874484,0,4,Male,56+,Ahmedabad
U0999,P04273,A0513,0.6179133,1,5,Male,56+,Ahmedabad
U0999,P02233,A1548,0.5971545,0,6,Male,56+,Ahmedabad
U0999,P01946,A0514,0.5835477,1,7,Male,56+,Ahmedabad
U0999,P00764,A0337,0.5649584,1,8,Male,56+,Ahmedabad
U0999,P03246,A0173,0.56096035,1,9,Male,56+,Ahmedabad
U0999,P04569,A0254,0.5465289,0,10,Male,56+,Ahmedabad
U1003,P03720,A0167,0.8117926,1,1,Female,18-25,Hyderabad
U1003,P02891,A1688,0.77918255,1,2,Female,18-25,Hyderabad
U1003,P02181,A0947,0.77541167,0,3,Female,18-25,Hyderabad
U1003,P04476,A1443,0.7620586,1,4,Female,18-25,Hyderabad
U1003,P01831,A1891,0.64305127,0,5,Female,18-25,Hyderabad
U1003,P04647,A0163,0.6196002,1,6,Female,18-25,Hyderabad
U1003,P02263,A0638,0.5472802,0,7,Female,18-25,Hyderabad
U1003,P00667,A1510,0.46057484,1,8,Female,18-25,Hyderabad
U1003,P02499,A1571,0.39831656,0,9,Female,18-25,Hyderabad
U1003,P02907,A1306,0.30049765,0,10,Female,18-25,Hyderabad
U1027,P01770,A1372,0.7674807,0,1,Female,56+,Hyderabad
U1027,P00292,A0424,0.7534751,1,2,Female,56+,Hyderabad
U1027,P02143,A1097,0.71715707,1,3,Female,56+,Hyderabad
U1027,P00579,A0481,0.71336263,0,4,Female,56+,Hyderabad
U1027,P03586,A1822,0.70819736,1,5,Female,56+,Hyderabad
U1027,P04442,A1653,0.69206685,0,6,Female,56+,Hyderabad
U1027,P04636,A1844,0.543779,0,7,Female,56+,Hyderabad
U1027,P03426,A1065,0.50889796,1,8,Female,56+,Hyderabad
U1027,P04298,A1587,0.44606987,1,9,Female,56+,Hyderabad
U1027,P04895,A0973,0.39125726,0,10,Female,56+,Hyderabad
U1033,P01641,A1058,0.69214183,1,1,Female,26-35,Delhi
U1033,P03886,A1209,0.6360936,0,2,Female,26-35,Delhi
U1033,P02817,A1832,0.63407075,1,3,Female,26-35,Delhi
U1033,P00548,A0603,0.6312251,0,4,Female,26-35,Delhi
U1033,P02324,A1248,0.6191907,1,5,Female,26-35,Delhi
U1033,P00450,A0288,0.6134362,1,6,Female,26-35,Delhi
U1033,P04419,A0821,0.59220845,1,7,Female,26-35,Delhi
U1033,P01306,A0664,0.5855546,1,8,Female,26-35,Delhi
U1033,P00871,A0198,0.494533,0,9,Female,26-35,Delhi
U1033,P01278,A1725,0.48614708,0,10,Female,26-35,Delhi
U1038,P03136,A0059,0.7559417,1,1,Female,26-35,Chennai
U1038,P02503,A1930,0.7196088,1,2,Female,26-35,Chennai
U1038,P00705,A1875,0.711098,1,3,Female,26-35,Chennai
U1038,P02470,A1290,0.6272151,1,4,Female,26-35,Chennai
U1038,P01372,A0306,0.5966097,0,5,Female,26-35,Chennai
U1038,P02762,A0151,0.5919984,0,6,Female,26-35,Chennai
U1038,P02260,A0371,0.55609775,0,7,Female,26-35,Chennai
U1038,P02557,A1669,0.5103948,1,8,Female,26-35,Chennai
U1038,P01274,A1442,0.5060801,0,9,Female,26-35,Chennai
U1038,P04265,A1267,0.499532,0,10,Female,26-35,Chennai
U1041,P02161,A1425,0.6363569,0,1,Male,18-25,Hyderabad
U1041,P04022,A0348,0.59682935,0,2,Male,18-25,Hyderabad
U1041,P02251,A1819,0.58937687,1,3,Male,18-25,Hyderabad
U1041,P03849,A0533,0.408492,0,4,Male,18-25,Hyderabad
U1041,P03132,A1373,0.38008273,0,5,Male,18-25,Hyderabad
U1041,P00779,A1197,0.24384342,0,6,Male,18-25,Hyderabad
U1041,P02859,A1046,0.21601458,0,7,Male,18-25,Hyderabad
U1048,P00787,A1288,0.78894794,1,1,Male,36-45,Bengaluru
U1048,P03336,A0622,0.51034206,0,2,Male,36-45,Bengaluru
U1048,P03422,A1331,0.503262,0,3,Male,36-45,Bengaluru
U1048,P01697,A0562,0.46414122,0,4,Male,36-45,Bengaluru
U1048,P04756,A0477,0.4294959,0,5,Male,36-45,Bengaluru
U1048,P04484,A0256,0.4215378,0,6,Male,36-45,Bengaluru
U1048,P00200,A0463,0.41128471,1,7,Male,36-45,Bengaluru
U1048,P01153,A0004,0.4009772,1,8,Male,36-45,Bengaluru
U1048,P00893,A1461,0.3868433,1,9,Male,36-45,Bengaluru
U1048,P00832,A1889,0.3380347,1,10,Male,36-45,Bengaluru
U1049,P03643,A1881,0.817732,1,1,Male,46-55,Pune
U1049,P00324,A0243,0.8024353,1,2,Male,46-55,Pune
U1049,P02282,A1941,0.77911234,1,3,Male,46-55,Pune
U1049,P04892,A1273,0.6727627,1,4,Male,46-55,Pune
U1049,P01668,A0745,0.4887814,1,5,Male,46-55,Pune
U1049,P03969,A1730,0.4852921,0,6,Male,46-55,Pune
U1049,P04699,A0831,0.440011,1,7,Male,46-55,Pune
U1049,P03051,A0097,0.37211314,0,8,Male,46-55,Pune
U1053,P03837,A0713,0.67507505,1,1,Male,18-25,Bengaluru
U1053,P01811,A0390,0.6449849,0,2,Male,18-25,Bengaluru
U1053,P03750,A0930,0.356488,1,3,Male,18-25,Bengaluru
U1053,P02162,A1555,0.17928174,0,4,Male,18-25,Bengaluru
U1055,P02942,A0483,0.76639426,1,1,Female,26-35,Mumbai
U1055,P01962,A0840,0.62053764,1,2,Female,26-35,Mumbai
U1055,P01241,A0516,0.61674625,1,3,Female,26-35,Mumbai
U1055,P01527,A0005,0.5692781,0,4,Female,26-35,Mumbai
U1055,P00054,A1709,0.49418515,1,5,Female,26-35,Mumbai
U1055,P02759,A0297,0.48603424,0,6,Female,26-35,Mumbai
U1055,P03355,A0816,0.44745275,0,7,Female,26-35,Mumbai
U1055,P01091,A1212,0.34721956,0,8,Female,26-35,Mumbai
U1055,P02459,A0181,0.30961597,1,9,Female,26-35,Mumbai
U1055,P00436,A0630,0.23484229,0,10,Female,26-35,Mumbai
U1063,P04098,A1263,0.7785688,1,1,Male,18-25,Delhi
U1063,P02307,A1753,0.7541557,0,2,Male,18-25,Delhi
U1063,P00782,A1362,0.6235434,1,3,Male,18-25,Delhi
U1063,P02473,A1986,0.61431843,1,4,Male,18-25,Delhi
U1063,P02416,A1153,0.59127545,1,5,Male,18-25,Delhi
U1063,P00630,A0993,0.5659583,1,6,Male,18-25,Delhi
U1063,P03249,A0437,0.5655508,1,7,Male,18-25,Delhi
U1063,P04342,A1199,0.54086024,0,8,Male,18-25,Delhi
U1063,P01612,A0367,0.5399633,1,9,Male,18-25,Delhi
U1063,P03671,A0470,0.5320149,1,10,Male,18-25,Delhi
U1070,P04922,A0080,0.81410223,1,1,Male,26-35,Chennai
U1070,P00098,A0592,0.7944452,0,2,Male,26-35,Chennai
U1070,P03057,A0868,0.73455864,1,3,Male,26-35,Chennai
U1070,P03614,A1761,0.6809897,0,4,Male,26-35,Chennai
U1070,P03681,A0548,0.64691925,1,5,Male,26-35,Chennai
U1070,P00617,A1603,0.600512,1,6,Male,26-35,Chennai
U1070,P03909,A0807,0.44521672,0,7,Male,26-35,Chennai
U1070,P02986,A0945,0.39200616,1,8,Male,26-35,Chennai
U1071,P01982,A1060,0.70804477,1,1,Male,46-55,Hyderabad
U1071,P02936,A0513,0.60706025,0,2,Male,46-55,Hyderabad
U1071,P03576,A0006,0.5239421,1,3,Male,46-55,Hyderabad
U1071,P02818,A0273,0.52055705,1,4,Male,46-55,Hyderabad
U1071,P01791,A0862,0.41744685,1,5,Male,46-55,Hyderabad
U1072,P02571,A1638,0.69200903,0,1,Female,26-35,Delhi
U1072,P02595,A0226,0.611964,0,2,Female,26-35,Delhi
U1072,P01159,A1024,0.5811981,1,3,Female,26-35,Delhi
U1072,P04681,A1073,0.58042705,1,4,Female,26-35,Delhi
U1072,P00729,A0769,0.5436133,0,5,Female,26-35,Delhi
U1072,P03843,A1576,0.51584154,1,6,Female,26-35,Delhi
U1072,P04417,A1633,0.5085213,0,7,Female,26-35,Delhi
U1072,P04710,A0499,0.5048271,1,8,Female,26-35,Delhi
U1072,P03662,A0926,0.41710305,1,9,Female,26-35,Delhi
U1072,P04309,A1529,0.3624424,0,10,Female,26-35,Delhi
U1079,P00006,A0997,0.7952929,0,1,Male,36-45,Mumbai
U1079,P00269,A1644,0.77673894,0,2,Male,36-45,Mumbai
U1079,P04320,A1278,0.77406913,1,3,Male,36-45,Mumbai
U1079,P04095,A1808,0.663487,0,4,Male,36-45,Mumbai
U1079,P04366,A0339,0.58904225,1,5,Male,36-45,Mumbai
U1079,P02680,A0298,0.5722095,0,6,Male,36-45,Mumbai
U1079,P03779,A0697,0.52851474,0,7,Male,36-45,Mumbai
U1079,P03703,A1970,0.47468904,0,8,Male,36-45,Mumbai
U1079,P04038,A0681,0.46458983,0,9,Male,36-45,Mumbai
U1079,P04467,A1128,0.36859807,0,10,Male,36-45,Mumbai
U1099,P01286,A1103,0.64733726,0,1,Female,46-55,Delhi
U1099,P02658,A1999,0.60306007,1,2,Female,46-55,Delhi
U1099,P00940,A0228,0.5450562,0,3,Female,46-55,Delhi
U1099,P01533,A1085,0.498249,0,4,Female,46-55,Delhi
U1099,P02644,A1129,0.48052844,1,5,Female,46-55,Delhi
U1099,P01838,A1323,0.44321588,1,6,Female,46-55,Delhi
U1099,P00868,A1267,0.43792635,0,7,Female,46-55,Delhi
U1099,P00309,A1730,0.42877364,0,8,Female,46-55,Delhi
U1099,P00142,A0612,0.419992,0,9,Female,46-55,Delhi
U1099,P04934,A1767,0.4186777,0,10,Female,46-55,Delhi
U1107,P04098,A0556,0.74368143,1,1,Female,18-25,Hyderabad
U1107,P04211,A1115,0.68122524,0,2,Female,18-25,Hyderabad
U1107,P03207,A0032,0.652889,1,3,Female,18-25,Hyderabad
U1107,P01019,A1237,0.63441837,1,4,Female,18-25,Hyderabad
U1107,P03812,A1813,0.6209363,1,5,Female,18-25,Hyderabad
U1107,P03468,A1916,0.44891885,0,6,Female,18-25,Hyderabad
U1107,P03343,A1890,0.43813372,0,7,Female,18-25,Hyderabad
U1107,P04814,A0292,0.42490005,1,8,Female,18-25,Hyderabad
U1107,P03760,A0949,0.3903954,0,9,Female,18-25,Hyderabad
U1107,P03649,A1832,0.27991042,1,10,Female,18-25,Hyderabad
U1118,P01168,A1757,0.713254,0,1,Female,36-45,Chennai
U1118,P03707,A1534,0.6250362,1,2,Female,36-45,Chennai
U1118,P02360,A1966,0.52898574,0,3,Female,36-45,Chennai
U1118,P03477,A0820,0.3019931,0,4,Female,36-45,Chennai
U1118,P04003,A0146,0.114492185,0,5,Female,36-45,Chennai
U1121,P00579,A1657,0.682015,0,1,Female,36-45,Bengaluru
U1121,P02153,A0972,0.59228295,1,2,Female,36-45,Bengaluru
U1121,P02503,A0603,0.52342194,0,3,Female,36-45,Bengaluru
U1121,P04567,A0409,0.5127436,1,4,Female,36-45,Bengaluru
U1121,P01297,A0583,0.50656193,1,5,Female,36-45,Bengaluru
U1121,P03345,A1923,0.27067003,0,6,Female,36-45,Bengaluru
U1121,P00419,A0855,0.24673729,1,7,Female,36-45,Bengaluru
U1121,P03685,A1728,0.14321248,0,8,Female,36-45,Bengaluru
U1123,P02935,A0459,0.7257061,1,1,Female,46-55,Other
U1123,P04972,A0629,0.6792819,1,2,Female,46-55,Other
U1123,P03417,A1177,0.61653227,1,3,Female,46-55,Other
U1123,P02329,A0677,0.61541206,1,4,Female,46-55,Other
U1123,P02679,A0413,0.6046395,0,5,Female,46-55,Other
U1123,P01926,A0705,0.5256551,1,6,Female,46-55,Other
U1123,P04764,A0042,0.4285852,1,7,Female,46-55,Other
U1123,P02121,A1387,0.41271856,0,8,Female,46-55,Other
U1123,P00688,A1078,0.390758,1,9,Female,46-55,Other
U1123,P03525,A0459,0.3686591,0,10,Female,46-55,Other
U1124,P02955,A0801,0.6487238,0,1,Male,18-25,Ahmedabad
U1124,P00166,A1055,0.6419449,0,2,Male,18-25,Ahmedabad
U1124,P02900,A0932,0.62262034,0,3,Male,18-25,Ahmedabad
U1124,P01563,A0200,0.40586877,0,4,Male,18-25,Ahmedabad
U1124,P03381,A1455,0.39218587,0,5,Male,18-25,Ahmedabad
U1124,P02673,A0511,0.3851518,1,6,Male,18-25,Ahmedabad
U1124,P02181,A0041,0.3694342,0,7,Male,18-25,Ahmedabad
U1124,P00007,A1681,0.3397164,1,8,Male,18-25,Ahmedabad
U1124,P02410,A1936,0.33968773,0,9,Male,18-25,Ahmedabad
U1124,P02276,A1483,0.2541476,1,10,Male,18-25,Ahmedabad
U1134,P01335,A1386,0.63398415,1,1,Male,36-45,Bengaluru
U1134,P04188,A1773,0.60275686,0,2,Male,36-45,Bengaluru
U1134,P04264,A1746,0.5550814,0,3,Male,36-45,Bengaluru
U1134,P00756,A0082,0.5309258,1,4,Male,36-45,Bengaluru
U1134,P02814,A1995,0.5149828,1,5,Male,36-45,Bengaluru
U1134,P04167,A0757,0.51078236,1,6,Male,36-45,Bengaluru
U1134,P02006,A0962,0.43926415,1,7,Male,36-45,Bengaluru
U1134,P04885,A0266,0.42004102,0,8,Male,36-45,Bengaluru
U1134,P02728,A0695,0.4110119,1,9,Male,36-45,Bengaluru
U1134,P02234,A1224,0.34050345,0,10,Male,36-45,Bengaluru
U1139,P01824,A1997,0.7729906,1,1,Female,18-25,Chennai
U1139,P02153,A0064,0.73287416,1,2,Female,18-25,Chennai
U1139,P03859,A1231,0.732758,0,3,Female,18-25,Chennai
U1139,P01155,A0064,0.71092594,0,4,Female,18-25,Chennai
U1139,P00690,A1857,0.68354756,0,5,Female,18-25,Chennai
U1139,P03941,A0863,0.67804813,0,6,Female,18-25,Chennai
U1139,P02782,A0138,0.5927283,1,7,Female,18-25,Chennai
U1139,P02517,A1390,0.5671622,1,8,Female,18-25,Chennai
U1139,P00239,A1294,0.5272682,0,9,Female,18-25,Chennai
U1139,P04808,A0277,0.33893326,0,10,Female,18-25,Chennai
U1146,P02995,A0550,0.67876166,1,1,Male,26-35,Chennai
U1146,P00713,A1736,0.6185589,1,2,Male,26-35,Chennai
U1146,P04268,A1380,0.5746391,1,3,Male,26-35,Chennai
U1146,P00956,A0682,0.5712722,1,4,Male,26-35,Chennai
U1146,P02239,A1148,0.44984683,1,5,Male,26-35,Chennai
U1146,P01122,A0796,0.3996189,0,6,Male,26-35,Chennai
U1146,P03891,A1044,0.3778258,1,7,Male,26-35,Chennai
U1146,P00553,A1711,0.35749224,0,8,Male,26-35,Chennai
U1157,P02560,A1999,0.7185117,1,1,Female,18-25,Ahmedabad
U1157,P04371,A1033,0.69578815,1,2,Female,18-25,Ahmedabad
U1157,P01649,A0589,0.6876676,0,3,Female,18-25,Ahmedabad
U1157,P00927,A1050,0.65093976,1,4,Female,18-25,Ahmedabad
U1157,P01855,A1653,0.64912033,1,5,Female,18-25,Ahmedabad
U1157,P04423,A1701,0.63902044,0,6,Female,18-25,Ahmedabad
U1157,P03390,A1199,0.5963881,0,7,Female,18-25,Ahmedabad
U1157,P01520,A0030,0.5941449,0,8,Female,18-25,Ahmedabad
U1157,P00335,A0719,0.4329909,0,9,Female,18-25,Ahmedabad
U1157,P00486,A1528,0.41622084,1,10,Female,18-25,Ahmedabad
U1160,P04825,A0727,0.7788154,1,1,Male,36-45,Mumbai
U1160,P02698,A0511,0.74895763,1,2,Male,36-45,Mumbai
U1160,P02873,A1117,0.6503423,1,3,Male,36-45,Mumbai
U1160,P04608,A1435,0.5528391,1,4,Male,36-45,Mumbai
U1160,P00690,A1658,0.54396945,1,5,Male,36-45,Mumbai
U1160,P00309,A1836,0.5145351,0,6,Male,36-45,Mumbai
U1160,P00662,A1875,0.46961674,1,7,Male,36-45,Mumbai
U1160,P02642,A0869,0.23947358,0,8,Male,36-45,Mumbai
U1163,P04697,A1382,0.724695,1,1,Female,46-55,Hyderabad
U1163,P01432,A0159,0.6359241,1,2,Female,46-55,Hyderabad
U1163,P02704,A1875,0.60006976,1,3,Female,46-55,Hyderabad
U1163,P04193,A1818,0.5919218,0,4,Female,46-55,Hyderabad
U1163,P03122,A1441,0.5583587,1,5,Female,46-55,Hyderabad
U1163,P01277,A1534,0.5225787,1,6,Female,46-55,Hyderabad
U1163,P00623,A0064,0.50786996,0,7,Female,46-55,Hyderabad
U1163,P04631,A0696,0.11711438,0,8,Female,46-55,Hyderabad
U1172,P02872,A1135,0.6358421,1,1,Female,36-45,Pune
U1172,P03479,A0491,0.5400311,1,2,Female,36-45,Pune
U1172,P02805,A0416,0.4347859,0,3,Female,36-45,Pune
U1172,P01073,A0062,0.42556587,0,4,Female,36-45,Pune
U1172,P01956,A0174,0.41560683,0,5,Female,36-45,Pune
U1172,P04303,A0808,0.31909344,0,6,Female,36-45,Pune
U1172,P03405,A0590,0.31530493,1,7,Female,36-45,Pune
U1179,P02349,A0839,0.61667067,1,1,Female,18-25,Other
U1179,P04108,A1399,0.53683996,0,2,Female,18-25,Other
U1179,P03379,A1975,0.5321041,0,3,Female,18-25,Other
U1179,P01801,A0270,0.52031815,0,4,Female,18-25,Other
U1179,P02734,A1469,0.51707625,1,5,Female,18-25,Other
U1179,P00377,A0681,0.43534955,0,6,Female,18-25,Other
U1179,P01488,A1832,0.36518216,1,7,Female,18-25,Other
U1182,P03416,A1800,0.8171062,1,1,Male,18-25,Bengaluru
U1182,P00009,A1103,0.7549686,1,2,Male,18-25,Bengaluru
U1182,P02045,A0524,0.74875474,1,3,Male,18-25,Bengaluru
U1182,P02176,A1348,0.7453464,1,4,Male,18-25,Bengaluru
U1182,P00577,A1573,0.72660905,1,5,Male,18-25,Bengaluru
U1182,P02809,A0650,0.700521,1,6,Male,18-25,Bengaluru
U1182,P00534,A0349,0.5275915,0,7,Male,18-25,Bengaluru
U1182,P01202,A0387,0.4252281,0,8,Male,18-25,Bengaluru
U1182,P03394,A0138,0.4220651,1,9,Male,18-25,Bengaluru
U1182,P04604,A0457,0.3873767,1,10,Male,18-25,Bengaluru
U1185,P01360,A0447,0.6122848,0,1,Female,18-25,Mumbai
U1185,P01012,A1234,0.5425425,1,2,Female,18-25,Mumbai
U1185,P04504,A0602,0.53661436,1,3,Female,18-25,Mumbai
U1185,P03815,A0258,0.5181387,1,4,Female,18-25,Mumbai
U1185,P02423,A1100,0.41929883,0,5,Female,18-25,Mumbai
U1186,P02653,A1090,0.6581771,0,1,Female,46-55,Bengaluru
U1186,P01301,A0444,0.58653766,0,2,Female,46-55,Bengaluru
U1186,P02691,A0463,0.5561097,0,3,Female,46-55,Bengaluru
U1186,P04441,A0316,0.54235834,1,4,Female,46-55,Bengaluru
U1186,P00163,A1114,0.37322333,1,5,Female,46-55,Bengaluru
U1189,P01237,A1948,0.7722656,0,1,Male,18-25,Mumbai
U1189,P00925,A1098,0.6770712,1,2,Male,18-25,Mumbai
U1189,P04923,A0180,0.67183286,0,3,Male,18-25,Mumbai
U1189,P02540,A0771,0.6435775,1,4,Male,18-25,Mumbai
U1189,P03106,A0927,0.63050187,1,5,Male,18-25,Mumbai
U1189,P00152,A0586,0.555465,1,6,Male,18-25,Mumbai
U1189,P03423,A1614,0.5192524,0,7,Male,18-25,Mumbai
U1189,P04442,A0228,0.4482883,0,8,Male,18-25,Mumbai
U1189,P00370,A1823,0.3051241,1,9,Male,18-25,Mumbai
U1201,P02006,A1191,0.6943376,1,1,Male,26-35,Bengaluru
U1201,P00043,A0961,0.65334475,0,2,Male,26-35,Bengaluru
U1201,P02475,A0045,0.63634646,0,3,Male,26-35,Bengaluru
U1201,P03991,A0155,0.52844745,1,4,Male,26-35,Bengaluru
U1201,P02432,A1283,0.4528105,1,5,Male,26-35,Bengaluru
U1201,P04876,A0707,0.4420897,0,6,Male,26-35,Bengaluru
U1201,P01225,A1834,0.38951153,1,7,Male,26-35,Bengaluru
U1201,P03223,A1835,0.37912515,1,8,Male,26-35,Bengaluru
U1201,P03290,A0571,0.3641217,0,9,Male,26-35,Bengaluru
U1201,P04259,A0040,0.29408202,0,10,Male,26-35,Bengaluru
U1214,P02793,A0188,0.7967236,1,1,Male,26-35,Hyderabad
U1214,P04288,A0548,0.64968437,1,2,Male,26-35,Hyderabad
U1214,P01806,A0486,0.64679503,0,3,Male,26-35,Hyderabad
U1214,P03728,A0738,0.61715347,1,4,Male,26-35,Hyderabad
U1214,P04776,A0891,0.5918313,0,5,Male,26-35,Hyderabad
U1214,P01781,A1148,0.59049976,0,6,Male,26-35,Hyderabad
U1214,P04788,A1692,0.5854228,1,7,Male,26-35,Hyderabad
U1214,P00925,A1988,0.42231542,0,8,Male,26-35,Hyderabad
U1214,P00655,A1947,0.39160323,1,9,Male,26-35,Hyderabad
U1214,P04074,A1233,0.3884517,0,10,Male,26-35,Hyderabad
U1245,P04241,A1498,0.7333558,1,1,Female,26-35,Bengaluru
U1245,P00200,A0891,0.72905606,1,2,Female,26-35,Bengaluru
U1245,P03453,A1271,0.661231,0,3,Female,26-35,Bengaluru
U1245,P03911,A0954,0.65174747,1,4,Female,26-35,Bengaluru
U1245,P03808,A0839,0.6307166,0,5,Female,26-35,Bengaluru
U1245,P01289,A0071,0.62577456,0,6,Female,26-35,Bengaluru
U1245,P01550,A1342,0.60036945,0,7,Female,26-35,Bengaluru
U1245,P04408,A0272,0.56904495,1,8,Female,26-35,Bengaluru
U1245,P01686,A0064,0.5192778,0,9,Female,26-35,Bengaluru
U1245,P04606,A0494,0.4470567,0,10,Female,26-35,Bengaluru
U1252,P02551,A0982,0.7029434,1,1,Male,18-25,Pune
U1252,P02726,A0188,0.6920045,0,2,Male,18-25,Pune
U1252,P03742,A0538,0.66542315,1,3,Male,18-25,Pune
U1252,P00416,A1714,0.6313284,0,4,Male,18-25,Pune
U1252,P03146,A1595,0.62918067,1,5,Male,18-25,Pune
U1252,P00607,A1003,0.5813117,1,6,Male,18-25,Pune
U1252,P00278,A0142,0.5754557,0,7,Male,18-25,Pune
U1252,P04320,A1719,0.536369,1,8,Male,18-25,Pune
U1252,P00118,A1719,0.49642715,1,9,Male,18-25,Pune
U1252,P00676,A1313,0.46491396,0,10,Male,18-25,Pune
U1269,P01396,A1476,0.66609,1,1,Female,26-35,Other
U1269,P01024,A0271,0.5910267,1,2,Female,26-35,Other
U1269,P02431,A1519,0.5573255,0,3,Female,26-35,Other
U1269,P00137,A1057,0.5050163,0,4,Female,26-35,Other
U1269,P04516,A0457,0.45520616,0,5,Female,26-35,Other
U1269,P00834,A0924,0.37343752,1,6,Female,26-35,Other
U1269,P01177,A1804,0.37322587,0,7,Female,26-35,Other
U1269,P04765,A1723,0.3676375,0,8,Female,26-35,Other
U1269,P04234,A0043,0.32667994,0,9,Female,26-35,Other
U1269,P04492,A0408,0.22566816,0,10,Female,26-35,Other
U1273,P02498,A1795,0.62194014,1,1,Female,26-35,Mumbai
U1273,P02159,A1419,0.6199536,1,2,Female,26-35,Mumbai
U1273,P02607,A0336,0.5847797,1,3,Female,26-35,Mumbai
U1273,P00326,A1771,0.5751442,0,4,Female,26-35,Mumbai
U1273,P00183,A1467,0.5528084,1,5,Female,26-35,Mumbai
U1273,P00418,A0047,0.4815184,0,6,Female,26-35,Mumbai
U1273,P02960,A0464,0.45994088,1,7,Female,26-35,Mumbai
U1273,P04798,A0822,0.45191607,0,8,Female,26-35,Mumbai
U1273,P01891,A0595,0.41842717,1,9,Female,26-35,Mumbai
U1273,P00267,A0767,0.3239359,1,10,Female,26-35,Mumbai
U1287,P03468,A0626,0.75818247,0,1,Female,26-35,Kolkata
U1287,P00364,A1190,0.68086445,1,2,Female,26-35,Kolkata
U1287,P04501,A1245,0.6586195,0,3,Female,26-35,Kolkata
U1287,P03413,A1739,0.61346567,0,4,Female,26-35,Kolkata
U1287,P03587,A0783,0.5986632,1,5,Female,26-35,Kolkata
U1287,P00248,A0283,0.48656294,1,6,Female,26-35,Kolkata
U1287,P03664,A1114,0.46873593,0,7,Female,26-35,Kolkata
U1287,P01812,A1853,0.35660046,0,8,Female,26-35,Kolkata
U1287,P02518,A0996,0.345095,0,9,Female,26-35,Kolkata
U1287,P01413,A0114,0.3224487,1,10,Female,26-35,Kolkata
U1298,P01799,A0989,0.76253015,0,1,Female,18-25,Mumbai
U1298,P00727,A1038,0.68605846,1,2,Female,18-25,Mumbai
U1298,P00130,A1269,0.6604424,1,3,Female,18-25,Mumbai
U1298,P02679,A1075,0.6299322,0,4,Female,18-25,Mumbai
U1298,P03334,A0294,0.5896714,0,5,Female,18-25,Mumbai
U1298,P04474,A1311,0.5504512,1,6,Female,18-25,Mumbai
U1298,P00268,A1406,0.51048255,1,7,Female,18-25,Mumbai
U1298,P04084,A1216,0.442879,0,8,Female,18-25,Mumbai
U1298,P03176,A1842,0.38012388,1,9,Female,18-25,Mumbai
U1298,P00279,A1139,0.35830832,0,10,Female,18-25,Mumbai
U1300,P04280,A0951,0.7599877,1,1,Female,26-35,Hyderabad
U1300,P04400,A1136,0.6390982,0,2,Female,26-35,Hyderabad
U1300,P00613,A0944,0.6257945,1,3,Female,26-35,Hyderabad
U1300,P02776,A1131,0.6230109,1,4,Female,26-35,Hyderabad
U1300,P03013,A0788,0.5476958,1,5,Female,26-35,Hyderabad
U1300,P04305,A0405,0.43681493,0,6,Female,26-35,Hyderabad
U1300,P01089,A0174,0.41113427,1,7,Female,26-35,Hyderabad
U1300,P04789,A1210,0.4081481,0,8,Female,26-35,Hyderabad
U1300,P04815,A1212,0.3803782,1,9,Female,26-35,Hyderabad
U1300,P03109,A0402,0.22266443,1,10,Female,26-35,Hyderabad
U1302,P01327,A1922,0.8188909,1,1,Female,26-35,Hyderabad
U1302,P02787,A1439,0.7186431,0,2,Female,26-35,Hyderabad
U1302,P01928,A0865,0.65751433,1,3,Female,26-35,Hyderabad
U1302,P01088,A1008,0.63545614,0,4,Female,26-35,Hyderabad
U1302,P00891,A0419,0.6255479,0,5,Female,26-35,Hyderabad
U1302,P03034,A0050,0.61832833,1,6,Female,26-35,Hyderabad
U1302,P00580,A0660,0.52049613,0,7,Female,26-35,Hyderabad
U1302,P02636,A1757,0.5189636,1,8,Female,26-35,Hyderabad
U1302,P02115,A1700,0.5166836,0,9,Female,26-35,Hyderabad
U1302,P03618,A0371,0.5030342,1,10,Female,26-35,Hyderabad
U1319,P04331,A1618,0.5399691,0,1,Female,36-45,Bengaluru
U1319,P03394,A0337,0.53555155,1,2,Female,36-45,Bengaluru
U1319,P03410,A1313,0.48484558,1,3,Female,36-45,Bengaluru
U1319,P00728,A1830,0.4548811,0,4,Female,36-45,Bengaluru
U1319,P01835,A1891,0.43221524,0,5,Female,36-45,Bengaluru
U1319,P02623,A1223,0.3745732,0,6,Female,36-45,Bengaluru
U1319,P02691,A1711,0.37292325,1,7,Female,36-45,Bengaluru
U1319,P01379,A0659,0.32625976,0,8,Female,36-45,Bengaluru
U1334,P00827,A1881,0.5907404,0,1,Male,56+,Hyderabad
U1334,P01855,A1889,0.55446136,0,2,Male,56+,Hyderabad
U1334,P01391,A1771,0.3988455,0,3,Male,56+,Hyderabad
U1334,P00591,A0655,0.39325443,1,4,Male,56+,Hyderabad
U1334,P02142,A1119,0.21209621,0,5,Male,56+,Hyderabad
U1334,P03845,A0788,0.17163327,1,6,Male,56+,Hyderabad
U1337,P03809,A1132,0.6519758,1,1,Male,18-25,Hyderabad
U1337,P04076,A1017,0.62088007,1,2,Male,18-25,Hyderabad
U1337,P04342,A1566,0.6087332,1,3,Male,18-25,Hyderabad
U1337,P01788,A0423,0.59169847,1,4,Male,18-25,Hyderabad
U1337,P01585,A0201,0.47092682,1,5,Male,18-25,Hyderabad
U1337,P03406,A0020,0.44959682,0,6,Male,18-25,Hyderabad
U1337,P01332,A0663,0.4241023,1,7,Male,18-25,Hyderabad
U1337,P01027,A0440,0.3625214,1,8,Male,18-25,Hyderabad
U1339,P02360,A0752,0.7582517,1,1,Male,46-55,Mumbai
U1339,P02921,A0026,0.652505,0,2,Male,46-55,Mumbai
U1339,P00864,A1473,0.56152064,1,3,Male,46-55,Mumbai
U1339,P00689,A1759,0.491716,0,4,Male,46-55,Mumbai
U1339,P02639,A0535,0.48298395,1,5,Male,46-55,Mumbai
U1339,P01337,A1453,0.4349752,0,6,Male,46-55,Mumbai
U1339,P04655,A0150,0.41721126,1,7,Male,46-55,Mumbai
U1339,P00226,A0823,0.336313,0,8,Male,46-55,Mumbai
U1339,P03221,A1249,0.18791471,0,9,Male,46-55,Mumbai
U1342,P04176,A1501,0.79945517,1,1,Male,36-45,Delhi
U1342,P03776,A0497,0.7284001,1,2,Male,36-45,Delhi
U1342,P04456,A1913,0.6843716,1,3,Male,36-45,Delhi
U1342,P01077,A1727,0.628347,0,4,Male,36-45,Delhi
U1342,P04544,A0222,0.51292527,1,5,Male,36-45,Delhi
U1342,P03390,A0725,0.42472407,0,6,Male,36-45,Delhi
U1342,P02501,A1273,0.41113454,0,7,Male,36-45,Delhi
U1342,P03169,A1225,0.33985472,1,8,Male,36-45,Delhi
U1342,P01460,A1972,0.21941988,0,9,Male,36-45,Delhi
U1356,P00387,A0929,0.8390886,1,1,Female,18-25,Bengaluru
U1356,P00339,A0359,0.7717715,1,2,Female,18-25,Bengaluru
U1356,P00961,A1506,0.76411766,1,3,Female,18-25,Bengaluru
U1356,P04762,A1174,0.61435765,1,4,Female,18-25,Bengaluru
U1356,P04582,A1991,0.61039484,0,5,Female,18-25,Bengaluru
U1356,P00196,A1132,0.6007795,0,6,Female,18-25,Bengaluru
U1356,P02717,A0720,0.5933804,0,7,Female,18-25,Bengaluru
U1356,P04839,A1712,0.5688423,1,8,Female,18-25,Bengaluru
U1356,P00111,A0766,0.4852759,1,9,Female,18-25,Bengaluru
U1356,P00531,A0587,0.48032686,0,10,Female,18-25,Bengaluru
U1357,P02164,A1138,0.7017764,0,1,Female,26-35,Chennai
U1357,P01238,A1707,0.6919296,1,2,Female,26-35,Chennai
U1357,P01566,A0381,0.6849124,1,3,Female,26-35,Chennai
U1357,P01869,A1531,0.6695182,0,4,Female,26-35,Chennai
U1357,P01691,A0982,0.65898263,1,5,Female,26-35,Chennai
U1357,P01317,A1695,0.64817137,0,6,Female,26-35,Chennai
U1357,P00093,A0814,0.60627395,1,7,Female,26-35,Chennai
U1357,P00788,A0870,0.5534491,1,8,Female,26-35,Chennai
U1357,P02018,A0260,0.51452696,1,9,Female,26-35,Chennai
U1357,P02933,A0993,0.45257407,0,10,Female,26-35,Chennai
U1360,P03631,A1654,0.7277935,0,1,Female,18-25,Hyderabad
U1360,P01818,A1923,0.7176793,0,2,Female,18-25,Hyderabad
U1360,P01239,A1751,0.6989487,1,3,Female,18-25,Hyderabad
U1360,P03660,A0631,0.6592769,0,4,Female,18-25,Hyderabad
U1360,P01698,A1103,0.64527583,0,5,Female,18-25,Hyderabad
U1360,P04480,A0455,0.5811748,1,6,Female,18-25,Hyderabad
U1360,P02643,A1130,0.5738224,1,7,Female,18-25,Hyderabad
U1360,P03620,A1072,0.53850234,1,8,Female,18-25,Hyderabad
U1360,P02611,A0705,0.50979835,1,9,Female,18-25,Hyderabad
U1360,P02041,A1159,0.50655276,1,10,Female,18-25,Hyderabad
U1367,P03695,A1360,0.7991755,1,1,Male,18-25,Mumbai
U1367,P04818,A0558,0.6860599,0,2,Male,18-25,Mumbai
U1367,P02139,A0452,0.6491989,1,3,Male,18-25,Mumbai
U1367,P03512,A1228,0.55038315,0,4,Male,18-25,Mumbai
U1367,P03228,A0702,0.48271757,1,5,Male,18-25,Mumbai
U1367,P03114,A1204,0.38998845,1,6,Male,18-25,Mumbai
U1370,P00157,A1848,0.79835105,1,1,Male,26-35,Other
U1370,P00428,A1894,0.6975566,0,2,Male,26-35,Other
U1370,P04901,A0587,0.6962782,0,3,Male,26-35,Other
U1370,P00179,A1831,0.69451857,0,4,Male,26-35,Other
U1370,P03480,A1764,0.6562904,1,5,Male,26-35,Other
U1370,P04578,A1047,0.60575897,1,6,Male,26-35,Other
U1370,P00810,A0375,0.55626047,0,7,Male,26-35,Other
U1370,P04617,A0558,0.52120113,1,8,Male,26-35,Other
U1370,P01173,A1201,0.41711035,0,9,Male,26-35,Other
U1370,P03790,A1696,0.41585582,0,10,Male,26-35,Other
U1373,P03066,A0831,0.6736309,1,1,Male,26-35,Pune
U1373,P04499,A0813,0.66143006,1,2,Male,26-35,Pune
U1373,P02912,A1044,0.63333565,1,3,Male,26-35,Pune
U1373,P02779,A0339,0.6093998,0,4,Male,26-35,Pune
U1373,P04783,A0499,0.60892767,1,5,Male,26-35,Pune
U1373,P04531,A1832,0.6083241,0,6,Male,26-35,Pune
U1373,P00340,A0472,0.59293497,0,7,Male,26-35,Pune
U1373,P00051,A1030,0.58442616,0,8,Male,26-35,Pune
U1373,P01427,A0063,0.47314098,1,9,Male,26-35,Pune
U1373,P01188,A1389,0.45257482,1,10,Male,26-35,Pune
U1392,P04960,A1300,0.5591545,1,1,Female,46-55,Mumbai
U1392,P03742,A0648,0.45819497,1,2,Female,46-55,Mumbai
U1392,P00808,A1869,0.40565154,0,3,Female,46-55,Mumbai
U1392,P02397,A0844,0.35305965,0,4,Female,46-55,Mumbai
U1392,P02216,A1556,0.34523532,0,5,Female,46-55,Mumbai
U1394,P03497,A0988,0.7575218,1,1,Female,18-25,Chennai
U1394,P03865,A0601,0.74234587,1,2,Female,18-25,Chennai
U1394,P00472,A0013,0.7259799,1,3,Female,18-25,Chennai
U1394,P01293,A1390,0.70883507,1,4,Female,18-25,Chennai
U1394,P04242,A1702,0.6111947,0,5,Female,18-25,Chennai
U1394,P02398,A1577,0.6100207,0,6,Female,18-25,Chennai
U1394,P00215,A0401,0.5604909,0,7,Female,18-25,Chennai
U1394,P02395,A1680,0.55819744,0,8,Female,18-25,Chennai
U1394,P03737,A0059,0.5469724,1,9,Female,18-25,Chennai
U1394,P03922,A0470,0.5383855,1,10,Female,18-25,Chennai
U1398,P03467,A1782,0.85565805,1,1,Female,46-55,Bengaluru
U1398,P01935,A1061,0.7575163,1,2,Female,46-55,Bengaluru
U1398,P01147,A1856,0.7507737,1,3,Female,46-55,Bengaluru
U1398,P00270,A1473,0.6796402,0,4,Female,46-55,Bengaluru
U1398,P00285,A1941,0.580933,1,5,Female,46-55,Bengaluru
U1398,P04729,A1472,0.57911044,1,6,Female,46-55,Bengaluru
U1398,P00871,A1393,0.56691474,0,7,Female,46-55,Bengaluru
U1398,P04373,A0143,0.5218048,1,8,Female,46-55,Bengaluru
U1398,P01413,A0096,0.44454196,1,9,Female,46-55,Bengaluru
U1398,P03249,A0104,0.3736067,1,10,Female,46-55,Bengaluru
U1403,P01549,A1331,0.63924384,1,1,Male,56+,Bengaluru
U1403,P00509,A1882,0.47985467,0,2,Male,56+,Bengaluru
U1403,P01336,A1108,0.43394127,1,3,Male,56+,Bengaluru
U1403,P04746,A0573,0.417659,0,4,Male,56+,Bengaluru
U1403,P04521,A1590,0.41760978,1,5,Male,56+,Bengaluru
U1403,P02492,A1489,0.3772689,1,6,Male,56+,Bengaluru
U1403,P01828,A1571,0.32841122,1,7,Male,56+,Bengaluru
U1406,P02773,A0875,0.7858667,1,1,Female,26-35,Mumbai
U1406,P00965,A0632,0.72386026,1,2,Female,26-35,Mumbai
U1406,P01043,A0729,0.67327124,0,3,Female,26-35,Mumbai
U1406,P02241,A0046,0.6002821,0,4,Female,26-35,Mumbai
U1406,P03161,A0513,0.5385204,1,5,Female,26-35,Mumbai
U1406,P00114,A1601,0.4757478,0,6,Female,26-35,Mumbai
U1406,P01590,A1726,0.37379494,0,7,Female,26-35,Mumbai
U1406,P01540,A1131,0.2985486,0,8,Female,26-35,Mumbai
U1409,P00174,A1717,0.63054043,0,1,Female,46-55,Hyderabad
U1409,P03373,A1009,0.6176667,0,2,Female,46-55,Hyderabad
U1409,P00457,A1387,0.5761222,0,3,Female,46-55,Hyderabad
U1409,P04418,A0741,0.5368631,1,4,Female,46-55,Hyderabad
U1409,P01715,A1689,0.5343782,1,5,Female,46-55,Hyderabad
U1409,P00092,A0502,0.51704854,1,6,Female,46-55,Hyderabad
U1409,P00259,A1154,0.45833758,0,7,Female,46-55,Hyderabad
U1409,P01293,A1132,0.383856,1,8,Female,46-55,Hyderabad
U1409,P02122,A1951,0.34828097,1,9,Female,46-55,Hyderabad
U1409,P02225,A1079,0.33321813,1,10,Female,46-55,Hyderabad
U1424,P03370,A0150,0.8170049,1,1,Male,26-35,Pune
U1424,P04836,A1792,0.8016331,0,2,Male,26-35,Pune
U1424,P04699,A0578,0.7248431,0,3,Male,26-35,Pune
U1424,P02583,A1697,0.67768955,1,4,Male,26-35,Pune
U1424,P02783,A1017,0.66916746,0,5,Male,26-35,Pune
U1424,P03051,A0459,0.4973037,0,6,Male,26-35,Pune
U1424,P04799,A1955,0.47062698,0,7,Male,26-35,Pune
U1424,P01109,A1905,0.45731243,0,8,Male,26-35,Pune
U1424,P03366,A1227,0.40481785,1,9,Male,26-35,Pune
U1424,P02742,A0931,0.37645754,0,10,Male,26-35,Pune
U1431,P01654,A1641,0.7264331,1,1,Male,46-55,Ahmedabad
U1431,P03138,A0933,0.7035894,0,2,Male,46-55,Ahmedabad
U1431,P03448,A1298,0.6791467,1,3,Male,46-55,Ahmedabad
U1431,P03251,A1752,0.6784991,0,4,Male,46-55,Ahmedabad
U1431,P04037,A1260,0.67181736,1,5,Male,46-55,Ahmedabad
U1431,P04782,A1192,0.63606864,0,6,Male,46-55,Ahmedabad
U1431,P01025,A1621,0.60704845,1,7,Male,46-55,Ahmedabad
U1431,P00516,A1656,0.39826348,1,8,Male,46-55,Ahmedabad
U1433,P04108,A1941,0.6991646,1,1,Female,18-25,Chennai
U1433,P02345,A1017,0.6590704,1,2,Female,18-25,Chennai
U1433,P00154,A0737,0.5518662,1,3,Female,18-25,Chennai
U1433,P01696,A1153,0.5154509,1,4,Female,18-25,Chennai
U1433,P03991,A0055,0.48414668,0,5,Female,18-25,Chennai
U1433,P04492,A1879,0.46214616,1,6,Female,18-25,Chennai
U1433,P02896,A0248,0.3670303,1,7,Female,18-25,Chennai
U1433,P00720,A0470,0.35454246,1,8,Female,18-25,Chennai
U1433,P01031,A1236,0.31142288,1,9,Female,18-25,Chennai
U1436,P01876,A0445,0.6842155,1,1,Female,56+,Bengaluru
U1436,P02093,A1926,0.66704684,1,2,Female,56+,Bengaluru
U1436,P00409,A1564,0.65219766,0,3,Female,56+,Bengaluru
U1436,P00863,A1382,0.6193486,1,4,Female,56+,Bengaluru
U1436,P04652,A1261,0.59015787,1,5,Female,56+,Bengaluru
U1436,P02791,A0815,0.5860738,1,6,Female,56+,Bengaluru
U1440,P03856,A0946,0.76144546,1,1,Male,56+,Other
U1440,P00174,A1668,0.72087675,1,2,Male,56+,Other
U1440,P02651,A1026,0.69008946,1,3,Male,56+,Other
U1440,P04311,A1158,0.6837715,1,4,Male,56+,Other
U1440,P04500,A0788,0.6018321,1,5,Male,56+,Other
U1440,P02975,A0408,0.58306783,0,6,Male,56+,Other
U1440,P04741,A1868,0.52368516,1,7,Male,56+,Other
U1440,P02025,A0121,0.41062698,1,8,Male,56+,Other
U1440,P01049,A1691,0.18603125,0,9,Male,56+,Other
U1441,P01258,A0526,0.8528334,1,1,Male,18-25,Other
U1441,P00438,A0319,0.6768796,1,2,Male,18-25,Other
U1441,P01397,A1628,0.65095973,0,3,Male,18-25,Other
U1441,P03592,A0497,0.6338994,0,4,Male,18-25,Other
U1441,P02740,A0191,0.5257374,0,5,Male,18-25,Other
U1441,P03550,A0086,0.5076156,1,6,Male,18-25,Other
U1441,P04209,A1813,0.502671,1,7,Male,18-25,Other
U1441,P04410,A1072,0.4338125,0,8,Male,18-25,Other
U1441,P03133,A1213,0.37992263,0,9,Male,18-25,Other
U1441,P02619,A0222,0.37785414,0,10,Male,18-25,Other
U1443,P02895,A1422,0.7667316,1,1,Female,18-25,Chennai
U1443,P02183,A0217,0.74420017,1,2,Female,18-25,Chennai
U1443,P01237,A1578,0.7298175,1,3,Female,18-25,Chennai
U1443,P02559,A1320,0.727977,1,4,Female,18-25,Chennai
U1443,P02713,A1589,0.57346416,0,5,Female,18-25,Chennai
U1443,P02761,A1670,0.5187951,1,6,Female,18-25,Chennai
U1443,P03260,A0781,0.43844986,1,7,Female,18-25,Chennai
U1443,P03562,A1572,0.25958505,0,8,Female,18-25,Chennai
U1443,P03401,A0764,0.17261341,0,9,Female,18-25,Chennai
U1451,P02926,A1486,0.6812317,1,1,Female,36-45,Delhi
U1451,P04046,A1936,0.66441095,1,2,Female,36-45,Delhi
U1451,P03531,A1960,0.6625977,0,3,Female,36-45,Delhi
U1451,P04550,A0613,0.59989184,1,4,Female,36-45,Delhi
U1451,P01312,A0092,0.26178917,0,5,Female,36-45,Delhi
U1461,P02083,A1025,0.7470511,1,1,Male,36-45,Pune
U1461,P02058,A1292,0.6584531,0,2,Male,36-45,Pune
U1461,P01475,A0192,0.5659189,0,3,Male,36-45,Pune
U1461,P02914,A1876,0.5384196,1,4,Male,36-45,Pune
U1461,P04555,A1255,0.495857,0,5,Male,36-45,Pune
U1461,P01054,A0297,0.47376114,0,6,Male,36-45,Pune
U1461,P01543,A1135,0.46703917,0,7,Male,36-45,Pune
U1461,P02882,A0339,0.4202816,1,8,Male,36-45,Pune
U1461,P00355,A0307,0.33265445,1,9,Male,36-45,Pune
U1461,P04087,A1160,0.33107123,1,10,Male,36-45,Pune
U1470,P00178,A1101,0.7459239,1,1,Male,18-25,Hyderabad
U1470,P03644,A1940,0.71215856,0,2,Male,18-25,Hyderabad
U1470,P04899,A1230,0.67248535,1,3,Male,18-25,Hyderabad
U1470,P04490,A0296,0.64920264,1,4,Male,18-25,Hyderabad
U1470,P04906,A1026,0.6134828,1,5,Male,18-25,Hyderabad
U1470,P04130,A1976,0.58704036,0,6,Male,18-25,Hyderabad
U1470,P04557,A0715,0.36350307,1,7,Male,18-25,Hyderabad
U1470,P02584,A0439,0.32612234,0,8,Male,18-25,Hyderabad
U1470,P00924,A1252,0.2544745,0,9,Male,18-25,Hyderabad
U1479,P03011,A1213,0.7492558,0,1,Female,26-35,Bengaluru
U1479,P03751,A0459,0.74478143,1,2,Female,26-35,Bengaluru
U1479,P00880,A1784,0.7150202,1,3,Female,26-35,Bengaluru
U1479,P04876,A1909,0.71325535,1,4,Female,26-35,Bengaluru
U1479,P04332,A1788,0.61002785,0,5,Female,26-35,Bengaluru
U1479,P00153,A1249,0.6000696,1,6,Female,26-35,Bengaluru
U1479,P04877,A0062,0.5785337,1,7,Female,26-35,Bengaluru
U1479,P04056,A1718,0.5736924,1,8,Female,26-35,Bengaluru
U1479,P04841,A1114,0.49512747,0,9,Female,26-35,Bengaluru
U1479,P03528,A0974,0.4870057,1,10,Female,26-35,Bengaluru
U1491,P01591,A0592,0.65770656,0,1,Male,18-25,Other
U1491,P04283,A1288,0.60517573,0,2,Male,18-25,Other
U1491,P00106,A0393,0.5964173,1,3,Male,18-25,Other
U1491,P00786,A0355,0.5331598,1,4,Male,18-25,Other
U1491,P04956,A0343,0.4973189,1,5,Male,18-25,Other
U1491,P03818,A0826,0.49226955,0,6,Male,18-25,Other
U1491,P03321,A1299,0.48870888,0,7,Male,18-25,Other
U1491,P01961,A1843,0.4047769,0,8,Male,18-25,Other
U1491,P03150,A0352,0.32717916,0,9,Male,18-25,Other
U1491,P04710,A1780,0.29417163,0,10,Male,18-25,Other
U1494,P04964,A0466,0.7519416,0,1,Male,36-45,Mumbai
U1494,P01814,A1106,0.6200621,1,2,Male,36-45,Mumbai
U1494,P01617,A1204,0.2929395,0,3,Male,36-45,Mumbai
U1494,P02665,A0737,0.28149596,0,4,Male,36-45,Mumbai
U1496,P01610,A0283,0.7002108,0,1,Male,36-45,Chennai
U1496,P01934,A0453,0.63809144,0,2,Male,36-45,Chennai
U1496,P01937,A0310,0.5958314,1,3,Male,36-45,Chennai
U1496,P04605,A0746,0.48922768,0,4,Male,36-45,Chennai
U1496,P04522,A0917,0.45279467,0,5,Male,36-45,Chennai
U1496,P01567,A1386,0.43955877,1,6,Male,36-45,Chennai
U1496,P01883,A0137,0.36275136,0,7,Male,36-45,Chennai
U1496,P02277,A0376,0.28253204,0,8,Male,36-45,Chennai
U1496,P03488,A1332,0.27665845,0,9,Male,36-45,Chennai
U1496,P00453,A1670,0.23789376,0,10,Male,36-45,Chennai
U1500,P03830,A1559,0.6518329,1,1,Female,36-45,Mumbai
U1500,P04257,A0062,0.64975375,0,2,Female,36-45,Mumbai
U1500,P02650,A1033,0.6164053,0,3,Female,36-45,Mumbai
U1500,P03309,A0909,0.59080374,1,4,Female,36-45,Mumbai
U1500,P02607,A1970,0.5376923,0,5,Female,36-45,Mumbai
U1500,P03139,A1111,0.48239657,0,6,Female,36-45,Mumbai
U1500,P02000,A0534,0.47212508,1,7,Female,36-45,Mumbai
U1500,P02456,A0530,0.20850305,1,8,Female,36-45,Mumbai
U1506,P03486,A0550,0.7261705,1,1,Male,26-35,Chennai
U1506,P02478,A1466,0.6961064,1,2,Male,26-35,Chennai
U1506,P04826,A0143,0.65538037,1,3,Male,26-35,Chennai
U1506,P00727,A1679,0.59277326,0,4,Male,26-35,Chennai
U1506,P04532,A1015,0.58263177,0,5,Male,26-35,Chennai
U1506,P01676,A1197,0.5553663,1,6,Male,26-35,Chennai
U1506,P02870,A0225,0.5155633,0,7,Male,26-35,Chennai
U1506,P02814,A1987,0.5147509,1,8,Male,26-35,Chennai
U1506,P02698,A1416,0.42384225,1,9,Male,26-35,Chennai
U1506,P00032,A0973,0.42292598,0,10,Male,26-35,Chennai
U1515,P02220,A0835,0.7855107,0,1,Male,46-55,Chennai
U1515,P01108,A0845,0.74846226,1,2,Male,46-55,Chennai
U1515,P00747,A1652,0.74379975,1,3,Male,46-55,Chennai
U1515,P03731,A1134,0.59475285,1,4,Male,46-55,Chennai
U1515,P00170,A1318,0.5273052,1,5,Male,46-55,Chennai
U1515,P00274,A0813,0.47146305,0,6,Male,46-55,Chennai
U1515,P03307,A0795,0.4441074,1,7,Male,46-55,Chennai
U1515,P01145,A0320,0.3853264,0,8,Male,46-55,Chennai
U1515,P01895,A1786,0.37656382,0,9,Male,46-55,Chennai
U1515,P01406,A1985,0.30232495,0,10,Male,46-55,Chennai
U1519,P01799,A0625,0.7774237,1,1,Female,18-25,Bengaluru
U1519,P02939,A0776,0.7540806,1,2,Female,18-25,Bengaluru
U1519,P00193,A0437,0.70454425,1,3,Female,18-25,Bengaluru
U1519,P03477,A0698,0.6924576,1,4,Female,18-25,Bengaluru
U1519,P03771,A0876,0.68910617,1,5,Female,18-25,Bengaluru
U1519,P02261,A1934,0.6722631,1,6,Female,18-25,Bengaluru
U1519,P01035,A1866,0.63515437,1,7,Female,18-25,Bengaluru
U1519,P04242,A0693,0.5969425,0,8,Female,18-25,Bengaluru
U1519,P03437,A1672,0.59054965,0,9,Female,18-25,Bengaluru
U1519,P01542,A1686,0.5697304,1,10,Female,18-25,Bengaluru
U1522,P02068,A1751,0.73753726,0,1,Male,26-35,Bengaluru
U1522,P00880,A1691,0.61751026,0,2,Male,26-35,Bengaluru
U1522,P02298,A0135,0.6144655,1,3,Male,26-35,Bengaluru
U1522,P01983,A1265,0.5846077,1,4,Male,26-35,Bengaluru
U1522,P04173,A0094,0.5464009,1,5,Male,26-35,Bengaluru
U1522,P00667,A1539,0.5303992,1,6,Male,26-35,Bengaluru
U1522,P03047,A0754,0.48090142,0,7,Male,26-35,Bengaluru
U1522,P04507,A1094,0.4535948,0,8,Male,26-35,Bengaluru
U1522,P02036,A1969,0.4170629,0,9,Male,26-35,Bengaluru
U1522,P02804,A1174,0.40499085,1,10,Male,26-35,Bengaluru
U1529,P00105,A0104,0.74927795,0,1,Male,18-25,Bengaluru
U1529,P04485,A0148,0.67300916,1,2,Male,18-25,Bengaluru
U1529,P02458,A1144,0.66438997,1,3,Male,18-25,Bengaluru
U1529,P03273,A1925,0.5983183,0,4,Male,18-25,Bengaluru
U1529,P01128,A0569,0.5284231,0,5,Male,18-25,Bengaluru
U1529,P00868,A0889,0.41570526,1,6,Male,18-25,Bengaluru
U1529,P02488,A0483,0.34724665,1,7,Male,18-25,Bengaluru
U1529,P01090,A1604,0.30186796,1,8,Male,18-25,Bengaluru
U1534,P04952,A0628,0.61912006,1,1,Male,36-45,Mumbai
U1534,P04828,A1246,0.57229507,0,2,Male,36-45,Mumbai
U1534,P01732,A1722,0.558245,0,3,Male,36-45,Mumbai
U1534,P00523,A0139,0.5571177,0,4,Male,36-45,Mumbai
U1534,P04524,A1057,0.54620266,0,5,Male,36-45,Mumbai
U1534,P00036,A1647,0.5402543,0,6,Male,36-45,Mumbai
U1534,P04427,A0450,0.51682806,1,7,Male,36-45,Mumbai
U1534,P01381,A1975,0.5137878,1,8,Male,36-45,Mumbai
U1534,P04005,A0725,0.50465345,0,9,Male,36-45,Mumbai
U1534,P01040,A1063,0.48712206,0,10,Male,36-45,Mumbai
U1562,P03952,A0842,0.72932106,1,1,Male,26-35,Delhi
U1562,P02707,A1343,0.72667754,1,2,Male,26-35,Delhi
U1562,P02469,A1152,0.62115276,1,3,Male,26-35,Delhi
U1562,P04983,A1796,0.58551425,1,4,Male,26-35,Delhi
U1562,P03449,A0990,0.5239737,0,5,Male,26-35,Delhi
U1562,P01852,A1765,0.5237181,0,6,Male,26-35,Delhi
U1562,P01384,A0019,0.28981468,0,7,Male,26-35,Delhi
U1562,P02708,A0310,0.20545493,0,8,Male,26-35,Delhi
U1563,P02030,A0182,0.79361707,1,1,Male,46-55,Mumbai
U1563,P04888,A0672,0.7488977,1,2,Male,46-55,Mumbai
U1563,P00464,A0413,0.7051577,1,3,Male,46-55,Mumbai
U1563,P04337,A0778,0.7029915,0,4,Male,46-55,Mumbai
U1563,P00451,A0286,0.6884699,0,5,Male,46-55,Mumbai
U1563,P02284,A0307,0.66381663,0,6,Male,46-55,Mumbai
U1563,P04325,A0260,0.6318541,1,7,Male,46-55,Mumbai
U1563,P02339,A0891,0.6002638,0,8,Male,46-55,Mumbai
U1563,P03978,A0096,0.5356606,1,9,Male,46-55,Mumbai
U1563,P00043,A0036,0.5008115,0,10,Male,46-55,Mumbai
U1566,P00715,A1128,0.57100016,0,1,Female,26-35,Other
U1566,P00335,A0551,0.55499655,0,2,Female,26-35,Other
U1566,P00658,A0818,0.44310796,1,3,Female,26-35,Other
U1566,P03049,A0462,0.3884578,0,4,Female,26-35,Other
U1566,P00647,A0365,0.3414307,0,5,Female,26-35,Other
U1566,P03846,A1472,0.301638,0,6,Female,26-35,Other
U1566,P01636,A1307,0.29614088,1,7,Female,26-35,Other
U1566,P00129,A1170,0.19980419,0,8,Female,26-35,Other
U1566,P01831,A0882,0.10461385,0,9,Female,26-35,Other
U1566,P02269,A1620,0.09944807,1,10,Female,26-35,Other
U1568,P00169,A0165,0.6122341,1,1,Male,18-25,Hyderabad
U1568,P01605,A1109,0.41104847,1,2,Male,18-25,Hyderabad
U1568,P03927,A0719,0.33304396,1,3,Male,18-25,Hyderabad
U1568,P03749,A1350,0.31907573,0,4,Male,18-25,Hyderabad
U1568,P02584,A1164,0.31291345,0,5,Male,18-25,Hyderabad
U1570,P02364,A1140,0.75623715,1,1,Female,26-35,Other
U1570,P02939,A1176,0.69698113,1,2,Female,26-35,Other
U1570,P02395,A0861,0.65242624,1,3,Female,26-35,Other
U1570,P01464,A1203,0.63109064,1,4,Female,26-35,Other
U1570,P00278,A1105,0.60408664,1,5,Female,26-35,Other
U1570,P00136,A1889,0.5374673,1,6,Female,26-35,Other
U1570,P02533,A0811,0.3971611,1,7,Female,26-35,Other
U1570,P02259,A0533,0.39392245,0,8,Female,26-35,Other
U1571,P03032,A1346,0.75861853,0,1,Male,26-35,Hyderabad
U1571,P01500,A0290,0.7358415,0,2,Male,26-35,Hyderabad
U1571,P02598,A0522,0.7342352,1,3,Male,26-35,Hyderabad
U1571,P04450,A1293,0.5202492,0,4,Male,26-35,Hyderabad
U1571,P00698,A1046,0.44134462,0,5,Male,26-35,Hyderabad
U1571,P01758,A1234,0.4106715,1,6,Male,26-35,Hyderabad
U1571,P00273,A1987,0.30892137,0,7,Male,26-35,Hyderabad
U1573,P02233,A0580,0.73241585,0,1,Male,26-35,Mumbai
U1573,P01595,A1656,0.6790608,1,2,Male,26-35,Mumbai
U1573,P02861,A1783,0.6628832,1,3,Male,26-35,Mumbai
U1573,P03134,A1725,0.6316231,1,4,Male,26-35,Mumbai
U1573,P00733,A0546,0.61513823,1,5,Male,26-35,Mumbai
U1573,P03944,A0630,0.5589891,1,6,Male,26-35,Mumbai
U1573,P03188,A1255,0.553118,1,7,Male,26-35,Mumbai
U1573,P04056,A0970,0.5384271,1,8,Male,26-35,Mumbai
U1573,P00257,A1061,0.5189403,0,9,Male,26-35,Mumbai
U1573,P01118,A0741,0.47912169,0,10,Male,26-35,Mumbai
U1574,P00974,A0473,0.7233453,1,1,Male,46-55,Bengaluru
U1574,P02590,A1527,0.67939293,1,2,Male,46-55,Bengaluru
U1574,P02805,A1678,0.63079244,0,3,Male,46-55,Bengaluru
U1574,P02127,A0325,0.62680537,1,4,Male,46-55,Bengaluru
U1574,P01797,A0633,0.5816702,1,5,Male,46-55,Bengaluru
U1574,P00324,A1957,0.45175764,1,6,Male,46-55,Bengaluru
U1574,P01472,A1495,0.38469812,0,7,Male,46-55,Bengaluru
U1599,P02650,A0611,0.830469,1,1,Male,36-45,Bengaluru
U1599,P03602,A0525,0.8186043,1,2,Male,36-45,Bengaluru
U1599,P01642,A1121,0.8118251,1,3,Male,36-45,Bengaluru
U1599,P00697,A1647,0.7158979,0,4,Male,36-45,Bengaluru
U1599,P03723,A0040,0.71550685,0,5,Male,36-45,Bengaluru
U1599,P00611,A0826,0.6816917,0,6,Male,36-45,Bengaluru
U1599,P02303,A0125,0.65911955,1,7,Male,36-45,Bengaluru
U1599,P03269,A0345,0.38685334,0,8,Male,36-45,Bengaluru
U1599,P03691,A1255,0.33612838,0,9,Male,36-45,Bengaluru
U1600,P03166,A0588,0.75080454,0,1,Male,18-25,Hyderabad
U1600,P02480,A1455,0.6835401,0,2,Male,18-25,Hyderabad
U1600,P02844,A1897,0.68162113,0,3,Male,18-25,Hyderabad
U1600,P02559,A0446,0.6693115,1,4,Male,18-25,Hyderabad
U1600,P02209,A0976,0.63531923,1,5,Male,18-25,Hyderabad
U1600,P01282,A1533,0.5787225,0,6,Male,18-25,Hyderabad
U1600,P04325,A1525,0.56603134,1,7,Male,18-25,Hyderabad
U1600,P01250,A0096,0.54206735,0,8,Male,18-25,Hyderabad
U1600,P01043,A0558,0.5090702,0,9,Male,18-25,Hyderabad
U1600,P01984,A0441,0.49283677,0,10,Male,18-25,Hyderabad
U1603,P01582,A1629,0.69912964,0,1,Female,36-45,Pune
U1603,P03836,A1445,0.57568365,0,2,Female,36-45,Pune
U1603,P00190,A0786,0.5265936,0,3,Female,36-45,Pune
U1603,P00836,A0015,0.48393932,0,4,Female,36-45,Pune
U1603,P01594,A0830,0.46357527,0,5,Female,36-45,Pune
U1603,P04329,A1438,0.42641246,1,6,Female,36-45,Pune
U1603,P00113,A1510,0.3774774,0,7,Female,36-45,Pune
U1603,P01018,A1176,0.23559047,1,8,Female,36-45,Pune
U1603,P01484,A0640,0.15654151,0,9,Female,36-45,Pune
U1609,P02399,A0533,0.6615565,0,1,Male,26-35,Bengaluru
U1609,P00652,A0311,0.63471895,1,2,Male,26-35,Bengaluru
U1609,P01824,A0713,0.47800374,0,3,Male,26-35,Bengaluru
U1609,P03060,A1704,0.43074566,1,4,Male,26-35,Bengaluru
U1609,P00593,A0518,0.42672202,1,5,Male,26-35,Bengaluru
U1609,P03624,A1410,0.37631354,0,6,Male,26-35,Bengaluru
U1609,P04124,A1197,0.36777848,0,7,Male,26-35,Bengaluru
U1610,P01883,A0237,0.7010725,1,1,Female,26-35,Other
U1610,P03815,A1617,0.6827984,0,2,Female,26-35,Other
U1610,P00119,A1236,0.6292405,0,3,Female,26-35,Other
U1610,P01693,A1748,0.5596097,1,4,Female,26-35,Other
U1610,P01993,A1399,0.54623395,1,5,Female,26-35,Other
U1610,P02836,A0756,0.5379695,1,6,Female,26-35,Other
U1610,P02426,A1125,0.5321462,1,7,Female,26-35,Other
U1610,P00153,A1583,0.48824582,1,8,Female,26-35,Other
U1610,P03091,A1785,0.4297876,1,9,Female,26-35,Other
U1610,P01472,A0790,0.36322963,0,10,Female,26-35,Other
U1612,P01964,A1506,0.7646869,1,1,Male,36-45,Chennai
U1612,P02254,A0282,0.50215375,0,2,Male,36-45,Chennai
U1612,P00040,A1632,0.45792276,1,3,Male,36-45,Chennai
U1612,P02417,A1070,0.4487078,1,4,Male,36-45,Chennai
U1612,P01485,A0424,0.4337295,1,5,Male,36-45,Chennai
U1613,P02104,A0880,0.78371406,0,1,Female,36-45,Hyderabad
U1613,P00328,A0896,0.63900524,1,2,Female,36-45,Hyderabad
U1613,P03435,A0968,0.5570137,1,3,Female,36-45,Hyderabad
U1613,P02102,A1029,0.540764,1,4,Female,36-45,Hyderabad
U1613,P01173,A1160,0.46819142,1,5,Female,36-45,Hyderabad
U1614,P04579,A1855,0.7871397,1,1,Male,26-35,Bengaluru
U1614,P00154,A1518,0.7056925,1,2,Male,26-35,Bengaluru
U1614,P04547,A0458,0.4777378,1,3,Male,26-35,Bengaluru
U1614,P02752,A1566,0.43816516,1,4,Male,26-35,Bengaluru
U1614,P01367,A0421,0.42744517,0,5,Male,26-35,Bengaluru
U1614,P00930,A0632,0.27063614,1,6,Male,26-35,Bengaluru
U1614,P02605,A0118,0.2283271,0,7,Male,26-35,Bengaluru
U1617,P01274,A0683,0.6961964,1,1,Male,18-25,Delhi
U1617,P04099,A0591,0.67272604,0,2,Male,18-25,Delhi
U1617,P04211,A0208,0.5858032,1,3,Male,18-25,Delhi
U1617,P04364,A1504,0.573975,0,4,Male,18-25,Delhi
U1617,P04549,A1129,0.52068084,1,5,Male,18-25,Delhi
U1617,P03829,A0668,0.2507907,1,6,Male,18-25,Delhi
U1629,P02061,A1487,0.7520856,1,1,Male,18-25,Mumbai
U1629,P04917,A0774,0.72051173,1,2,Male,18-25,Mumbai
U1629,P01103,A0664,0.6592677,1,3,Male,18-25,Mumbai
U1629,P00284,A0856,0.64358443,1,4,Male,18-25,Mumbai
U1629,P01414,A1072,0.5956832,1,5,Male,18-25,Mumbai
U1629,P02838,A1074,0.59538186,0,6,Male,18-25,Mumbai
U1629,P02297,A0809,0.46538255,1,7,Male,18-25,Mumbai
U1629,P03100,A0380,0.3617256,0,8,Male,18-25,Mumbai
U1629,P01258,A1134,0.36114666,1,9,Male,18-25,Mumbai
U1629,P01107,A1058,0.30143788,0,10,Male,18-25,Mumbai
U1637,P03506,A1739,0.7496107,0,1,Male,26-35,Pune
U1637,P00668,A1809,0.72533566,1,2,Male,26-35,Pune
U1637,P04047,A1456,0.66484576,1,3,Male,26-35,Pune
U1637,P00760,A1449,0.63211083,1,4,Male,26-35,Pune
U1637,P04650,A0111,0.62283653,1,5,Male,26-35,Pune
U1637,P02188,A1112,0.50649834,0,6,Male,26-35,Pune
U1637,P01857,A1397,0.25941867,1,7,Male,26-35,Pune
U1638,P01332,A1864,0.7161362,1,1,Female,46-55,Other
U1638,P01427,A0827,0.71125114,0,2,Female,46-55,Other
U1638,P03866,A1901,0.48558113,1,3,Female,46-55,Other
U1638,P02832,A0927,0.47342393,1,4,Female,46-55,Other
U1638,P04088,A1546,0.4581207,0,5,Female,46-55,Other
U1638,P03848,A1912,0.38117027,1,6,Female,46-55,Other
U1638,P02971,A1191,0.2977219,0,7,Female,46-55,Other
U1644,P04804,A0541,0.6732852,1,1,Male,18-25,Chennai
U1644,P04364,A1815,0.62732893,0,2,Male,18-25,Chennai
U1644,P04275,A1009,0.6010591,1,3,Male,18-25,Chennai
U1644,P01185,A0337,0.5994952,0,4,Male,18-25,Chennai
U1644,P00043,A1708,0.5916602,1,5,Male,18-25,Chennai
U1644,P02108,A1127,0.539893,0,6,Male,18-25,Chennai
U1644,P03388,A0604,0.4575948,0,7,Male,18-25,Chennai
U1644,P04612,A1535,0.31823188,0,8,Male,18-25,Chennai
U1644,P01950,A0139,0.28536272,0,9,Male,18-25,Chennai
U1647,P01603,A0206,0.76155597,0,1,Female,26-35,Mumbai
U1647,P01932,A0670,0.6832172,1,2,Female,26-35,Mumbai
U1647,P01985,A0079,0.5701038,1,3,Female,26-35,Mumbai
U1647,P01034,A1939,0.53682685,0,4,Female,26-35,Mumbai
U1647,P04312,A1141,0.48444438,0,5,Female,26-35,Mumbai
U1647,P01630,A1127,0.48215654,0,6,Female,26-35,Mumbai
U1647,P01580,A0554,0.41212022,0,7,Female,26-35,Mumbai
U1647,P01116,A1402,0.27834898,0,8,Female,26-35,Mumbai
U1654,P00638,A1280,0.673581,1,1,Male,18-25,Mumbai
U1654,P04110,A1586,0.65210146,1,2,Male,18-25,Mumbai
U1654,P02550,A1079,0.65207213,1,3,Male,18-25,Mumbai
U1654,P02127,A1637,0.6172199,1,4,Male,18-25,Mumbai
U1654,P01273,A1909,0.49416837,0,5,Male,18-25,Mumbai
U1654,P03048,A0920,0.48044124,1,6,Male,18-25,Mumbai
U1654,P00707,A1709,0.35402116,0,7,Male,18-25,Mumbai
U1654,P04377,A0134,0.32072383,0,8,Male,18-25,Mumbai
U1654,P02650,A0704,0.30618092,0,9,Male,18-25,Mumbai
U1658,P00891,A1293,0.76699466,1,1,Male,46-55,Kolkata
U1658,P04317,A1816,0.68290234,1,2,Male,46-55,Kolkata
U1658,P01687,A0446,0.6712572,0,3,Male,46-55,Kolkata
U1658,P01630,A1199,0.6366638,1,4,Male,46-55,Kolkata
U1658,P04651,A0557,0.6009344,1,5,Male,46-55,Kolkata
U1658,P03100,A0825,0.57722896,0,6,Male,46-55,Kolkata
U1658,P00924,A0982,0.52780837,1,7,Male,46-55,Kolkata
U1658,P03126,A1954,0.45982972,1,8,Male,46-55,Kolkata
U1658,P04130,A1575,0.32123458,0,9,Male,46-55,Kolkata
U1658,P03955,A1779,0.2630306,1,10,Male,46-55,Kolkata
U1661,P00957,A1696,0.6559208,0,1,Female,18-25,Bengaluru
U1661,P02959,A1078,0.61868,1,2,Female,18-25,Bengaluru
U1661,P01038,A1875,0.5689172,0,3,Female,18-25,Bengaluru
U1661,P03515,A1833,0.5582905,1,4,Female,18-25,Bengaluru
U1661,P03077,A0370,0.5296614,1,5,Female,18-25,Bengaluru
U1661,P02908,A0154,0.51680374,0,6,Female,18-25,Bengaluru
U1661,P04464,A1862,0.41256118,0,7,Female,18-25,Bengaluru
U1661,P03410,A0653,0.39774683,0,8,Female,18-25,Bengaluru
U1661,P00115,A1592,0.34311616,1,9,Female,18-25,Bengaluru
U1681,P04858,A1469,0.6364681,0,1,Female,36-45,Other
U1681,P03013,A0004,0.61247385,0,2,Female,36-45,Other
U1681,P03052,A1175,0.5533441,0,3,Female,36-45,Other
U1681,P03461,A1559,0.49475858,1,4,Female,36-45,Other
U1681,P01057,A1373,0.48397684,0,5,Female,36-45,Other
U1681,P02913,A0347,0.41821253,0,6,Female,36-45,Other
U1681,P04160,A0190,0.39462668,0,7,Female,36-45,Other
U1681,P01675,A1768,0.35173124,1,8,Female,36-45,Other
U1681,P04234,A0677,0.3286685,0,9,Female,36-45,Other
U1681,P00748,A0788,0.30097649,1,10,Female,36-45,Other
U1684,P02216,A0576,0.65257126,1,1,Female,26-35,Ahmedabad
U1684,P02557,A0796,0.6522396,1,2,Female,26-35,Ahmedabad
U1684,P02739,A0925,0.58994883,0,3,Female,26-35,Ahmedabad
U1684,P00479,A0581,0.46491957,0,4,Female,26-35,Ahmedabad
U1684,P03644,A0320,0.4354188,1,5,Female,26-35,Ahmedabad
U1684,P03940,A1069,0.2885603,0,6,Female,26-35,Ahmedabad
U1684,P02332,A1884,0.19079104,0,7,Female,26-35,Ahmedabad
U1684,P02410,A0500,0.18198226,0,8,Female,26-35,Ahmedabad
U1684,P04057,A1381,0.0984028,0,9,Female,26-35,Ahmedabad
U1686,P01571,A0176,0.63419205,1,1,Male,18-25,Ahmedabad
U1686,P02714,A1953,0.6227008,1,2,Male,18-25,Ahmedabad
U1686,P01178,A0464,0.5934464,1,3,Male,18-25,Ahmedabad
U1686,P01925,A0069,0.59147733,1,4,Male,18-25,Ahmedabad
U1686,P02433,A1548,0.51611507,0,5,Male,18-25,Ahmedabad
U1686,P00812,A0983,0.4182892,0,6,Male,18-25,Ahmedabad
U1686,P04992,A1785,0.40398657,1,7,Male,18-25,Ahmedabad
U1686,P03329,A0916,0.3905724,0,8,Male,18-25,Ahmedabad
U1686,P02676,A1218,0.38412046,0,9,Male,18-25,Ahmedabad
U1687,P02934,A1898,0.8157389,1,1,Male,26-35,Pune
U1687,P01269,A1590,0.77317524,1,2,Male,26-35,Pune
U1687,P02745,A1608,0.7605324,0,3,Male,26-35,Pune
U1687,P03319,A1009,0.67777693,1,4,Male,26-35,Pune
U1687,P03974,A1796,0.6693311,1,5,Male,26-35,Pune
U1687,P04168,A1705,0.64210564,1,6,Male,26-35,Pune
U1687,P04499,A0725,0.6192704,1,7,Male,26-35,Pune
U1687,P04842,A1895,0.6030387,0,8,Male,26-35,Pune
U1687,P04168,A0367,0.59963363,0,9,Male,26-35,Pune
U1687,P00094,A1652,0.5545512,0,10,Male,26-35,Pune
U1688,P00480,A0310,0.6976074,1,1,Male,26-35,Chennai
U1688,P03890,A0698,0.6890649,1,2,Male,26-35,Chennai
U1688,P03752,A0592,0.65418994,1,3,Male,26-35,Chennai
U1688,P03478,A0500,0.6331321,1,4,Male,26-35,Chennai
U1688,P04647,A1548,0.6183123,0,5,Male,26-35,Chennai
U1688,P04483,A0994,0.61278343,0,6,Male,26-35,Chennai
U1688,P04313,A0349,0.5926616,1,7,Male,26-35,Chennai
U1688,P02523,A1188,0.5306877,0,8,Male,26-35,Chennai
U1688,P03848,A1542,0.45432943,0,9,Male,26-35,Chennai
U1688,P03522,A0007,0.4023077,0,10,Male,26-35,Chennai
U1689,P03772,A0735,0.755165,1,1,Female,26-35,Bengaluru
U1689,P04514,A1484,0.7393185,1,2,Female,26-35,Bengaluru
U1689,P00942,A1328,0.64919657,0,3,Female,26-35,Bengaluru
U1689,P01331,A0720,0.6337414,1,4,Female,26-35,Bengaluru
U1689,P03154,A0290,0.59028685,0,5,Female,26-35,Bengaluru
U1689,P00252,A1608,0.56281906,0,6,Female,26-35,Bengaluru
U1689,P02704,A0732,0.45930135,1,7,Female,26-35,Bengaluru
U1689,P02540,A1627,0.44541186,0,8,Female,26-35,Bengaluru
U1689,P03704,A0724,0.33385736,1,9,Female,26-35,Bengaluru
U1689,P00217,A1959,0.31066442,1,10,Female,26-35,Bengaluru
U1700,P01875,A1302,0.66270024,1,1,Female,36-45,Hyderabad
U1700,P02130,A1198,0.6611469,1,2,Female,36-45,Hyderabad
U1700,P01073,A0180,0.63867086,0,3,Female,36-45,Hyderabad
U1700,P03226,A1916,0.6097611,0,4,Female,36-45,Hyderabad
U1700,P04110,A0396,0.53410584,1,5,Female,36-45,Hyderabad
U1700,P04381,A0726,0.47346827,0,6,Female,36-45,Hyderabad
U1700,P02210,A1862,0.2616577,1,7,Female,36-45,Hyderabad
U1712,P02752,A1028,0.7714967,1,1,Male,26-35,Kolkata
U1712,P04036,A1566,0.74363005,1,2,Male,26-35,Kolkata
U1712,P02911,A1277,0.7247202,0,3,Male,26-35,Kolkata
U1712,P04428,A1716,0.69912696,1,4,Male,26-35,Kolkata
U1712,P00850,A1259,0.699004,1,5,Male,26-35,Kolkata
U1712,P03722,A0868,0.6561533,0,6,Male,26-35,Kolkata
U1712,P03079,A0607,0.6442034,0,7,Male,26-35,Kolkata
U1712,P04340,A1131,0.5957436,1,8,Male,26-35,Kolkata
U1712,P01870,A0917,0.5262551,1,9,Male,26-35,Kolkata
U1712,P02462,A1230,0.39484042,0,10,Male,26-35,Kolkata
U1713,P00633,A1869,0.80624026,0,1,Female,56+,Bengaluru
U1713,P02503,A0587,0.7601918,1,2,Female,56+,Bengaluru
U1713,P04702,A1990,0.7154689,0,3,Female,56+,Bengaluru
U1713,P01604,A0307,0.7142843,1,4,Female,56+,Bengaluru
U1713,P03841,A1173,0.6846865,1,5,Female,56+,Bengaluru
U1713,P03875,A0563,0.65063596,1,6,Female,56+,Bengaluru
U1713,P01741,A0158,0.47028178,1,7,Female,56+,Bengaluru
U1713,P03695,A0992,0.44748843,0,8,Female,56+,Bengaluru
U1713,P03583,A1528,0.4426423,0,9,Female,56+,Bengaluru
U1713,P04809,A0862,0.4285636,0,10,Female,56+,Bengaluru
U1718,P02253,A0219,0.72797203,1,1,Female,26-35,Ahmedabad
U1718,P02827,A1245,0.68316954,0,2,Female,26-35,Ahmedabad
U1718,P02456,A1163,0.6589274,1,3,Female,26-35,Ahmedabad
U1718,P04516,A1173,0.6521099,1,4,Female,26-35,Ahmedabad
U1718,P04102,A0817,0.6450915,0,5,Female,26-35,Ahmedabad
U1718,P02470,A1638,0.614972,1,6,Female,26-35,Ahmedabad
U1718,P01776,A0057,0.6132701,0,7,Female,26-35,Ahmedabad
U1718,P04266,A0904,0.4846132,0,8,Female,26-35,Ahmedabad
U1718,P01388,A1461,0.43372297,1,9,Female,26-35,Ahmedabad
U1718,P04338,A0765,0.37880722,0,10,Female,26-35,Ahmedabad
U1719,P00286,A1923,0.85393167,0,1,Male,36-45,Kolkata
U1719,P04210,A1987,0.6214695,1,2,Male,36-45,Kolkata
U1719,P00174,A1267,0.50280464,1,3,Male,36-45,Kolkata
U1719,P01197,A1304,0.32843295,1,4,Male,36-45,Kolkata
U1719,P02499,A0354,0.28726143,1,5,Male,36-45,Kolkata
U1719,P04441,A0006,0.14986649,1,6,Male,36-45,Kolkata
U1731,P01152,A1512,0.7292054,1,1,Male,56+,Hyderabad
U1731,P00375,A1248,0.6021663,0,2,Male,56+,Hyderabad
U1731,P00489,A0241,0.57556665,1,3,Male,56+,Hyderabad
U1731,P00654,A1650,0.51925546,1,4,Male,56+,Hyderabad
U1731,P02094,A1213,0.49570704,0,5,Male,56+,Hyderabad
U1731,P04492,A1951,0.47359064,0,6,Male,56+,Hyderabad
U1731,P02606,A1314,0.44881043,0,7,Male,56+,Hyderabad
U1731,P02379,A0122,0.31488913,0,8,Male,56+,Hyderabad
U1732,P04939,A0578,0.81400925,1,1,Female,18-25,Bengaluru
U1732,P00479,A0087,0.77343106,0,2,Female,18-25,Bengaluru
U1732,P03764,A0521,0.67491585,1,3,Female,18-25,Bengaluru
U1732,P02097,A0917,0.6611704,0,4,Female,18-25,Bengaluru
U1732,P04523,A1039,0.57658124,1,5,Female,18-25,Bengaluru
U1732,P03808,A0321,0.51560736,1,6,Female,18-25,Bengaluru
U1732,P03839,A0683,0.47816718,1,7,Female,18-25,Bengaluru
U1732,P04323,A1203,0.36871168,1,8,Female,18-25,Bengaluru
U1732,P01369,A1873,0.35217074,1,9,Female,18-25,Bengaluru
U1732,P03869,A1041,0.35121468,0,10,Female,18-25,Bengaluru
U1734,P04627,A1636,0.7647286,0,1,Male,18-25,Delhi
U1734,P01225,A1267,0.67295164,1,2,Male,18-25,Delhi
U1734,P03694,A0719,0.66135645,1,3,Male,18-25,Delhi
U1734,P04839,A1069,0.6534019,0,4,Male,18-25,Delhi
U1734,P03884,A0497,0.64262176,1,5,Male,18-25,Delhi
U1734,P01512,A1261,0.62478155,0,6,Male,18-25,Delhi
U1734,P04383,A1001,0.59220576,0,7,Male,18-25,Delhi
U1734,P03230,A0143,0.58954036,0,8,Male,18-25,Delhi
U1734,P01423,A1758,0.54681593,0,9,Male,18-25,Delhi
U1734,P01533,A0562,0.50001407,1,10,Male,18-25,Delhi
U1743,P02311,A1780,0.703269,0,1,Female,18-25,Kolkata
U1743,P02183,A0691,0.69065064,1,2,Female,18-25,Kolkata
U1743,P04633,A0011,0.6766678,1,3,Female,18-25,Kolkata
U1743,P04295,A1497,0.59062153,1,4,Female,18-25,Kolkata
U1743,P00825,A0834,0.58318776,0,5,Female,18-25,Kolkata
U1743,P04502,A1288,0.51839924,1,6,Female,18-25,Kolkata
U1743,P00832,A0416,0.465785,0,7,Female,18-25,Kolkata
U1743,P02223,A0115,0.45070806,0,8,Female,18-25,Kolkata
U1743,P03130,A1691,0.31817093,0,9,Female,18-25,Kolkata
U1743,P02290,A0006,0.18165179,0,10,Female,18-25,Kolkata
U1760,P03187,A0429,0.82843673,1,1,Female,46-55,Pune
U1760,P02279,A0819,0.6832393,1,2,Female,46-55,Pune
U1760,P00175,A0971,0.6498275,1,3,Female,46-55,Pune
U1760,P00546,A0181,0.622351,1,4,Female,46-55,Pune
U1760,P04436,A1251,0.5802776,0,5,Female,46-55,Pune
U1760,P02437,A0237,0.5615348,0,6,Female,46-55,Pune
U1760,P02375,A1866,0.5400635,1,7,Female,46-55,Pune
U1760,P02510,A0519,0.50336057,1,8,Female,46-55,Pune
U1760,P04767,A1016,0.49874574,1,9,Female,46-55,Pune
U1760,P04995,A1344,0.48840666,1,10,Female,46-55,Pune
U1778,P00318,A1973,0.8510055,1,1,Male,26-35,Ahmedabad
U1778,P00967,A1537,0.70657516,1,2,Male,26-35,Ahmedabad
U1778,P01557,A0777,0.68612874,0,3,Male,26-35,Ahmedabad
U1778,P04814,A1693,0.6812123,0,4,Male,26-35,Ahmedabad
U1778,P04352,A1236,0.5490591,1,5,Male,26-35,Ahmedabad
U1778,P04361,A0375,0.5149463,1,6,Male,26-35,Ahmedabad
U1778,P03348,A1348,0.46642095,0,7,Male,26-35,Ahmedabad
U1778,P02056,A1324,0.39732733,0,8,Male,26-35,Ahmedabad
U1778,P04244,A0060,0.18960617,0,9,Male,26-35,Ahmedabad
U1785,P01172,A0638,0.77594686,0,1,Female,18-25,Bengaluru
U1785,P02011,A0086,0.60168535,1,2,Female,18-25,Bengaluru
U1785,P01269,A0806,0.46512002,1,3,Female,18-25,Bengaluru
U1785,P01750,A1291,0.44032213,0,4,Female,18-25,Bengaluru
U1785,P00201,A0137,0.41997245,1,5,Female,18-25,Bengaluru
U1785,P03159,A0020,0.28820804,0,6,Female,18-25,Bengaluru
U1785,P00985,A0907,0.26593637,1,7,Female,18-25,Bengaluru
U1796,P01814,A1903,0.67201406,0,1,Male,26-35,Chennai
U1796,P01550,A1129,0.6712574,1,2,Male,26-35,Chennai
U1796,P01099,A0334,0.6680517,0,3,Male,26-35,Chennai
U1796,P04240,A0616,0.6591166,0,4,Male,26-35,Chennai
U1796,P01382,A1850,0.56380314,1,5,Male,26-35,Chennai
U1796,P04778,A0902,0.54171044,1,6,Male,26-35,Chennai
U1796,P03718,A0073,0.5301678,1,7,Male,26-35,Chennai
U1796,P03051,A0085,0.51433605,1,8,Male,26-35,Chennai
U1796,P02567,A0334,0.50873625,0,9,Male,26-35,Chennai
U1796,P00370,A0632,0.4888962,1,10,Male,26-35,Chennai
U1801,P00662,A1716,0.7683359,1,1,Male,26-35,Delhi
U1801,P02814,A0750,0.6943644,1,2,Male,26-35,Delhi
U1801,P00659,A1116,0.6219578,1,3,Male,26-35,Delhi
U1801,P01080,A1996,0.608695,1,4,Male,26-35,Delhi
U1801,P01207,A1603,0.5922724,1,5,Male,26-35,Delhi
U1801,P00458,A1094,0.5585606,0,6,Male,26-35,Delhi
U1801,P01523,A0601,0.5502939,1,7,Male,26-35,Delhi
U1801,P04272,A1748,0.52049863,0,8,Male,26-35,Delhi
U1801,P03956,A0202,0.5025947,1,9,Male,26-35,Delhi
U1801,P03515,A0641,0.4858941,1,10,Male,26-35,Delhi
U1811,P03085,A0448,0.79769516,0,1,Male,18-25,Mumbai
U1811,P03273,A0851,0.73500586,0,2,Male,18-25,Mumbai
U1811,P01565,A0927,0.68160194,0,3,Male,18-25,Mumbai
U1811,P02525,A1176,0.63981175,0,4,Male,18-25,Mumbai
U1811,P00020,A1830,0.5534626,1,5,Male,18-25,Mumbai
U1811,P01377,A1478,0.53779364,0,6,Male,18-25,Mumbai
U1811,P00746,A1252,0.50274116,0,7,Male,18-25,Mumbai
U1811,P01108,A1614,0.34328917,0,8,Male,18-25,Mumbai
U1811,P01011,A0865,0.30921614,0,9,Male,18-25,Mumbai
U1811,P00238,A0138,0.29572544,0,10,Male,18-25,Mumbai
U1821,P02672,A1016,0.7456953,1,1,Female,46-55,Hyderabad
U1821,P03751,A0393,0.70433295,1,2,Female,46-55,Hyderabad
U1821,P01624,A1778,0.68934625,1,3,Female,46-55,Hyderabad
U1821,P04952,A1819,0.57971996,1,4,Female,46-55,Hyderabad
U1821,P01488,A1915,0.5725304,1,5,Female,46-55,Hyderabad
U1821,P04164,A0351,0.5584557,0,6,Female,46-55,Hyderabad
U1821,P01000,A1729,0.53611815,1,7,Female,46-55,Hyderabad
U1821,P00916,A1811,0.49798557,0,8,Female,46-55,Hyderabad
U1821,P04708,A0204,0.39914888,1,9,Female,46-55,Hyderabad
U1821,P04165,A0809,0.35545647,1,10,Female,46-55,Hyderabad
U1822,P03467,A1684,0.82677764,1,1,Male,26-35,Hyderabad
U1822,P04304,A1046,0.7468275,1,2,Male,26-35,Hyderabad
U1822,P02890,A0526,0.7208423,0,3,Male,26-35,Hyderabad
U1822,P01004,A1661,0.6341674,1,4,Male,26-35,Hyderabad
U1822,P04176,A1579,0.60175,1,5,Male,26-35,Hyderabad
U1822,P01125,A0295,0.5954336,0,6,Male,26-35,Hyderabad
U1822,P04031,A1020,0.38451907,0,7,Male,26-35,Hyderabad
U1822,P04237,A1961,0.3779432,1,8,Male,26-35,Hyderabad
U1822,P01568,A1057,0.2904671,1,9,Male,26-35,Hyderabad
U1822,P02842,A0162,0.22331913,1,10,Male,26-35,Hyderabad
U1832,P03113,A0737,0.6410731,1,1,Male,56+,Chennai
U1832,P03274,A1027,0.6006379,1,2,Male,56+,Chennai
U1832,P01001,A1835,0.5993712,1,3,Male,56+,Chennai
U1832,P02280,A1656,0.48569536,1,4,Male,56+,Chennai
U1832,P02824,A1582,0.33255863,0,5,Male,56+,Chennai
U1832,P03650,A1314,0.25530723,1,6,Male,56+,Chennai
U1832,P00346,A1186,0.22981788,0,7,Male,56+,Chennai
U1839,P04735,A1231,0.75800216,1,1,Male,36-45,Chennai
U1839,P04073,A1978,0.7532842,1,2,Male,36-45,Chennai
U1839,P04023,A1191,0.75211555,1,3,Male,36-45,Chennai
U1839,P00409,A0966,0.7455395,1,4,Male,36-45,Chennai
U1839,P04545,A0116,0.6870916,0,5,Male,36-45,Chennai
U1839,P03918,A0133,0.68310505,0,6,Male,36-45,Chennai
U1839,P01517,A0400,0.66295296,1,7,Male,36-45,Chennai
U1839,P02817,A1809,0.5873595,0,8,Male,36-45,Chennai
U1839,P00340,A0237,0.5703483,0,9,Male,36-45,Chennai
U1839,P02335,A0817,0.49309134,1,10,Male,36-45,Chennai
U1865,P03099,A0696,0.8490866,1,1,Female,36-45,Chennai
U1865,P00419,A0436,0.7817369,1,2,Female,36-45,Chennai
U1865,P01166,A1388,0.71081835,1,3,Female,36-45,Chennai
U1865,P04273,A1624,0.6427204,1,4,Female,36-45,Chennai
U1865,P02651,A1210,0.6371033,1,5,Female,36-45,Chennai
U1865,P03972,A0468,0.5653836,0,6,Female,36-45,Chennai
U1865,P02184,A1490,0.52042806,1,7,Female,36-45,Chennai
U1865,P00525,A0654,0.5190544,0,8,Female,36-45,Chennai
U1865,P04165,A1165,0.50062835,1,9,Female,36-45,Chennai
U1865,P02019,A0886,0.39970317,0,10,Female,36-45,Chennai
U1877,P03954,A0276,0.6748174,1,1,Male,18-25,Hyderabad
U1877,P00966,A1443,0.6184542,1,2,Male,18-25,Hyderabad
U1877,P00287,A1145,0.5895681,1,3,Male,18-25,Hyderabad
U1877,P03019,A1830,0.5591025,0,4,Male,18-25,Hyderabad
U1877,P03798,A0079,0.52267385,1,5,Male,18-25,Hyderabad
U1877,P00569,A0661,0.4800047,0,6,Male,18-25,Hyderabad
U1877,P04679,A0456,0.43763286,1,7,Male,18-25,Hyderabad
U1877,P02216,A0172,0.37801936,0,8,Male,18-25,Hyderabad
U1877,P00526,A0474,0.33743438,0,9,Male,18-25,Hyderabad
U1877,P02068,A1170,0.32949668,0,10,Male,18-25,Hyderabad
U1883,P04476,A0655,0.6885738,0,1,Female,26-35,Bengaluru
U1883,P02497,A0274,0.66513264,0,2,Female,26-35,Bengaluru
U1883,P01933,A1251,0.48308456,1,3,Female,26-35,Bengaluru
U1883,P03437,A0380,0.44651258,0,4,Female,26-35,Bengaluru
U1883,P01609,A0749,0.3890478,0,5,Female,26-35,Bengaluru
U1883,P00021,A0516,0.15228984,0,6,Female,26-35,Bengaluru
U1884,P02818,A0386,0.74855584,0,1,Male,36-45,Chennai
U1884,P02383,A1480,0.7378036,1,2,Male,36-45,Chennai
U1884,P02419,A0940,0.7233202,1,3,Male,36-45,Chennai
U1884,P00717,A0967,0.66271096,1,4,Male,36-45,Chennai
U1884,P04286,A1405,0.66160715,1,5,Male,36-45,Chennai
U1884,P01426,A0122,0.60170674,0,6,Male,36-45,Chennai
U1884,P04052,A1145,0.45746905,1,7,Male,36-45,Chennai
U1884,P01623,A1297,0.36793128,0,8,Male,36-45,Chennai
U1886,P01562,A1810,0.79083586,1,1,Female,26-35,Bengaluru
U1886,P04021,A1215,0.78228265,1,2,Female,26-35,Bengaluru
U1886,P04116,A1213,0.65019786,0,3,Female,26-35,Bengaluru
U1886,P01121,A0037,0.64581054,0,4,Female,26-35,Bengaluru
U1886,P00414,A0176,0.64062405,1,5,Female,26-35,Bengaluru
U1886,P01206,A0860,0.5812043,0,6,Female,26-35,Bengaluru
U1886,P01504,A0242,0.5751981,1,7,Female,26-35,Bengaluru
U1886,P03228,A1606,0.5620057,0,8,Female,26-35,Bengaluru
U1886,P03582,A1049,0.54874974,0,9,Female,26-35,Bengaluru
U1886,P04251,A1361,0.4965253,1,10,Female,26-35,Bengaluru
U1888,P01440,A0033,0.74065256,1,1,Female,18-25,Delhi
U1888,P00397,A0545,0.6927765,1,2,Female,18-25,Delhi
U1888,P03957,A1668,0.6886553,1,3,Female,18-25,Delhi
U1888,P01599,A0933,0.5977634,1,4,Female,18-25,Delhi
U1888,P00306,A0692,0.5689259,0,5,Female,18-25,Delhi
U1888,P04807,A1095,0.5476741,1,6,Female,18-25,Delhi
U1888,P01415,A0259,0.53982925,0,7,Female,18-25,Delhi
U1888,P00888,A0256,0.4786367,1,8,Female,18-25,Delhi
U1888,P02164,A0534,0.44564804,1,9,Female,18-25,Delhi
U1888,P04701,A0900,0.37005657,1,10,Female,18-25,Delhi
U1891,P00657,A1892,0.77092487,0,1,Male,18-25,Pune
U1891,P04531,A0376,0.65181637,1,2,Male,18-25,Pune
U1891,P00740,A0359,0.6356467,1,3,Male,18-25,Pune
U1891,P01837,A0506,0.5158937,1,4,Male,18-25,Pune
U1891,P01643,A0656,0.514687,1,5,Male,18-25,Pune
U1891,P04915,A0446,0.5000004,0,6,Male,18-25,Pune
U1891,P00212,A1029,0.427339,1,7,Male,18-25,Pune
U1891,P03956,A0406,0.41999975,0,8,Male,18-25,Pune
U1891,P01768,A1951,0.38771665,1,9,Male,18-25,Pune
U1891,P02686,A1757,0.36083704,0,10,Male,18-25,Pune
U1893,P02142,A0093,0.64233005,1,1,Male,26-35,Mumbai
U1893,P01328,A1278,0.6244403,1,2,Male,26-35,Mumbai
U1893,P02495,A0825,0.5864444,0,3,Male,26-35,Mumbai
U1893,P04601,A0488,0.5694402,1,4,Male,26-35,Mumbai
U1893,P04831,A0174,0.53045017,1,5,Male,26-35,Mumbai
U1893,P02787,A1147,0.4151435,0,6,Male,26-35,Mumbai
U1893,P03970,A0492,0.39159036,0,7,Male,26-35,Mumbai
U1900,P03038,A1019,0.7791467,1,1,Female,18-25,Delhi
U1900,P02227,A1753,0.7122577,1,2,Female,18-25,Delhi
U1900,P01149,A1517,0.65943795,1,3,Female,18-25,Delhi
U1900,P02626,A1046,0.59627146,0,4,Female,18-25,Delhi
U1900,P00135,A1880,0.509095,1,5,Female,18-25,Delhi
U1900,P04154,A1907,0.3433558,0,6,Female,18-25,Delhi
U1900,P04690,A0181,0.29802704,0,7,Female,18-25,Delhi
U1900,P04492,A0750,0.2603169,1,8,Female,18-25,Delhi
U1900,P03280,A0373,0.25080028,1,9,Female,18-25,Delhi
U1913,P02506,A1789,0.72480893,0,1,Male,46-55,Bengaluru
U1913,P00788,A0458,0.6480438,1,2,Male,46-55,Bengaluru
U1913,P03607,A1273,0.6183323,1,3,Male,46-55,Bengaluru
U1913,P03918,A1424,0.61260784,0,4,Male,46-55,Bengaluru
U1913,P04244,A1669,0.56523544,1,5,Male,46-55,Bengaluru
U1913,P02684,A1198,0.51801187,0,6,Male,46-55,Bengaluru
U1913,P02009,A0864,0.5142891,0,7,Male,46-55,Bengaluru
U1913,P01254,A0319,0.42641056,0,8,Male,46-55,Bengaluru
U1913,P01390,A1326,0.40140495,1,9,Male,46-55,Bengaluru
U1913,P03606,A1624,0.31614637,0,10,Male,46-55,Bengaluru
U1926,P03280,A0052,0.7007289,1,1,Male,18-25,Delhi
U1926,P01000,A1803,0.5908613,1,2,Male,18-25,Delhi
U1926,P00453,A0644,0.523494,1,3,Male,18-25,Delhi
U1932,P04469,A0910,0.78816724,1,1,Female,26-35,Pune
U1932,P02730,A1838,0.7073275,0,2,Female,26-35,Pune
U1932,P04872,A0048,0.6492298,0,3,Female,26-35,Pune
U1932,P04636,A1020,0.6115971,0,4,Female,26-35,Pune
U1932,P00832,A0247,0.55122936,0,5,Female,26-35,Pune
U1932,P02038,A1225,0.52993906,1,6,Female,26-35,Pune
U1932,P04126,A0609,0.50371933,1,7,Female,26-35,Pune
U1932,P03816,A0190,0.4571019,0,8,Female,26-35,Pune
U1932,P04420,A1723,0.40225932,1,9,Female,26-35,Pune
U1932,P00453,A1229,0.20966613,0,10,Female,26-35,Pune
U1936,P00341,A1770,0.824699,0,1,Male,18-25,Delhi
U1936,P00318,A0602,0.7896782,1,2,Male,18-25,Delhi
U1936,P04573,A1750,0.7035473,0,3,Male,18-25,Delhi
U1936,P00205,A1248,0.6168096,0,4,Male,18-25,Delhi
U1936,P04842,A0810,0.6019947,1,5,Male,18-25,Delhi
U1936,P01726,A1802,0.579166,0,6,Male,18-25,Delhi
U1936,P04689,A0148,0.5507579,1,7,Male,18-25,Delhi
U1936,P01755,A1885,0.43362457,1,8,Male,18-25,Delhi
U1936,P02034,A1251,0.39958873,1,9,Male,18-25,Delhi
U1936,P02911,A0989,0.26573667,0,10,Male,18-25,Delhi
U1942,P03260,A0376,0.8111561,0,1,Male,26-35,Bengaluru
U1942,P04058,A0680,0.70680535,1,2,Male,26-35,Bengaluru
U1942,P03234,A1986,0.66264796,0,3,Male,26-35,Bengaluru
U1942,P01420,A0242,0.6241452,1,4,Male,26-35,Bengaluru
U1942,P04012,A0967,0.61903393,0,5,Male,26-35,Bengaluru
U1942,P00088,A1334,0.6189624,1,6,Male,26-35,Bengaluru
U1942,P03374,A1837,0.6139721,0,7,Male,26-35,Bengaluru
U1942,P03996,A1974,0.607382,1,8,Male,26-35,Bengaluru
U1942,P03367,A1520,0.60386974,0,9,Male,26-35,Bengaluru
U1942,P01175,A0462,0.47539967,0,10,Male,26-35,Bengaluru
U1944,P00871,A1487,0.73548657,1,1,Female,18-25,Pune
U1944,P03517,A1306,0.6851984,1,2,Female,18-25,Pune
U1944,P02640,A0713,0.6800632,1,3,Female,18-25,Pune
U1944,P04135,A0556,0.59493595,1,4,Female,18-25,Pune
U1944,P03426,A1420,0.5396699,1,5,Female,18-25,Pune
U1944,P01704,A0348,0.48462284,1,6,Female,18-25,Pune
U1944,P03426,A0019,0.47321615,1,7,Female,18-25,Pune
U1944,P04103,A1918,0.36633587,0,8,Female,18-25,Pune
U1944,P00662,A0157,0.34419054,0,9,Female,18-25,Pune
U1944,P04306,A0530,0.309605,0,10,Female,18-25,Pune
U1965,P04167,A0153,0.79162157,1,1,Male,36-45,Mumbai
U1965,P04743,A1230,0.76061654,1,2,Male,36-45,Mumbai
U1965,P04475,A0196,0.7266626,1,3,Male,36-45,Mumbai
U1965,P00956,A0330,0.6693979,1,4,Male,36-45,Mumbai
U1965,P00964,A0690,0.6403706,1,5,Male,36-45,Mumbai
U1965,P04462,A1539,0.5968057,0,6,Male,36-45,Mumbai
U1965,P00134,A0796,0.4545674,1,7,Male,36-45,Mumbai
U1965,P00390,A0040,0.39475772,1,8,Male,36-45,Mumbai
U1965,P03308,A1980,0.3164586,1,9,Male,36-45,Mumbai
U1965,P01531,A1065,0.30504745,1,10,Male,36-45,Mumbai
U1974,P03363,A0908,0.675466,0,1,Female,26-35,Mumbai
U1974,P02430,A0527,0.6329044,1,2,Female,26-35,Mumbai
U1974,P03090,A1601,0.5808693,0,3,Female,26-35,Mumbai
U1974,P03029,A1453,0.4812898,1,4,Female,26-35,Mumbai
U1974,P03029,A1125,0.20977277,1,5,Female,26-35,Mumbai
U1985,P04626,A0713,0.67785275,1,1,Male,26-35,Kolkata
U1985,P04484,A1726,0.6534486,0,2,Male,26-35,Kolkata
U1985,P00904,A0252,0.6534337,0,3,Male,26-35,Kolkata
U1985,P03075,A1430,0.61572945,0,4,Male,26-35,Kolkata
U1985,P04297,A0331,0.59193313,1,5,Male,26-35,Kolkata
U1985,P02646,A0782,0.58573675,1,6,Male,26-35,Kolkata
U1985,P03636,A1925,0.55329996,1,7,Male,26-35,Kolkata
U1985,P03201,A0307,0.5027429,0,8,Male,26-35,Kolkata
U1985,P04762,A1258,0.42303848,1,9,Male,26-35,Kolkata
U1985,P00361,A1618,0.40970638,1,10,Male,26-35,Kolkata
U2000,P00872,A0236,0.8208679,1,1,Female,26-35,Other
U2000,P04192,A0572,0.6960126,0,2,Female,26-35,Other
U2000,P04264,A0747,0.65083456,1,3,Female,26-35,Other
U2000,P04775,A0465,0.540348,1,4,Female,26-35,Other
U2000,P04213,A0029,0.45078567,1,5,Female,26-35,Other
U2000,P01893,A0447,0.41279504,0,6,Female,26-35,Other
U2000,P03417,A0853,0.32118014,0,7,Female,26-35,Other
U2003,P02598,A0099,0.682963,1,1,Female,56+,Delhi
U2003,P02670,A1275,0.61016846,1,2,Female,56+,Delhi
U2003,P04549,A0382,0.5727152,1,3,Female,56+,Delhi
U2003,P00773,A1337,0.46150598,0,4,Female,56+,Delhi
U2006,P04739,A0865,0.6739983,1,1,Male,46-55,Chennai
U2006,P02744,A0029,0.6299299,0,2,Male,46-55,Chennai
U2006,P02869,A0439,0.61006445,1,3,Male,46-55,Chennai
U2006,P00516,A0474,0.51453304,0,4,Male,46-55,Chennai
U2006,P02529,A0404,0.49203047,1,5,Male,46-55,Chennai
U2006,P04758,A0512,0.42493907,0,6,Male,46-55,Chennai
U2006,P04872,A1945,0.3658856,1,7,Male,46-55,Chennai
U2006,P00442,A1807,0.1859871,0,8,Male,46-55,Chennai
U2022,P03094,A1530,0.7007778,1,1,Female,18-25,Delhi
U2022,P04023,A0677,0.62987524,1,2,Female,18-25,Delhi
U2022,P03254,A1034,0.6088124,1,3,Female,18-25,Delhi
U2022,P02333,A0316,0.5927854,0,4,Female,18-25,Delhi
U2022,P01769,A0819,0.57865924,1,5,Female,18-25,Delhi
U2022,P04096,A0853,0.5521688,1,6,Female,18-25,Delhi
U2022,P02904,A0589,0.3838993,1,7,Female,18-25,Delhi
U2022,P03909,A1110,0.36383238,1,8,Female,18-25,Delhi
U2022,P01469,A0302,0.28056684,0,9,Female,18-25,Delhi
U2026,P01029,A1747,0.83491933,1,1,Female,26-35,Pune
U2026,P04744,A1650,0.6663115,1,2,Female,26-35,Pune
U2026,P00577,A0416,0.657356,0,3,Female,26-35,Pune
U2026,P02277,A0859,0.6416917,1,4,Female,26-35,Pune
U2026,P00978,A0718,0.5795276,1,5,Female,26-35,Pune
U2026,P01590,A0115,0.47915557,0,6,Female,26-35,Pune
U2026,P03894,A0525,0.46986163,1,7,Female,26-35,Pune
U2026,P02632,A0519,0.38659596,1,8,Female,26-35,Pune
U2026,P04333,A1524,0.3637834,0,9,Female,26-35,Pune
U2026,P03036,A0803,0.34413552,1,10,Female,26-35,Pune
U2033,P02176,A0772,0.6772129,0,1,Male,26-35,Pune
U2033,P02717,A0275,0.626138,1,2,Male,26-35,Pune
U2033,P02402,A0621,0.55877995,1,3,Male,26-35,Pune
U2033,P03772,A1425,0.50854087,0,4,Male,26-35,Pune
U2033,P01281,A1506,0.43957314,1,5,Male,26-35,Pune
U2033,P02676,A0839,0.36501572,0,6,Male,26-35,Pune
U2033,P00701,A1028,0.33967912,0,7,Male,26-35,Pune
U2033,P03028,A1354,0.33253056,1,8,Male,26-35,Pune
U2033,P01877,A1500,0.2290581,0,9,Male,26-35,Pune
U2033,P01267,A1620,0.21040824,1,10,Male,26-35,Pune
U2034,P02693,A1926,0.744655,1,1,Male,26-35,Bengaluru
U2034,P01269,A0137,0.60330975,0,2,Male,26-35,Bengaluru
U2034,P00281,A1306,0.5557529,1,3,Male,26-35,Bengaluru
U2034,P01677,A1329,0.50011677,0,4,Male,26-35,Bengaluru
U2034,P00902,A0268,0.4952942,1,5,Male,26-35,Bengaluru
U2034,P04032,A1063,0.42939547,1,6,Male,26-35,Bengaluru
U2034,P02660,A1747,0.42346776,0,7,Male,26-35,Bengaluru
U2034,P04550,A0943,0.4165181,0,8,Male,26-35,Bengaluru
U2034,P04106,A0417,0.17990702,0,9,Male,26-35,Bengaluru
U2034,P02400,A0744,0.16615385,0,10,Male,26-35,Bengaluru
U2064,P00464,A1685,0.7444397,1,1,Male,18-25,Kolkata
U2064,P04798,A1205,0.6940815,1,2,Male,18-25,Kolkata
U2064,P00126,A1549,0.6103873,1,3,Male,18-25,Kolkata
U2064,P01562,A0333,0.54478335,0,4,Male,18-25,Kolkata
U2064,P03369,A0512,0.5371804,0,5,Male,18-25,Kolkata
U2064,P04310,A1468,0.315645,0,6,Male,18-25,Kolkata
U2065,P00104,A1623,0.61856264,1,1,Female,26-35,Other
U2065,P02810,A0010,0.5885285,1,2,Female,26-35,Other
U2065,P04136,A1181,0.572089,1,3,Female,26-35,Other
U2065,P00109,A1567,0.5464977,0,4,Female,26-35,Other
U2065,P00398,A1692,0.46651563,1,5,Female,26-35,Other
U2065,P02467,A1647,0.43981698,0,6,Female,26-35,Other
U2065,P03666,A0545,0.3991454,0,7,Female,26-35,Other
U2065,P03027,A0767,0.36951447,0,8,Female,26-35,Other
U2065,P02477,A1869,0.36116937,0,9,Female,26-35,Other
U2065,P02285,A0965,0.19438726,0,10,Female,26-35,Other
U2068,P00395,A0971,0.6752122,0,1,Male,56+,Bengaluru
U2068,P03857,A0266,0.6249188,1,2,Male,56+,Bengaluru
U2068,P01289,A1852,0.5619777,0,3,Male,56+,Bengaluru
U2068,P03455,A0992,0.4981199,1,4,Male,56+,Bengaluru
U2068,P03308,A0920,0.20855448,1,5,Male,56+,Bengaluru
U2073,P04135,A1377,0.754711,1,1,Male,18-25,Delhi
U2073,P02727,A0202,0.73311955,0,2,Male,18-25,Delhi
U2073,P02049,A1971,0.7119502,0,3,Male,18-25,Delhi
U2073,P01067,A0662,0.6974454,0,4,Male,18-25,Delhi
U2073,P00273,A0358,0.66729414,1,5,Male,18-25,Delhi
U2073,P03584,A1450,0.58791435,0,6,Male,18-25,Delhi
U2073,P03515,A1023,0.5301688,0,7,Male,18-25,Delhi
U2073,P03218,A0578,0.4533674,1,8,Male,18-25,Delhi
U2073,P02150,A0777,0.38167796,1,9,Male,18-25,Delhi
U2073,P00054,A0823,0.26946956,0,10,Male,18-25,Delhi
U2092,P04776,A0143,0.75571114,1,1,Female,46-55,Mumbai
U2092,P02758,A0531,0.73475766,1,2,Female,46-55,Mumbai
U2092,P04341,A0814,0.6996009,1,3,Female,46-55,Mumbai
U2092,P00073,A1604,0.6799448,1,4,Female,46-55,Mumbai
U2092,P00574,A0786,0.6474211,1,5,Female,46-55,Mumbai
U2092,P01920,A1715,0.6250524,1,6,Female,46-55,Mumbai
U2092,P04301,A0267,0.5630247,1,7,Female,46-55,Mumbai
U2092,P03817,A1469,0.5341725,1,8,Female,46-55,Mumbai
U2092,P00964,A0848,0.4365347,0,9,Female,46-55,Mumbai
U2092,P02079,A0001,0.33321685,0,10,Female,46-55,Mumbai
U2124,P02206,A0104,0.5580742,0,1,Female,18-25,Delhi
U2124,P02986,A0713,0.55777866,1,2,Female,18-25,Delhi
U2124,P00878,A1805,0.47545582,0,3,Female,18-25,Delhi
U2124,P01787,A0255,0.40284485,1,4,Female,18-25,Delhi
U2124,P02978,A1396,0.3274065,1,5,Female,18-25,Delhi
U2124,P02252,A0746,0.32186213,0,6,Female,18-25,Delhi
U2126,P01696,A1096,0.77526873,1,1,Male,26-35,Bengaluru
U2126,P02458,A0776,0.6369955,1,2,Male,26-35,Bengaluru
U2126,P04677,A0018,0.56410193,1,3,Male,26-35,Bengaluru
U2126,P01338,A1834,0.5409875,0,4,Male,26-35,Bengaluru
U2126,P02917,A0108,0.33956826,0,5,Male,26-35,Bengaluru
U2135,P02678,A1135,0.7206837,1,1,Female,26-35,Delhi
U2135,P02380,A1203,0.6889901,1,2,Female,26-35,Delhi
U2135,P00629,A0659,0.67532635,0,3,Female,26-35,Delhi
U2135,P00887,A0957,0.6489685,0,4,Female,26-35,Delhi
U2135,P04735,A1071,0.618231,0,5,Female,26-35,Delhi
U2135,P00491,A1669,0.5576245,1,6,Female,26-35,Delhi
U2135,P02690,A1024,0.54429275,1,7,Female,26-35,Delhi
U2135,P02777,A0276,0.5175759,0,8,Female,26-35,Delhi
U2135,P04041,A1329,0.44267097,0,9,Female,26-35,Delhi
U2135,P03189,A1684,0.4286463,0,10,Female,26-35,Delhi
U2142,P01130,A0819,0.61029196,1,1,Female,26-35,Delhi
U2142,P00985,A1347,0.60381824,1,2,Female,26-35,Delhi
U2142,P02548,A1475,0.5825945,0,3,Female,26-35,Delhi
U2142,P00050,A0656,0.5431447,1,4,Female,26-35,Delhi
U2142,P03612,A0917,0.54166394,1,5,Female,26-35,Delhi
U2142,P01113,A1622,0.53389454,0,6,Female,26-35,Delhi
U2142,P04578,A1567,0.44898015,0,7,Female,26-35,Delhi
U2142,P03018,A0697,0.30817375,0,8,Female,26-35,Delhi
U2142,P02563,A1699,0.260158,0,9,Female,26-35,Delhi
U2146,P00335,A1997,0.73969287,0,1,Female,46-55,Hyderabad
U2146,P03062,A0831,0.65717804,1,2,Female,46-55,Hyderabad
U2146,P03528,A1230,0.470436,1,3,Female,46-55,Hyderabad
U2146,P02841,A1597,0.4524231,1,4,Female,46-55,Hyderabad
U2146,P03012,A1848,0.44630206,0,5,Female,46-55,Hyderabad
U2146,P03321,A1931,0.3305674,0,6,Female,46-55,Hyderabad
U2146,P02429,A0766,0.18377466,0,7,Female,46-55,Hyderabad
U2148,P02768,A0409,0.5745439,1,1,Male,56+,Delhi
U2148,P00224,A0677,0.523527,0,2,Male,56+,Delhi
U2148,P02834,A1169,0.27263355,0,3,Male,56+,Delhi
U2153,P00751,A1841,0.68224245,1,1,Male,36-45,Hyderabad
U2153,P04183,A0843,0.66286916,0,2,Male,36-45,Hyderabad
U2153,P03664,A1187,0.62150025,1,3,Male,36-45,Hyderabad
U2153,P01504,A1734,0.5924029,1,4,Male,36-45,Hyderabad
U2153,P01220,A1837,0.5887511,0,5,Male,36-45,Hyderabad
U2153,P03922,A1623,0.57458615,1,6,Male,36-45,Hyderabad
U2153,P00389,A0690,0.52996325,0,7,Male,36-45,Hyderabad
U2153,P03847,A0644,0.5197031,0,8,Male,36-45,Hyderabad
U2153,P03639,A0527,0.45511872,1,9,Male,36-45,Hyderabad
U2154,P01977,A1317,0.7638051,0,1,Male,36-45,Other
U2154,P02995,A1528,0.75834954,0,2,Male,36-45,Other
U2154,P00002,A0674,0.6946838,1,3,Male,36-45,Other
U2154,P02792,A0219,0.6634952,1,4,Male,36-45,Other
U2154,P01671,A0375,0.6281018,0,5,Male,36-45,Other
U2154,P00711,A0890,0.613045,1,6,Male,36-45,Other
U2154,P03075,A0352,0.53878826,1,7,Male,36-45,Other
U2154,P03674,A0631,0.4821785,1,8,Male,36-45,Other
U2154,P02698,A0133,0.47488692,1,9,Male,36-45,Other
U2154,P00812,A0628,0.4383634,1,10,Male,36-45,Other
U2158,P02886,A0441,0.73142093,1,1,Female,18-25,Delhi
U2158,P02075,A0771,0.65075976,0,2,Female,18-25,Delhi
U2158,P00579,A0484,0.5649165,0,3,Female,18-25,Delhi
U2158,P01202,A0640,0.53057885,1,4,Female,18-25,Delhi
U2158,P04419,A0306,0.52740246,1,5,Female,18-25,Delhi
U2158,P00903,A1184,0.4799262,1,6,Female,18-25,Delhi
U2158,P00923,A1355,0.4090095,0,7,Female,18-25,Delhi
U2158,P03193,A1905,0.39329123,0,8,Female,18-25,Delhi
U2158,P02332,A0112,0.3803404,1,9,Female,18-25,Delhi
U2158,P03331,A1837,0.27341864,1,10,Female,18-25,Delhi
U2160,P03270,A1307,0.70140314,1,1,Male,18-25,Bengaluru
U2160,P04039,A1629,0.69167,1,2,Male,18-25,Bengaluru
U2160,P00429,A0608,0.67638427,1,3,Male,18-25,Bengaluru
U2160,P04454,A1654,0.5508669,0,4,Male,18-25,Bengaluru
U2160,P01402,A0418,0.51797575,1,5,Male,18-25,Bengaluru
U2160,P04054,A0559,0.47306836,1,6,Male,18-25,Bengaluru
U2160,P03655,A0392,0.4566032,1,7,Male,18-25,Bengaluru
U2160,P01933,A0874,0.43575573,1,8,Male,18-25,Bengaluru
U2160,P03104,A1499,0.4055599,1,9,Male,18-25,Bengaluru
U2160,P01068,A1092,0.4029447,1,10,Male,18-25,Bengaluru
U2162,P00344,A0127,0.7486118,1,1,Female,18-25,Pune
U2162,P04304,A0281,0.6283241,0,2,Female,18-25,Pune
U2162,P01556,A0373,0.5804356,0,3,Female,18-25,Pune
U2162,P04763,A0531,0.5735167,0,4,Female,18-25,Pune
U2162,P00827,A1788,0.5503177,1,5,Female,18-25,Pune
U2162,P00284,A0272,0.5368226,1,6,Female,18-25,Pune
U2162,P00218,A0573,0.4857344,0,7,Female,18-25,Pune
U2162,P01828,A1525,0.27222803,0,8,Female,18-25,Pune
U2168,P00485,A0838,0.7938224,0,1,Female,26-35,Other
U2168,P04206,A0631,0.7749331,1,2,Female,26-35,Other
U2168,P01151,A0419,0.74973273,0,3,Female,26-35,Other
U2168,P04148,A1789,0.71071386,1,4,Female,26-35,Other
U2168,P02080,A0241,0.682748,0,5,Female,26-35,Other
U2168,P02775,A0425,0.6798855,1,6,Female,26-35,Other
U2168,P02033,A0250,0.65059674,1,7,Female,26-35,Other
U2168,P02163,A0385,0.6364105,0,8,Female,26-35,Other
U2168,P04470,A1024,0.6077314,1,9,Female,26-35,Other
U2168,P00360,A0187,0.5113079,0,10,Female,26-35,Other
U2171,P02965,A0889,0.74326515,1,1,Female,26-35,Other
U2171,P04562,A0667,0.7073372,1,2,Female,26-35,Other
U2171,P00212,A1790,0.704202,1,3,Female,26-35,Other
U2171,P02199,A1643,0.66523486,0,4,Female,26-35,Other
U2171,P00356,A1014,0.6403711,0,5,Female,26-35,Other
U2171,P02623,A0950,0.56928223,0,6,Female,26-35,Other
U2171,P04913,A0793,0.5551201,0,7,Female,26-35,Other
U2171,P00585,A0745,0.43685043,1,8,Female,26-35,Other
U2171,P03765,A0013,0.4352046,0,9,Female,26-35,Other
U2171,P03171,A1473,0.39086804,0,10,Female,26-35,Other
U2196,P01805,A1661,0.72659826,0,1,Female,36-45,Pune
U2196,P02398,A1642,0.6355301,1,2,Female,36-45,Pune
U2196,P03630,A0104,0.60692227,0,3,Female,36-45,Pune
U2196,P03353,A0803,0.5999449,1,4,Female,36-45,Pune
U2196,P03712,A1841,0.5982726,1,5,Female,36-45,Pune
U2196,P00467,A0691,0.5838679,1,6,Female,36-45,Pune
U2196,P02395,A0790,0.5672443,0,7,Female,36-45,Pune
U2196,P01778,A0400,0.55683243,1,8,Female,36-45,Pune
U2196,P04421,A0478,0.5231483,0,9,Female,36-45,Pune
U2196,P01359,A0833,0.47342533,0,10,Female,36-45,Pune
U2202,P01395,A1944,0.59460837,0,1,Male,46-55,Other
U2202,P01943,A1421,0.562316,1,2,Male,46-55,Other
U2202,P03570,A1585,0.5423304,1,3,Male,46-55,Other
U2202,P01108,A1188,0.51778543,0,4,Male,46-55,Other
U2202,P01155,A1449,0.49091303,1,5,Male,46-55,Other
U2202,P01804,A1964,0.42696992,0,6,Male,46-55,Other
U2202,P03258,A1732,0.41984656,0,7,Male,46-55,Other
U2202,P02627,A1273,0.3502989,1,8,Male,46-55,Other
U2202,P04072,A0262,0.32287523,1,9,Male,46-55,Other
U2202,P00259,A1996,0.31688288,1,10,Male,46-55,Other
U2203,P04475,A0087,0.7817155,1,1,Male,46-55,Delhi
U2203,P03928,A1833,0.76801264,0,2,Male,46-55,Delhi
U2203,P01526,A0159,0.6803706,1,3,Male,46-55,Delhi
U2203,P04182,A1668,0.5431179,0,4,Male,46-55,Delhi
U2203,P03872,A1148,0.53663945,1,5,Male,46-55,Delhi
U2203,P03006,A1430,0.5008659,1,6,Male,46-55,Delhi
U2203,P00330,A0507,0.4789618,0,7,Male,46-55,Delhi
U2203,P00049,A1989,0.39029273,1,8,Male,46-55,Delhi
U2215,P04696,A0777,0.7300817,1,1,Male,46-55,Delhi
U2215,P01556,A0503,0.69163746,1,2,Male,46-55,Delhi
U2215,P00961,A1093,0.64537644,1,3,Male,46-55,Delhi
U2215,P02207,A0291,0.5448815,1,4,Male,46-55,Delhi
U2215,P01124,A0961,0.330176,0,5,Male,46-55,Delhi
U2219,P04901,A0717,0.65722406,1,1,Male,56+,Bengaluru
U2219,P01697,A1161,0.6178341,1,2,Male,56+,Bengaluru
U2219,P03855,A0278,0.40744075,0,3,Male,56+,Bengaluru
U2219,P01967,A1144,0.37649837,0,4,Male,56+,Bengaluru
U2219,P00270,A0915,0.17410137,0,5,Male,56+,Bengaluru
U2220,P03860,A1849,0.8047446,0,1,Male,26-35,Kolkata
U2220,P04090,A1028,0.7411147,0,2,Male,26-35,Kolkata
U2220,P01466,A0282,0.71737236,0,3,Male,26-35,Kolkata
U2220,P03439,A0854,0.6859894,1,4,Male,26-35,Kolkata
U2220,P04647,A1256,0.6588713,1,5,Male,26-35,Kolkata
U2220,P02760,A0160,0.5172632,0,6,Male,26-35,Kolkata
U2220,P04446,A0938,0.5116783,0,7,Male,26-35,Kolkata
U2220,P03230,A0522,0.44276524,1,8,Male,26-35,Kolkata
U2220,P03767,A1659,0.41809887,0,9,Male,26-35,Kolkata
U2220,P01570,A1796,0.3491808,0,10,Male,26-35,Kolkata
U2221,P00144,A1562,0.6804206,1,1,Male,26-35,Bengaluru
U2221,P00159,A1809,0.65340114,0,2,Male,26-35,Bengaluru
U2221,P03170,A1559,0.6042298,1,3,Male,26-35,Bengaluru
U2221,P04977,A0691,0.577237,1,4,Male,26-35,Bengaluru
U2221,P03252,A0178,0.5643153,1,5,Male,26-35,Bengaluru
U2221,P02077,A0292,0.56178,0,6,Male,26-35,Bengaluru
U2221,P01625,A1218,0.5266508,1,7,Male,26-35,Bengaluru
U2221,P04050,A0574,0.49684748,1,8,Male,26-35,Bengaluru
U2221,P02476,A1778,0.47679752,0,9,Male,26-35,Bengaluru
U2221,P01573,A0589,0.39548802,1,10,Male,26-35,Bengaluru
U2232,P00906,A0932,0.72461057,0,1,Female,36-45,Delhi
U2232,P00737,A0578,0.7103482,0,2,Female,36-45,Delhi
U2232,P01552,A1277,0.7001666,1,3,Female,36-45,Delhi
U2232,P02556,A1944,0.6569984,1,4,Female,36-45,Delhi
U2232,P04280,A1295,0.52462137,1,5,Female,36-45,Delhi
U2232,P01188,A0254,0.3821841,1,6,Female,36-45,Delhi
U2232,P00060,A0238,0.23215222,1,7,Female,36-45,Delhi
U2237,P04528,A1583,0.6639518,0,1,Male,18-25,Other
U2237,P01200,A0695,0.62427306,0,2,Male,18-25,Other
U2237,P02812,A1612,0.6201685,1,3,Male,18-25,Other
U2237,P01703,A0231,0.4255859,0,4,Male,18-25,Other
U2237,P01607,A1581,0.40478292,0,5,Male,18-25,Other
U2237,P03010,A1915,0.37291607,0,6,Male,18-25,Other
U2237,P02628,A1110,0.22829022,0,7,Male,18-25,Other
U2237,P01789,A0343,0.20316333,1,8,Male,18-25,Other
U2239,P03360,A1985,0.83200556,1,1,Male,26-35,Hyderabad
U2239,P02831,A0830,0.7763312,0,2,Male,26-35,Hyderabad
U2239,P00747,A0485,0.75910956,1,3,Male,26-35,Hyderabad
U2239,P02480,A0257,0.650762,1,4,Male,26-35,Hyderabad
U2239,P04051,A1914,0.5801947,0,5,Male,26-35,Hyderabad
U2239,P00589,A0941,0.57732856,0,6,Male,26-35,Hyderabad
U2239,P02993,A0892,0.48976976,1,7,Male,26-35,Hyderabad
U2239,P04419,A0104,0.4153571,1,8,Male,26-35,Hyderabad
U2239,P04265,A0129,0.41250956,0,9,Male,26-35,Hyderabad
U2245,P04648,A0497,0.6844902,0,1,Male,26-35,Other
U2245,P00481,A0944,0.5644718,1,2,Male,26-35,Other
U2245,P02550,A1814,0.54823226,1,3,Male,26-35,Other
U2245,P04182,A0255,0.5305794,0,4,Male,26-35,Other
U2245,P04647,A0865,0.5142737,0,5,Male,26-35,Other
U2245,P02676,A0190,0.42344457,0,6,Male,26-35,Other
U2245,P02088,A1628,0.3620185,1,7,Male,26-35,Other
U2245,P00778,A1876,0.34024784,0,8,Male,26-35,Other
U2248,P02287,A1073,0.7543746,0,1,Male,36-45,Mumbai
U2248,P00845,A0008,0.71985126,1,2,Male,36-45,Mumbai
U2248,P01583,A1639,0.6517089,1,3,Male,36-45,Mumbai
U2248,P00016,A0039,0.5807948,0,4,Male,36-45,Mumbai
U2248,P01855,A0233,0.5302842,0,5,Male,36-45,Mumbai
U2248,P02717,A1669,0.45252308,0,6,Male,36-45,Mumbai
U2248,P01517,A0247,0.4397738,1,7,Male,36-45,Mumbai
U2260,P00276,A1077,0.7299374,0,1,Male,26-35,Pune
U2260,P04053,A0960,0.67853546,1,2,Male,26-35,Pune
U2260,P04595,A1063,0.6052269,1,3,Male,26-35,Pune
U2260,P00415,A1988,0.59587866,1,4,Male,26-35,Pune
U2260,P04220,A1489,0.4263486,0,5,Male,26-35,Pune
U2260,P03447,A1304,0.27131823,1,6,Male,26-35,Pune
U2260,P02528,A0682,0.2386257,0,7,Male,26-35,Pune
U2265,P04423,A0298,0.67611885,1,1,Male,26-35,Hyderabad
U2265,P00142,A0559,0.61723864,1,2,Male,26-35,Hyderabad
U2265,P01660,A1595,0.6164946,0,3,Male,26-35,Hyderabad
U2265,P00323,A0230,0.61085325,1,4,Male,26-35,Hyderabad
U2265,P03641,A1706,0.54245526,0,5,Male,26-35,Hyderabad
U2265,P03628,A1825,0.36222136,0,6,Male,26-35,Hyderabad
U2265,P01302,A0948,0.26314518,0,7,Male,26-35,Hyderabad
U2265,P03112,A1329,0.23048663,0,8,Male,26-35,Hyderabad
U2267,P02398,A0503,0.7790995,1,1,Male,36-45,Other
U2267,P02998,A1116,0.75137866,0,2,Male,36-45,Other
U2267,P01315,A0426,0.71565044,1,3,Male,36-45,Other
U2267,P04853,A0020,0.69783974,1,4,Male,36-45,Other
U2267,P02277,A0727,0.68475205,0,5,Male,36-45,Other
U2267,P00056,A0320,0.63346225,0,6,Male,36-45,Other
U2267,P00919,A1470,0.58749795,0,7,Male,36-45,Other
U2267,P02703,A1001,0.5854167,1,8,Male,36-45,Other
U2267,P02087,A0203,0.569977,1,9,Male,36-45,Other
U2267,P00504,A0962,0.5577384,1,10,Male,36-45,Other
U2289,P00977,A1020,0.85659033,0,1,Male,18-25,Bengaluru
U2289,P01728,A1331,0.83996123,0,2,Male,18-25,Bengaluru
U2289,P03671,A1198,0.8377091,1,3,Male,18-25,Bengaluru
U2289,P03406,A1910,0.7714058,0,4,Male,18-25,Bengaluru
U2289,P01495,A0090,0.36210203,0,5,Male,18-25,Bengaluru
U2289,P03445,A1331,0.34946197,1,6,Male,18-25,Bengaluru
U2289,P02346,A1286,0.2473068,1,7,Male,18-25,Bengaluru
U2306,P02933,A0846,0.5743554,1,1,Female,26-35,Mumbai
U2306,P01326,A0287,0.49094212,0,2,Female,26-35,Mumbai
U2306,P03871,A0504,0.47152972,1,3,Female,26-35,Mumbai
U2306,P01710,A0917,0.4583179,0,4,Female,26-35,Mumbai
U2311,P00612,A0732,0.715204,1,1,Male,56+,Other
U2311,P03380,A1236,0.6907706,1,2,Male,56+,Other
U2311,P02117,A0697,0.65216166,1,3,Male,56+,Other
U2311,P03890,A1081,0.57004315,1,4,Male,56+,Other
U2311,P01363,A0782,0.5322406,0,5,Male,56+,Other
U2311,P01698,A0225,0.45568913,0,6,Male,56+,Other
U2311,P04299,A1198,0.4389003,0,7,Male,56+,Other
U2311,P00684,A1203,0.43841958,0,8,Male,56+,Other
U2311,P03883,A0006,0.37894917,0,9,Male,56+,Other
U2311,P04918,A1997,0.37435558,0,10,Male,56+,Other
U2313,P04783,A0684,0.76166505,1,1,Male,26-35,Mumbai
U2313,P02629,A1673,0.6632741,0,2,Male,26-35,Mumbai
U2313,P03560,A0571,0.64618015,1,3,Male,26-35,Mumbai
U2313,P03151,A1774,0.63402486,1,4,Male,26-35,Mumbai
U2313,P02554,A1079,0.59718776,1,5,Male,26-35,Mumbai
U2319,P04340,A0563,0.6890365,0,1,Male,26-35,Delhi
U2319,P01124,A0735,0.6738953,1,2,Male,26-35,Delhi
U2319,P00423,A1503,0.5744133,1,3,Male,26-35,Delhi
U2319,P02192,A0567,0.55899435,0,4,Male,26-35,Delhi
U2319,P04709,A1618,0.42286465,1,5,Male,26-35,Delhi
U2319,P02992,A0521,0.41323143,1,6,Male,26-35,Delhi
U2319,P00575,A0851,0.4077705,0,7,Male,26-35,Delhi
U2319,P01212,A1783,0.390336,0,8,Male,26-35,Delhi
U2319,P02574,A0676,0.33305955,0,9,Male,26-35,Delhi
U2319,P00546,A1893,0.2999215,1,10,Male,26-35,Delhi
U2320,P01369,A0549,0.7271295,1,1,Male,46-55,Bengaluru
U2320,P01300,A0721,0.70824164,1,2,Male,46-55,Bengaluru
U2320,P00653,A1692,0.6802997,0,3,Male,46-55,Bengaluru
U2320,P01721,A1497,0.65599686,1,4,Male,46-55,Bengaluru
U2320,P00132,A0231,0.61778486,0,5,Male,46-55,Bengaluru
U2320,P02265,A0795,0.6059231,1,6,Male,46-55,Bengaluru
U2320,P00020,A1665,0.6038434,1,7,Male,46-55,Bengaluru
U2320,P02322,A0342,0.6005679,0,8,Male,46-55,Bengaluru
U2320,P04435,A1673,0.57016724,1,9,Male,46-55,Bengaluru
U2320,P01405,A0082,0.5384736,1,10,Male,46-55,Bengaluru
U2323,P00271,A1831,0.7627134,0,1,Female,26-35,Mumbai
U2323,P02712,A0304,0.7090156,0,2,Female,26-35,Mumbai
U2323,P01998,A0134,0.53044385,1,3,Female,26-35,Mumbai
U2323,P03688,A0895,0.5105801,1,4,Female,26-35,Mumbai
U2323,P04561,A1228,0.44395027,1,5,Female,26-35,Mumbai
U2323,P00798,A0436,0.33298206,0,6,Female,26-35,Mumbai
U2323,P01213,A0943,0.20023905,1,7,Female,26-35,Mumbai
U2328,P00087,A0913,0.81818175,0,1,Female,18-25,Pune
U2328,P01693,A0455,0.72659606,1,2,Female,18-25,Pune
U2328,P00705,A0174,0.71803075,1,3,Female,18-25,Pune
U2328,P01380,A1570,0.699989,0,4,Female,18-25,Pune
U2328,P00556,A0182,0.68905246,1,5,Female,18-25,Pune
U2328,P01567,A0873,0.6536658,0,6,Female,18-25,Pune
U2328,P01756,A0921,0.60468566,0,7,Female,18-25,Pune
U2328,P04255,A0205,0.387461,0,8,Female,18-25,Pune
U2328,P04266,A0561,0.37139702,1,9,Female,18-25,Pune
U2328,P02097,A1405,0.29379955,0,10,Female,18-25,Pune
U2331,P02903,A0893,0.7388923,1,1,Female,26-35,Delhi
U2331,P01185,A1337,0.73371017,1,2,Female,26-35,Delhi
U2331,P04058,A0320,0.62985706,0,3,Female,26-35,Delhi
U2331,P01900,A0285,0.62290335,1,4,Female,26-35,Delhi
U2331,P01706,A0831,0.58570135,1,5,Female,26-35,Delhi
U2331,P01928,A1080,0.54601586,0,6,Female,26-35,Delhi
U2331,P02022,A1814,0.4938465,0,7,Female,26-35,Delhi
U2331,P02224,A1747,0.48881552,0,8,Female,26-35,Delhi
U2331,P01692,A0712,0.48138395,0,9,Female,26-35,Delhi
U2331,P00270,A0730,0.47935998,0,10,Female,26-35,Delhi
U2346,P02560,A1369,0.82283026,1,1,Male,18-25,Pune
U2346,P02436,A1328,0.7984956,1,2,Male,18-25,Pune
U2346,P01389,A0772,0.7713979,1,3,Male,18-25,Pune
U2346,P00959,A1287,0.6364803,0,4,Male,18-25,Pune
U2346,P03694,A0773,0.5105052,1,5,Male,18-25,Pune
U2346,P00665,A0663,0.50237113,0,6,Male,18-25,Pune
U2346,P03598,A1107,0.37902284,0,7,Male,18-25,Pune
U2346,P01324,A0085,0.23818813,0,8,Male,18-25,Pune
U2346,P00689,A1253,0.22081938,0,9,Male,18-25,Pune
U2348,P03695,A1201,0.8218305,1,1,Female,46-55,Mumbai
U2348,P00669,A0700,0.69284225,1,2,Female,46-55,Mumbai
U2348,P01530,A0583,0.6575822,1,3,Female,46-55,Mumbai
U2348,P02897,A0321,0.6280764,1,4,Female,46-55,Mumbai
U2348,P00888,A0104,0.61185205,1,5,Female,46-55,Mumbai
U2348,P01880,A1325,0.6115442,1,6,Female,46-55,Mumbai
U2348,P04607,A1022,0.6034627,1,7,Female,46-55,Mumbai
U2348,P00152,A1385,0.60151124,0,8,Female,46-55,Mumbai
U2348,P00734,A0033,0.55981934,1,9,Female,46-55,Mumbai
U2348,P03495,A1548,0.4881695,1,10,Female,46-55,Mumbai
U2365,P04624,A0916,0.669809,1,1,Female,36-45,Pune
U2365,P04156,A1797,0.5468714,1,2,Female,36-45,Pune
U2365,P01499,A0377,0.4565321,0,3,Female,36-45,Pune
U2365,P04543,A0408,0.44778267,1,4,Female,36-45,Pune
U2365,P01229,A0051,0.43385038,1,5,Female,36-45,Pune
U2365,P02374,A1748,0.4280898,0,6,Female,36-45,Pune
U2365,P00004,A1668,0.41029406,0,7,Female,36-45,Pune
U2365,P00226,A0082,0.35074887,1,8,Female,36-45,Pune
U2365,P01273,A0645,0.32603356,1,9,Female,36-45,Pune
U2365,P00949,A1955,0.26816195,0,10,Female,36-45,Pune
U2372,P01229,A1335,0.69910604,0,1,Female,26-35,Pune
U2372,P00664,A0302,0.59040725,1,2,Female,26-35,Pune
U2372,P01347,A1834,0.55883265,0,3,Female,26-35,Pune
U2372,P01288,A1578,0.5537388,1,4,Female,26-35,Pune
U2372,P04614,A0627,0.54965264,0,5,Female,26-35,Pune
U2372,P01968,A1398,0.5251189,1,6,Female,26-35,Pune
U2372,P03293,A1100,0.4819318,1,7,Female,26-35,Pune
U2372,P02795,A0276,0.4250654,0,8,Female,26-35,Pune
U2372,P00302,A0569,0.37929142,0,9,Female,26-35,Pune
U2372,P00584,A0237,0.24089402,0,10,Female,26-35,Pune
U2376,P04142,A1205,0.69824886,1,1,Female,18-25,Hyderabad
U2376,P00767,A1588,0.68305933,0,2,Female,18-25,Hyderabad
U2376,P02007,A1200,0.6353972,1,3,Female,18-25,Hyderabad
U2376,P04607,A0728,0.5956211,1,4,Female,18-25,Hyderabad
U2376,P03343,A1636,0.59159696,1,5,Female,18-25,Hyderabad
U2376,P00039,A1933,0.55235136,0,6,Female,18-25,Hyderabad
U2376,P01561,A0027,0.52532667,1,7,Female,18-25,Hyderabad
U2376,P00542,A1272,0.44707844,1,8,Female,18-25,Hyderabad
U2376,P03959,A0771,0.4301714,0,9,Female,18-25,Hyderabad
U2376,P00639,A0132,0.39648178,0,10,Female,18-25,Hyderabad
U2389,P01608,A0627,0.6120316,0,1,Male,36-45,Bengaluru
U2389,P04703,A0498,0.5760398,1,2,Male,36-45,Bengaluru
U2389,P02253,A0155,0.56993616,1,3,Male,36-45,Bengaluru
U2389,P04582,A0924,0.44729376,1,4,Male,36-45,Bengaluru
U2389,P02047,A0681,0.42105085,0,5,Male,36-45,Bengaluru
U2389,P01389,A1700,0.3933102,1,6,Male,36-45,Bengaluru
U2389,P03060,A0347,0.3866425,1,7,Male,36-45,Bengaluru
U2389,P00104,A0480,0.35789564,0,8,Male,36-45,Bengaluru
U2389,P01141,A1256,0.24201584,1,9,Male,36-45,Bengaluru
U2389,P00398,A0272,0.20484091,0,10,Male,36-45,Bengaluru
U2404,P04844,A1886,0.8019177,1,1,Male,46-55,Ahmedabad
U2404,P02795,A0067,0.7892074,0,2,Male,46-55,Ahmedabad
U2404,P03948,A1698,0.7735914,0,3,Male,46-55,Ahmedabad
U2404,P03951,A0695,0.73132145,1,4,Male,46-55,Ahmedabad
U2404,P03936,A0810,0.71184164,0,5,Male,46-55,Ahmedabad
U2404,P02430,A0734,0.56340647,0,6,Male,46-55,Ahmedabad
U2404,P03287,A0235,0.48249072,1,7,Male,46-55,Ahmedabad
U2404,P03386,A0810,0.4186912,1,8,Male,46-55,Ahmedabad
U2404,P01144,A1792,0.38910466,0,9,Male,46-55,Ahmedabad
U2413,P04192,A1519,0.8386931,1,1,Male,26-35,Hyderabad
U2413,P04587,A1716,0.59962755,0,2,Male,26-35,Hyderabad
U2413,P02206,A1219,0.5759702,0,3,Male,26-35,Hyderabad
U2413,P04343,A0911,0.5751324,1,4,Male,26-35,Hyderabad
U2413,P00444,A1889,0.42689648,0,5,Male,26-35,Hyderabad
U2413,P02322,A1255,0.40502313,0,6,Male,26-35,Hyderabad
U2413,P02748,A0350,0.3174758,0,7,Male,26-35,Hyderabad
U2415,P03766,A0583,0.71293944,0,1,Female,26-35,Mumbai
U2415,P03848,A0010,0.65667826,1,2,Female,26-35,Mumbai
U2415,P03453,A0623,0.65625733,0,3,Female,26-35,Mumbai
U2415,P02482,A1004,0.54557157,0,4,Female,26-35,Mumbai
U2415,P04972,A0280,0.52069753,1,5,Female,26-35,Mumbai
U2415,P02819,A0613,0.4993885,1,6,Female,26-35,Mumbai
U2415,P00099,A1467,0.47221646,0,7,Female,26-35,Mumbai
U2415,P03384,A0366,0.44432,0,8,Female,26-35,Mumbai
U2415,P01859,A1955,0.42521253,1,9,Female,26-35,Mumbai
U2415,P02812,A1331,0.36273625,0,10,Female,26-35,Mumbai
U2416,P01758,A1135,0.7110094,1,1,Male,18-25,Ahmedabad
U2416,P01540,A1820,0.7085831,1,2,Male,18-25,Ahmedabad
U2416,P00572,A1732,0.6882261,1,3,Male,18-25,Ahmedabad
U2416,P01699,A1135,0.637508,1,4,Male,18-25,Ahmedabad
U2416,P01233,A1858,0.537757,1,5,Male,18-25,Ahmedabad
U2416,P02582,A1566,0.5376051,0,6,Male,18-25,Ahmedabad
U2416,P04351,A0930,0.50508606,1,7,Male,18-25,Ahmedabad
U2416,P04816,A1294,0.48856556,0,8,Male,18-25,Ahmedabad
U2416,P01231,A0882,0.47159424,1,9,Male,18-25,Ahmedabad
U2416,P04328,A0481,0.4173976,1,10,Male,18-25,Ahmedabad
U2418,P04588,A0327,0.7760019,0,1,Female,26-35,Ahmedabad
U2418,P02617,A1219,0.56529295,0,2,Female,26-35,Ahmedabad
U2418,P04202,A0450,0.5628567,0,3,Female,26-35,Ahmedabad
U2418,P01942,A1638,0.52850074,1,4,Female,26-35,Ahmedabad
U2418,P00071,A0662,0.5259014,0,5,Female,26-35,Ahmedabad
U2418,P01786,A1943,0.5027892,1,6,Female,26-35,Ahmedabad
U2418,P04149,A1348,0.49443325,1,7,Female,26-35,Ahmedabad
U2418,P00124,A0969,0.49094194,1,8,Female,26-35,Ahmedabad
U2418,P03840,A1217,0.43746462,0,9,Female,26-35,Ahmedabad
U2418,P03222,A0916,0.41437456,0,10,Female,26-35,Ahmedabad
U2419,P03664,A0675,0.7783833,1,1,Male,18-25,Bengaluru
U2419,P02402,A0639,0.5722292,0,2,Male,18-25,Bengaluru
U2419,P03539,A0674,0.46279106,1,3,Male,18-25,Bengaluru
U2419,P02670,A0118,0.3465568,1,4,Male,18-25,Bengaluru
U2421,P03389,A1578,0.79827446,1,1,Male,18-25,Delhi
U2421,P03977,A0520,0.70793855,1,2,Male,18-25,Delhi
U2421,P02684,A1879,0.67116475,0,3,Male,18-25,Delhi
U2421,P02527,A1649,0.45758432,1,4,Male,18-25,Delhi
U2421,P01574,A0742,0.41055676,1,5,Male,18-25,Delhi
U2421,P04603,A0085,0.34997404,0,6,Male,18-25,Delhi
U2421,P03405,A0549,0.22825067,0,7,Male,18-25,Delhi
U2424,P01039,A1203,0.7512502,1,1,Male,18-25,Other
U2424,P04705,A0710,0.68560785,0,2,Male,18-25,Other
U2424,P02021,A0550,0.66118056,1,3,Male,18-25,Other
U2424,P02977,A1603,0.6459266,0,4,Male,18-25,Other
U2424,P00941,A0336,0.6180566,1,5,Male,18-25,Other
U2424,P03703,A1495,0.54200125,0,6,Male,18-25,Other
U2424,P02199,A0733,0.45547357,0,7,Male,18-25,Other
U2424,P00226,A1323,0.44661486,0,8,Male,18-25,Other
U2424,P01957,A0988,0.4324942,0,9,Male,18-25,Other
U2424,P04317,A0405,0.3912085,0,10,Male,18-25,Other
U2427,P03570,A1146,0.74248797,1,1,Female,18-25,Kolkata
U2427,P02144,A0776,0.64206105,0,2,Female,18-25,Kolkata
U2427,P03887,A1749,0.59717864,1,3,Female,18-25,Kolkata
U2427,P04030,A1495,0.55445844,0,4,Female,18-25,Kolkata
U2427,P01487,A1532,0.5536375,0,5,Female,18-25,Kolkata
U2427,P02673,A0924,0.5439286,1,6,Female,18-25,Kolkata
U2427,P04326,A1243,0.4399797,0,7,Female,18-25,Kolkata
U2427,P02273,A1280,0.43299612,0,8,Female,18-25,Kolkata
U2427,P03548,A0420,0.4278545,0,9,Female,18-25,Kolkata
U2427,P03548,A1929,0.31376702,1,10,Female,18-25,Kolkata
U2436,P02958,A0623,0.51577675,0,1,Male,56+,Kolkata
U2436,P03275,A1398,0.514235,1,2,Male,56+,Kolkata
U2436,P03979,A1910,0.49950975,0,3,Male,56+,Kolkata
U2436,P00178,A1420,0.42759934,1,4,Male,56+,Kolkata
U2436,P04582,A0401,0.39164194,1,5,Male,56+,Kolkata
U2436,P00684,A1928,0.34165788,1,6,Male,56+,Kolkata
U2436,P03539,A1701,0.27784482,1,7,Male,56+,Kolkata
U2436,P03741,A0510,0.19717167,1,8,Male,56+,Kolkata
U2445,P03122,A0160,0.68166715,0,1,Female,26-35,Ahmedabad
U2445,P02440,A0699,0.5673626,0,2,Female,26-35,Ahmedabad
U2445,P04271,A0217,0.55470335,1,3,Female,26-35,Ahmedabad
U2445,P04483,A0336,0.49836162,1,4,Female,26-35,Ahmedabad
U2445,P00634,A1064,0.45416445,0,5,Female,26-35,Ahmedabad
U2445,P01780,A0879,0.45184553,0,6,Female,26-35,Ahmedabad
U2445,P04999,A0692,0.448428,1,7,Female,26-35,Ahmedabad
U2445,P02963,A0918,0.4317034,1,8,Female,26-35,Ahmedabad
U2445,P04875,A0223,0.22355776,0,9,Female,26-35,Ahmedabad
U2445,P02578,A1710,0.18097584,0,10,Female,26-35,Ahmedabad
U2449,P03836,A0957,0.8454406,1,1,Male,26-35,Mumbai
U2449,P00438,A0394,0.6474294,1,2,Male,26-35,Mumbai
U2449,P00875,A1003,0.51639086,0,3,Male,26-35,Mumbai
U2449,P03321,A0298,0.38081643,1,4,Male,26-35,Mumbai
U2449,P03926,A0659,0.34252694,1,5,Male,26-35,Mumbai
U2449,P01535,A1333,0.33271313,1,6,Male,26-35,Mumbai
U2449,P03264,A0098,0.33005682,0,7,Male,26-35,Mumbai
U2449,P04032,A1119,0.3253469,0,8,Male,26-35,Mumbai
U2449,P01882,A0107,0.3034244,1,9,Male,26-35,Mumbai
U2449,P03807,A0318,0.1951384,1,10,Male,26-35,Mumbai
U2453,P01199,A1201,0.73863447,1,1,Female,36-45,Mumbai
U2453,P00316,A1599,0.7004546,1,2,Female,36-45,Mumbai
U2453,P03609,A0337,0.6774798,1,3,Female,36-45,Mumbai
U2453,P01240,A1565,0.56923324,0,4,Female,36-45,Mumbai
U2453,P03995,A1912,0.47876427,0,5,Female,36-45,Mumbai
U2453,P03374,A1898,0.37405732,0,6,Female,36-45,Mumbai
U2454,P01669,A1756,0.84377664,1,1,Male,36-45,Other
U2454,P02778,A0619,0.7385844,1,2,Male,36-45,Other
U2454,P04125,A1722,0.69736785,1,3,Male,36-45,Other
U2454,P04423,A0991,0.66357285,1,4,Male,36-45,Other
U2454,P01011,A1778,0.6533135,1,5,Male,36-45,Other
U2454,P02329,A1436,0.58427286,0,6,Male,36-45,Other
U2454,P01809,A1906,0.57376045,1,7,Male,36-45,Other
U2454,P01655,A0226,0.5716049,0,8,Male,36-45,Other
U2454,P03500,A0802,0.54393286,1,9,Male,36-45,Other
U2454,P04605,A0412,0.4643665,1,10,Male,36-45,Other
U2461,P02638,A1980,0.5841485,1,1,Female,46-55,Other
U2461,P03758,A1783,0.5409107,0,2,Female,46-55,Other
U2461,P00333,A0836,0.52322036,0,3,Female,46-55,Other
U2461,P02395,A0397,0.4707891,1,4,Female,46-55,Other
U2461,P00812,A1017,0.391022,0,5,Female,46-55,Other
U2461,P03254,A0760,0.31358498,0,6,Female,46-55,Other
U2462,P02035,A0087,0.77901024,0,1,Male,36-45,Hyderabad
U2462,P04420,A0377,0.65772605,0,2,Male,36-45,Hyderabad
U2462,P02980,A0469,0.6286563,1,3,Male,36-45,Hyderabad
U2462,P04995,A1635,0.5402439,1,4,Male,36-45,Hyderabad
U2462,P00839,A0050,0.5376744,0,5,Male,36-45,Hyderabad
U2462,P02344,A1058,0.39079213,0,6,Male,36-45,Hyderabad
U2462,P00971,A0865,0.3488615,0,7,Male,36-45,Hyderabad
U2462,P04686,A0906,0.28051737,1,8,Male,36-45,Hyderabad
U2462,P03095,A0654,0.20895427,0,9,Male,36-45,Hyderabad
U2481,P04760,A1559,0.64945316,1,1,Male,26-35,Mumbai
U2481,P02263,A0392,0.4807644,1,2,Male,26-35,Mumbai
U2481,P02263,A0529,0.37318462,1,3,Male,26-35,Mumbai
U2481,P03305,A0423,0.3456559,0,4,Male,26-35,Mumbai
U2481,P01748,A1259,0.33219627,1,5,Male,26-35,Mumbai
U2481,P00902,A0586,0.1813169,0,6,Male,26-35,Mumbai
U2486,P02765,A1618,0.7513449,1,1,Female,26-35,Ahmedabad
U2486,P00720,A0211,0.72893,0,2,Female,26-35,Ahmedabad
U2486,P02077,A0284,0.70982677,1,3,Female,26-35,Ahmedabad
U2486,P01766,A1058,0.6624469,0,4,Female,26-35,Ahmedabad
U2486,P04661,A1255,0.60391957,1,5,Female,26-35,Ahmedabad
U2486,P02436,A1125,0.5981758,0,6,Female,26-35,Ahmedabad
U2486,P01759,A1162,0.57290554,1,7,Female,26-35,Ahmedabad
U2486,P02862,A0451,0.5043294,0,8,Female,26-35,Ahmedabad
U2486,P01860,A1917,0.3807792,0,9,Female,26-35,Ahmedabad
U2493,P02491,A0108,0.6849912,1,1,Male,18-25,Bengaluru
U2493,P02148,A0596,0.6195358,1,2,Male,18-25,Bengaluru
U2493,P03823,A0190,0.6185929,0,3,Male,18-25,Bengaluru
U2493,P03803,A0065,0.57973456,1,4,Male,18-25,Bengaluru
U2493,P04342,A0617,0.5467582,0,5,Male,18-25,Bengaluru
U2493,P03223,A1658,0.5218672,0,6,Male,18-25,Bengaluru
U2493,P03728,A0195,0.5207779,1,7,Male,18-25,Bengaluru
U2493,P02286,A0767,0.50257456,0,8,Male,18-25,Bengaluru
U2493,P04313,A1982,0.38330743,0,9,Male,18-25,Bengaluru
U2496,P02526,A1695,0.66961265,0,1,Male,26-35,Pune
U2496,P02565,A0531,0.6394687,1,2,Male,26-35,Pune
U2496,P00333,A1468,0.63220865,0,3,Male,26-35,Pune
U2496,P04737,A1959,0.50171477,0,4,Male,26-35,Pune
U2496,P01748,A1923,0.48974997,0,5,Male,26-35,Pune
U2496,P04820,A1021,0.44556767,0,6,Male,26-35,Pune
U2496,P03941,A0480,0.43246824,0,7,Male,26-35,Pune
U2496,P03828,A0977,0.4042168,0,8,Male,26-35,Pune
U2496,P02175,A1349,0.3665908,1,9,Male,26-35,Pune
U2496,P03618,A1448,0.33917418,0,10,Male,26-35,Pune
U2498,P01583,A0679,0.7556394,1,1,Male,18-25,Other
U2498,P02335,A0439,0.72905225,0,2,Male,18-25,Other
U2498,P00178,A0564,0.70083123,1,3,Male,18-25,Other
U2498,P02684,A1773,0.6673359,1,4,Male,18-25,Other
U2498,P01417,A0684,0.628361,0,5,Male,18-25,Other
U2498,P03687,A0061,0.5931716,1,6,Male,18-25,Other
U2498,P02433,A1447,0.47156408,0,7,Male,18-25,Other
U2498,P01220,A0685,0.45185584,1,8,Male,18-25,Other
U2498,P02465,A0736,0.22310707,0,9,Male,18-25,Other
U2498,P01447,A0911,0.20477821,0,10,Male,18-25,Other
U2499,P03080,A1908,0.61494744,0,1,Male,36-45,Pune
U2499,P01858,A0701,0.5887461,0,2,Male,36-45,Pune
U2499,P02976,A1256,0.5843954,1,3,Male,36-45,Pune
U2499,P03459,A1077,0.50674427,0,4,Male,36-45,Pune
U2499,P03617,A0092,0.308409,0,5,Male,36-45,Pune
U2503,P03357,A0257,0.7248614,0,1,Male,56+,Mumbai
U2503,P04937,A0639,0.6762297,1,2,Male,56+,Mumbai
U2503,P04817,A1065,0.664626,0,3,Male,56+,Mumbai
U2503,P02476,A0374,0.6619588,1,4,Male,56+,Mumbai
U2503,P04167,A1110,0.6445816,1,5,Male,56+,Mumbai
U2503,P03573,A1794,0.49602476,0,6,Male,56+,Mumbai
U2503,P00027,A1046,0.38235253,0,7,Male,56+,Mumbai
U2503,P00290,A0878,0.37413937,1,8,Male,56+,Mumbai
U2503,P01389,A1162,0.33797574,1,9,Male,56+,Mumbai
U2503,P00874,A1197,0.3265426,1,10,Male,56+,Mumbai
U2511,P00233,A1937,0.70646584,0,1,Male,26-35,Delhi
U2511,P02887,A1022,0.70411384,0,2,Male,26-35,Delhi
U2511,P02175,A1489,0.70052284,1,3,Male,26-35,Delhi
U2511,P01965,A1401,0.69142663,1,4,Male,26-35,Delhi
U2511,P04152,A1112,0.6876217,0,5,Male,26-35,Delhi
U2511,P03156,A1663,0.6304179,1,6,Male,26-35,Delhi
U2511,P03059,A0627,0.54572564,0,7,Male,26-35,Delhi
U2511,P03036,A1247,0.4861739,0,8,Male,26-35,Delhi
U2511,P02725,A0889,0.47052664,1,9,Male,26-35,Delhi
U2511,P03275,A0158,0.46628764,1,10,Male,26-35,Delhi
U2512,P01896,A0279,0.7372889,0,1,Male,26-35,Pune
U2512,P04776,A1721,0.54912525,1,2,Male,26-35,Pune
U2512,P02242,A1707,0.4596967,1,3,Male,26-35,Pune
U2512,P04885,A1850,0.44088435,1,4,Male,26-35,Pune
U2512,P04207,A1045,0.4314053,1,5,Male,26-35,Pune
U2512,P03485,A1089,0.37851563,1,6,Male,26-35,Pune
U2514,P00953,A1762,0.78594965,0,1,Male,18-25,Other
U2514,P03236,A0319,0.6907791,1,2,Male,18-25,Other
U2514,P03448,A0399,0.6512946,1,3,Male,18-25,Other
U2514,P01324,A1394,0.63821244,1,4,Male,18-25,Other
U2514,P03625,A1970,0.5871748,1,5,Male,18-25,Other
U2514,P01362,A1881,0.5826318,1,6,Male,18-25,Other
U2514,P00739,A1959,0.57760346,0,7,Male,18-25,Other
U2514,P02435,A0715,0.57231206,0,8,Male,18-25,Other
U2514,P01355,A0696,0.5258874,0,9,Male,18-25,Other
U2514,P02740,A0479,0.2866513,1,10,Male,18-25,Other
U2517,P02585,A0043,0.75996846,1,1,Male,18-25,Other
U2517,P00278,A0855,0.7531625,1,2,Male,18-25,Other
U2517,P02299,A0909,0.6902986,1,3,Male,18-25,Other
U2517,P03901,A1611,0.68804777,1,4,Male,18-25,Other
U2517,P01583,A0495,0.687907,1,5,Male,18-25,Other
U2517,P01096,A0334,0.6746017,1,6,Male,18-25,Other
U2517,P02373,A0040,0.66428035,1,7,Male,18-25,Other
U2517,P00558,A1406,0.62602335,0,8,Male,18-25,Other
U2517,P01556,A1087,0.5605625,1,9,Male,18-25,Other
U2517,P01769,A1197,0.5455061,0,10,Male,18-25,Other
U2521,P03708,A1895,0.74871606,1,1,Male,18-25,Hyderabad
U2521,P03382,A1156,0.7395515,1,2,Male,18-25,Hyderabad
U2521,P00718,A1913,0.6959661,1,3,Male,18-25,Hyderabad
U2521,P04743,A0916,0.65367067,1,4,Male,18-25,Hyderabad
U2521,P01634,A1288,0.6245287,1,5,Male,18-25,Hyderabad
U2521,P04454,A1130,0.6175367,1,6,Male,18-25,Hyderabad
U2521,P00672,A0379,0.6142376,1,7,Male,18-25,Hyderabad
U2521,P01220,A0230,0.54829085,0,8,Male,18-25,Hyderabad
U2521,P04278,A1752,0.50906926,0,9,Male,18-25,Hyderabad
U2521,P01833,A0489,0.46735024,1,10,Male,18-25,Hyderabad
U2524,P01177,A0247,0.71629214,1,1,Female,36-45,Bengaluru
U2524,P04002,A0292,0.6775934,1,2,Female,36-45,Bengaluru
U2524,P01028,A1424,0.6660997,1,3,Female,36-45,Bengaluru
U2524,P01136,A0950,0.6051866,0,4,Female,36-45,Bengaluru
U2524,P04679,A0512,0.5703915,1,5,Female,36-45,Bengaluru
U2524,P02223,A1473,0.5171905,0,6,Female,36-45,Bengaluru
U2524,P04852,A0227,0.49355006,1,7,Female,36-45,Bengaluru
U2524,P02159,A1343,0.40250036,0,8,Female,36-45,Bengaluru
U2524,P01959,A1280,0.39772156,0,9,Female,36-45,Bengaluru
U2524,P04830,A1091,0.28723362,0,10,Female,36-45,Bengaluru
U2536,P00273,A0914,0.71971214,1,1,Female,26-35,Delhi
U2536,P02375,A0072,0.6546626,0,2,Female,26-35,Delhi
U2536,P00085,A0146,0.6500806,0,3,Female,26-35,Delhi
U2536,P04693,A0973,0.5532968,1,4,Female,26-35,Delhi
U2536,P03153,A1664,0.55149966,1,5,Female,26-35,Delhi
U2536,P03199,A1864,0.5280813,1,6,Female,26-35,Delhi
U2536,P04260,A0106,0.33259594,0,7,Female,26-35,Delhi
U2536,P00972,A1969,0.25214735,1,8,Female,26-35,Delhi
U2536,P03390,A1458,0.22270595,0,9,Female,26-35,Delhi
U2547,P00629,A0629,0.82555175,1,1,Female,56+,Chennai
U2547,P03989,A0715,0.8085346,1,2,Female,56+,Chennai
U2547,P02639,A1433,0.7612983,1,3,Female,56+,Chennai
U2547,P04616,A1773,0.7445148,0,4,Female,56+,Chennai
U2547,P04532,A1824,0.7157192,1,5,Female,56+,Chennai
U2547,P04993,A0880,0.62422675,1,6,Female,56+,Chennai
U2547,P02776,A0495,0.57527345,1,7,Female,56+,Chennai
U2547,P02483,A0865,0.5697399,1,8,Female,56+,Chennai
U2547,P03399,A0076,0.44682944,0,9,Female,56+,Chennai
U2547,P03022,A0343,0.37256494,1,10,Female,56+,Chennai
U2552,P02398,A0322,0.71358013,0,1,Male,26-35,Hyderabad
U2552,P03047,A0799,0.66299766,0,2,Male,26-35,Hyderabad
U2552,P01415,A1809,0.6198068,0,3,Male,26-35,Hyderabad
U2552,P04226,A0460,0.4117459,0,4,Male,26-35,Hyderabad
U2552,P02179,A0167,0.32108516,0,5,Male,26-35,Hyderabad
U2552,P04012,A0428,0.31205505,0,6,Male,26-35,Hyderabad
U2553,P02062,A0147,0.8566397,1,1,Male,36-45,Kolkata
U2553,P01839,A0705,0.8095239,1,2,Male,36-45,Kolkata
U2553,P01694,A0252,0.80383676,1,3,Male,36-45,Kolkata
U2553,P00244,A1160,0.78900754,1,4,Male,36-45,Kolkata
U2553,P01470,A0246,0.7330845,1,5,Male,36-45,Kolkata
U2553,P02938,A0595,0.72312915,1,6,Male,36-45,Kolkata
U2553,P03011,A1173,0.71511483,0,7,Male,36-45,Kolkata
U2553,P02647,A0196,0.6991347,0,8,Male,36-45,Kolkata
U2553,P04834,A0417,0.62499976,0,9,Male,36-45,Kolkata
U2553,P02548,A1904,0.5518269,0,10,Male,36-45,Kolkata
U2556,P00881,A0337,0.6652136,1,1,Female,36-45,Mumbai
U2556,P00035,A0476,0.64631194,0,2,Female,36-45,Mumbai
U2556,P02950,A1976,0.62051195,0,3,Female,36-45,Mumbai
U2556,P00029,A1755,0.55291444,1,4,Female,36-45,Mumbai
U2556,P02285,A1332,0.5498993,1,5,Female,36-45,Mumbai
U2556,P03228,A0195,0.51948357,1,6,Female,36-45,Mumbai
U2556,P04899,A0104,0.38022894,1,7,Female,36-45,Mumbai
U2556,P02943,A0958,0.35832864,1,8,Female,36-45,Mumbai
U2556,P02240,A1605,0.26572493,1,9,Female,36-45,Mumbai
U2574,P04186,A1707,0.77575505,0,1,Female,46-55,Bengaluru
U2574,P03283,A1102,0.6060893,1,2,Female,46-55,Bengaluru
U2574,P02510,A0335,0.601315,1,3,Female,46-55,Bengaluru
U2574,P04714,A1573,0.20522022,0,4,Female,46-55,Bengaluru
U2584,P01850,A1541,0.8039448,1,1,Female,18-25,Mumbai
U2584,P04711,A1973,0.6931865,0,2,Female,18-25,Mumbai
U2584,P03393,A0240,0.6531496,1,3,Female,18-25,Mumbai
U2584,P03048,A1285,0.579647,1,4,Female,18-25,Mumbai
U2584,P03961,A1981,0.5553941,0,5,Female,18-25,Mumbai
U2584,P01512,A1660,0.511428,0,6,Female,18-25,Mumbai
U2584,P00714,A0778,0.4793107,0,7,Female,18-25,Mumbai
U2584,P00454,A1531,0.39598194,1,8,Female,18-25,Mumbai
U2584,P01360,A0271,0.3909893,1,9,Female,18-25,Mumbai
U2584,P02172,A1973,0.30930078,0,10,Female,18-25,Mumbai
U2588,P00861,A0037,0.75870126,0,1,Male,18-25,Bengaluru
U2588,P00900,A0107,0.5977274,0,2,Male,18-25,Bengaluru
U2588,P03175,A1661,0.59442544,1,3,Male,18-25,Bengaluru
U2588,P01087,A1130,0.5587366,1,4,Male,18-25,Bengaluru
U2588,P04841,A1836,0.46437082,0,5,Male,18-25,Bengaluru
U2588,P02149,A0938,0.45791224,1,6,Male,18-25,Bengaluru
U2588,P00633,A0114,0.3724688,1,7,Male,18-25,Bengaluru
U2588,P00808,A1489,0.26240247,0,8,Male,18-25,Bengaluru
U2590,P00117,A0867,0.67547214,1,1,Female,26-35,Hyderabad
U2590,P03923,A0399,0.5945483,0,2,Female,26-35,Hyderabad
U2590,P03865,A0941,0.5914215,0,3,Female,26-35,Hyderabad
U2590,P03928,A0270,0.53933614,0,4,Female,26-35,Hyderabad
U2590,P00272,A0419,0.53583,0,5,Female,26-35,Hyderabad
U2590,P04487,A1683,0.5230607,0,6,Female,26-35,Hyderabad
U2590,P02585,A0233,0.47151467,1,7,Female,26-35,Hyderabad
U2590,P00416,A0566,0.39452603,1,8,Female,26-35,Hyderabad
U2590,P00850,A1970,0.2929592,1,9,Female,26-35,Hyderabad
U2590,P00898,A1204,0.25799295,0,10,Female,26-35,Hyderabad
U2595,P03086,A0767,0.6011413,1,1,Female,26-35,Mumbai
U2595,P00752,A1623,0.4872658,0,2,Female,26-35,Mumbai
U2595,P04332,A0708,0.4851273,1,3,Female,26-35,Mumbai
U2595,P02795,A1165,0.47436863,1,4,Female,26-35,Mumbai
U2595,P01179,A0105,0.42362735,1,5,Female,26-35,Mumbai
U2595,P00522,A0980,0.32915688,1,6,Female,26-35,Mumbai
U2597,P00720,A0315,0.71206546,1,1,Female,18-25,Hyderabad
U2597,P04668,A0916,0.58309966,1,2,Female,18-25,Hyderabad
U2597,P00742,A0796,0.57033515,1,3,Female,18-25,Hyderabad
U2597,P04118,A0931,0.54524237,0,4,Female,18-25,Hyderabad
U2597,P01372,A0369,0.49614987,1,5,Female,18-25,Hyderabad
U2597,P00863,A0914,0.4115473,1,6,Female,18-25,Hyderabad
U2597,P01678,A0941,0.35355374,1,7,Female,18-25,Hyderabad
U2597,P01868,A1201,0.31167492,1,8,Female,18-25,Hyderabad
U2597,P01588,A0740,0.3007483,0,9,Female,18-25,Hyderabad
U2597,P00609,A1245,0.27206433,0,10,Female,18-25,Hyderabad
U2598,P03258,A0457,0.6573068,1,1,Male,26-35,Hyderabad
U2598,P04876,A0191,0.6475945,0,2,Male,26-35,Hyderabad
U2598,P03731,A0675,0.5981614,1,3,Male,26-35,Hyderabad
U2598,P01918,A1565,0.56764555,1,4,Male,26-35,Hyderabad
U2598,P03946,A0792,0.5509909,1,5,Male,26-35,Hyderabad
U2598,P03522,A1229,0.5336694,1,6,Male,26-35,Hyderabad
U2598,P03401,A0162,0.5246551,0,7,Male,26-35,Hyderabad
U2598,P01234,A1301,0.3814859,0,8,Male,26-35,Hyderabad
U2598,P01354,A1178,0.33737558,0,9,Male,26-35,Hyderabad
U2598,P02412,A1389,0.07725514,0,10,Male,26-35,Hyderabad
U2607,P03207,A0429,0.8061394,1,1,Male,26-35,Delhi
U2607,P01906,A0137,0.6660691,1,2,Male,26-35,Delhi
U2607,P03957,A0285,0.5672311,1,3,Male,26-35,Delhi
U2607,P00418,A1455,0.5326268,1,4,Male,26-35,Delhi
U2607,P02096,A0222,0.52415353,0,5,Male,26-35,Delhi
U2607,P03744,A0110,0.43373802,1,6,Male,26-35,Delhi
U2607,P02646,A1191,0.4263255,0,7,Male,26-35,Delhi
U2607,P00501,A1923,0.37115034,0,8,Male,26-35,Delhi
U2608,P01197,A0423,0.58887833,1,1,Female,18-25,Chennai
U2608,P04032,A0452,0.5685382,0,2,Female,18-25,Chennai
U2608,P04541,A1021,0.55484486,1,3,Female,18-25,Chennai
U2608,P02577,A1965,0.53571117,0,4,Female,18-25,Chennai
U2608,P02166,A0172,0.5207901,0,5,Female,18-25,Chennai
U2608,P00679,A1470,0.51815474,0,6,Female,18-25,Chennai
U2608,P00247,A0978,0.50573945,1,7,Female,18-25,Chennai
U2608,P01059,A0918,0.46872243,1,8,Female,18-25,Chennai
U2625,P03817,A1903,0.67701954,0,1,Male,26-35,Bengaluru
U2625,P01163,A0647,0.6196505,0,2,Male,26-35,Bengaluru
U2625,P02734,A1163,0.58884865,0,3,Male,26-35,Bengaluru
U2625,P01747,A0931,0.57416576,0,4,Male,26-35,Bengaluru
U2625,P04521,A1967,0.5549169,1,5,Male,26-35,Bengaluru
U2625,P00214,A1654,0.536439,1,6,Male,26-35,Bengaluru
U2625,P01807,A1329,0.4929117,0,7,Male,26-35,Bengaluru
U2625,P04001,A1011,0.4208111,0,8,Male,26-35,Bengaluru
U2625,P00530,A1431,0.38678983,1,9,Male,26-35,Bengaluru
U2625,P02759,A0615,0.31813434,0,10,Male,26-35,Bengaluru
U2638,P00638,A0787,0.63474405,0,1,Female,18-25,Bengaluru
U2638,P01606,A0247,0.6054672,0,2,Female,18-25,Bengaluru
U2638,P02125,A1430,0.47103623,0,3,Female,18-25,Bengaluru
U2638,P02956,A0580,0.45915854,1,4,Female,18-25,Bengaluru
U2638,P02729,A1563,0.44409782,0,5,Female,18-25,Bengaluru
U2638,P02408,A0560,0.42662144,0,6,Female,18-25,Bengaluru
U2638,P04060,A1789,0.3405606,0,7,Female,18-25,Bengaluru
U2638,P03693,A0184,0.33855662,0,8,Female,18-25,Bengaluru
U2638,P02438,A1075,0.32676432,0,9,Female,18-25,Bengaluru
U2638,P00965,A0728,0.3216265,0,10,Female,18-25,Bengaluru
U2639,P01576,A1444,0.7341956,1,1,Male,46-55,Pune
U2639,P03669,A1789,0.636482,1,2,Male,46-55,Pune
U2639,P01946,A1096,0.55649614,1,3,Male,46-55,Pune
U2639,P01130,A0198,0.5175987,1,4,Male,46-55,Pune
U2639,P00403,A1138,0.45478326,1,5,Male,46-55,Pune
U2639,P03581,A0903,0.4497424,1,6,Male,46-55,Pune
U2639,P01333,A0781,0.41143596,1,7,Male,46-55,Pune
U2639,P03929,A0018,0.31160754,1,8,Male,46-55,Pune
U2639,P02235,A0720,0.27904698,0,9,Male,46-55,Pune
U2644,P00265,A1565,0.69371235,1,1,Male,46-55,Bengaluru
U2644,P04289,A0719,0.6708696,1,2,Male,46-55,Bengaluru
U2644,P04203,A1147,0.6553302,1,3,Male,46-55,Bengaluru
U2644,P04858,A0152,0.6245936,0,4,Male,46-55,Bengaluru
U2644,P00547,A1548,0.5006494,1,5,Male,46-55,Bengaluru
U2644,P03095,A1596,0.19571136,0,6,Male,46-55,Bengaluru
U2648,P04430,A1399,0.6298587,1,1,Male,36-45,Delhi
U2648,P00659,A0389,0.5664836,1,2,Male,36-45,Delhi
U2648,P03513,A0274,0.49170113,0,3,Male,36-45,Delhi
U2648,P01699,A0562,0.49116218,0,4,Male,36-45,Delhi
U2648,P00398,A0284,0.44103688,1,5,Male,36-45,Delhi
U2648,P04687,A0400,0.32433653,1,6,Male,36-45,Delhi
U2651,P04460,A1225,0.7105398,1,1,Female,56+,Bengaluru
U2651,P01365,A0527,0.6904258,1,2,Female,56+,Bengaluru
U2651,P01161,A1910,0.66600823,0,3,Female,56+,Bengaluru
U2651,P04921,A0942,0.595921,1,4,Female,56+,Bengaluru
U2651,P04668,A1126,0.55814934,0,5,Female,56+,Bengaluru
U2651,P02781,A1090,0.5292569,0,6,Female,56+,Bengaluru
U2651,P03199,A0401,0.5106519,1,7,Female,56+,Bengaluru
U2651,P01571,A1433,0.42332762,0,8,Female,56+,Bengaluru
U2651,P01443,A0279,0.23252678,0,9,Female,56+,Bengaluru
U2653,P02545,A1033,0.77878904,0,1,Female,36-45,Other
U2653,P03650,A1061,0.7351185,1,2,Female,36-45,Other
U2653,P01077,A1859,0.549006,0,3,Female,36-45,Other
U2653,P01478,A0133,0.53278947,1,4,Female,36-45,Other
U2653,P01203,A1141,0.4952306,0,5,Female,36-45,Other
U2656,P02704,A0659,0.77737033,1,1,Male,46-55,Delhi
U2656,P00309,A0918,0.7204611,1,2,Male,46-55,Delhi
U2656,P02405,A0698,0.6862035,1,3,Male,46-55,Delhi
U2656,P01906,A1563,0.5105433,0,4,Male,46-55,Delhi
U2656,P02170,A1285,0.19426645,0,5,Male,46-55,Delhi
U2656,P01283,A1782,0.18143585,1,6,Male,46-55,Delhi
U2664,P03037,A1210,0.70917284,0,1,Male,18-25,Other
U2664,P00438,A0478,0.6510497,1,2,Male,18-25,Other
U2664,P00783,A1845,0.5755738,0,3,Male,18-25,Other
U2664,P02626,A1412,0.5265464,0,4,Male,18-25,Other
U2664,P00071,A0430,0.440898,0,5,Male,18-25,Other
U2664,P03972,A0474,0.3565565,1,6,Male,18-25,Other
U2664,P01837,A0138,0.3564006,1,7,Male,18-25,Other
U2664,P01874,A0904,0.33260575,0,8,Male,18-25,Other
U2664,P00337,A0947,0.17781565,0,9,Male,18-25,Other
U2681,P01481,A1118,0.81499785,0,1,Female,36-45,Mumbai
U2681,P02353,A0121,0.65200704,1,2,Female,36-45,Mumbai
U2681,P01045,A1559,0.6327081,1,3,Female,36-45,Mumbai
U2681,P02000,A0091,0.60070986,0,4,Female,36-45,Mumbai
U2681,P04417,A1342,0.583718,0,5,Female,36-45,Mumbai
U2681,P00205,A0273,0.51814383,1,6,Female,36-45,Mumbai
U2681,P01094,A1747,0.50996524,0,7,Female,36-45,Mumbai
U2681,P03499,A1333,0.43373075,1,8,Female,36-45,Mumbai
U2681,P04103,A0819,0.32228807,1,9,Female,36-45,Mumbai
U2693,P04067,A0835,0.7326953,0,1,Male,46-55,Mumbai
U2693,P02486,A1085,0.67329603,0,2,Male,46-55,Mumbai
U2693,P03990,A1839,0.6672509,0,3,Male,46-55,Mumbai
U2693,P00417,A1526,0.62664706,1,4,Male,46-55,Mumbai
U2693,P02872,A0846,0.58332527,0,5,Male,46-55,Mumbai
U2693,P00786,A1166,0.49537647,0,6,Male,46-55,Mumbai
U2693,P00126,A0275,0.48448268,1,7,Male,46-55,Mumbai
U2693,P01305,A0635,0.42582864,1,8,Male,46-55,Mumbai
U2693,P01602,A0537,0.3812323,1,9,Male,46-55,Mumbai
U2693,P00750,A0212,0.35865793,1,10,Male,46-55,Mumbai
U2701,P03009,A1103,0.80450225,0,1,Female,36-45,Delhi
U2701,P01062,A1188,0.7085926,1,2,Female,36-45,Delhi
U2701,P02285,A0964,0.705216,0,3,Female,36-45,Delhi
U2701,P03781,A1193,0.6981922,1,4,Female,36-45,Delhi
U2701,P03424,A0374,0.49120542,1,5,Female,36-45,Delhi
U2701,P02027,A0739,0.47622672,1,6,Female,36-45,Delhi
U2701,P00780,A1774,0.46155047,1,7,Female,36-45,Delhi
U2701,P02946,A1977,0.4594697,1,8,Female,36-45,Delhi
U2701,P02498,A0847,0.40926293,0,9,Female,36-45,Delhi
U2701,P01442,A0251,0.34825715,1,10,Female,36-45,Delhi
U2716,P00266,A1710,0.58020306,0,1,Male,18-25,Mumbai
U2716,P02071,A1414,0.5398861,1,2,Male,18-25,Mumbai
U2716,P03953,A1259,0.50823575,0,3,Male,18-25,Mumbai
U2716,P03284,A0570,0.496725,1,4,Male,18-25,Mumbai
U2716,P03924,A1770,0.4844501,1,5,Male,18-25,Mumbai
U2716,P00215,A0228,0.38128498,0,6,Male,18-25,Mumbai
U2716,P03492,A1901,0.23206629,0,7,Male,18-25,Mumbai
U2730,P04610,A1176,0.808666,1,1,Male,46-55,Bengaluru
U2730,P02927,A0724,0.7931341,0,2,Male,46-55,Bengaluru
U2730,P04143,A1545,0.7566006,1,3,Male,46-55,Bengaluru
U2730,P02199,A0115,0.6773483,1,4,Male,46-55,Bengaluru
U2730,P00331,A1176,0.6639571,0,5,Male,46-55,Bengaluru
U2730,P01814,A1558,0.60121953,1,6,Male,46-55,Bengaluru
U2730,P00085,A0149,0.5925098,1,7,Male,46-55,Bengaluru
U2730,P02738,A0529,0.57740045,1,8,Male,46-55,Bengaluru
U2730,P04833,A1686,0.5656329,1,9,Male,46-55,Bengaluru
U2730,P00529,A0326,0.41885945,0,10,Male,46-55,Bengaluru
U2731,P01331,A0330,0.5375347,1,1,Male,18-25,Delhi
U2731,P02927,A0947,0.5073158,1,2,Male,18-25,Delhi
U2731,P01144,A0636,0.35980785,0,3,Male,18-25,Delhi
U2731,P00681,A0615,0.32441905,0,4,Male,18-25,Delhi
U2731,P04917,A0286,0.29802477,1,5,Male,18-25,Delhi
U2743,P00655,A1300,0.71671635,1,1,Female,18-25,Mumbai
U2743,P03412,A1768,0.6991294,1,2,Female,18-25,Mumbai
U2743,P02505,A0975,0.6878429,0,3,Female,18-25,Mumbai
U2743,P01489,A1022,0.6278114,1,4,Female,18-25,Mumbai
U2743,P03437,A1886,0.59487665,1,5,Female,18-25,Mumbai
U2743,P00630,A0202,0.54264754,0,6,Female,18-25,Mumbai
U2743,P02309,A0525,0.46303558,1,7,Female,18-25,Mumbai
U2743,P02490,A0045,0.4477795,1,8,Female,18-25,Mumbai
U2743,P04222,A1701,0.3924359,1,9,Female,18-25,Mumbai
U2743,P00150,A0609,0.37325537,0,10,Female,18-25,Mumbai
U2745,P00364,A0884,0.7539626,1,1,Female,26-35,Pune
U2745,P01507,A1264,0.7210271,1,2,Female,26-35,Pune
U2745,P02028,A1498,0.69770074,0,3,Female,26-35,Pune
U2745,P04922,A0814,0.6911489,0,4,Female,26-35,Pune
U2745,P01793,A0902,0.66336167,0,5,Female,26-35,Pune
U2745,P02887,A1615,0.65630734,1,6,Female,26-35,Pune
U2745,P02475,A0128,0.6424155,1,7,Female,26-35,Pune
U2745,P00752,A0787,0.6224925,0,8,Female,26-35,Pune
U2745,P03416,A1485,0.55778,0,9,Female,26-35,Pune
U2745,P01194,A0606,0.53896576,1,10,Female,26-35,Pune
U2746,P03679,A0808,0.8041865,1,1,Male,36-45,Bengaluru
U2746,P04072,A0635,0.7376183,1,2,Male,36-45,Bengaluru
U2746,P01039,A0604,0.70531994,1,3,Male,36-45,Bengaluru
U2746,P04324,A1932,0.64007217,1,4,Male,36-45,Bengaluru
U2746,P00317,A1586,0.61845416,1,5,Male,36-45,Bengaluru
U2746,P04809,A1614,0.5832322,1,6,Male,36-45,Bengaluru
U2746,P01709,A1843,0.50744194,1,7,Male,36-45,Bengaluru
U2746,P02651,A1466,0.50277704,0,8,Male,36-45,Bengaluru
U2746,P00971,A0774,0.46441463,0,9,Male,36-45,Bengaluru
U2746,P00065,A1354,0.41838142,0,10,Male,36-45,Bengaluru
U2748,P00369,A1500,0.6657898,0,1,Female,18-25,Ahmedabad
U2748,P00137,A0790,0.6507714,0,2,Female,18-25,Ahmedabad
U2748,P00208,A1578,0.623985,0,3,Female,18-25,Ahmedabad
U2748,P01274,A0325,0.55783856,1,4,Female,18-25,Ahmedabad
U2748,P04726,A0215,0.5471096,0,5,Female,18-25,Ahmedabad
U2748,P00839,A0698,0.5132643,1,6,Female,18-25,Ahmedabad
U2748,P02110,A1518,0.50251085,1,7,Female,18-25,Ahmedabad
U2748,P00748,A1124,0.4674883,0,8,Female,18-25,Ahmedabad
U2748,P03713,A1209,0.33204752,1,9,Female,18-25,Ahmedabad
U2748,P00887,A0867,0.24089696,0,10,Female,18-25,Ahmedabad
U2751,P00066,A0113,0.70738,0,1,Male,18-25,Chennai
U2751,P02787,A0207,0.69173586,1,2,Male,18-25,Chennai
U2751,P04734,A0800,0.6335649,1,3,Male,18-25,Chennai
U2751,P04507,A0097,0.46564668,0,4,Male,18-25,Chennai
U2751,P01614,A0039,0.40604544,0,5,Male,18-25,Chennai
U2751,P03439,A1976,0.39282078,0,6,Male,18-25,Chennai
U2751,P02112,A0774,0.34097084,0,7,Male,18-25,Chennai
U2751,P04924,A0803,0.23959784,0,8,Male,18-25,Chennai
U2761,P03449,A0054,0.61996853,0,1,Male,36-45,Hyderabad
U2761,P01423,A0222,0.5787342,0,2,Male,36-45,Hyderabad
U2761,P01380,A0695,0.50971556,0,3,Male,36-45,Hyderabad
U2761,P01113,A0249,0.5059015,1,4,Male,36-45,Hyderabad
U2761,P00328,A0971,0.49761525,1,5,Male,36-45,Hyderabad
U2761,P02694,A1731,0.4969504,1,6,Male,36-45,Hyderabad
U2761,P04217,A0258,0.48787722,0,7,Male,36-45,Hyderabad
U2761,P01223,A1252,0.47746667,1,8,Male,36-45,Hyderabad
U2761,P00541,A1175,0.4422315,1,9,Male,36-45,Hyderabad
U2761,P03230,A1776,0.3981762,0,10,Male,36-45,Hyderabad
U2778,P00463,A0877,0.6460597,0,1,Male,26-35,Kolkata
U2778,P01854,A0567,0.6409842,1,2,Male,26-35,Kolkata
U2778,P02516,A0754,0.628804,1,3,Male,26-35,Kolkata
U2778,P04014,A1980,0.6051746,1,4,Male,26-35,Kolkata
U2778,P03451,A0664,0.57499397,1,5,Male,26-35,Kolkata
U2778,P02643,A1746,0.56003344,1,6,Male,26-35,Kolkata
U2778,P01397,A1431,0.5283777,0,7,Male,26-35,Kolkata
U2778,P02582,A0722,0.329711,0,8,Male,26-35,Kolkata
U2778,P04705,A1994,0.2794199,1,9,Male,26-35,Kolkata
U2780,P02341,A0681,0.6620107,0,1,Male,18-25,Delhi
U2780,P02975,A0877,0.63234293,1,2,Male,18-25,Delhi
U2780,P04452,A1016,0.58038723,1,3,Male,18-25,Delhi
U2780,P03417,A1261,0.5153537,1,4,Male,18-25,Delhi
U2780,P02633,A0125,0.50269973,0,5,Male,18-25,Delhi
U2780,P00771,A1735,0.49631876,0,6,Male,18-25,Delhi
U2780,P04869,A0095,0.4876541,0,7,Male,18-25,Delhi
U2780,P04452,A1658,0.32769206,0,8,Male,18-25,Delhi
U2780,P03663,A1265,0.24136744,0,9,Male,18-25,Delhi
U2780,P01983,A1582,0.20887169,0,10,Male,18-25,Delhi
U2796,P02636,A0387,0.5872248,1,1,Female,26-35,Hyderabad
U2796,P04724,A0681,0.54915726,1,2,Female,26-35,Hyderabad
U2796,P03999,A1637,0.5304036,0,3,Female,26-35,Hyderabad
U2796,P02625,A1290,0.5299701,0,4,Female,26-35,Hyderabad
U2796,P02760,A1571,0.4388178,0,5,Female,26-35,Hyderabad
U2796,P01411,A1412,0.42777508,0,6,Female,26-35,Hyderabad
U2796,P04595,A0660,0.41646674,1,7,Female,26-35,Hyderabad
U2796,P00331,A0717,0.29727995,1,8,Female,26-35,Hyderabad
U2798,P04844,A0774,0.7241978,0,1,Female,26-35,Hyderabad
U2798,P04350,A0509,0.7210939,1,2,Female,26-35,Hyderabad
U2798,P02132,A1802,0.4473526,1,3,Female,26-35,Hyderabad
U2798,P01480,A1707,0.4412972,1,4,Female,26-35,Hyderabad
U2798,P03286,A0224,0.2218262,1,5,Female,26-35,Hyderabad
U2798,P03152,A1030,0.22028206,0,6,Female,26-35,Hyderabad
U2801,P01567,A1803,0.82706684,1,1,Male,56+,Mumbai
U2801,P04835,A1138,0.73592937,1,2,Male,56+,Mumbai
U2801,P00532,A0225,0.7213108,1,3,Male,56+,Mumbai
U2801,P00772,A1769,0.6845608,0,4,Male,56+,Mumbai
U2801,P02283,A1013,0.6808234,1,5,Male,56+,Mumbai
U2801,P01913,A0913,0.6613353,0,6,Male,56+,Mumbai
U2801,P04367,A1559,0.62998575,1,7,Male,56+,Mumbai
U2801,P02459,A0725,0.6186761,1,8,Male,56+,Mumbai
U2801,P04640,A0440,0.59813154,1,9,Male,56+,Mumbai
U2801,P00637,A0768,0.5933346,1,10,Male,56+,Mumbai
U2803,P00318,A1523,0.82533294,1,1,Female,18-25,Mumbai
U2803,P03682,A1924,0.7203034,1,2,Female,18-25,Mumbai
U2803,P00227,A1509,0.62567973,1,3,Female,18-25,Mumbai
U2803,P01368,A0457,0.6183644,1,4,Female,18-25,Mumbai
U2803,P00124,A0183,0.618198,1,5,Female,18-25,Mumbai
U2803,P03042,A0249,0.53013957,1,6,Female,18-25,Mumbai
U2803,P00375,A1231,0.38547945,0,7,Female,18-25,Mumbai
U2803,P03829,A0204,0.35498428,0,8,Female,18-25,Mumbai
U2803,P03393,A0880,0.34074867,1,9,Female,18-25,Mumbai
U2806,P02024,A1476,0.6747067,1,1,Female,18-25,Pune
U2806,P00695,A1980,0.5489383,1,2,Female,18-25,Pune
U2806,P00941,A1582,0.5489041,1,3,Female,18-25,Pune
U2806,P02640,A0206,0.48581958,0,4,Female,18-25,Pune
U2806,P03810,A1390,0.47429124,1,5,Female,18-25,Pune
U2806,P00796,A0142,0.46808314,0,6,Female,18-25,Pune
U2806,P02459,A0150,0.38661835,0,7,Female,18-25,Pune
U2808,P01466,A1862,0.7090642,0,1,Female,36-45,Kolkata
U2808,P01410,A0902,0.706504,1,2,Female,36-45,Kolkata
U2808,P00097,A0400,0.67822146,0,3,Female,36-45,Kolkata
U2808,P00944,A1958,0.6434713,1,4,Female,36-45,Kolkata
U2808,P04875,A0120,0.6316989,1,5,Female,36-45,Kolkata
U2808,P01205,A0212,0.6189739,1,6,Female,36-45,Kolkata
U2808,P02556,A1395,0.6114127,1,7,Female,36-45,Kolkata
U2808,P04622,A0042,0.6091504,0,8,Female,36-45,Kolkata
U2808,P02767,A0300,0.6060732,1,9,Female,36-45,Kolkata
U2808,P00839,A1413,0.5976258,0,10,Female,36-45,Kolkata
U2812,P01722,A1735,0.69511825,1,1,Male,46-55,Other
U2812,P04959,A0368,0.6576849,1,2,Male,46-55,Other
U2812,P00919,A1613,0.62088203,1,3,Male,46-55,Other
U2812,P02892,A1620,0.5320132,1,4,Male,46-55,Other
U2812,P02625,A0827,0.43226904,1,5,Male,46-55,Other
U2812,P01127,A1059,0.33557072,0,6,Male,46-55,Other
U2812,P01994,A0914,0.24904448,0,7,Male,46-55,Other
U2812,P02076,A1906,0.15838075,0,8,Male,46-55,Other
U2818,P01565,A0098,0.7259694,0,1,Male,26-35,Kolkata
U2818,P02776,A1221,0.7232299,0,2,Male,26-35,Kolkata
U2818,P04800,A1702,0.7195351,1,3,Male,26-35,Kolkata
U2818,P02811,A0488,0.64430743,1,4,Male,26-35,Kolkata
U2818,P03646,A1021,0.6342575,1,5,Male,26-35,Kolkata
U2818,P04807,A0921,0.57271326,0,6,Male,26-35,Kolkata
U2818,P01991,A1520,0.5378067,0,7,Male,26-35,Kolkata
U2818,P00831,A1015,0.42296132,0,8,Male,26-35,Kolkata
U2818,P02641,A0485,0.39929873,1,9,Male,26-35,Kolkata
U2818,P04099,A1949,0.20560852,0,10,Male,26-35,Kolkata
U2830,P04803,A0600,0.6936146,1,1,Female,36-45,Other
U2830,P03825,A1487,0.6915288,1,2,Female,36-45,Other
U2830,P01351,A1079,0.68888617,1,3,Female,36-45,Other
U2830,P00105,A1832,0.62118727,1,4,Female,36-45,Other
U2830,P02867,A0501,0.54296184,1,5,Female,36-45,Other
U2830,P02210,A0983,0.52132297,0,6,Female,36-45,Other
U2830,P04975,A1098,0.47943205,0,7,Female,36-45,Other
U2830,P00937,A0761,0.44905752,0,8,Female,36-45,Other
U2830,P00093,A0385,0.3914265,1,9,Female,36-45,Other
U2830,P02836,A0129,0.38947636,0,10,Female,36-45,Other
U2836,P04834,A1595,0.77814955,1,1,Male,36-45,Mumbai
U2836,P03175,A0197,0.7603572,0,2,Male,36-45,Mumbai
U2836,P01142,A1822,0.5843498,0,3,Male,36-45,Mumbai
U2836,P02315,A0702,0.5120958,0,4,Male,36-45,Mumbai
U2836,P02362,A0092,0.48786634,1,5,Male,36-45,Mumbai
U2836,P03085,A1830,0.4668647,0,6,Male,36-45,Mumbai
U2836,P03588,A0169,0.46377745,0,7,Male,36-45,Mumbai
U2836,P01897,A1858,0.38873503,0,8,Male,36-45,Mumbai
U2836,P04440,A1196,0.3852145,0,9,Male,36-45,Mumbai
U2836,P04876,A1423,0.31067386,1,10,Male,36-45,Mumbai
U2837,P02882,A1493,0.59360254,1,1,Female,36-45,Hyderabad
U2837,P01380,A0926,0.5748926,1,2,Female,36-45,Hyderabad
U2837,P02193,A0575,0.53051066,1,3,Female,36-45,Hyderabad
U2837,P01990,A0298,0.51966023,1,4,Female,36-45,Hyderabad
U2837,P03033,A1799,0.41129982,1,5,Female,36-45,Hyderabad
U2837,P02387,A0579,0.25357506,0,6,Female,36-45,Hyderabad
U2837,P04951,A0637,0.24024859,0,7,Female,36-45,Hyderabad
U2837,P03136,A0104,0.16335067,0,8,Female,36-45,Hyderabad
U2837,P04632,A0164,0.13862683,0,9,Female,36-45,Hyderabad
U2847,P00083,A0848,0.73923916,0,1,Female,18-25,Kolkata
U2847,P01990,A0774,0.7280765,1,2,Female,18-25,Kolkata
U2847,P00175,A1949,0.7210424,1,3,Female,18-25,Kolkata
U2847,P04366,A0992,0.6553716,1,4,Female,18-25,Kolkata
U2847,P01593,A0627,0.6242403,1,5,Female,18-25,Kolkata
U2847,P01549,A0529,0.5667356,0,6,Female,18-25,Kolkata
U2847,P03968,A0643,0.5186825,1,7,Female,18-25,Kolkata
U2847,P01253,A0129,0.5135334,0,8,Female,18-25,Kolkata
U2847,P02040,A1082,0.49195683,0,9,Female,18-25,Kolkata
U2847,P02685,A1613,0.4785324,1,10,Female,18-25,Kolkata
U2851,P02741,A1110,0.6439277,1,1,Female,26-35,Bengaluru
U2851,P04135,A1954,0.6299964,0,2,Female,26-35,Bengaluru
U2851,P00002,A1033,0.6135827,1,3,Female,26-35,Bengaluru
U2851,P01829,A1834,0.5850386,1,4,Female,26-35,Bengaluru
U2851,P02209,A1485,0.5442968,0,5,Female,26-35,Bengaluru
U2851,P00163,A0835,0.49001294,1,6,Female,26-35,Bengaluru
U2851,P00292,A1350,0.4259654,1,7,Female,26-35,Bengaluru
U2851,P02086,A0381,0.31531525,1,8,Female,26-35,Bengaluru
U2851,P00812,A0628,0.28110257,1,9,Female,26-35,Bengaluru
U2854,P04299,A0623,0.7224672,1,1,Male,26-35,Hyderabad
U2854,P00223,A0904,0.6352174,1,2,Male,26-35,Hyderabad
U2854,P04063,A0171,0.63341665,0,3,Male,26-35,Hyderabad
U2854,P01395,A1340,0.614317,1,4,Male,26-35,Hyderabad
U2854,P00934,A1877,0.57364345,1,5,Male,26-35,Hyderabad
U2854,P01553,A1517,0.55627763,1,6,Male,26-35,Hyderabad
U2854,P04580,A1046,0.51907945,1,7,Male,26-35,Hyderabad
U2854,P00081,A1688,0.51488733,0,8,Male,26-35,Hyderabad
U2854,P03082,A1778,0.48162103,1,9,Male,26-35,Hyderabad
U2854,P00511,A1280,0.31032437,1,10,Male,26-35,Hyderabad
U2857,P01877,A1127,0.633332,1,1,Female,36-45,Other
U2857,P04424,A0909,0.5619535,0,2,Female,36-45,Other
U2857,P01761,A1580,0.39796007,0,3,Female,36-45,Other
U2857,P02268,A1565,0.39758828,0,4,Female,36-45,Other
U2857,P01213,A1165,0.39119992,0,5,Female,36-45,Other
U2857,P04309,A1749,0.3693089,0,6,Female,36-45,Other
U2857,P02359,A1183,0.30102623,1,7,Female,36-45,Other
U2861,P03780,A1475,0.86010134,1,1,Female,26-35,Delhi
U2861,P00672,A1027,0.61259353,0,2,Female,26-35,Delhi
U2861,P02801,A1338,0.5767635,1,3,Female,26-35,Delhi
U2861,P04182,A1014,0.57086533,0,4,Female,26-35,Delhi
U2861,P01400,A1021,0.51059854,1,5,Female,26-35,Delhi
U2861,P01133,A1923,0.48907042,0,6,Female,26-35,Delhi
U2861,P01324,A0378,0.40042028,0,7,Female,26-35,Delhi
U2864,P02852,A0866,0.7685414,1,1,Female,18-25,Hyderabad
U2864,P02746,A0544,0.71663755,1,2,Female,18-25,Hyderabad
U2864,P01583,A0804,0.6294223,1,3,Female,18-25,Hyderabad
U2864,P03735,A0830,0.5829516,0,4,Female,18-25,Hyderabad
U2864,P00414,A0447,0.47187006,1,5,Female,18-25,Hyderabad
U2864,P01105,A0460,0.4690304,1,6,Female,18-25,Hyderabad
U2864,P00681,A0283,0.40718654,0,7,Female,18-25,Hyderabad
U2864,P03772,A1510,0.3945609,1,8,Female,18-25,Hyderabad
U2864,P02076,A1116,0.3901686,1,9,Female,18-25,Hyderabad
U2864,P02699,A0670,0.32488668,1,10,Female,18-25,Hyderabad
U2865,P00692,A1708,0.7064746,1,1,Female,26-35,Mumbai
U2865,P02780,A0037,0.653639,1,2,Female,26-35,Mumbai
U2865,P02882,A1129,0.6468488,0,3,Female,26-35,Mumbai
U2865,P01933,A0694,0.6131607,1,4,Female,26-35,Mumbai
U2865,P03950,A0057,0.610248,0,5,Female,26-35,Mumbai
U2865,P00789,A1098,0.5922711,1,6,Female,26-35,Mumbai
U2865,P03917,A0226,0.5754035,0,7,Female,26-35,Mumbai
U2865,P00652,A0564,0.55705243,1,8,Female,26-35,Mumbai
U2865,P02411,A1887,0.555467,0,9,Female,26-35,Mumbai
U2865,P04106,A1923,0.528084,0,10,Female,26-35,Mumbai
U2873,P01362,A0011,0.736221,1,1,Male,18-25,Mumbai
U2873,P00202,A1991,0.7259239,1,2,Male,18-25,Mumbai
U2873,P01606,A0288,0.6651267,1,3,Male,18-25,Mumbai
U2873,P04904,A0666,0.6611148,1,4,Male,18-25,Mumbai
U2873,P04502,A1569,0.6506272,0,5,Male,18-25,Mumbai
U2873,P03739,A1421,0.62226254,0,6,Male,18-25,Mumbai
U2873,P04886,A1301,0.45943516,1,7,Male,18-25,Mumbai
U2873,P04767,A1338,0.4397373,1,8,Male,18-25,Mumbai
U2873,P00795,A0581,0.42396092,0,9,Male,18-25,Mumbai
U2873,P03349,A1975,0.38975856,1,10,Male,18-25,Mumbai
U2874,P02856,A0853,0.7296485,0,1,Male,18-25,Kolkata
U2874,P04753,A1568,0.5757717,0,2,Male,18-25,Kolkata
U2874,P02780,A0378,0.5642059,1,3,Male,18-25,Kolkata
U2874,P00705,A0124,0.5362759,0,4,Male,18-25,Kolkata
U2874,P02365,A1178,0.5117259,1,5,Male,18-25,Kolkata
U2874,P04180,A0594,0.5079665,0,6,Male,18-25,Kolkata
U2874,P01886,A1193,0.49310988,0,7,Male,18-25,Kolkata
U2874,P02269,A1642,0.20818913,0,8,Male,18-25,Kolkata
U2877,P04186,A1984,0.72752506,0,1,Female,18-25,Ahmedabad
U2877,P00326,A0494,0.66208756,1,2,Female,18-25,Ahmedabad
U2877,P00940,A0462,0.63341635,1,3,Female,18-25,Ahmedabad
U2877,P00204,A1402,0.6167704,1,4,Female,18-25,Ahmedabad
U2877,P02243,A1088,0.5655737,1,5,Female,18-25,Ahmedabad
U2877,P03099,A1540,0.5268432,0,6,Female,18-25,Ahmedabad
U2877,P03849,A0603,0.5135857,1,7,Female,18-25,Ahmedabad
U2877,P01211,A1301,0.48983702,0,8,Female,18-25,Ahmedabad
U2877,P03194,A1846,0.4359254,0,9,Female,18-25,Ahmedabad
U2877,P04719,A0021,0.3078334,0,10,Female,18-25,Ahmedabad
U2879,P02684,A1933,0.75844115,1,1,Female,26-35,Mumbai
U2879,P01035,A0513,0.7345972,1,2,Female,26-35,Mumbai
U2879,P04428,A1469,0.6300874,1,3,Female,26-35,Mumbai
U2879,P04728,A1362,0.609383,1,4,Female,26-35,Mumbai
U2879,P02046,A0406,0.59841365,1,5,Female,26-35,Mumbai
U2879,P00855,A1480,0.5467775,1,6,Female,26-35,Mumbai
U2879,P03046,A0876,0.49155337,0,7,Female,26-35,Mumbai
U2879,P04508,A0903,0.3844168,1,8,Female,26-35,Mumbai
U2879,P02903,A0773,0.34209242,1,9,Female,26-35,Mumbai
U2882,P04973,A1853,0.7771818,0,1,Male,18-25,Other
U2882,P01756,A0262,0.72689253,1,2,Male,18-25,Other
U2882,P02449,A0453,0.599325,1,3,Male,18-25,Other
U2882,P03432,A1611,0.5533718,0,4,Male,18-25,Other
U2882,P00603,A1494,0.5164439,1,5,Male,18-25,Other
U2882,P01790,A0309,0.44510028,0,6,Male,18-25,Other
U2882,P01098,A0820,0.42822796,0,7,Male,18-25,Other
U2882,P00470,A0564,0.41657254,1,8,Male,18-25,Other
U2882,P00115,A0379,0.3947919,0,9,Male,18-25,Other
U2882,P03995,A0196,0.35305354,1,10,Male,18-25,Other
U2885,P03043,A0596,0.7208364,1,1,Male,26-35,Pune
U2885,P03703,A1381,0.6973313,1,2,Male,26-35,Pune
U2885,P01012,A0341,0.63649225,1,3,Male,26-35,Pune
U2885,P04092,A0290,0.62692475,1,4,Male,26-35,Pune
U2885,P01762,A1845,0.6229617,0,5,Male,26-35,Pune
U2885,P04366,A1948,0.61959815,1,6,Male,26-35,Pune
U2885,P03871,A1071,0.6088717,1,7,Male,26-35,Pune
U2885,P04143,A1314,0.55659735,1,8,Male,26-35,Pune
U2885,P02257,A1370,0.39696556,0,9,Male,26-35,Pune
U2885,P04249,A1256,0.32994702,1,10,Male,26-35,Pune
U2888,P02503,A1282,0.7470586,1,1,Male,56+,Hyderabad
U2888,P03645,A0712,0.7306985,1,2,Male,56+,Hyderabad
U2888,P00635,A0155,0.68121487,0,3,Male,56+,Hyderabad
U2888,P04637,A1686,0.6277559,0,4,Male,56+,Hyderabad
U2888,P00526,A0346,0.5853758,1,5,Male,56+,Hyderabad
U2888,P02152,A0181,0.5527714,0,6,Male,56+,Hyderabad
U2888,P02048,A1462,0.54914737,1,7,Male,56+,Hyderabad
U2888,P02423,A1297,0.5472938,1,8,Male,56+,Hyderabad
U2888,P02790,A1003,0.53760654,0,9,Male,56+,Hyderabad
U2888,P02682,A1191,0.5341801,1,10,Male,56+,Hyderabad
U2896,P03308,A0852,0.80176944,1,1,Female,18-25,Mumbai
U2896,P00375,A1973,0.7347039,1,2,Female,18-25,Mumbai
U2896,P00874,A0411,0.6131646,0,3,Female,18-25,Mumbai
U2896,P01209,A1927,0.5829703,0,4,Female,18-25,Mumbai
U2896,P00473,A1721,0.5480702,1,5,Female,18-25,Mumbai
U2896,P02721,A0083,0.50406766,1,6,Female,18-25,Mumbai
U2896,P01474,A0893,0.4640273,0,7,Female,18-25,Mumbai
U2896,P02737,A1100,0.43530488,1,8,Female,18-25,Mumbai
U2896,P04941,A1096,0.39950258,0,9,Female,18-25,Mumbai
U2896,P01942,A0829,0.3504654,0,10,Female,18-25,Mumbai
U2905,P03278,A1126,0.8264925,1,1,Male,26-35,Other
U2905,P01128,A0505,0.75592405,1,2,Male,26-35,Other
U2905,P00830,A1128,0.75396717,1,3,Male,26-35,Other
U2905,P02336,A1522,0.72137976,1,4,Male,26-35,Other
U2905,P00385,A1776,0.70380586,1,5,Male,26-35,Other
U2905,P01712,A1631,0.66182417,1,6,Male,26-35,Other
U2905,P00164,A1213,0.6575956,1,7,Male,26-35,Other
U2905,P03866,A1918,0.6208153,0,8,Male,26-35,Other
U2905,P01894,A1745,0.6122375,1,9,Male,26-35,Other
U2905,P02746,A1476,0.6051082,0,10,Male,26-35,Other
U2906,P04844,A1040,0.8675611,1,1,Female,36-45,Delhi
U2906,P03940,A0553,0.85388386,1,2,Female,36-45,Delhi
U2906,P03105,A0697,0.84223837,1,3,Female,36-45,Delhi
U2906,P03337,A0376,0.82790357,1,4,Female,36-45,Delhi
U2906,P02215,A1715,0.7464433,1,5,Female,36-45,Delhi
U2906,P00011,A0549,0.7268774,1,6,Female,36-45,Delhi
U2906,P02351,A1923,0.72585887,0,7,Female,36-45,Delhi
U2906,P04771,A1709,0.707089,0,8,Female,36-45,Delhi
U2906,P00821,A0928,0.6519319,1,9,Female,36-45,Delhi
U2906,P02851,A1267,0.4622821,1,10,Female,36-45,Delhi
U2920,P00208,A1182,0.7730306,1,1,Male,36-45,Chennai
U2920,P00904,A0873,0.6953673,1,2,Male,36-45,Chennai
U2920,P03842,A1502,0.672643,1,3,Male,36-45,Chennai
U2920,P02532,A1940,0.63405806,0,4,Male,36-45,Chennai
U2920,P04025,A1830,0.5181964,0,5,Male,36-45,Chennai
U2920,P00113,A1323,0.47908,1,6,Male,36-45,Chennai
U2920,P04786,A1031,0.41478094,0,7,Male,36-45,Chennai
U2920,P02097,A0581,0.32795593,0,8,Male,36-45,Chennai
U2920,P00004,A1801,0.31398496,0,9,Male,36-45,Chennai
U2920,P01932,A1275,0.27078503,0,10,Male,36-45,Chennai
U2928,P00986,A0400,0.77068675,1,1,Female,26-35,Other
U2928,P04979,A1434,0.7132899,1,2,Female,26-35,Other
U2928,P01822,A0626,0.6958728,0,3,Female,26-35,Other
U2928,P04909,A0901,0.62478673,0,4,Female,26-35,Other
U2928,P03710,A1908,0.34226415,1,5,Female,26-35,Other
U2928,P03857,A0750,0.31358293,0,6,Female,26-35,Other
U2935,P02417,A1829,0.6934991,1,1,Male,36-45,Kolkata
U2935,P03790,A0934,0.47377068,1,2,Male,36-45,Kolkata
U2935,P00339,A0432,0.4639879,1,3,Male,36-45,Kolkata
U2935,P02934,A0262,0.45184815,1,4,Male,36-45,Kolkata
U2935,P01810,A0395,0.4315653,0,5,Male,36-45,Kolkata
U2935,P04309,A0807,0.41471297,0,6,Male,36-45,Kolkata
U2935,P01982,A1514,0.3344338,1,7,Male,36-45,Kolkata
U2935,P04669,A1167,0.25544137,0,8,Male,36-45,Kolkata
U2937,P02612,A1045,0.7657987,0,1,Male,26-35,Delhi
U2937,P04874,A1168,0.73125094,1,2,Male,26-35,Delhi
U2937,P04294,A1664,0.6965217,1,3,Male,26-35,Delhi
U2937,P03651,A1158,0.6923006,0,4,Male,26-35,Delhi
U2937,P00643,A0881,0.684584,1,5,Male,26-35,Delhi
U2937,P01494,A1455,0.6370906,1,6,Male,26-35,Delhi
U2937,P02976,A1695,0.5381324,0,7,Male,26-35,Delhi
U2937,P00858,A0166,0.46934956,1,8,Male,26-35,Delhi
U2937,P04741,A0217,0.4501353,0,9,Male,26-35,Delhi
U2937,P00478,A1315,0.40968627,1,10,Male,26-35,Delhi
U2943,P04035,A0169,0.70589346,0,1,Male,36-45,Mumbai
U2943,P02095,A0071,0.6734252,0,2,Male,36-45,Mumbai
U2943,P00660,A0495,0.5665806,1,3,Male,36-45,Mumbai
U2943,P03944,A0288,0.49465308,0,4,Male,36-45,Mumbai
U2943,P02857,A0751,0.48510644,1,5,Male,36-45,Mumbai
U2943,P00737,A1809,0.48277375,0,6,Male,36-45,Mumbai
U2943,P01833,A0422,0.43122324,1,7,Male,36-45,Mumbai
U2943,P02791,A1588,0.41455388,0,8,Male,36-45,Mumbai
U2943,P02964,A0297,0.41281694,1,9,Male,36-45,Mumbai
U2943,P02868,A0066,0.412294,0,10,Male,36-45,Mumbai
U2965,P03978,A0853,0.8190382,0,1,Female,18-25,Bengaluru
U2965,P00571,A0166,0.60172945,1,2,Female,18-25,Bengaluru
U2965,P00988,A0098,0.569985,1,3,Female,18-25,Bengaluru
U2965,P01259,A1385,0.56425273,1,4,Female,18-25,Bengaluru
U2965,P02310,A1191,0.5618337,1,5,Female,18-25,Bengaluru
U2965,P02663,A1348,0.52524656,0,6,Female,18-25,Bengaluru
U2965,P03904,A1477,0.50575334,1,7,Female,18-25,Bengaluru
U2965,P00486,A0763,0.4982812,1,8,Female,18-25,Bengaluru
U2965,P03851,A0685,0.46657282,1,9,Female,18-25,Bengaluru
U2965,P00299,A0990,0.45681873,1,10,Female,18-25,Bengaluru
U2972,P02148,A0158,0.74924695,1,1,Male,36-45,Bengaluru
U2972,P01117,A1570,0.6122425,1,2,Male,36-45,Bengaluru
U2972,P00349,A1798,0.5276807,0,3,Male,36-45,Bengaluru
U2972,P02451,A1749,0.52740806,0,4,Male,36-45,Bengaluru
U2972,P03916,A1952,0.5077533,1,5,Male,36-45,Bengaluru
U2972,P03835,A1677,0.50101304,0,6,Male,36-45,Bengaluru
U2972,P03370,A1456,0.47087657,1,7,Male,36-45,Bengaluru
U2972,P01960,A0611,0.4658664,0,8,Male,36-45,Bengaluru
U2972,P00995,A0878,0.4498657,1,9,Male,36-45,Bengaluru
U2972,P00984,A0288,0.39270082,0,10,Male,36-45,Bengaluru
U2976,P01428,A1846,0.699585,1,1,Male,36-45,Mumbai
U2976,P04317,A1879,0.65641814,1,2,Male,36-45,Mumbai
U2976,P04910,A1117,0.60946596,1,3,Male,36-45,Mumbai
U2976,P00407,A0212,0.55845135,1,4,Male,36-45,Mumbai
U2976,P03884,A1714,0.52215236,0,5,Male,36-45,Mumbai
U2976,P04859,A0597,0.50025123,0,6,Male,36-45,Mumbai
U2976,P03352,A0071,0.40930805,1,7,Male,36-45,Mumbai
U2976,P04967,A1105,0.39491102,0,8,Male,36-45,Mumbai
U2976,P04905,A1558,0.2864824,0,9,Male,36-45,Mumbai
U2976,P04114,A0711,0.28226915,1,10,Male,36-45,Mumbai
U2977,P01274,A0815,0.7401871,1,1,Female,36-45,Mumbai
U2977,P02789,A0837,0.6753805,1,2,Female,36-45,Mumbai
U2977,P01826,A1154,0.6719324,0,3,Female,36-45,Mumbai
U2977,P04856,A1780,0.6301262,1,4,Female,36-45,Mumbai
U2977,P01659,A0777,0.6061773,1,5,Female,36-45,Mumbai
U2977,P04756,A1839,0.5737102,0,6,Female,36-45,Mumbai
U2977,P00642,A0706,0.4861641,1,7,Female,36-45,Mumbai
U2977,P03055,A0147,0.46641526,0,8,Female,36-45,Mumbai
U2977,P04311,A0798,0.44106853,0,9,Female,36-45,Mumbai
U2977,P03552,A1153,0.40738717,1,10,Female,36-45,Mumbai
U2980,P01314,A1653,0.6909516,1,1,Female,46-55,Hyderabad
U2980,P04335,A0947,0.67881167,0,2,Female,46-55,Hyderabad
U2980,P03230,A1744,0.65400475,0,3,Female,46-55,Hyderabad
U2980,P03114,A1540,0.6226163,1,4,Female,46-55,Hyderabad
U2980,P04110,A0291,0.5856807,1,5,Female,46-55,Hyderabad
U2980,P02976,A0164,0.5793918,0,6,Female,46-55,Hyderabad
U2980,P04033,A0454,0.5506036,1,7,Female,46-55,Hyderabad
U2980,P02039,A0731,0.41947037,1,8,Female,46-55,Hyderabad
U2980,P00390,A1454,0.31026113,1,9,Female,46-55,Hyderabad
U2988,P04033,A1959,0.80898285,1,1,Male,26-35,Other
U2988,P02597,A0785,0.7381183,0,2,Male,26-35,Other
U2988,P03793,A0129,0.7075689,0,3,Male,26-35,Other
U2988,P01877,A1938,0.69909203,1,4,Male,26-35,Other
U2988,P04738,A1061,0.66908985,1,5,Male,26-35,Other
U2988,P04600,A1354,0.57767063,0,6,Male,26-35,Other
U2988,P01528,A0159,0.5124383,0,7,Male,26-35,Other
U2988,P01349,A0661,0.49447107,1,8,Male,26-35,Other
U2988,P05000,A0147,0.40088636,0,9,Male,26-35,Other
U2988,P02483,A0751,0.3447677,1,10,Male,26-35,Other
U2989,P03312,A1962,0.6848116,1,1,Female,18-25,Mumbai
U2989,P02707,A1297,0.6766722,1,2,Female,18-25,Mumbai
U2989,P00185,A0536,0.6532191,1,3,Female,18-25,Mumbai
U2989,P03689,A1397,0.60611975,1,4,Female,18-25,Mumbai
U2989,P02634,A0937,0.53781265,1,5,Female,18-25,Mumbai
U2989,P04567,A1786,0.52121913,0,6,Female,18-25,Mumbai
U2989,P00005,A1139,0.47569478,0,7,Female,18-25,Mumbai
U2989,P01326,A0640,0.31511232,0,8,Female,18-25,Mumbai
U2989,P04057,A1668,0.18198535,0,9,Female,18-25,Mumbai
U2990,P04745,A0186,0.74701023,1,1,Male,26-35,Bengaluru
U2990,P02268,A1201,0.5159692,1,2,Male,26-35,Bengaluru
U2990,P03945,A1640,0.4674127,1,3,Male,26-35,Bengaluru
U2990,P03114,A1555,0.46085337,1,4,Male,26-35,Bengaluru
U2990,P02661,A0771,0.453567,1,5,Male,26-35,Bengaluru
U2990,P01744,A0901,0.37572256,0,6,Male,26-35,Bengaluru
U2990,P01164,A1795,0.23352827,0,7,Male,26-35,Bengaluru
U2990,P01399,A0112,0.23176429,0,8,Male,26-35,Bengaluru
U2998,P02936,A0797,0.6867509,0,1,Female,18-25,Bengaluru
U2998,P03681,A0804,0.6672187,1,2,Female,18-25,Bengaluru
U2998,P03778,A0607,0.60906,1,3,Female,18-25,Bengaluru
U2998,P02753,A1667,0.52097756,1,4,Female,18-25,Bengaluru
U2998,P00936,A1177,0.4915226,0,5,Female,18-25,Bengaluru
U2998,P03052,A1148,0.4706838,1,6,Female,18-25,Bengaluru
U2998,P01811,A0761,0.46222982,1,7,Female,18-25,Bengaluru
U2998,P03428,A0861,0.41610208,0,8,Female,18-25,Bengaluru
U2998,P00776,A1293,0.40189746,1,9,Female,18-25,Bengaluru
U2998,P03428,A0935,0.32461375,0,10,Female,18-25,Bengaluru
